"label_no","genus","species","sex","year","month","day","country","county","city_town_village","specific_location","HW_mm","intertegular_distance_mm","FW_length_mm","tibia_length_mm","family","ecology","Source","interocular_distance_mm","location_string","latitude","longitude"
"IGproject0001","Nomada","sp.","male",1904,4,19,"England","Oxfordshire","Oxford","University Parks",2.688,1.908,9.018,2.328,"Apidae","kleptoparasite","OUMNH",1.781,"University Parks, Oxford, Oxfordshire, England",51.7623666,-1.2544132
"IGproject0002","Nomada","sp.","male",1918,5,2,"England","Oxfordshire","Oxford","",2.108,1.338,6.795,1.774,"Apidae","kleptoparasite","OUMNH",1.441,"Oxford, Oxfordshire, England",51.7520131,-1.2578499
"IGproject0003","Nomada","sp.","female",1914,4,28,"England","Devon","Bovey Tracey","",2.054,1.329,6.457,1.743,"Apidae","kleptoparasite","OUMNH",1.367,"Bovey Tracey, Devon, England",50.6046632,-3.6856762
"IGproject0004","Nomada","ruficornis","female",1917,5,3,"England","Surrey","Guildford","Merrow",2.777,1.779,8.348,2.236,"Apidae","kleptoparasite","OUMNH",1.749,"Merrow, Guildford, Surrey, England",51.2443481,-0.5335147
"IGproject0005","Nomada","ruficornis","female",1980,6,NA,"England","Oxfordshire","","Bernwood Forest",2.652,1.789,7.628,2.105,"Apidae","kleptoparasite","OUMNH",1.661,"Bernwood Forest, Oxfordshire, England",51.80063858,-1.114713435
"IGproject0006","Nomada","ruficornis","male",1915,5,5,"England","Surrey","Tadworth","Box Hill",2.435,1.636,7.572,1.875,"Apidae","kleptoparasite","OUMNH",1.611,"Box Hill, Tadworth, Surrey, England",51.2543699,-0.2776725
"IGproject0007","Nomada","sp.","female",1912,4,24,"England","Oxfordshire","Oxford","",2.615,1.799,8.63,2.373,"Apidae","kleptoparasite","OUMNH",1.598,"Oxford, Oxfordshire, England",51.7520131,-1.2578499
"IGproject0008","Nomada","sp.","female",1908,5,18,"England","Greater London","London","Tooting Commons",2.671,1.838,8.827,2.314,"Apidae","kleptoparasite","OUMNH",1.649,"Tooting Commons, London, Greater London, England",51.43400203,-0.144318326
"IGproject0009","Nomada","sp.","female",1922,5,14,"England","Devon","Newton Abbot","",2.269,1.287,7.438,2.018,"Apidae","kleptoparasite","OUMNH",1.47,"Newton Abbot, Devon, England",50.5296441,-3.6112097
"IGproject0010","Nomada","sp.","male",1924,6,5,"England","Devon","Bovey Tracey","",2.078,1.293,6.741,1.643,"Apidae","kleptoparasite","OUMNH",1.337,"Bovey Tracey, Devon, England",50.6046632,-3.6856762
"IGproject0011","Nomada","sp.","female",1911,5,NA,"England","Oxfordshire","Oxford","University Parks",2.569,1.748,8.3,2.357,"Apidae","kleptoparasite","OUMNH",1.623,"University Parks, Oxford, Oxfordshire, England",51.7623666,-1.2544132
"IGproject0012","Nomada","ruficornis","female",1901,7,14,"Wales","Gwynedd","Criccieth","",2.717,1.895,8.34,2.321,"Apidae","kleptoparasite","OUMNH",1.722,"Criccieth, Gwynedd, Wales",52.9206106,-4.2332414
"IGproject0013","Nomada","ruficornis","female",1919,4,NA,"England","West Yorkshire","Leeds","Roundhay Park",2.493,1.621,7.15,2.077,"Apidae","kleptoparasite","OUMNH",1.65,"Roundhay Park, Leeds, West Yorkshire, England",53.8393511,-1.4978422
"IGproject0014","Nomada","sp.","female",1915,5,31,"England","Devon","Newton Abbot","",2.371,1.533,7.442,2.231,"Apidae","kleptoparasite","OUMNH",1.489,"Newton Abbot, Devon, England",50.5296441,-3.6112097
"IGproject0015","Nomada","ruficornis","female",1925,5,15,"England","Devon","Brixham","",2.582,1.694,8.029,2.186,"Apidae","kleptoparasite","OUMNH",1.63,"Brixham, Devon, England",50.3952404,-3.514544
"IGproject0016","Nomada","ruficornis","female",1919,4,21,"England","Devon","Bovey Tracey","Chudleigh Knighton Heath",2.192,1.377,6.509,1.803,"Apidae","kleptoparasite","OUMNH",1.438,"Chudleigh Knighton Heath, Bovey Tracey, Devon, England",50.58100978,-3.64619059
"IGproject0017","Nomada","sp.","female",1921,4,27,"England","Devon","Newton Abbot","Bradley Woods",2.313,1.547,7.435,2.119,"Apidae","kleptoparasite","OUMNH",1.476,"Bradley Woods, Newton Abbot, Devon, England",50.525335,-3.627007989
"IGproject0018","Nomada","ruficornis","male",1907,5,19,"England","Oxfordshire","Tubney","",2.281,1.525,7.185,1.894,"Apidae","kleptoparasite","OUMNH",1.444,"Tubney, Oxfordshire, England",51.6852443,-1.3699399
"IGproject0019","Nomada","ruficornis","female",1981,5,20,"England","Oxfordshire","","Bernwood Forest",2.307,1.443,6.856,1.809,"Apidae","kleptoparasite","OUMNH",1.467,"Bernwood Forest, Oxfordshire, England",51.80063858,-1.114713435
"IGproject0020","Nomada","sp.","female",1908,5,17,"England","Greater London","London","Tooting Commons",2.729,1.939,8.693,2.375,"Apidae","kleptoparasite","OUMNH",1.725,"Tooting Commons, London, Greater London, England",51.43400203,-0.144318326
"IGproject0021","Andrena","wilkella","male",1959,5,23,"England","Devon","Chudleigh","",2.748,1.685,6.699,1.859,"Andrenidae","excavator","OUMNH",1.879,"Chudleigh, Devon, England",50.6156543,-3.5869448
"IGproject0022","Andrena","wilkella","female",1900,6,5,"England","Oxfordshire","Oxford","University Parks",3.466,2.246,8.5,2.523,"Andrenidae","excavator","OUMNH",2.145,"University Parks, Oxford, Oxfordshire, England",51.7623666,-1.2544132
"IGproject0023","Andrena","wilkella","female",1906,5,19,"Wales","Bridgend","Porthcawl","",3.419,2.254,8.12,2.776,"Andrenidae","excavator","OUMNH",2.174,"Porthcawl, Bridgend, Wales",51.4795563,-3.7040704
"IGproject0024","Andrena","wilkella","male",1898,NA,NA,"England","Kent","Doddington","",3.314,2.235,8.256,2.337,"Andrenidae","excavator","OUMNH",2.171,"Doddington, Kent, England",51.2792113,0.7717749
"IGproject0025","Andrena","wilkella","male",1955,4,13,"England","Devon","Bovey Tracey","Bovey Heathfield",2.725,1.772,6.594,1.793,"Andrenidae","excavator","OUMNH",1.89,"Bovey Heathfield, Bovey Tracey, Devon, England",50.5778633,-3.6644648
"IGproject0026","Andrena","wilkella","female",1935,6,18,"England","Warwickshie","Hatton","",3.409,2.276,7.964,2.718,"Andrenidae","excavator","OUMNH",2.142,"Hatton, Warwickshie, England",52.30064811,-1.646222116
"IGproject0027","Andrena","wilkella","female",1903,3,24,"England","Surrey","Woking","",3.421,2.389,7.71,2.374,"Andrenidae","excavator","OUMNH",2.17,"Woking, Surrey, England",51.3201891,-0.5564726
"IGproject0028","Andrena","wilkella","male",1900,6,5,"England","Oxfordshire","Oxford","University Parks",3.077,1.985,7.618,2.121,"Andrenidae","excavator","OUMNH",1.985,"University Parks, Oxford, Oxfordshire, England",51.7623666,-1.2544132
"IGproject0029","Andrena","wilkella","female",1905,5,24,"England","Oxfordshire","Oxford","University Parks",3.277,2.084,7.946,2.391,"Andrenidae","excavator","OUMNH",2.094,"University Parks, Oxford, Oxfordshire, England",51.7623666,-1.2544132
"IGproject0030","Andrena","wilkella","male",1954,6,18,"England","Devon","Bovey Tracey","Chudleigh Knighton Heath",2.898,1.903,7.268,2.056,"Andrenidae","excavator","OUMNH",1.965,"Chudleigh Knighton Heath, Bovey Tracey, Devon, England",50.58100978,-3.64619059
"IGproject0031","Andrena","wilkella","female",1900,7,8,"England","Oxfordshire","Tubney","",3.497,2.226,8.568,2.635,"Andrenidae","excavator","OUMNH",2.274,"Tubney, Oxfordshire, England",51.6852443,-1.3699399
"IGproject0032","Andrena","wilkella","male",1902,5,25,"England","Kent","Faversham","Huntingfield",2.955,1.903,8.009,2.163,"Andrenidae","excavator","OUMNH",1.983,"Huntingfield, Faversham, Kent, England",51.25792226,0.822018012
"IGproject0033","Andrena","wilkella","male",1977,7,2,"England","Oxfordshire","Oxford","Sydlings Copse",3.038,1.845,7.453,2.012,"Andrenidae","excavator","OUMNH",2.037,"Sydlings Copse, Oxford, Oxfordshire, England",51.78219916,-1.192042059
"IGproject0034","Andrena","wilkella","male",1949,5,7,"England","Devon","Bovey Tracey","Chudleigh Knighton Heath",2.833,1.936,7.427,2.03,"Andrenidae","excavator","OUMNH",1.919,"Chudleigh Knighton Heath, Bovey Tracey, Devon, England",50.58100978,-3.64619059
"IGproject0035","Andrena","wilkella","male",1990,5,26,"England","Wiltshire","Wroughton","Clouts Wood",3.313,1.965,7.984,2.175,"Andrenidae","excavator","OUMNH",2.248,"Clouts Wood, Wroughton, Wiltshire, England",51.51489206,-1.804044057
"IGproject0036","Andrena","wilkella","male",1900,5,23,"England","Devon","Newton Abbot","",2.957,1.81,7.395,2.092,"Andrenidae","excavator","OUMNH",2,"Newton Abbot, Devon, England",50.5296441,-3.6112097
"IGproject0037","Andrena","wilkella","female",1905,7,31,"England","Kent","Faversham","Huntingfield",3.494,2.341,7.973,2.495,"Andrenidae","excavator","OUMNH",2.211,"Huntingfield, Faversham, Kent, England",51.25792226,0.822018012
"IGproject0038","Andrena","wilkella","female",1900,6,5,"England","Oxfordshire","Oxford","University Parks",3.524,2.291,8.27,2.576,"Andrenidae","excavator","OUMNH",2.241,"University Parks, Oxford, Oxfordshire, England",51.7623666,-1.2544132
"IGproject0039","Andrena","wilkella","female",1922,7,20,"England","Devon","Newton Abbot","",3.227,2.194,7.067,2.227,"Andrenidae","excavator","OUMNH",2,"Newton Abbot, Devon, England",50.5296441,-3.6112097
"IGproject0040","Andrena","wilkella","female",1900,5,24,"England","Oxfordshire","Oxford","University Parks",3.434,2.225,8.227,2.644,"Andrenidae","excavator","OUMNH",2.168,"University Parks, Oxford, Oxfordshire, England",51.7623666,-1.2544132
"IGproject0041","Andrena","wilkella","female",1910,7,18,"England","Devon","Budleigh Salterton","",0.031,1.939,7.038,1.95,"Andrenidae","excavator","OUMNH",2.008,"Budleigh Salterton, Devon, England",50.6310504,-3.3299844
"IGproject0042","Andrena","wilkella","male",1904,5,29,"England","Greater London","Wimbledon","",2.937,1.879,7.288,2.05,"Andrenidae","excavator","OUMNH",1.969,"Wimbledon, Greater London, England",51.4214787,-0.2064027
"IGproject0043","Andrena","wilkella","female",1977,6,12,"England","Oxfordshire","Hook Norton","",3.529,2.268,8.264,2.656,"Andrenidae","excavator","OUMNH",2.251,"Hook Norton, Oxfordshire, England",51.9939848,-1.4822644
"IGproject0044","Andrena","wilkella","male",1915,4,20,"England","Gloucestershire","Wotton-under-Edge","",2.849,1.745,7.235,1.837,"Andrenidae","excavator","OUMNH",1.943,"Wotton-under-Edge, Gloucestershire, England",51.6378241,-2.3547251
"IGproject0045","Andrena","wilkella","female",1903,6,26,"England","Surrey","Chobham","",3.261,2.127,7.532,2.403,"Andrenidae","excavator","OUMNH",2.086,"Chobham, Surrey, England",51.3477705,-0.6010128
"IGproject0046","Hylaeus","communis","female",1904,7,NA,"England","Dorset","Lyme Regis","",1.642,1.318,5.086,1.049,"Colletidae","cavity nester","OUMNH",1.091,"Lyme Regis, Dorset, England",50.7252897,-2.934559
"IGproject0047","Hylaeus","communis","female",1979,7,12,"England","Devon","Newton Abbot","Teign Valley",1.671,1.24,4.948,1.037,"Colletidae","cavity nester","OUMNH",1.101,"Teign Valley, Newton Abbot, Devon, England",50.61515132,-3.623629783
"IGproject0048","Hylaeus","communis","female",1948,7,26,"England","Oxfordshire","Coleshill","",1.581,1.191,4.648,0.987,"Colletidae","cavity nester","OUMNH",1.038,"Coleshill, Oxfordshire, England",51.6427615,-1.659708
"IGproject0049","Hylaeus","communis","male",1905,7,8,"England","Dorset","Lyme Regis","",1.504,1.152,4.342,0.939,"Colletidae","cavity nester","OUMNH",0.953,"Lyme Regis, Dorset, England",50.7252897,-2.934559
"IGproject0050","Hylaeus","communis","male",1978,6,16,"England","Devon","Diptford","",1.437,1.073,4.011,0.897,"Colletidae","cavity nester","OUMNH",0.968,"Diptford, Devon, England",50.3840452,-3.7629722
"IGproject0051","Hylaeus","communis","male",1980,6,24,"England","Devon","Milton Combe","",1.567,1.244,4.406,0.988,"Colletidae","cavity nester","OUMNH",1.02,"Milton Combe, Devon, England",50.4745875,-4.131055
"IGproject0052","Hylaeus","communis","female",1902,9,6,"England","Kent","Faversham","Huntingfield",1.499,1.138,4.476,0.941,"Colletidae","cavity nester","OUMNH",0.996,"Huntingfield, Faversham, Kent, England",51.25792226,0.822018012
"IGproject0053","Hylaeus","communis","male",1902,8,12,"England","Kent","Faversham","Huntingfield",1.592,1.144,4.608,0.986,"Colletidae","cavity nester","OUMNH",1.011,"Huntingfield, Faversham, Kent, England",51.25792226,0.822018012
"IGproject0054","Hylaeus","communis","female",1969,3,9,"England","Hertfordshire","Harpenden","Hatching Green",1.657,1.248,4.919,0.993,"Colletidae","cavity nester","OUMNH",1.085,"Hatching Green, Harpenden, Hertfordshire, England",51.8034314,-0.3580286
"IGproject0055","Hylaeus","communis","male",2005,7,19,"England","Surrey","Richmond","Ham House",1.49,1.154,4.241,0.92,"Colletidae","cavity nester","OUMNH",0.95,"Ham House, Richmond, Surrey, England",51.44419259,-0.313872304
"IGproject0056","Hylaeus","communis","male",1949,6,7,"England","Devon","Axminster","",1.538,1.126,4.444,0.963,"Colletidae","cavity nester","OUMNH",0.981,"Axminster, Devon, England",50.7820966,-2.9979915
"IGproject0057","Hylaeus","communis","female",1897,7,11,"England","Berkshire","Reading","Sulhamstead Park",1.737,1.309,5.222,1.008,"Colletidae","cavity nester","OUMNH",1.112,"Sulhamstead Park, Reading, Berkshire, England",51.41681285,-1.09530783
"IGproject0058","Nomada","goodeniana","female",1990,7,18,"England","Devon","Salcombe Regis","",3.032,2.048,9.062,2.414,"Apidae","kleptoparasite","OUMNH",1.997,"Salcombe Regis, Devon, England",50.6935703,-3.2066743
"IGproject0059","Nomada","goodeniana","female",1903,5,18,"Wales","Gwynedd","Criccieth","",3.222,2.284,9.782,2.835,"Apidae","kleptoparasite","OUMNH",2.103,"Criccieth, Gwynedd, Wales",52.9206106,-4.2332414
"IGproject0060","Nomada","goodeniana","male",1916,4,22,"England","Oxfordshire","Tubney","",2.843,1.916,8.883,2.403,"Apidae","kleptoparasite","OUMNH",1.905,"Tubney, Oxfordshire, England",51.6852443,-1.3699399
"IGproject0061","Nomada","goodeniana","male",1896,NA,NA,"England","Kent","Doddington","",3.029,1.985,9.415,2.566,"Apidae","kleptoparasite","OUMNH",2.055,"Doddington, Kent, England",51.2792113,0.7717749
"IGproject0062","Nomada","goodeniana","male",1917,5,3,"England","Devon","Brixham","",2.314,1.534,7.09,1.983,"Apidae","kleptoparasite","OUMNH",1.635,"Brixham, Devon, England",50.3952404,-3.514544
"IGproject0063","Nomada","goodeniana","female",1910,6,1,"England","Devon","Littleham","",3.257,2.219,10.096,2.832,"Apidae","kleptoparasite","OUMNH",2.183,"Littleham, Devon, England",50.9930461,-4.2236852
"IGproject0064","Nomada","goodeniana","female",1928,4,21,"England","Devon","Newton Abbot","",3.185,2.372,9.971,2.638,"Apidae","kleptoparasite","OUMNH",2.151,"Newton Abbot, Devon, England",50.5296441,-3.6112097
"IGproject0065","Nomada","goodeniana","female",1991,4,26,"England","Devon","Croyde","",3.347,2.367,10.436,2.807,"Apidae","kleptoparasite","OUMNH",2.208,"Croyde, Devon, England",51.1303398,-4.2215393
"IGproject0066","Nomada","goodeniana","male",1949,4,18,"England","Oxfordshire","Chastleton","",2.36,1.486,7.029,1.959,"Apidae","kleptoparasite","OUMNH",1.666,"Chastleton, Oxfordshire, England",51.9599665,-1.6409204
"IGproject0067","Nomada","goodeniana","female",1937,5,28,"England","Greater London","Wimbledon","",3.011,2.124,9.116,2.515,"Apidae","kleptoparasite","OUMNH",1.958,"Wimbledon, Greater London, England",51.4214787,-0.2064027
"IGproject0068","Nomada","goodeniana","female",1954,4,16,"England","Devon","Torquay","",3.168,2.243,9.924,2.765,"Apidae","kleptoparasite","OUMNH",2.086,"Torquay, Devon, England",50.4652392,-3.5211361
"IGproject0069","Nomada","goodeniana","male",1954,4,29,"England","Devon","Lustleigh","",2.715,1.755,8.14,2.184,"Apidae","kleptoparasite","OUMNH",1.857,"Lustleigh, Devon, England",50.6228301,-3.7304463
"IGproject0070","Nomada","goodeniana","female",1949,4,29,"England","Devon","Exeter","",2.962,1.859,8.801,2.482,"Apidae","kleptoparasite","OUMNH",2.006,"Exeter, Devon, England",50.7256138,-3.5269209
"IGproject0071","Nomada","goodeniana","female",1936,5,27,"England","Berkshire","Slough","",2.93,1.906,9.047,2.397,"Apidae","kleptoparasite","OUMNH",1.938,"Slough, Berkshire, England",51.512103,-0.591276
"IGproject0072","Nomada","goodeniana","male",1903,5,18,"Wales","Gwynedd","Criccieth","",2.774,1.864,8.704,2.284,"Apidae","kleptoparasite","OUMNH",1.934,"Criccieth, Gwynedd, Wales",52.9206106,-4.2332414
"IGproject0073","Nomada","goodeniana","female",1914,4,20,"England","Devon","Budleigh Salterton","",2.936,1.91,8.907,2.471,"Apidae","kleptoparasite","OUMNH",1.935,"Budleigh Salterton, Devon, England",50.6310504,-3.3299844
"IGproject0074","Nomada","goodeniana","male",1915,4,30,"England","Devon","Brixham","",3.223,2.197,10.305,2.826,"Apidae","kleptoparasite","OUMNH",2.215,"Brixham, Devon, England",50.3952404,-3.514544
"IGproject0075","Nomada","goodeniana","male",1902,5,18,"England","Kent","Faversham","Huntingfield",2.952,1.963,8.989,2.407,"Apidae","kleptoparasite","OUMNH",1.938,"Huntingfield, Faversham, Kent, England",51.25792226,0.822018012
"IGproject0076","Nomada","goodeniana","male",1909,5,9,"England","Oxfordshire","Oxford","Shotover",2.933,2.01,8.812,2.442,"Apidae","kleptoparasite","OUMNH",1.954,"Shotover, Oxford, Oxfordshire, England",51.7561128,-1.1551229
"IGproject0077","Nomada","goodeniana","female",1953,8,10,"England","Devon","Dawlish","",2.844,1.86,8.422,2.384,"Apidae","kleptoparasite","OUMNH",1.879,"Dawlish, Devon, England",50.5797391,-3.468931
"IGproject0078","Nomada","goodeniana","female",1910,6,8,"England","Devon","Budleigh Salterton","",3.196,2.103,9.852,2.829,"Apidae","kleptoparasite","OUMNH",2.114,"Budleigh Salterton, Devon, England",50.6310504,-3.3299844
"IGproject0079","Nomada","goodeniana","male",1900,4,21,"England","Surrey","Woking","",3.108,2.203,9.466,2.564,"Apidae","kleptoparasite","OUMNH",2.095,"Woking, Surrey, England",51.3201891,-0.5564726
"IGproject0080","Nomada","goodeniana","female",1941,6,2,"England","Hampshire","Burley","",3.167,2.167,9.681,2.769,"Apidae","kleptoparasite","OUMNH",2.034,"Burley, Hampshire, England",50.8266,-1.70164
"IGproject0081","Nomada","goodeniana","female",1900,6,3,"England","Oxfordshire","Oxford","Shotover",2.715,1.731,8.141,2.39,"Apidae","kleptoparasite","OUMNH",1.853,"Shotover, Oxford, Oxfordshire, England",51.7561128,-1.1551229
"IGproject0082","Nomada","goodeniana","female",1983,1,28,"England","Berkshire","Slough","Langley",2.705,1.74,8.177,2.325,"Apidae","kleptoparasite","OUMNH",1.85,"Langley, Slough, Berkshire, England",51.507818,-0.5409049
"IGproject0083","Nomada","goodeniana","female",1991,5,22,"England","Hampshire","Bramshaw","",2.716,1.763,8.231,2.365,"Apidae","kleptoparasite","OUMNH",1.763,"Bramshaw, Hampshire, England",50.9407584,-1.617454
"IGproject0084","Nomada","goodeniana","female",1917,5,3,"England","Surrey","Guildford","Merrow",2.925,1.973,8.945,2.55,"Apidae","kleptoparasite","OUMNH",1.97,"Merrow, Guildford, Surrey, England",51.2443481,-0.5335147
"IGproject0085","Nomada","goodeniana","female",1954,4,16,"England","Devon","Torquay","",3.161,2.145,9.751,2.706,"Apidae","kleptoparasite","OUMNH",2.187,"Torquay, Devon, England",50.4652392,-3.5211361
"IGproject0086","Nomada","goodeniana","female",1955,5,20,"England","Devon","Dawlish","",3.21,2.232,9.795,2.634,"Apidae","kleptoparasite","OUMNH",2.145,"Dawlish, Devon, England",50.5797391,-3.468931
"IGproject0087","Nomada","goodeniana","female",1977,6,12,"England","Oxfordshire","Hook Norton","",3.011,2.014,9.361,2.579,"Apidae","kleptoparasite","OUMNH",2.025,"Hook Norton, Oxfordshire, England",51.9939848,-1.4822644
"IGproject0088","Nomada","sp.","female",1916,5,21,"England","Devon","Newton Abbot","",2.461,1.63,8.159,2.287,"Apidae","kleptoparasite","OUMNH",1.54,"Newton Abbot, Devon, England",50.5296441,-3.6112097
"IGproject0089","Nomada","sp.","female",1916,5,22,"England","Devon","Bovey Tracey","",2.397,1.509,8.095,2.163,"Apidae","kleptoparasite","OUMNH",1.627,"Bovey Tracey, Devon, England",50.6046632,-3.6856762
"IGproject0090","Lasioglossum","fulvicorne","female",1998,5,21,"England","Devon","Salcombe","Coast Path",1.836,1.324,5.315,1.331,"Halictidae","excavator","OUMNH",1.15,"Coast Path, Salcombe, Devon, England",50.2375257,-3.769493274
"IGproject0091","Lasioglossum","fulvicorne","female",1991,6,9,"England","Cambridgeshire","Barnack","Barnack Hills and Holes",1.815,1.355,5.386,1.43,"Halictidae","excavator","OUMNH",1.143,"Barnack Hills and Holes, Barnack, Cambridgeshire, England",52.62910152,-0.412116287
"IGproject0092","Lasioglossum","fulvicorne","male",1998,7,28,"England","Gloucestershire","Wotton-under-Edge","Newark Park",1.79,1.396,5.295,1.221,"Halictidae","excavator","OUMNH",1.056,"Newark Park, Wotton-under-Edge, Gloucestershire, England",51.6363693,-2.3176907
"IGproject0093","Lasioglossum","fulvicorne","female",1956,6,26,"England","Dorset","Wimborne","",1.827,1.347,5.357,1.432,"Halictidae","excavator","OUMNH",1.126,"Wimborne, Dorset, England",50.7995189,-1.987339
"IGproject0094","Lasioglossum","fulvicorne","male",1902,8,4,"England","Kent","Faversham","Huntingfield",1.731,1.291,5.377,1.195,"Halictidae","excavator","OUMNH",1.066,"Huntingfield, Faversham, Kent, England",51.25792226,0.822018012
"IGproject0095","Lasioglossum","fulvicorne","male",1968,9,2,"England","Bedfordshire","Hitchin","",1.85,1.315,5.44,1.265,"Halictidae","excavator","OUMNH",1.141,"Hitchin, Bedfordshire, England",52.0085422,-0.3034
"IGproject0096","Lasioglossum","fulvicorne","female",1956,9,26,"England","Dorset","Wimborne","",1.77,1.305,5.037,1.28,"Halictidae","excavator","OUMNH",1.096,"Wimborne, Dorset, England",50.7995189,-1.987339
"IGproject0097","Lasioglossum","fulvicorne","male",1998,7,28,"England","Gloucestershire","Wotton-under-Edge","Newark Park",1.792,1.284,5.254,1.168,"Halictidae","excavator","OUMNH",1.051,"Newark Park, Wotton-under-Edge, Gloucestershire, England",51.6363693,-2.3176907
"IGproject0098","Lasioglossum","fulvicorne","male",1914,8,NA,"England","Gloucestershire","Wotton-under-Edge","",1.86,1.443,5.744,1.276,"Halictidae","excavator","OUMNH",1.149,"Wotton-under-Edge, Gloucestershire, England",51.6378241,-2.3547251
"IGproject0099","Lasioglossum","fulvicorne","male",1899,8,20,"England","Worcestershire","Malvern","",1.102,1.314,5.138,1.296,"Halictidae","excavator","OUMNH",1.81,"Malvern, Worcestershire, England",52.1159559,-2.3258985
"IGproject0100","Lasioglossum","fulvicorne","female",1977,9,13,"England","Oxfordshire","Hook Norton","",1.759,1.269,5.155,1.296,"Halictidae","excavator","OUMNH",1.088,"Hook Norton, Oxfordshire, England",51.9939848,-1.4822644
"IGproject0101","Lasioglossum","fulvicorne","male",1915,7,15,"England","Devon","Brixham","",1.787,1.305,5.33,1.241,"Halictidae","excavator","OUMNH",1.096,"Brixham, Devon, England",50.3952404,-3.514544
"IGproject0102","Lasioglossum","fulvicorne","male",1968,9,7,"England","Bedfordshire","Whipsnade","Bison Hill",1.727,1.222,5.031,1.178,"Halictidae","excavator","OUMNH",1.037,"Bison Hill, Whipsnade, Bedfordshire, England",51.854781,-0.5482012
"IGproject0103","Lasioglossum","fulvicorne","male",1902,6,8,"England","Kent","Faversham","Huntingfield",1.784,1.311,5.297,1.23,"Halictidae","excavator","OUMNH",1.094,"Huntingfield, Faversham, Kent, England",51.25792226,0.822018012
"IGproject0104","Lasioglossum","fulvicorne","female",1917,5,3,"England","Devon","Brixham","",1.925,1.469,5.977,1.472,"Halictidae","excavator","OUMNH",1.189,"Brixham, Devon, England",50.3952404,-3.514544
"IGproject0105","Lasioglossum","fulvicorne","male",1919,8,19,"England","Worcestershire","Malvern","",1.681,1.228,5.194,1.193,"Halictidae","excavator","OUMNH",1.057,"Malvern, Worcestershire, England",52.1159559,-2.3258985
"IGproject0106","Lasioglossum","fulvicorne","male",1919,8,19,"England","Worcestershire","Malvern","",1.815,1.296,5.372,1.133,"Halictidae","excavator","OUMNH",1.107,"Malvern, Worcestershire, England",52.1159559,-2.3258985
"IGproject0107","Lasioglossum","fulvicorne","female",2004,9,1,"England","Surrey","Seale","",1.818,1.263,5.396,1.359,"Halictidae","excavator","OUMNH",1.097,"Seale, Surrey, England",51.2223512,-0.7187413
"IGproject0108","Lasioglossum","fulvicorne","female",1974,5,7,"England","Oxfordshire","Oxford","Wytham",1.854,1.34,5.52,1.384,"Halictidae","excavator","OUMNH",1.134,"Wytham, Oxford, Oxfordshire, England",51.7535169,-1.2131856
"IGproject0109","Lasioglossum","fulvicorne","female",1974,5,7,"England","Oxfordshire","Oxford","Wytham",1.792,1.298,5.29,1.423,"Halictidae","excavator","OUMNH",1.079,"Wytham, Oxford, Oxfordshire, England",51.7535169,-1.2131856
"IGproject0110","Lasioglossum","fulvicorne","female",1949,4,17,"England","Oxfordshire","Cumnor","",1.757,1.252,5.331,1.372,"Halictidae","excavator","OUMNH",1.099,"Cumnor, Oxfordshire, England",51.7349255,-1.3331621
"IGproject0111","Lasioglossum","fulvicorne","male",1988,8,6,"England","Wiltshire","Wroughton","Clouts Wood",1.767,1.23,5.442,1.095,"Halictidae","excavator","OUMNH",1.057,"Clouts Wood, Wroughton, Wiltshire, England",51.51489206,-1.804044057
"IGproject0112","Lasioglossum","fulvicorne","male",1903,7,22,"England","Dorset","Lyme Regis","",1.665,1.179,4.918,1.264,"Halictidae","excavator","OUMNH",0.996,"Lyme Regis, Dorset, England",50.7252897,-2.934559
"IGproject0113","Lasioglossum","fulvicorne","female",1925,5,NA,"England","Sussex","Brighton","Devil's Dyke",1.733,1.269,5.315,1.416,"Halictidae","excavator","OUMNH",1.062,"Devil's Dyke, Brighton, Sussex, England",50.8849935,-0.2123306
"IGproject0114","Lasioglossum","fulvicorne","male",1905,7,10,"England","Kent","Faversham","",1.846,1.357,5.683,1.277,"Halictidae","excavator","OUMNH",1.114,"Faversham, Kent, England",51.3158434,0.8911283
"IGproject0115","Lasioglossum","fulvicorne","male",1968,9,2,"England","Bedfordshire","Hitchin","Pegsdon",1.77,1.301,5.621,1.263,"Halictidae","excavator","OUMNH",1.139,"Pegsdon, Hitchin, Bedfordshire, England",51.96253534,-0.36842034
"IGproject0116","Lasioglossum","fulvicorne","female",1956,9,26,"England","Dorset","Wimborne","",1.801,1.347,5.375,1.401,"Halictidae","excavator","OUMNH",1.117,"Wimborne, Dorset, England",50.7995189,-1.987339
"IGproject0117","Lasioglossum","fulvicorne","male",1904,8,NA,"England","Kent","Faversham","Huntingfield",1.774,1.282,5.147,1.223,"Halictidae","excavator","OUMNH",1.067,"Huntingfield, Faversham, Kent, England",51.25792226,0.822018012
"IGproject0118","Lasioglossum","fulvicorne","male",1905,9,3,"England","Kent","Charing","",1.783,1.276,5.555,1.242,"Halictidae","excavator","OUMNH",1.073,"Charing, Kent, England",51.2142039,0.7886033
"IGproject0119","Lasioglossum","fulvicorne","female",1914,8,18,"England","Surrey","Gomshall","",1.814,1.305,5.416,1.505,"Halictidae","excavator","OUMNH",1.108,"Gomshall, Surrey, England",51.2192418,-0.4422487
"IGproject0120","Lasioglossum","fulvicorne","female",1905,9,14,"England","Kent","Faversham","Huntingfield",1.967,1.366,5.646,1.514,"Halictidae","excavator","OUMNH",1.268,"Huntingfield, Faversham, Kent, England",51.25792226,0.822018012
"IGproject0121","Lasioglossum","fulvicorne","female",1905,9,10,"England","Kent","Faversham","Huntingfield",1.909,1.286,5.475,1.356,"Halictidae","excavator","OUMNH",1.267,"Huntingfield, Faversham, Kent, England",51.25792226,0.822018012
"IGproject0122","Lasioglossum","fulvicorne","female",1948,8,15,"England","Oxfordshire","Oxford","Hinksey",1.857,1.384,5.493,1.437,"Halictidae","excavator","OUMNH",1.175,"Hinksey, Oxford, Oxfordshire, England",51.7363525,-1.2575581
"IGproject0123","Lasioglossum","fulvicorne","male",1905,9,14,"England","Kent","Faversham","Huntingfield",1.912,1.42,6.007,1.295,"Halictidae","excavator","OUMNH",1.186,"Huntingfield, Faversham, Kent, England",51.25792226,0.822018012
"IGproject0124","Lasioglossum","fulvicorne","male",1915,7,15,"England","Devon","Brixham","",1.811,1.309,5.357,1.258,"Halictidae","excavator","OUMNH",1.111,"Brixham, Devon, England",50.3952404,-3.514544
"IGproject0125","Nomada","ruficornis","male",1904,5,18,"England","Greater London","London","Hampstead",2.075,1.294,6.697,1.795,"Apidae","kleptoparasite","OUMNH",1.367,"Hampstead, London, Greater London, England",51.55653,-0.1783011
"IGproject0126","Nomada","ruficornis","female",1915,5,7,"England","Surrey","Cobham","",2.761,1.909,9.264,2.617,"Apidae","kleptoparasite","OUMNH",1.722,"Cobham, Surrey, England",51.3300079,-0.4120821
"IGproject0127","Nomada","ruficornis","female",1915,4,20,"England","Devon","Dartmoor","East Dartmoor",2.838,1.949,8.544,2.479,"Apidae","kleptoparasite","OUMNH",1.819,"East Dartmoor, Dartmoor, Devon, England",50.486085,-3.9856305
"IGproject0128","Nomada","ruficornis","male",1992,4,25,"England","Devon","","",2.615,1.899,8.209,1.936,"Apidae","kleptoparasite","OUMNH",1.745,"Devon, England",50.7241405,-3.6607788
"IGproject0129","Nomada","ruficornis","female",1927,5,1,"England","Cheshire","Wilmslow","Bollin Valley",2.353,1.59,7.263,2.013,"Apidae","kleptoparasite","OUMNH",1.527,"Bollin Valley, Wilmslow, Cheshire, England",53.3299342,-2.2281098
"IGproject0130","Nomada","ruficornis","female",1917,5,13,"England","Surrey","Cobham","",2.712,1.773,8.264,2.208,"Apidae","kleptoparasite","OUMNH",1.739,"Cobham, Surrey, England",51.3300079,-0.4120821
"IGproject0131","Nomada","ruficornis","male",1953,4,24,"England","Devon","Newton Abbot","Teigngrace",2.685,1.869,8.35,2.278,"Apidae","kleptoparasite","OUMNH",1.801,"Teigngrace, Newton Abbot, Devon, England",50.55245864,-3.624364846
"IGproject0132","Nomada","ruficornis","male",1904,5,18,"England","Greater London","London","Hampstead",2.297,1.45,7.115,1.823,"Apidae","kleptoparasite","OUMNH",1.496,"Hampstead, London, Greater London, England",51.55653,-0.1783011
"IGproject0133","Nomada","ruficornis","female",1953,4,24,"England","Devon","Newton Abbot","Teigngrace",2.767,1.835,8.638,2.263,"Apidae","kleptoparasite","OUMNH",1.742,"Teigngrace, Newton Abbot, Devon, England",50.55245864,-3.624364846
"IGproject0134","Nomada","ruficornis","male",1904,5,18,"England","Greater London","London","Hampstead",2.56,1.817,8.269,2.079,"Apidae","kleptoparasite","OUMNH",1.681,"Hampstead, London, Greater London, England",51.55653,-0.1783011
"IGproject0135","Nomada","ruficornis","male",1901,5,19,"England","Gloucestershire","Horsley","",2.816,1.898,9.399,2.743,"Apidae","kleptoparasite","OUMNH",1.727,"Horsley, Gloucestershire, England",51.6780946,-2.2329134
"IGproject0136","Nomada","ruficornis","female",1902,5,24,"England","Hampshire","","New Forest",2.771,1.9,8.399,2.295,"Apidae","kleptoparasite","OUMNH",1.731,"New Forest, Hampshire, England",50.8557268,-1.5956844
"IGproject0137","Nomada","ruficornis","male",1929,4,27,"England","Dorset","Wimborne","Badbury Rings",2.186,1.533,6.937,1.807,"Apidae","kleptoparasite","OUMNH",1.484,"Badbury Rings, Wimborne, Dorset, England",50.82687682,-2.052082813
"IGproject0138","Nomada","ruficornis","male",1936,5,27,"England","Berkshire","Windsor","",1.942,1.182,6.203,1.624,"Apidae","kleptoparasite","OUMNH",1.252,"Windsor, Berkshire, England",51.4837886,-0.6040419
"IGproject0139","Nomada","ruficornis","male",1933,5,NA,"England","Oxfordshire","Tubney","",2.108,1.368,6.666,1.742,"Apidae","kleptoparasite","OUMNH",1.33,"Tubney, Oxfordshire, England",51.6852443,-1.3699399
"IGproject0140","Nomada","ruficornis","male",1904,5,15,"England","Greater London","Northwood","",1.811,1.065,5.844,1.579,"Apidae","kleptoparasite","OUMNH",1.224,"Northwood, Greater London, England",51.6051713,-0.4205812
"IGproject0141","Nomada","ruficornis","female",1901,7,14,"Wales","Gwynedd","Criccieth","",2.832,1.883,8.31,2.469,"Apidae","kleptoparasite","OUMNH",1.807,"Criccieth, Gwynedd, Wales",52.9206106,-4.2332414
"IGproject0142","Nomada","ruficornis","male",1917,5,31,"England","Devon","Brixham","",2.361,1.502,7.182,1.926,"Apidae","kleptoparasite","OUMNH",1.542,"Brixham, Devon, England",50.3952404,-3.514544
"IGproject0143","Nomada","ruficornis","male",1900,5,1,"England","Dorset","Swanage","",2.387,1.598,7.565,2.022,"Apidae","kleptoparasite","OUMNH",1.543,"Swanage, Dorset, England",50.6086976,-1.9571971
"IGproject0144","Nomada","ruficornis","male",1991,NA,NA,"England","Northamptonshire","Oundle","Ashton Pond",2.739,1.855,8.332,2.213,"Apidae","kleptoparasite","OUMNH",1.78,"Ashton Pond, Oundle, Northamptonshire, England",52.47975966,-0.452349151
"IGproject0145","Nomada","ruficornis","female",1911,5,19,"England","Oxfordshire","Oxford","",2.593,1.85,8.871,2.312,"Apidae","kleptoparasite","OUMNH",1.679,"Oxford, Oxfordshire, England",51.7520131,-1.2578499
"IGproject0146","Nomada","ruficornis","female",2003,6,13,"England","Oxfordshire","Stratton Audley","",2.73,1.82,8.651,2.27,"Apidae","kleptoparasite","OUMNH",1.709,"Stratton Audley, Oxfordshire, England",51.9336182,-1.109515
"IGproject0147","Nomada","ruficornis","male",1990,5,16,"England","Cornwall","Camborne","",2.586,1.778,8.24,2.172,"Apidae","kleptoparasite","OUMNH",1.732,"Camborne, Cornwall, England",50.2138828,-5.2990347
"IGproject0148","Nomada","ruficornis","female",1982,5,14,"England","Devon","Tavistock","",2.437,1.572,7.559,2.01,"Apidae","kleptoparasite","OUMNH",1.563,"Tavistock, Devon, England",50.5496154,-4.1446358
"IGproject0149","Nomada","ruficornis","male",1976,4,21,"England","Devon","Lifton","",2.497,1.746,8.1,2.045,"Apidae","kleptoparasite","OUMNH",1.595,"Lifton, Devon, England",50.6429503,-4.2988119
"IGproject0150","Nomada","ruficornis","female",1989,5,21,"England","Wiltshire","Wroughton","Clouts Wood",2.672,1.802,7.999,2.345,"Apidae","kleptoparasite","OUMNH",1.746,"Clouts Wood, Wroughton, Wiltshire, England",51.51489206,-1.804044057
"IGproject0151","Nomada","ruficornis","male",1989,5,7,"England","Wiltshire","Swindon","Coate Water Country Park",2.576,1.675,8.02,2.041,"Apidae","kleptoparasite","OUMNH",1.682,"Coate Water Country Park, Swindon, Wiltshire, England",51.53925894,-1.74822582
"IGproject0152","Nomada","ruficornis","male",1941,6,4,"England","Berkshire","Padworth","",2.648,1.709,8.311,2.233,"Apidae","kleptoparasite","OUMNH",1.735,"Padworth, Berkshire, England",51.3916205,-1.1187515
"IGproject0153","Nomada","ruficornis","female",1911,5,13,"England","West Yorkshire","Keighley","",2.774,1.902,8.397,2.274,"Apidae","kleptoparasite","OUMNH",1.81,"Keighley, West Yorkshire, England",53.8684021,-1.9020456
"IGproject0154","Nomada","ruficornis","male",1917,5,5,"England","Surrey","Tadworth","Box Hill",2.653,1.911,8.324,2.238,"Apidae","kleptoparasite","OUMNH",1.773,"Box Hill, Tadworth, Surrey, England",51.2543699,-0.2776725
"IGproject0155","Hylaeus","hyalinatus","male",1904,7,NA,"England","Dorset","Lyme Regis","",1.674,1.226,4.253,1.008,"Colletidae","cavity nester","OUMNH",1.103,"Lyme Regis, Dorset, England",50.7252897,-2.934559
"IGproject0156","Hylaeus","hyalinatus","male",1904,7,NA,"England","Dorset","Lyme Regis","",1.608,1.116,4.138,0.941,"Colletidae","cavity nester","OUMNH",1.078,"Lyme Regis, Dorset, England",50.7252897,-2.934559
"IGproject0157","Hylaeus","hyalinatus","male",1972,7,11,"England","Cornwall","East Cornwall","",1.624,1.253,4.194,1.036,"Colletidae","cavity nester","OUMNH",1.051,"East Cornwall, Cornwall, England",50.5041841,-4.2790642
"IGproject0158","Hylaeus","hyalinatus","female",1952,8,14,"England","Oxfordshire","Tubney","",1.675,1.279,4.507,1.071,"Colletidae","cavity nester","OUMNH",1.127,"Tubney, Oxfordshire, England",51.6852443,-1.3699399
"IGproject0159","Hylaeus","hyalinatus","female",1949,6,30,"England","Devon","Plymouth","Plymouth Hoe",1.718,1.334,4.751,1.111,"Colletidae","cavity nester","OUMNH",1.128,"Plymouth Hoe, Plymouth, Devon, England",50.36584396,-4.142166636
"IGproject0160","Hylaeus","hyalinatus","female",1939,7,1,"England","Dorset","Swanage","South Haven Point",1.55,1.198,4.142,1.018,"Colletidae","cavity nester","OUMNH",1.023,"South Haven Point, Swanage, Dorset, England",50.6787269,-1.94390688
"IGproject0161","Hylaeus","hyalinatus","female",1934,6,16,"England","Dorset","Swanage","South Haven Point",1.621,1.324,4.492,1.074,"Colletidae","cavity nester","OUMNH",1.077,"South Haven Point, Swanage, Dorset, England",50.6787269,-1.94390688
"IGproject0162","Hylaeus","hyalinatus","female",1974,7,1,"England","Devon","Saunton","",1.689,1.295,4.37,1.031,"Colletidae","cavity nester","OUMNH",1.116,"Saunton, Devon, England",51.1167185,-4.2093963
"IGproject0163","Hylaeus","hyalinatus","female",1928,7,17,"England","Dorset","Portland","",1.582,1.199,4.345,1.024,"Colletidae","cavity nester","OUMNH",1.073,"Portland, Dorset, England",50.5672516,-2.4472529
"IGproject0164","Hylaeus","hyalinatus","female",1908,8,14,"England","East Sussex","Hellingly","",1.53,1.172,4.18,1.027,"Colletidae","cavity nester","OUMNH",1.046,"Hellingly, East Sussex, England",50.895456,0.2499944
"IGproject0165","Hylaeus","hyalinatus","female",2002,7,28,"England","Oxfordshire","Oxford","Shotover",1.758,1.351,4.848,1.085,"Colletidae","cavity nester","OUMNH",1.151,"Shotover, Oxford, Oxfordshire, England",51.7561128,-1.1551229
"IGproject0166","Hylaeus","hyalinatus","male",1992,6,19,"England","Oxfordshire","","Hitchcopse Pit",1.49,1.137,3.945,0.945,"Colletidae","cavity nester","OUMNH",0.999,"Hitchcopse Pit, Oxfordshire, England",51.69442627,-1.347413049
"IGproject0167","Hylaeus","hyalinatus","female",1904,7,9,"England","Kent","Walmer","",1.596,1.204,4.398,1.035,"Colletidae","cavity nester","OUMNH",1.026,"Walmer, Kent, England",51.2068884,1.3999154
"IGproject0168","Hylaeus","hyalinatus","female",1898,7,NA,"Wales","Gwynedd","Criccieth","",1.648,1.27,4.516,1.004,"Colletidae","cavity nester","OUMNH",1.087,"Criccieth, Gwynedd, Wales",52.9206106,-4.2332414
"IGproject0169","Hylaeus","hyalinatus","female",1904,7,8,"England","Dorset","Lyme Regis","",1.743,1.403,4.714,1.135,"Colletidae","cavity nester","OUMNH",1.162,"Lyme Regis, Dorset, England",50.7252897,-2.934559
"IGproject0170","Hylaeus","hyalinatus","female",1984,7,13,"England","Kent","","Lydd Ranges",1.627,1.252,4.49,1.076,"Colletidae","cavity nester","OUMNH",1.078,"Lydd Ranges, Kent, England",50.9298725,0.8684773
"IGproject0171","Anthidium","manicatum","male",1901,7,NA,"England","Cornwall","Newquay","",4.546,4.087,11.732,3.824,"Megachilidae","cavity nester","OUMNH",2.574,"Newquay, Cornwall, England",50.4134414,-5.0848836
"IGproject0172","Anthidium","manicatum","female",1898,7,NA,"Wales","Gwynedd","Criccieth","",4.115,3.401,9.179,2.756,"Megachilidae","cavity nester","OUMNH",2.497,"Criccieth, Gwynedd, Wales",52.9206106,-4.2332414
"IGproject0173","Anthidium","manicatum","male",1948,8,5,"England","Oxfordshire","Farmoor","",4.483,3.898,11.304,3.562,"Megachilidae","cavity nester","OUMNH",2.613,"Farmoor, Oxfordshire, England",51.7600964,-1.3487839
"IGproject0174","Anthidium","manicatum","female",1908,6,27,"England","Merseyside","Wallasey","",4.038,3.499,9.087,2.778,"Megachilidae","cavity nester","OUMNH",2.454,"Wallasey, Merseyside, England",53.42722649,-3.067881383
"IGproject0175","Anthidium","manicatum","male",1914,7,13,"England","Surrey","Woking","",4.659,4.139,12.203,3.699,"Megachilidae","cavity nester","OUMNH",2.556,"Woking, Surrey, England",51.3201891,-0.5564726
"IGproject0176","Anthidium","manicatum","female",1914,7,13,"England","Surrey","Woking","",4.093,3.327,8.853,2.505,"Megachilidae","cavity nester","OUMNH",2.501,"Woking, Surrey, England",51.3201891,-0.5564726
"IGproject0177","Anthidium","manicatum","male",1953,7,27,"England","Devon","Torquay","",4.145,3.473,9.686,2.942,"Megachilidae","cavity nester","OUMNH",2.33,"Torquay, Devon, England",50.4652392,-3.5211361
"IGproject0178","Anthidium","manicatum","female",1915,7,15,"England","Devon","Brixham","",4.012,3.55,9.019,2.673,"Megachilidae","cavity nester","OUMNH",2.495,"Brixham, Devon, England",50.3952404,-3.514544
"IGproject0179","Anthidium","manicatum","male",1961,7,17,"England","Cheshire","Hoylake","",4.422,3.889,11.114,3.413,"Megachilidae","cavity nester","OUMNH",2.477,"Hoylake, Cheshire, England",53.3931186,-3.176757221
"IGproject0180","Anthidium","manicatum","female",1926,7,NA,"England","Devon","Newton Abbot","",4.138,3.526,9.218,2.795,"Megachilidae","cavity nester","OUMNH",2.52,"Newton Abbot, Devon, England",50.5296441,-3.6112097
"IGproject0181","Anthidium","manicatum","male",1902,7,NA,"England","Leicestershire","Market Bosworth","",4.527,3.952,10.985,3.58,"Megachilidae","cavity nester","OUMNH",2.519,"Market Bosworth, Leicestershire, England",52.6217051,-1.4149268
"IGproject0182","Anthidium","manicatum","female",1906,7,16,"England","Hampshire","","New Forest",4.1,3.475,9.287,2.838,"Megachilidae","cavity nester","OUMNH",2.489,"New Forest, Hampshire, England",50.8557268,-1.5956844
"IGproject0183","Anthidium","manicatum","male",1897,7,18,"England","Oxfordshire","Oxford","Shotover",4.311,3.517,10.236,3.559,"Megachilidae","cavity nester","OUMNH",2.46,"Shotover, Oxford, Oxfordshire, England",51.7561128,-1.1551229
"IGproject0184","Anthidium","manicatum","female",1914,6,17,"England","Surrey","Woking","",4.368,3.712,10.076,3.047,"Megachilidae","cavity nester","OUMNH",2.692,"Woking, Surrey, England",51.3201891,-0.5564726
"IGproject0185","Anthidium","manicatum","male",1897,7,NA,"Wales","Gwynedd","Criccieth","",4.207,3.779,10.59,3.314,"Megachilidae","cavity nester","OUMNH",2.393,"Criccieth, Gwynedd, Wales",52.9206106,-4.2332414
"IGproject0186","Anthidium","manicatum","female",1989,6,15,"England","Cornwall","Saint Austell","Old Inn Cottage",4.029,3.581,8.944,2.712,"Megachilidae","cavity nester","OUMNH",2.335,"Old Inn Cottage, Saint Austell, Cornwall, England",50.29371098,-4.780971796
"IGproject0187","Anthidium","manicatum","male",1900,7,16,"Wales","Gwynedd","Criccieth","",4.199,3.677,10.022,3.029,"Megachilidae","cavity nester","OUMNH",2.349,"Criccieth, Gwynedd, Wales",52.9206106,-4.2332414
"IGproject0188","Anthidium","manicatum","female",1954,7,19,"England","Devon","Torquay","Manor Garden",3.931,3.258,8.792,2.688,"Megachilidae","cavity nester","OUMNH",2.352,"Manor Garden, Torquay, Devon, England",50.4611174,-3.507932
"IGproject0189","Anthidium","manicatum","male",1898,7,NA,"Wales","Gwynedd","Criccieth","",4.505,3.812,11.282,3.613,"Megachilidae","cavity nester","OUMNH",2.612,"Criccieth, Gwynedd, Wales",52.9206106,-4.2332414
"IGproject0190","Anthidium","manicatum","female",1936,8,25,"England","Oxfordshire","Oxford","74 Islip Road, Sunnymead",4.165,3.683,9.299,2.826,"Megachilidae","cavity nester","OUMNH",2.533,"74 Islip Road, Sunnymead, Oxford, Oxfordshire, England",51.7844434,-1.2616549
"IGproject0191","Anthidium","manicatum","male",1897,7,18,"England","Oxfordshire","Oxford","Shotover",4.47,3.968,11.554,3.698,"Megachilidae","cavity nester","OUMNH",2.59,"Shotover, Oxford, Oxfordshire, England",51.7561128,-1.1551229
"IGproject0192","Anthidium","manicatum","female",1998,7,NA,"Wales","Gwynedd","Criccieth","",4.101,3.605,8.931,2.825,"Megachilidae","cavity nester","OUMNH",2.477,"Criccieth, Gwynedd, Wales",52.9206106,-4.2332414
"IGproject0193","Anthidium","manicatum","male",1908,7,15,"England","Oxfordshire","Oxford","Lye Valley",4.248,3.75,10.682,3.254,"Megachilidae","cavity nester","OUMNH",2.4,"Lye Valley, Oxford, Oxfordshire, England",51.7455776,-1.2056501
"IGproject0194","Anthidium","manicatum","female",1948,8,22,"England","Oxfordshire","Oxford","Hinksey",4.018,3.586,8.963,2.791,"Megachilidae","cavity nester","OUMNH",2.482,"Hinksey, Oxford, Oxfordshire, England",51.7363525,-1.2575581
"IGproject0195","Anthidium","manicatum","male",1936,7,26,"England","Oxfordshire","Oxford","Sunnymead",4.2,3.606,10.468,3.131,"Megachilidae","cavity nester","OUMNH",2.37,"Sunnymead, Oxford, Oxfordshire, England",51.7838335,-1.2642666
"IGproject0196","Anthidium","manicatum","female",1914,6,20,"England","Surrey","Woking","",4.074,3.293,8.741,2.673,"Megachilidae","cavity nester","OUMNH",2.444,"Woking, Surrey, England",51.3201891,-0.5564726
"IGproject0197","Anthidium","manicatum","male",1897,7,18,"England","Oxfordshire","Oxford","Shotover",4.487,3.858,11.692,3.59,"Megachilidae","cavity nester","OUMNH",2.519,"Shotover, Oxford, Oxfordshire, England",51.7561128,-1.1551229
"IGproject0198","Anthidium","manicatum","female",1914,6,20,"England","Surrey","Woking","",3.818,3.185,8.37,2.61,"Megachilidae","cavity nester","OUMNH",2.291,"Woking, Surrey, England",51.3201891,-0.5564726
"IGproject0199","Anthidium","manicatum","male",1897,7,18,"England","Oxfordshire","Oxford","Shotover",4.201,3.695,10.591,3.412,"Megachilidae","cavity nester","OUMNH",2.413,"Shotover, Oxford, Oxfordshire, England",51.7561128,-1.1551229
"IGproject0200","Anthidium","manicatum","female",1906,7,25,"England","Hampshire","","New Forest",4.187,3.488,9.191,2.809,"Megachilidae","cavity nester","OUMNH",2.486,"New Forest, Hampshire, England",50.8557268,-1.5956844
"IGproject0201","Sphecodes","geoffrellus","female",1992,6,19,"England","Oxfordshire","","Hitchcopse Pit",1.579,1.059,3.859,1.007,"Halictidae","kleptoparasite","OUMNH",1.086,"Hitchcopse Pit, Oxfordshire, England",51.69442627,-1.347413049
"IGproject0202","Sphecodes","geoffrellus","male",1992,7,18,"England","Somerset","Weston-super-Mare","Sand Point",1.674,1.144,4.584,1.081,"Halictidae","kleptoparasite","OUMNH",1.107,"Sand Point, Weston-super-Mare, Somerset, England",51.3659434,-2.9342983
"IGproject0203","Sphecodes","geoffrellus","female",1948,7,2,"England","Devon","Lydford","",1.677,1.114,4.447,1.169,"Halictidae","kleptoparasite","OUMNH",1.083,"Lydford, Devon, England",50.6459989,-4.0827936
"IGproject0204","Sphecodes","geoffrellus","female",1952,8,2,"England","Northamptonshire","Aynho","",1.392,0.851,3.927,0.944,"Halictidae","kleptoparasite","OUMNH",0.917,"Aynho, Northamptonshire, England",51.9948605,-1.2520728
"IGproject0205","Sphecodes","geoffrellus","female",1901,7,NA,"England","Cornwall","Newquay","",1.425,0.908,3.886,0.9,"Halictidae","kleptoparasite","OUMNH",0.932,"Newquay, Cornwall, England",50.4134414,-5.0848836
"IGproject0206","Sphecodes","geoffrellus","male",1919,8,19,"England","Worcestershire","Malvern","",1.465,1.072,4.186,0.937,"Halictidae","kleptoparasite","OUMNH",0.971,"Malvern, Worcestershire, England",52.1159559,-2.3258985
"IGproject0207","Sphecodes","geoffrellus","male",1900,8,NA,"Wales","Gwynedd","Criccieth","",1.528,1.021,4.246,0.952,"Halictidae","kleptoparasite","OUMNH",1.002,"Criccieth, Gwynedd, Wales",52.9206106,-4.2332414
"IGproject0208","Sphecodes","geoffrellus","female",1978,6,14,"England","Oxfordshire","Abingdon","Dry Sandford Pit",1.625,1.022,4.293,1.03,"Halictidae","kleptoparasite","OUMNH",1.005,"Dry Sandford Pit, Abingdon, Oxfordshire, England",51.69478825,-1.32635399
"IGproject0209","Sphecodes","geoffrellus","male",1904,8,24,"England","Surrey","Reigate","",1.459,0.961,3.787,0.942,"Halictidae","kleptoparasite","OUMNH",0.96,"Reigate, Surrey, England",51.2376557,-0.2057067
"IGproject0210","Sphecodes","geoffrellus","female",1992,6,19,"England","Oxfordshire","","Hitchcopse Pit",1.782,1.17,4.724,1.148,"Halictidae","kleptoparasite","OUMNH",1.182,"Hitchcopse Pit, Oxfordshire, England",51.69442627,-1.347413049
"IGproject0211","Colletes","succintus","female",1940,8,4,"England","Devon","Meavy","",3.424,2.71,8.684,2.339,"Colletidae","excavator","OUMNH",NA,"Meavy, Devon, England",50.4796082,-4.0590464
"IGproject0212","Colletes","succintus","male",1937,8,2,"England","Dorset","Swanage","",2.965,2.34,7.114,1.932,"Colletidae","excavator","OUMNH",NA,"Swanage, Dorset, England",50.6086976,-1.9571971
"IGproject0213","Colletes","succintus","male",1953,8,10,"England","Devon","Dawlish Warren","",3.128,2.433,7.125,1.929,"Colletidae","excavator","OUMNH",NA,"Dawlish Warren, Devon, England",50.5986475,-3.4437159
"IGproject0214","Colletes","succintus","male",1906,8,6,"England","Surrey","Woking","",2.795,2.168,6.334,1.658,"Colletidae","excavator","OUMNH",NA,"Woking, Surrey, England",51.3201891,-0.5564726
"IGproject0215","Colletes","succintus","male",1953,8,12,"England","Devon","Bovey Tracey","Bovey Heathfield",3.238,2.605,7.729,2.017,"Colletidae","excavator","OUMNH",NA,"Bovey Heathfield, Bovey Tracey, Devon, England",50.5778633,-3.6644648
"IGproject0216","Colletes","succintus","female",1927,8,25,"England","Dorset","Warmwell","Warmwell Heath",3.178,2.599,7.95,2.05,"Colletidae","excavator","OUMNH",NA,"Warmwell Heath, Warmwell, Dorset, England",50.68094,-2.35113
"IGproject0217","Colletes","succintus","male",1926,8,25,"England","Dorset","Warmwell","Warmwell Heath",2.851,2.184,6.73,1.639,"Colletidae","excavator","OUMNH",NA,"Warmwell Heath, Warmwell, Dorset, England",50.68094,-2.35113
"IGproject0218","Colletes","succintus","male",1969,9,4,"England","Devon","Brixham","",3.051,2.401,7.343,1.936,"Colletidae","excavator","OUMNH",NA,"Brixham, Devon, England",50.3952404,-3.514544
"IGproject0219","Colletes","succintus","female",1919,8,NA,"England","Devon","South Brent","",3.387,2.804,8.543,2.282,"Colletidae","excavator","OUMNH",NA,"South Brent, Devon, England",50.4427744,-3.847493
"IGproject0220","Colletes","succintus","male",1913,8,5,"England","Devon","Bovey Tracey","",3.255,2.461,7.746,2.115,"Colletidae","excavator","OUMNH",NA,"Bovey Tracey, Devon, England",50.6046632,-3.6856762
"IGproject0221","Colletes","succintus","female",1913,8,13,"England","Devon","Bovey Tracey","",3.323,2.732,8.452,2.15,"Colletidae","excavator","OUMNH",NA,"Bovey Tracey, Devon, England",50.6046632,-3.6856762
"IGproject0222","Colletes","succintus","male",1899,7,NA,"Wales","Conwy","Abergele","",3.23,2.497,7.661,1.988,"Colletidae","excavator","OUMNH",NA,"Abergele, Conwy, Wales",53.2840692,-3.5810655
"IGproject0223","Colletes","succintus","male",1953,8,10,"England","Devon","Dawlish Warren","",3.071,2.311,7.295,1.9,"Colletidae","excavator","OUMNH",NA,"Dawlish Warren, Devon, England",50.5986475,-3.4437159
"IGproject0224","Colletes","succintus","female",1927,8,15,"England","Dorset","Warmwell","",3.308,2.608,8.184,2.137,"Colletidae","excavator","OUMNH",NA,"Warmwell, Dorset, England",50.6749172,-2.3553494
"IGproject0225","Colletes","succintus","male",1968,8,3,"England","Cornwall","Millook","",3.113,2.501,6.938,1.89,"Colletidae","excavator","OUMNH",NA,"Millook, Cornwall, England",50.7710435,-4.5756142
"IGproject0226","Colletes","succintus","female",1900,NA,NA,"England","Gloucestershire","Horsley","",3.256,2.543,8.071,2.109,"Colletidae","excavator","OUMNH",NA,"Horsley, Gloucestershire, England",51.6780946,-2.2329134
"IGproject0227","Colletes","succintus","female",1973,9,15,"Wales","Pembrokeshire","St David's","St David's Head",3.708,3.091,9.292,2.429,"Colletidae","excavator","OUMNH",NA,"St David's Head, St David's, Pembrokeshire, Wales",51.9030217,-5.3127212
"IGproject0228","Colletes","succintus","male",1927,8,15,"England","Dorset","Warmwell","Warmwell Heath",2.734,2.054,6.628,1.687,"Colletidae","excavator","OUMNH",NA,"Warmwell Heath, Warmwell, Dorset, England",50.68094,-2.35113
"IGproject0229","Colletes","succintus","male",1934,8,17,"England","Dorset","Swanage","South Haven Point",2.965,2.096,6.8,1.791,"Colletidae","excavator","OUMNH",NA,"South Haven Point, Swanage, Dorset, England",50.6787269,-1.94390688
"IGproject0230","Colletes","succintus","male",1934,8,17,"England","Dorset","Swanage","South Haven Point",3.024,2.284,7.074,1.933,"Colletidae","excavator","OUMNH",NA,"South Haven Point, Swanage, Dorset, England",50.6787269,-1.94390688
"IGproject0231","Colletes","succintus","male",1933,7,24,"England","Dorset","Swanage","South Haven, S. Boundary",3.086,2.342,7.233,1.901,"Colletidae","excavator","OUMNH",NA,"South Haven, S. Boundary, Swanage, Dorset, England",50.61205076,-1.957719924
"IGproject0232","Colletes","succintus","female",1875,8,NA,"Wales","Gwynedd","Barmouth","",3.501,2.924,8.631,2.166,"Colletidae","excavator","OUMNH",NA,"Barmouth, Gwynedd, Wales",52.7210389,-4.0535692
"IGproject0233","Colletes","succintus","male",1905,7,31,"Scotland","Narinshire","Nairn","",3.064,2.142,7.553,1.848,"Colletidae","excavator","OUMNH",NA,"Nairn, Narinshire, Scotland",57.58733776,-3.864928973
"IGproject0234","Colletes","succintus","female",1901,NA,NA,"England","Hampshire","Lyndhurst","",3.448,3.006,8.373,2.269,"Colletidae","excavator","OUMNH",NA,"Lyndhurst, Hampshire, England",50.8727657,-1.5748436
"IGproject0235","Colletes","succintus","female",1953,8,18,"England","Devon","Bovey Tracey","Bovey Heathfield",3.462,2.804,8.427,2.283,"Colletidae","excavator","OUMNH",NA,"Bovey Heathfield, Bovey Tracey, Devon, England",50.5778633,-3.6644648
"IGproject0236","Colletes","succintus","male",1905,8,4,"England","Hampshire","","New Forest",2.642,1.887,6.178,1.483,"Colletidae","excavator","OUMNH",NA,"New Forest, Hampshire, England",50.8557268,-1.5956844
"IGproject0237","Colletes","succintus","female",1915,9,3,"England","Devon","Bovey Tracey","",3.458,2.773,8.436,2.207,"Colletidae","excavator","OUMNH",NA,"Bovey Tracey, Devon, England",50.6046632,-3.6856762
"IGproject0238","Colletes","succintus","female",1892,9,NA,"Scotland","Moray","Forres","",3.279,2.638,8.31,2.289,"Colletidae","excavator","OUMNH",NA,"Forres, Moray, Scotland",57.609864,-3.613215
"IGproject0239","Colletes","succintus","male",1905,8,14,"England","Hampshire","","New Forest",2.952,2.232,7.011,1.798,"Colletidae","excavator","OUMNH",NA,"New Forest, Hampshire, England",50.8557268,-1.5956844
"IGproject0240","Colletes","succintus","male",1909,8,13,"England","Hampshire","","New Forest",2.74,2.11,6.235,1.608,"Colletidae","excavator","OUMNH",NA,"New Forest, Hampshire, England",50.8557268,-1.5956844
"IGproject0241","Sphecodes","geoffrellus","male",2011,7,30,"England","Oxfordshire","Oxford","Shotover",1.544,1.041,4.223,0.965,"Halictidae","kleptoparasite","OUMNH",NA,"Shotover, Oxford, Oxfordshire, England",51.7561128,-1.1551229
"IGproject0242","Sphecodes","geoffrellus","female",1955,8,1,"England","Oxfordshire","Abingdon","Cothill",1.545,1.123,4.219,1.053,"Halictidae","kleptoparasite","OUMNH",NA,"Cothill, Abingdon, Oxfordshire, England",51.69591033,-1.3292552
"IGproject0243","Sphecodes","geoffrellus","male",1989,7,3,"England","Wiltshire","Wroughton","Clouts Wood",1.694,1.146,4.543,1.126,"Halictidae","kleptoparasite","OUMNH",NA,"Clouts Wood, Wroughton, Wiltshire, England",51.51489206,-1.804044057
"IGproject0244","Sphecodes","geoffrellus","female",1960,7,20,"England","Devon","Dawlish","",1.677,1.059,4.487,1.126,"Halictidae","kleptoparasite","OUMNH",NA,"Dawlish, Devon, England",50.5797391,-3.468931
"IGproject0245","Sphecodes","geoffrellus","female",1990,8,29,"England","Wiltshire","Swindon","Coate Water Country Park",1.379,0.931,3.693,0.906,"Halictidae","kleptoparasite","OUMNH",NA,"Coate Water Country Park, Swindon, Wiltshire, England",51.53925894,-1.74822582
"IGproject0246","Sphecodes","geoffrellus","female",1901,7,NA,"England","Cornwall","Newquay","",1.438,0.919,3.889,1.009,"Halictidae","kleptoparasite","OUMNH",NA,"Newquay, Cornwall, England",50.4134414,-5.0848836
"IGproject0247","Sphecodes","geoffrellus","female",1905,7,23,"England","Hampshire","","New Forest",1.533,1.021,4.136,1.022,"Halictidae","kleptoparasite","OUMNH",NA,"New Forest, Hampshire, England",50.8557268,-1.5956844
"IGproject0248","Sphecodes","geoffrellus","male",1983,8,6,"England","Warwickshie","Coventry","Coombe",1.461,0.954,3.858,0.938,"Halictidae","kleptoparasite","OUMNH",NA,"Coombe, Coventry, Warwickshie, England",52.41011936,-1.407566014
"IGproject0249","Sphecodes","geoffrellus","male",1953,8,12,"England","Devon","Bovey Tracey","Bovey Heathfield",1.514,1.083,4.215,0.958,"Halictidae","kleptoparasite","OUMNH",NA,"Bovey Heathfield, Bovey Tracey, Devon, England",50.5778633,-3.6644648
"IGproject0250","Sphecodes","geoffrellus","female",1902,9,6,"England","Kent","Faversham","Huntingfield",1.667,1.014,4.534,1.114,"Halictidae","kleptoparasite","OUMNH",NA,"Huntingfield, Faversham, Kent, England",51.25792226,0.822018012
"IGproject0251","Andrena","chrysosceles","female",1915,6,15,"England","Devon","Brixham","",2.978,1.829,8.135,2.275,"Andrenidae","excavator","OUMNH",NA,"Brixham, Devon, England",50.3952404,-3.514544
"IGproject0252","Andrena","chrysosceles","male",1912,5,NA,"England","Hampshire","","New Forest",2.513,1.324,6.822,1.678,"Andrenidae","excavator","OUMNH",NA,"New Forest, Hampshire, England",50.8557268,-1.5956844
"IGproject0253","Andrena","chrysosceles","male",1898,6,2,"England","Buckinghamshire","Great Missenden","",2.61,1.531,7.013,1.859,"Andrenidae","excavator","OUMNH",NA,"Great Missenden, Buckinghamshire, England",51.7046508,-0.7086592
"IGproject0254","Andrena","chrysosceles","female",1902,8,NA,"England","Berkshire","Crowthorne","Wellington College",2.38,1.569,6.624,2.332,"Andrenidae","excavator","OUMNH",NA,"Wellington College, Crowthorne, Berkshire, England",51.3624135,-0.8080941
"IGproject0255","Andrena","chrysosceles","female",1949,5,14,"England","Devon","Woodbury","",2.94,1.864,8.134,2.284,"Andrenidae","excavator","OUMNH",NA,"Woodbury, Devon, England",50.6759768,-3.4061001
"IGproject0256","Andrena","chrysosceles","male",1949,4,18,"England","Oxfordshire","Chastleton","",2.484,1.515,6.265,1.686,"Andrenidae","excavator","OUMNH",NA,"Chastleton, Oxfordshire, England",51.9599665,-1.6409204
"IGproject0257","Andrena","chrysosceles","male",1916,4,29,"England","Devon","Newton Abbot","",2.403,1.411,6.552,1.764,"Andrenidae","excavator","OUMNH",NA,"Newton Abbot, Devon, England",50.5296441,-3.6112097
"IGproject0258","Andrena","chrysosceles","female",1913,6,10,"England","Dorset","Swanage","",2.817,1.778,7.545,2.191,"Andrenidae","excavator","OUMNH",NA,"Swanage, Dorset, England",50.6086976,-1.9571971
"IGproject0259","Andrena","chrysosceles","female",1913,5,17,"England","Devon","Bovey Tracey","",2.762,1.761,7.625,1.966,"Andrenidae","excavator","OUMNH",NA,"Bovey Tracey, Devon, England",50.6046632,-3.6856762
"IGproject0260","Andrena","chrysosceles","female",1915,5,20,"England","Gloucestershire","Wotton-under-Edge","",3.004,1.897,8.482,2.249,"Andrenidae","excavator","OUMNH",NA,"Wotton-under-Edge, Gloucestershire, England",51.6378241,-2.3547251
"IGproject0261","Andrena","chrysosceles","female",1977,6,22,"England","Hampshire","Odiham","",2.832,1.705,7.739,2.16,"Andrenidae","excavator","OUMNH",NA,"Odiham, Hampshire, England",51.2496285,-0.9346917
"IGproject0262","Andrena","chrysosceles","male",1929,5,3,"England","Greater London","Wimbledon","",2.513,1.41,6.672,1.729,"Andrenidae","excavator","OUMNH",NA,"Wimbledon, Greater London, England",51.4214787,-0.2064027
"IGproject0263","Andrena","chrysosceles","female",1929,6,12,"England","Oxfordshire","Oxford","Waterperry Wood",2.649,1.603,7.3,2.058,"Andrenidae","excavator","OUMNH",NA,"Waterperry Wood, Oxford, Oxfordshire, England",51.77601288,-1.127008027
"IGproject0264","Andrena","chrysosceles","male",1968,6,12,"England","Oxfordshire","Oxford","Waterperry Wood",2.337,1.31,6.071,1.632,"Andrenidae","excavator","OUMNH",NA,"Waterperry Wood, Oxford, Oxfordshire, England",51.77601288,-1.127008027
"IGproject0265","Andrena","chrysosceles","female",1978,5,7,"England","Oxfordshire","Oxford","Hinksey",2.931,1.817,7.893,2.268,"Andrenidae","excavator","OUMNH",NA,"Hinksey, Oxford, Oxfordshire, England",51.7363525,-1.2575581
"IGproject0266","Andrena","chrysosceles","male",1980,5,1,"England","Buckinghamshire","Gerrards Cross","",2.913,1.706,7.457,1.987,"Andrenidae","excavator","OUMNH",NA,"Gerrards Cross, Buckinghamshire, England",51.5878131,-0.5537126
"IGproject0267","Andrena","chrysosceles","male",1917,4,22,"England","Devon","Newton Abbot","",2.503,1.454,6.777,1.746,"Andrenidae","excavator","OUMNH",NA,"Newton Abbot, Devon, England",50.5296441,-3.6112097
"IGproject0268","Andrena","chrysosceles","male",1983,5,17,"England","Buckinghamshire","Hedgerley","",2.478,1.373,6.362,1.728,"Andrenidae","excavator","OUMNH",NA,"Hedgerley, Buckinghamshire, England",51.5763466,-0.6040853
"IGproject0269","Andrena","chrysosceles","female",1984,5,9,"England","Greater London","London","Devonshire Road",2.774,1.836,7.639,2.123,"Andrenidae","excavator","OUMNH",NA,"Devonshire Road, London, Greater London, England",51.500887,-0.3132598
"IGproject0270","Andrena","chrysosceles","female",1990,5,29,"England","Wiltshire","Swindon","Coate Water Country Park",3.044,1.945,8.306,2.321,"Andrenidae","excavator","OUMNH",NA,"Coate Water Country Park, Swindon, Wiltshire, England",51.53925894,-1.74822582
"IGproject0271","Andrena","chrysosceles","female",1907,6,22,"England","Hampshire","","New Forest",3.088,2.007,8.587,2.301,"Andrenidae","excavator","OUMNH",NA,"New Forest, Hampshire, England",50.8557268,-1.5956844
"IGproject0272","Andrena","chrysosceles","female",1904,5,22,"England","Hampshire","","New Forest",2.768,1.659,7.557,2.135,"Andrenidae","excavator","OUMNH",NA,"New Forest, Hampshire, England",50.8557268,-1.5956844
"IGproject0273","Andrena","chrysosceles","male",1906,5,19,"Wales","Bridgend","Porthcawl","",2.556,1.436,6.687,1.776,"Andrenidae","excavator","OUMNH",NA,"Porthcawl, Bridgend, Wales",51.4795563,-3.7040704
"IGproject0274","Andrena","chrysosceles","male",1935,5,3,"England","Cambridgeshire","Hardwick","Hardwick Wood",2.782,1.636,7.377,1.953,"Andrenidae","excavator","OUMNH",NA,"Hardwick Wood, Hardwick, Cambridgeshire, England",52.2002801,-0.0205034
"IGproject0275","Andrena","chrysosceles","male",1996,4,27,"England","Northamptonshire","Marston St Lawrence","",2.534,1.397,6.95,1.814,"Andrenidae","excavator","OUMNH",NA,"Marston St Lawrence, Northamptonshire, England",52.0766064,-1.2171139
"IGproject0276","Andrena","chrysosceles","male",1996,4,27,"England","Northamptonshire","Marston St Lawrence","",2.467,1.33,6.535,1.719,"Andrenidae","excavator","OUMNH",NA,"Marston St Lawrence, Northamptonshire, England",52.0766064,-1.2171139
"IGproject0277","Andrena","chrysosceles","female",1984,5,9,"England","Greater London","London","Devonshire Road",3.013,1.882,8.09,2.27,"Andrenidae","excavator","OUMNH",NA,"Devonshire Road, London, Greater London, England",51.500887,-0.3132598
"IGproject0278","Andrena","chrysosceles","male",1996,4,27,"England","Northamptonshire","Brackley","",2.681,1.46,7.05,1.948,"Andrenidae","excavator","OUMNH",NA,"Brackley, Northamptonshire, England",52.0278975,-1.1484657
"IGproject0279","Andrena","chrysosceles","female",1990,5,29,"England","Wiltshire","Swindon","Coate Water Country Park",3.097,1.952,8.394,2.26,"Andrenidae","excavator","OUMNH",NA,"Coate Water Country Park, Swindon, Wiltshire, England",51.53925894,-1.74822582
"IGproject0280","Andrena","chrysosceles","female",1990,5,11,"England","Oxfordshire","North Leigh","North Leigh Common",2.377,1.552,7.16,1.958,"Andrenidae","excavator","OUMNH",NA,"North Leigh Common, North Leigh, Oxfordshire, England",51.8203059,-1.4197065
"IGproject0281","Hylaeus","communis","female",1950,4,2,"England","Devon","Topsham","",1.701,1.333,4.966,1.054,"Colletidae","cavity nester","OUMNH",NA,"Topsham, Devon, England",50.6850732,-3.4658063
"IGproject0282","Hylaeus","communis","male",1948,7,17,"England","Dorset","Witchampton","",1.495,1.046,4.214,0.894,"Colletidae","cavity nester","OUMNH",NA,"Witchampton, Dorset, England",50.8579978,-2.0168718
"IGproject0283","Hylaeus","communis","female",1952,8,22,"England","Devon","Dawlish Warren","",1.538,1.116,4.121,0.933,"Colletidae","cavity nester","OUMNH",NA,"Dawlish Warren, Devon, England",50.5986475,-3.4437159
"IGproject0284","Hylaeus","communis","female",1949,7,9,"England","Devon","Exeter","",1.65,1.298,4.978,1.051,"Colletidae","cavity nester","OUMNH",NA,"Exeter, Devon, England",50.7256138,-3.5269209
"IGproject0285","Hylaeus","communis","male",1897,7,8,"England","Berkshire","Sulhamstead","",1.473,1.088,3.947,0.965,"Colletidae","cavity nester","OUMNH",NA,"Sulhamstead, Berkshire, England",51.4140897,-1.0929427
"IGproject0286","Hylaeus","communis","male",1904,7,NA,"England","Dorset","Lyme Regis","",1.758,1.44,4.82,1.046,"Colletidae","cavity nester","OUMNH",NA,"Lyme Regis, Dorset, England",50.7252897,-2.934559
"IGproject0287","Hylaeus","communis","female",1914,6,18,"England","Cambridgeshire","Wicken","",1.604,1.277,4.932,1.097,"Colletidae","cavity nester","OUMNH",NA,"Wicken, Cambridgeshire, England",52.3126328,0.2994755
"IGproject0288","Hylaeus","communis","male",1903,7,23,"England","Dorset","Lyme Regis","",1.423,0.99,3.996,0.809,"Colletidae","cavity nester","OUMNH",NA,"Lyme Regis, Dorset, England",50.7252897,-2.934559
"IGproject0289","Hylaeus","communis","male",1953,8,12,"England","Devon","Bovey Tracey","Bovey Heathfield",1.489,1.108,4.254,0.924,"Colletidae","cavity nester","OUMNH",NA,"Bovey Heathfield, Bovey Tracey, Devon, England",50.5778633,-3.6644648
"IGproject0290","Hylaeus","communis","male",1948,7,17,"England","Dorset","Witchampton","",1.561,1.221,4.356,0.984,"Colletidae","cavity nester","OUMNH",NA,"Witchampton, Dorset, England",50.8579978,-2.0168718
"IGproject0291","Hylaeus","communis","male",1976,6,26,"England","Devon","Yelverton","Five Oaks",1.566,1.202,4.384,0.928,"Colletidae","cavity nester","OUMNH",NA,"Five Oaks, Yelverton, Devon, England",50.4934281,-4.085997565
"IGproject0292","Hylaeus","communis","male",1977,8,11,"England","Devon","Hawkchurch","",1.444,1.083,4.091,0.9,"Colletidae","cavity nester","OUMNH",NA,"Hawkchurch, Devon, England",50.800438,-2.9354622
"IGproject0293","Hylaeus","communis","male",1982,7,5,"England","Devon","Tavistock","Whitchurch Down",1.519,1.158,4.406,0.979,"Colletidae","cavity nester","OUMNH",NA,"Whitchurch Down, Tavistock, Devon, England",50.5427342,-4.1150225
"IGproject0294","Hylaeus","communis","male",1963,6,22,"England","Dorset","Weymouth","",1.565,1.21,4.497,0.972,"Colletidae","cavity nester","OUMNH",NA,"Weymouth, Dorset, England",50.6096257,-2.4543424
"IGproject0295","Hylaeus","communis","male",1951,8,14,"England","Gloucestershire","Chipping Campden","",1.413,1.057,4.079,0.886,"Colletidae","cavity nester","OUMNH",NA,"Chipping Campden, Gloucestershire, England",52.0496652,-1.7813927
"IGproject0296","Hylaeus","communis","female",1974,6,NA,"England","Devon","Saunton","",1.609,1.219,4.725,1.021,"Colletidae","cavity nester","OUMNH",NA,"Saunton, Devon, England",51.1167185,-4.2093963
"IGproject0297","Hylaeus","communis","female",1977,7,30,"England","Devon","","South Devon - Buckland Down",1.649,1.263,4.679,1.03,"Colletidae","cavity nester","OUMNH",NA,"South Devon - Buckland Down, Devon, England",50.54448152,-3.807963495
"IGproject0298","Hylaeus","communis","male",1974,6,NA,"England","Devon","Saunton","",1.551,1.116,4.397,0.956,"Colletidae","cavity nester","OUMNH",NA,"Saunton, Devon, England",51.1167185,-4.2093963
"IGproject0299","Hylaeus","communis","female",1906,7,21,"England","Kent","Faversham","",1.584,1.263,4.714,0.948,"Colletidae","cavity nester","OUMNH",NA,"Faversham, Kent, England",51.3158434,0.8911283
"IGproject0300","Hylaeus","communis","female",1954,8,3,"England","Dorset","Warmwell","Warmwell Heath",1.708,1.315,5.013,1.076,"Colletidae","cavity nester","OUMNH",NA,"Warmwell Heath, Warmwell, Dorset, England",50.68094,-2.35113
"IGproject0301","Hylaeus","communis","female",1902,8,18,"England","Kent","Faversham","Huntingfield",1.544,1.202,4.572,0.97,"Colletidae","cavity nester","OUMNH",NA,"Huntingfield, Faversham, Kent, England",51.25792226,0.822018012
"IGproject0302","Hylaeus","communis","female",1953,8,12,"England","Devon","Bovey Tracey","Bovey Heathfield",1.76,1.368,5.11,1.104,"Colletidae","cavity nester","OUMNH",NA,"Bovey Heathfield, Bovey Tracey, Devon, England",50.5778633,-3.6644648
"IGproject0303","Hylaeus","communis","male",1909,7,12,"England","Hampshire","","New Forest",1.475,0.998,3.977,0.909,"Colletidae","cavity nester","OUMNH",NA,"New Forest, Hampshire, England",50.8557268,-1.5956844
"IGproject0304","Hylaeus","communis","female",1974,7,9,"England","Devon","Saunton","",1.482,1.124,4.484,0.923,"Colletidae","cavity nester","OUMNH",NA,"Saunton, Devon, England",51.1167185,-4.2093963
"IGproject0305","Hylaeus","communis","male",1902,8,18,"England","Kent","Faversham","Huntingfield",1.506,1.069,4.219,0.878,"Colletidae","cavity nester","OUMNH",NA,"Huntingfield, Faversham, Kent, England",51.25792226,0.822018012
"IGproject0306","Hylaeus","communis","female",1978,7,16,"England","Cornwall","North Petherwin","",1.676,1.301,4.879,1.021,"Colletidae","cavity nester","OUMNH",NA,"North Petherwin, Cornwall, England",50.6931922,-4.4613253
"IGproject0307","Hylaeus","communis","male",1986,7,15,"England","Kent","Higham","",1.437,1.11,4.096,0.903,"Colletidae","cavity nester","OUMNH",NA,"Higham, Kent, England",51.4310457,0.4709558
"IGproject0308","Hylaeus","communis","female",1909,7,15,"England","Hampshire","","New Forest",1.528,1.188,4.634,0.97,"Colletidae","cavity nester","OUMNH",NA,"New Forest, Hampshire, England",50.8557268,-1.5956844
"IGproject0309","Hylaeus","communis","female",1909,7,13,"England","Hampshire","","New Forest",1.681,1.33,5.002,1.047,"Colletidae","cavity nester","OUMNH",NA,"New Forest, Hampshire, England",50.8557268,-1.5956844
"IGproject0310","Hylaeus","communis","female",1903,7,23,"England","Dorset","Lyme Regis","",1.626,1.29,4.753,1.011,"Colletidae","cavity nester","OUMNH",NA,"Lyme Regis, Dorset, England",50.7252897,-2.934559
"IGproject0311","Nomada","flava","female",1947,5,11,"England","Devon","Sheepstor","",2.576,1.767,8.392,2.263,"Apidae","kleptoparasite","OUMNH",NA,"Sheepstor, Devon, England",50.4908765,-4.0318718
"IGproject0312","Nomada","flava","female",1949,5,1,"England","Devon","Sheepstor","",2.416,1.704,7.891,2.08,"Apidae","kleptoparasite","OUMNH",NA,"Sheepstor, Devon, England",50.4908765,-4.0318718
"IGproject0313","Nomada","flava","female",1915,5,17,"England","Gloucestershire","Wotton-under-Edge","",2.929,1.995,9.868,2.781,"Apidae","kleptoparasite","OUMNH",NA,"Wotton-under-Edge, Gloucestershire, England",51.6378241,-2.3547251
"IGproject0314","Nomada","flava","female",1980,5,13,"England","Devon","","Fernworthy Reservoir",2.56,1.829,8.387,2.348,"Apidae","kleptoparasite","OUMNH",NA,"Fernworthy Reservoir, Devon, England",50.6408514,-3.8883035
"IGproject0315","Nomada","flava","male",1977,5,24,"England","Devon","Newton Abbot","Holne Wood",2.246,1.444,7.386,2.008,"Apidae","kleptoparasite","OUMNH",NA,"Holne Wood, Newton Abbot, Devon, England",50.52062012,-3.836495937
"IGproject0316","Nomada","flava","male",1961,5,13,"England","Devon","Bovey Tracey","Bovey Heathfield",1.919,1.141,6.348,1.59,"Apidae","kleptoparasite","OUMNH",NA,"Bovey Heathfield, Bovey Tracey, Devon, England",50.5778633,-3.6644648
"IGproject0317","Nomada","flava","female",1916,5,NA,"England","Devon","Paignton","",2.73,1.873,9.219,2.565,"Apidae","kleptoparasite","OUMNH",NA,"Paignton, Devon, England",50.4377018,-3.5632704
"IGproject0318","Nomada","flava","female",1921,4,30,"England","Devon","Newton Abbot","",2.24,1.438,7.468,2.083,"Apidae","kleptoparasite","OUMNH",NA,"Newton Abbot, Devon, England",50.5296441,-3.6112097
"IGproject0319","Nomada","flava","female",1897,5,NA,"Wales","Monmouthshire","Raglan","",2.884,2.03,9.332,2.411,"Apidae","kleptoparasite","OUMNH",NA,"Raglan, Monmouthshire, Wales",51.7650543,-2.8540602
"IGproject0320","Nomada","flava","female",1982,4,15,"England","Devon","Clapham","Haldon Forest",2.536,1.872,8.508,2.35,"Apidae","kleptoparasite","OUMNH",NA,"Haldon Forest, Clapham, Devon, England",50.6703299,-3.565771
"IGproject0321","Nomada","flava","female",1946,5,4,"England","Devon","Plymouth","Dewerstone Forest, Near Shaugh Prior",2.399,1.631,7.924,2.32,"Apidae","kleptoparasite","OUMNH",NA,"Dewerstone Forest, Near Shaugh Prior, Plymouth, Devon, England",50.45504038,-4.059848681
"IGproject0322","Nomada","flava","male",1916,5,NA,"England","Devon","Paignton","",2.404,1.567,7.621,2.111,"Apidae","kleptoparasite","OUMNH",NA,"Paignton, Devon, England",50.4377018,-3.5632704
"IGproject0323","Nomada","flava","female",1955,5,22,"England","Devon","Torquay","Coast Path",2.82,1.986,9.609,2.728,"Apidae","kleptoparasite","OUMNH",NA,"Coast Path, Torquay, Devon, England",50.46942104,-3.493802538
"IGproject0324","Nomada","flava","male",1955,5,29,"England","Devon","Bovey Tracey","Bovey Heathfield",2.626,1.861,8.622,2.269,"Apidae","kleptoparasite","OUMNH",NA,"Bovey Heathfield, Bovey Tracey, Devon, England",50.5778633,-3.6644648
"IGproject0325","Nomada","flava","female",1950,5,6,"England","Devon","Exeter","Exwick",2.458,1.628,8.068,2.412,"Apidae","kleptoparasite","OUMNH",NA,"Exwick, Exeter, Devon, England",50.7321721,-3.5501132
"IGproject0326","Nomada","flava","female",1950,5,6,"England","Devon","Exeter","Exwick",2.289,1.407,7.209,1.881,"Apidae","kleptoparasite","OUMNH",NA,"Exwick, Exeter, Devon, England",50.7321721,-3.5501132
"IGproject0327","Nomada","flava","female",1952,5,10,"England","Devon","Newton Abbot","Bradley Woods",2.128,1.313,6.967,1.958,"Apidae","kleptoparasite","OUMNH",NA,"Bradley Woods, Newton Abbot, Devon, England",50.525335,-3.627007989
"IGproject0328","Nomada","flava","male",1992,5,24,"England","Wiltshire","Swindon","Coate Water Country Park",2.468,1.562,7.929,2.141,"Apidae","kleptoparasite","OUMNH",NA,"Coate Water Country Park, Swindon, Wiltshire, England",51.53925894,-1.74822582
"IGproject0329","Nomada","flava","female",1915,5,7,"England","Surrey","Cobham","",2.324,1.569,7.69,2.16,"Apidae","kleptoparasite","OUMNH",NA,"Cobham, Surrey, England",51.3300079,-0.4120821
"IGproject0330","Nomada","flava","female",1973,6,3,"England","Northamptonshire","","Salcey Forest",2.434,1.606,8.017,2.229,"Apidae","kleptoparasite","OUMNH",NA,"Salcey Forest, Northamptonshire, England",52.154843,-0.8391565
"IGproject0331","Nomada","flava","male",1948,5,10,"England","Devon","Barnstaple","",2.814,1.959,9.039,2.373,"Apidae","kleptoparasite","OUMNH",NA,"Barnstaple, Devon, England",51.0804057,-4.0600467
"IGproject0332","Nomada","flava","male",1949,5,7,"England","Devon","Chudleigh","",2.417,1.54,7.725,2.157,"Apidae","kleptoparasite","OUMNH",NA,"Chudleigh, Devon, England",50.6156543,-3.5869448
"IGproject0333","Nomada","flava","male",1950,5,6,"England","Devon","Exeter","Exwick",2.891,2.015,9.235,2.518,"Apidae","kleptoparasite","OUMNH",NA,"Exwick, Exeter, Devon, England",50.7321721,-3.5501132
"IGproject0334","Nomada","flava","female",1916,5,NA,"England","Devon","Paignton","",2.66,1.834,9.054,2.589,"Apidae","kleptoparasite","OUMNH",NA,"Paignton, Devon, England",50.4377018,-3.5632704
"IGproject0335","Nomada","flava","male",1972,5,14,"England","Devon","Lydford","High Down",2.667,1.955,8.611,2.353,"Apidae","kleptoparasite","OUMNH",NA,"High Down, Lydford, Devon, England",50.64381702,-4.112981204
"IGproject0336","Nomada","flava","male",1949,5,14,"England","Devon","Woodbury","",2.441,1.486,7.536,2.051,"Apidae","kleptoparasite","OUMNH",NA,"Woodbury, Devon, England",50.6759768,-3.4061001
"IGproject0337","Nomada","flava","male",1949,5,2,"England","Devon","Instow","",2.916,1.856,9.425,2.499,"Apidae","kleptoparasite","OUMNH",NA,"Instow, Devon, England",51.0564265,-4.1694841
"IGproject0338","Nomada","flava","male",1949,5,7,"England","Devon","Chudleigh","",2.845,1.982,9.186,2.531,"Apidae","kleptoparasite","OUMNH",NA,"Chudleigh, Devon, England",50.6156543,-3.5869448
"IGproject0339","Nomada","flava","male",1952,4,26,"England","Devon","Sheepstor","Gutter Tor",2.511,1.752,8.071,2.138,"Apidae","kleptoparasite","OUMNH",NA,"Gutter Tor, Sheepstor, Devon, England",50.4883193,-4.0047507
"IGproject0340","Nomada","flava","male",1921,4,26,"England","Devon","Newton Abbot","",2.775,1.749,8.878,2.321,"Apidae","kleptoparasite","OUMNH",NA,"Newton Abbot, Devon, England",50.5296441,-3.6112097
"IGproject0341","Andrena","wilkella","female",1910,6,18,"England","Devon","Budleigh Salterton","",3.384,2.245,7.848,2.548,"Andrenidae","excavator","OUMNH",NA,"Budleigh Salterton, Devon, England",50.6310504,-3.3299844
"IGproject0342","Andrena","wilkella","male",1910,6,14,"England","Devon","Budleigh Salterton","",2.896,1.828,7.377,2.006,"Andrenidae","excavator","OUMNH",NA,"Budleigh Salterton, Devon, England",50.6310504,-3.3299844
"IGproject0343","Andrena","wilkella","male",1922,5,14,"England","Devon","Newton Abbot","",3.001,2.005,7.557,2.041,"Andrenidae","excavator","OUMNH",NA,"Newton Abbot, Devon, England",50.5296441,-3.6112097
"IGproject0344","Andrena","wilkella","female",1907,5,9,"England","Surrey","Oxshott","",3.422,2.344,7.812,2.514,"Andrenidae","excavator","OUMNH",NA,"Oxshott, Surrey, England",51.3361004,-0.3625418
"IGproject0345","Andrena","wilkella","male",1900,5,28,"England","Berkshire","Newbury","",3.083,2.036,7.732,2.175,"Andrenidae","excavator","OUMNH",NA,"Newbury, Berkshire, England",51.4020243,-1.3242212
"IGproject0346","Andrena","wilkella","male",1898,6,2,"England","Buckinghamshire","Great Missenden","",2.95,1.847,7.546,2.091,"Andrenidae","excavator","OUMNH",NA,"Great Missenden, Buckinghamshire, England",51.7046508,-0.7086592
"IGproject0347","Andrena","wilkella","female",1915,5,24,"England","Devon","Brixham","",3.491,2.257,8.321,2.661,"Andrenidae","excavator","OUMNH",NA,"Brixham, Devon, England",50.3952404,-3.514544
"IGproject0348","Andrena","wilkella","female",1915,5,20,"England","Gloucestershire","Wotton-under-Edge","",3.621,2.375,8.266,2.769,"Andrenidae","excavator","OUMNH",NA,"Wotton-under-Edge, Gloucestershire, England",51.6378241,-2.3547251
"IGproject0349","Andrena","wilkella","female",1910,6,14,"England","Devon","Budleigh Salterton","",3.302,2.161,7.79,2.48,"Andrenidae","excavator","OUMNH",NA,"Budleigh Salterton, Devon, England",50.6310504,-3.3299844
"IGproject0350","Andrena","wilkella","female",1908,6,14,"England","Greater Manchester","Sale","",3.348,2.151,7.925,2.698,"Andrenidae","excavator","OUMNH",NA,"Sale, Greater Manchester, England",53.4244939,-2.318415
"IGproject0351","Andrena","wilkella","male",1904,5,15,"England","Greater London","Northwood","",2.982,1.925,7.512,2.081,"Andrenidae","excavator","OUMNH",NA,"Northwood, Greater London, England",51.6051713,-0.4205812
"IGproject0352","Andrena","wilkella","male",1900,5,29,"England","Hampshire","","New Forest",3.025,1.92,7.764,2.167,"Andrenidae","excavator","OUMNH",NA,"New Forest, Hampshire, England",50.8557268,-1.5956844
"IGproject0353","Andrena","wilkella","female",1900,5,29,"England","Berkshire","Newbury","",3.438,2.254,8.13,2.697,"Andrenidae","excavator","OUMNH",NA,"Newbury, Berkshire, England",51.4020243,-1.3242212
"IGproject0354","Andrena","wilkella","male",1904,5,22,"England","Hampshire","","New Forest",2.907,1.632,7.256,2.072,"Andrenidae","excavator","OUMNH",NA,"New Forest, Hampshire, England",50.8557268,-1.5956844
"IGproject0355","Andrena","wilkella","female",1953,6,1,"England","Oxfordshire","Abingdon","Cothill",3.335,2.1,8.033,2.612,"Andrenidae","excavator","OUMNH",NA,"Cothill, Abingdon, Oxfordshire, England",51.69591033,-1.3292552
"IGproject0356","Andrena","wilkella","male",1900,5,15,"England","Essex","Theydon Bois","",2.876,1.712,7.125,2.049,"Andrenidae","excavator","OUMNH",NA,"Theydon Bois, Essex, England",51.6717759,0.1033213
"IGproject0357","Andrena","wilkella","male",1899,6,NA,"England","Cambridgeshire","Wicken","",2.994,1.879,7.477,2.124,"Andrenidae","excavator","OUMNH",NA,"Wicken, Cambridgeshire, England",52.3126328,0.2994755
"IGproject0358","Andrena","wilkella","male",1900,5,18,"England","Berkshire","Newbury","",2.942,1.787,7.384,2.046,"Andrenidae","excavator","OUMNH",NA,"Newbury, Berkshire, England",51.4020243,-1.3242212
"IGproject0359","Andrena","wilkella","female",1905,5,24,"Wales","Gwynedd","Criccieth","",3.538,2.451,8.438,2.8,"Andrenidae","excavator","OUMNH",NA,"Criccieth, Gwynedd, Wales",52.9206106,-4.2332414
"IGproject0360","Andrena","wilkella","male",1949,6,7,"England","Devon","Exminster","",2.996,1.898,7.395,2.088,"Andrenidae","excavator","OUMNH",NA,"Exminster, Devon, England",50.6785394,-3.4955657
"IGproject0361","Andrena","wilkella","female",1915,6,2,"England","Devon","Paignton","",3.411,2.174,8.255,2.524,"Andrenidae","excavator","OUMNH",NA,"Paignton, Devon, England",50.4377018,-3.5632704
"IGproject0362","Andrena","wilkella","female",1923,6,5,"England","Devon","Newton Abbot","",3.416,2.257,8.073,2.517,"Andrenidae","excavator","OUMNH",NA,"Newton Abbot, Devon, England",50.5296441,-3.6112097
"IGproject0363","Andrena","wilkella","female",1923,6,15,"England","Devon","Newton Abbot","",3.44,2.202,8.124,2.584,"Andrenidae","excavator","OUMNH",NA,"Newton Abbot, Devon, England",50.5296441,-3.6112097
"IGproject0364","Andrena","wilkella","female",1896,5,5,"England","Wiltshire","Sopworth","",3.21,2.048,7.793,2.475,"Andrenidae","excavator","OUMNH",NA,"Sopworth, Wiltshire, England",51.5806236,-2.2507317
"IGproject0365","Andrena","wilkella","male",1900,5,28,"England","Berkshire","Newbury","",2.991,1.896,7.565,2.091,"Andrenidae","excavator","OUMNH",NA,"Newbury, Berkshire, England",51.4020243,-1.3242212
"IGproject0366","Andrena","wilkella","male",1900,5,25,"England","Berkshire","Newbury","",2.834,1.841,7.293,2.015,"Andrenidae","excavator","OUMNH",NA,"Newbury, Berkshire, England",51.4020243,-1.3242212
"IGproject0367","Andrena","wilkella","female",1918,5,NA,"England","Devon","Paignton","",3.32,2.21,8.361,2.477,"Andrenidae","excavator","OUMNH",NA,"Paignton, Devon, England",50.4377018,-3.5632704
"IGproject0368","Andrena","wilkella","female",1905,6,22,"England","Surrey","Oxshott","",3.396,2.176,7.967,2.486,"Andrenidae","excavator","OUMNH",NA,"Oxshott, Surrey, England",51.3361004,-0.3625418
"IGproject0369","Andrena","wilkella","female",1899,6,NA,"England","Cambridgeshire","Wicken","",3.51,2.322,8.217,2.667,"Andrenidae","excavator","OUMNH",NA,"Wicken, Cambridgeshire, England",52.3126328,0.2994755
"IGproject0370","Andrena","wilkella","female",1905,6,4,"England","Surrey","Chobham","",3.448,2.146,8.211,2.618,"Andrenidae","excavator","OUMNH",NA,"Chobham, Surrey, England",51.3477705,-0.6010128
"IGproject0371","Andrena","wilkella","female",1904,6,17,"England","Surrey","Chobham","",3.353,2.241,8.014,2.624,"Andrenidae","excavator","OUMNH",NA,"Chobham, Surrey, England",51.3477705,-0.6010128
"IGproject0372","Anthidium","manicatum","female",1946,7,29,"England","Greater London","Osterley","",4.309,3.729,10.167,3.087,"Megachilidae","cavity nester","OUMNH",NA,"Osterley, Greater London, England",51.4815507,-0.3518348
"IGproject0373","Anthidium","manicatum","female",1905,7,15,"England","Oxfordshire","Oxford","Lye Valley",3.927,3.302,9.067,2.782,"Megachilidae","cavity nester","OUMNH",NA,"Lye Valley, Oxford, Oxfordshire, England",51.7455776,-1.2056501
"IGproject0374","Anthidium","manicatum","male",1900,7,20,"Wales","Gwynedd","Criccieth","",4.407,3.705,11.012,3.491,"Megachilidae","cavity nester","OUMNH",NA,"Criccieth, Gwynedd, Wales",52.9206106,-4.2332414
"IGproject0375","Anthidium","manicatum","male",1938,7,29,"England","Oxfordshire","Oxford","Sunnymead",4.392,3.506,10.723,3.361,"Megachilidae","cavity nester","OUMNH",NA,"Sunnymead, Oxford, Oxfordshire, England",51.7838335,-1.2642666
"IGproject0376","Anthidium","manicatum","female",1966,6,16,"England","Devon","Paignton","",4.242,3.537,9.42,2.942,"Megachilidae","cavity nester","OUMNH",NA,"Paignton, Devon, England",50.4377018,-3.5632704
"IGproject0377","Anthidium","manicatum","female",1909,6,NA,"England","Gloucestershire","Wotton-under-Edge","Alderley",4.128,3.397,9.155,2.774,"Megachilidae","cavity nester","OUMNH",NA,"Alderley, Wotton-under-Edge, Gloucestershire, England",51.615194,-2.332701286
"IGproject0378","Anthidium","manicatum","female",1905,7,22,"England","Dorset","Lyme Regis","",4.047,3.509,9.149,2.889,"Megachilidae","cavity nester","OUMNH",NA,"Lyme Regis, Dorset, England",50.7252897,-2.934559
"IGproject0379","Anthidium","manicatum","male",1952,7,30,"England","Northamptonshire","Aynho","",4.712,4.154,11.624,3.776,"Megachilidae","cavity nester","OUMNH",NA,"Aynho, Northamptonshire, England",51.9948605,-1.2520728
"IGproject0380","Anthidium","manicatum","male",1915,7,25,"England","Devon","Dartmoor","East Dartmoor",4.67,4.288,12.267,3.802,"Megachilidae","cavity nester","OUMNH",NA,"East Dartmoor, Dartmoor, Devon, England",50.486085,-3.9856305
"IGproject0381","Anthidium","manicatum","male",1904,7,9,"England","Hampshire","","New Forest",4.321,3.721,10.444,3.306,"Megachilidae","cavity nester","OUMNH",NA,"New Forest, Hampshire, England",50.8557268,-1.5956844
"IGproject0382","Anthidium","manicatum","female",1898,7,NA,"Wales","Gwynedd","Criccieth","",4.074,3.449,9.005,2.745,"Megachilidae","cavity nester","OUMNH",NA,"Criccieth, Gwynedd, Wales",52.9206106,-4.2332414
"IGproject0383","Anthidium","manicatum","male",1897,7,18,"England","Oxfordshire","Oxford","Shotover",4.442,3.8,11.711,3.86,"Megachilidae","cavity nester","OUMNH",NA,"Shotover, Oxford, Oxfordshire, England",51.7561128,-1.1551229
"IGproject0384","Anthidium","manicatum","female",1907,7,21,"England","Hampshire","","New Forest",3.77,3.115,8.28,2.429,"Megachilidae","cavity nester","OUMNH",NA,"New Forest, Hampshire, England",50.8557268,-1.5956844
"IGproject0385","Anthidium","manicatum","male",1897,7,18,"England","Oxfordshire","Oxford","Shotover",4.36,3.866,10.791,3.459,"Megachilidae","cavity nester","OUMNH",NA,"Shotover, Oxford, Oxfordshire, England",51.7561128,-1.1551229
"IGproject0386","Anthidium","manicatum","male",1897,7,18,"England","Oxfordshire","Oxford","Shotover",4.549,3.899,11.597,3.865,"Megachilidae","cavity nester","OUMNH",NA,"Shotover, Oxford, Oxfordshire, England",51.7561128,-1.1551229
"IGproject0387","Anthidium","manicatum","male",1950,7,27,"England","Northamptonshire","Aynho","",4.246,3.463,9.911,3.022,"Megachilidae","cavity nester","OUMNH",NA,"Aynho, Northamptonshire, England",51.9948605,-1.2520728
"IGproject0388","Anthidium","manicatum","male",1898,7,NA,"Wales","Gwynedd","Criccieth","",4.543,3.916,11.497,3.54,"Megachilidae","cavity nester","OUMNH",NA,"Criccieth, Gwynedd, Wales",52.9206106,-4.2332414
"IGproject0389","Anthidium","manicatum","female",1906,7,20,"England","Hampshire","","New Forest",4.178,3.54,9.448,2.802,"Megachilidae","cavity nester","OUMNH",NA,"New Forest, Hampshire, England",50.8557268,-1.5956844
"IGproject0390","Anthidium","manicatum","female",1930,9,10,"England","Devon","Newton Abbot","",3.813,3.189,8.536,2.554,"Megachilidae","cavity nester","OUMNH",NA,"Newton Abbot, Devon, England",50.5296441,-3.6112097
"IGproject0391","Anthidium","manicatum","female",1977,9,5,"England","Oxfordshire","Abingdon","Dry Sandford Pit",4.086,3.384,9.102,2.751,"Megachilidae","cavity nester","OUMNH",NA,"Dry Sandford Pit, Abingdon, Oxfordshire, England",51.69478825,-1.32635399
"IGproject0392","Anthidium","manicatum","female",1897,7,NA,"Wales","Gwynedd","Criccieth","",4.103,3.463,9.061,2.867,"Megachilidae","cavity nester","OUMNH",NA,"Criccieth, Gwynedd, Wales",52.9206106,-4.2332414
"IGproject0393","Anthidium","manicatum","female",1904,7,NA,"England","Dorset","Lyme Regis","",4.251,3.596,9.597,3.077,"Megachilidae","cavity nester","OUMNH",NA,"Lyme Regis, Dorset, England",50.7252897,-2.934559
"IGproject0394","Anthidium","manicatum","female",1905,7,20,"England","Dorset","Lyme Regis","",4.123,3.495,8.984,2.866,"Megachilidae","cavity nester","OUMNH",NA,"Lyme Regis, Dorset, England",50.7252897,-2.934559
"IGproject0395","Anthidium","manicatum","female",1900,7,7,"Wales","Gwynedd","Criccieth","",4.136,3.532,9.245,2.781,"Megachilidae","cavity nester","OUMNH",NA,"Criccieth, Gwynedd, Wales",52.9206106,-4.2332414
"IGproject0396","Anthidium","manicatum","female",1914,6,24,"England","Devon","Paignton","",4.116,3.434,9.068,2.72,"Megachilidae","cavity nester","OUMNH",NA,"Paignton, Devon, England",50.4377018,-3.5632704
"IGproject0397","Anthidium","manicatum","male",1919,8,NA,"England","Surrey","Guildford","",4.651,4.018,11.979,3.863,"Megachilidae","cavity nester","OUMNH",NA,"Guildford, Surrey, England",51.2356068,-0.5732063
"IGproject0398","Anthidium","manicatum","male",1926,7,NA,"England","Devon","Newton Abbot","",3.825,3.24,8.764,2.892,"Megachilidae","cavity nester","OUMNH",NA,"Newton Abbot, Devon, England",50.5296441,-3.6112097
"IGproject0399","Anthidium","manicatum","male",1898,7,NA,"Wales","Gwynedd","Criccieth","",4.537,3.9,11.407,3.609,"Megachilidae","cavity nester","OUMNH",NA,"Criccieth, Gwynedd, Wales",52.9206106,-4.2332414
"IGproject0400","Anthidium","manicatum","male",1948,8,1,"England","Oxfordshire","Oxford","Hinksey",4.228,3.554,10.311,3.302,"Megachilidae","cavity nester","OUMNH",NA,"Hinksey, Oxford, Oxfordshire, England",51.7363525,-1.2575581
"IGproject0401","Anthidium","manicatum","male",1900,7,NA,"England","Worcestershire","Kidderminster","Wyre Forest",4.247,3.659,10.322,3.106,"Megachilidae","cavity nester","OUMNH",NA,"Wyre Forest, Kidderminster, Worcestershire, England",52.396247,-2.2469773
"IGproject0402","Anthidium","manicatum","male",1916,6,16,"England","Devon","Paignton","",4.599,3.844,11.377,3.679,"Megachilidae","cavity nester","OUMNH",NA,"Paignton, Devon, England",50.4377018,-3.5632704
"IGproject0403","Anthidium","manicatum","male",1914,7,10,"England","Devon","Bovey Tracey","",4.607,3.842,11.268,3.508,"Megachilidae","cavity nester","OUMNH",NA,"Bovey Tracey, Devon, England",50.6046632,-3.6856762
"IGproject0404","Anthidium","manicatum","male",1902,NA,NA,"England","Hertfordshire","Berkhamsted","",4.396,3.995,11.201,3.593,"Megachilidae","cavity nester","OUMNH",NA,"Berkhamsted, Hertfordshire, England",51.7607271,-0.5652554
"IGproject0405","Anthidium","manicatum","male",1926,7,NA,"England","Devon","Newton Abbot","",4.185,3.691,10.746,3.451,"Megachilidae","cavity nester","OUMNH",NA,"Newton Abbot, Devon, England",50.5296441,-3.6112097
"IGproject0406","Anthidium","manicatum","male",1910,7,11,"England","Oxfordshire","Oxford","Wykeham House (garden)",4.381,3.921,10.896,3.365,"Megachilidae","cavity nester","OUMNH",NA,"Wykeham House (garden), Oxford, Oxfordshire, England",51.76345691,-1.260193951
"IGproject0407","Anthidium","manicatum","male",1897,7,NA,"England","Oxfordshire","Oxford","Shotover",4.431,3.732,11.177,3.342,"Megachilidae","cavity nester","OUMNH",NA,"Shotover, Oxford, Oxfordshire, England",51.7561128,-1.1551229
"IGproject0408","Anthidium","manicatum","male",1897,7,NA,"England","Oxfordshire","Oxford","Shotover",4.513,3.982,11.366,3.582,"Megachilidae","cavity nester","OUMNH",NA,"Shotover, Oxford, Oxfordshire, England",51.7561128,-1.1551229
"IGproject0409","Anthidium","manicatum","male",1897,7,NA,"England","Oxfordshire","Oxford","Shotover",4.218,3.736,10.535,3.326,"Megachilidae","cavity nester","OUMNH",NA,"Shotover, Oxford, Oxfordshire, England",51.7561128,-1.1551229
"IGproject0410","Anthidium","manicatum","male",1905,7,15,"England","Oxfordshire","Oxford","Lye Valley",4.245,3.824,10.413,3.333,"Megachilidae","cavity nester","OUMNH",NA,"Lye Valley, Oxford, Oxfordshire, England",51.7455776,-1.2056501
"IGproject0411","Anthidium","manicatum","male",1905,7,15,"England","Oxfordshire","Oxford","Lye Valley",3.885,3.257,9.226,2.798,"Megachilidae","cavity nester","OUMNH",NA,"Lye Valley, Oxford, Oxfordshire, England",51.7455776,-1.2056501
"IGproject0412","Anthidium","manicatum","male",1897,7,NA,"England","Oxfordshire","Oxford","Shotover",4.566,3.949,11.608,3.947,"Megachilidae","cavity nester","OUMNH",NA,"Shotover, Oxford, Oxfordshire, England",51.7561128,-1.1551229
"IGproject0413","Anthidium","manicatum","female",1948,8,1,"England","Oxfordshire","Oxford","Hinksey",4.01,3.382,9.262,2.833,"Megachilidae","cavity nester","OUMNH",NA,"Hinksey, Oxford, Oxfordshire, England",51.7363525,-1.2575581
"IGproject0414","Anthidium","manicatum","female",1929,5,22,"England","Devon","Bovey Tracey","",3.982,3.295,9.058,2.792,"Megachilidae","cavity nester","OUMNH",NA,"Bovey Tracey, Devon, England",50.6046632,-3.6856762
"IGproject0415","Anthidium","manicatum","female",1914,6,20,"England","Surrey","Woking","",4.194,3.461,9.354,2.929,"Megachilidae","cavity nester","OUMNH",NA,"Woking, Surrey, England",51.3201891,-0.5564726
"IGproject0416","Anthidium","manicatum","female",1914,6,20,"England","Surrey","Woking","",4.258,3.556,9.425,2.899,"Megachilidae","cavity nester","OUMNH",NA,"Woking, Surrey, England",51.3201891,-0.5564726
"IGproject0417","Anthidium","manicatum","female",1899,6,27,"England","Oxfordshire","Oxford","OUMNH",3.983,3.345,8.858,2.846,"Megachilidae","cavity nester","OUMNH",NA,"OUMNH, Oxford, Oxfordshire, England",51.75883255,-1.255506952
"IGproject0418","Anthidium","manicatum","female",1897,7,18,"England","Oxfordshire","Oxford","Shotover",3.988,3.459,8.974,2.797,"Megachilidae","cavity nester","OUMNH",NA,"Shotover, Oxford, Oxfordshire, England",51.7561128,-1.1551229
"IGproject0419","Anthidium","manicatum","female",1908,6,NA,"England","Kent","Chattenden","",4.092,3.385,8.712,2.71,"Megachilidae","cavity nester","OUMNH",NA,"Chattenden, Kent, England",51.2849241,0.5329214
"IGproject0420","Anthidium","manicatum","female",1902,7,27,"England","Oxfordshire","Tubney","Tubney Wood",4.068,3.594,9.253,2.809,"Megachilidae","cavity nester","OUMNH",NA,"Tubney Wood, Tubney, Oxfordshire, England",51.6982536,-1.3620453
"IGproject0421","Anthidium","manicatum","female",1984,6,30,"England","Greater London","Woolwich","Spray Street",3.507,2.868,7.295,2.22,"Megachilidae","cavity nester","OUMNH",NA,"Spray Street, Woolwich, Greater London, England",51.4904779,0.0697472
"IGproject0422","Anthidium","manicatum","female",1897,7,18,"England","Oxfordshire","Oxford","Shotover",3.961,3.283,8.704,2.724,"Megachilidae","cavity nester","OUMNH",NA,"Shotover, Oxford, Oxfordshire, England",51.7561128,-1.1551229
"IGproject0423","Anthidium","manicatum","female",1897,6,22,"England","Berkshire","Sulhamstead","",4.203,3.552,9.162,2.847,"Megachilidae","cavity nester","OUMNH",NA,"Sulhamstead, Berkshire, England",51.4140897,-1.0929427
"IGproject0424","Anthidium","manicatum","male",1897,6,22,"England","Berkshire","Sulhamstead","",4.196,3.499,10.116,3.172,"Apidae","kleptoparasite","OUMNH",NA,"Sulhamstead, Berkshire, England",51.4140897,-1.0929427
"IGproject0425","Nomada","ruficornis","female",1918,4,NA,"England","Cumbria","Carlisle","",2.42,1.543,7.501,2.026,"Apidae","kleptoparasite","OUMNH",NA,"Carlisle, Cumbria, England",54.89388457,-2.93695408
"IGproject0426","Nomada","ruficornis","female",1915,5,21,"England","Devon","Brixham","Churston Ferrers",2.772,1.823,8.434,2.369,"Apidae","kleptoparasite","OUMNH",NA,"Churston Ferrers, Brixham, Devon, England",50.3945707,-3.565572
"IGproject0427","Nomada","ruficornis","female",1920,5,25,"England","West Yorkshire","Leeds","Meanwood",2.651,1.743,7.959,2.24,"Apidae","kleptoparasite","OUMNH",NA,"Meanwood, Leeds, West Yorkshire, England",53.8281685,-1.5682466
"IGproject0428","Nomada","ruficornis","female",1915,5,7,"England","Devon","Bovey Tracey","",2.812,1.929,8.587,2.415,"Apidae","kleptoparasite","OUMNH",NA,"Bovey Tracey, Devon, England",50.6046632,-3.6856762
"IGproject0429","Nomada","ruficornis","female",1915,5,7,"England","Devon","Bovey Tracey","",2.835,1.884,8.565,2.265,"Apidae","kleptoparasite","OUMNH",NA,"Bovey Tracey, Devon, England",50.6046632,-3.6856762
"IGproject0430","Nomada","ruficornis","female",1915,5,24,"England","South Yorkshire","Sheffield","",2.76,1.817,8.428,2.21,"Apidae","kleptoparasite","OUMNH",NA,"Sheffield, South Yorkshire, England",53.3806626,-1.4702278
"IGproject0431","Nomada","ruficornis","male",1975,5,3,"England","Devon","","South Devon - Buckland Down",2.344,1.54,7.277,1.959,"Apidae","kleptoparasite","OUMNH",NA,"South Devon - Buckland Down, Devon, England",50.54448152,-3.807963495
"IGproject0432","Nomada","ruficornis","female",1982,5,10,"England","Devon","Plymouth","Plym Bridge",2.758,1.831,8.377,2.286,"Apidae","kleptoparasite","OUMNH",NA,"Plym Bridge, Plymouth, Devon, England",50.40595042,-4.077171658
"IGproject0433","Nomada","ruficornis","male",1978,5,7,"England","Devon","Tavistock","Whitchurch Down",2.777,1.83,8.507,2.412,"Apidae","kleptoparasite","OUMNH",NA,"Whitchurch Down, Tavistock, Devon, England",50.5427342,-4.1150225
"IGproject0434","Nomada","ruficornis","male",1982,5,10,"England","Devon","Plymouth","Plym Bridge",2.334,1.428,7.228,1.935,"Apidae","kleptoparasite","OUMNH",NA,"Plym Bridge, Plymouth, Devon, England",50.40595042,-4.077171658
"IGproject0435","Nomada","ruficornis","male",1974,4,21,"England","Devon","Lifton","",2.772,1.964,8.722,2.311,"Apidae","kleptoparasite","OUMNH",NA,"Lifton, Devon, England",50.6429503,-4.2988119
"IGproject0436","Nomada","ruficornis","male",1982,4,20,"England","Devon","Dartmoor","Burrator Reservoir",2.304,1.548,7.555,1.915,"Apidae","kleptoparasite","OUMNH",NA,"Burrator Reservoir, Dartmoor, Devon, England",50.49923423,-4.040083663
"IGproject0437","Nomada","ruficornis","male",1975,5,6,"England","Devon","Tavistock","Whitchurch Down",2.291,1.47,7.229,1.933,"Apidae","kleptoparasite","OUMNH",NA,"Whitchurch Down, Tavistock, Devon, England",50.5427342,-4.1150225
"IGproject0438","Nomada","ruficornis","male",1918,4,NA,"England","Oxfordshire","Oxford","",2.683,1.901,8.353,2.225,"Apidae","kleptoparasite","OUMNH",NA,"Oxford, Oxfordshire, England",51.7520131,-1.2578499
"IGproject0439","Nomada","ruficornis","male",1901,4,25,"England","Oxfordshire","Oxford","University Parks",2.834,2.06,8.468,2.282,"Apidae","kleptoparasite","OUMNH",NA,"University Parks, Oxford, Oxfordshire, England",51.7623666,-1.2544132
"IGproject0440","Nomada","ruficornis","male",1917,5,3,"England","Devon","Brixham","",2.393,1.543,7.445,1.973,"Apidae","kleptoparasite","OUMNH",NA,"Brixham, Devon, England",50.3952404,-3.514544
"IGproject0441","Nomada","ruficornis","male",1918,4,NA,"England","Oxfordshire","Oxford","",2.66,1.747,8.188,2.237,"Apidae","kleptoparasite","OUMNH",NA,"Oxford, Oxfordshire, England",51.7520131,-1.2578499
"IGproject0442","Nomada","ruficornis","male",1914,4,14,"England","Devon","Dartmoor","East Dartmoor",2.62,1.779,8.487,2.272,"Apidae","kleptoparasite","OUMNH",NA,"East Dartmoor, Dartmoor, Devon, England",50.486085,-3.9856305
"IGproject0443","Nomada","ruficornis","male",1918,4,27,"England","Devon","Paignton","",2.575,1.66,7.685,2.032,"Apidae","kleptoparasite","OUMNH",NA,"Paignton, Devon, England",50.4377018,-3.5632704
"IGproject0444","Nomada","ruficornis","female",1920,5,15,"England","West Yorkshire","Leeds","Roundhay",2.815,1.996,8.539,2.362,"Apidae","kleptoparasite","OUMNH",NA,"Roundhay, Leeds, West Yorkshire, England",53.8439954,-1.507852
"IGproject0445","Nomada","ruficornis","male",1901,4,25,"England","Oxfordshire","Oxford","University Parks",2.58,1.779,8.063,2.056,"Apidae","kleptoparasite","OUMNH",NA,"University Parks, Oxford, Oxfordshire, England",51.7623666,-1.2544132
"IGproject0446","Nomada","ruficornis","male",1935,4,28,"England","Dorset","Swanage","South Haven Point",2.642,1.824,7.939,2.146,"Apidae","kleptoparasite","OUMNH",NA,"South Haven Point, Swanage, Dorset, England",50.6787269,-1.94390688
"IGproject0447","Nomada","ruficornis","female",1984,6,8,"England","Devon","Tavistock","Whitchurch Down",2.752,1.88,8.652,2.247,"Apidae","kleptoparasite","OUMNH",NA,"Whitchurch Down, Tavistock, Devon, England",50.5427342,-4.1150225
"IGproject0448","Nomada","ruficornis","male",1901,7,14,"Wales","Gwynedd","Criccieth","",2.652,1.778,8.218,2.13,"Apidae","kleptoparasite","OUMNH",NA,"Criccieth, Gwynedd, Wales",52.9206106,-4.2332414
"IGproject0449","Nomada","ruficornis","female",1989,5,19,"England","Wiltshire","Swindon","Coate Water Country Park",2.788,1.898,8.464,2.269,"Apidae","kleptoparasite","OUMNH",NA,"Coate Water Country Park, Swindon, Wiltshire, England",51.53925894,-1.74822582
"IGproject0450","Nomada","ruficornis","female",1989,5,19,"England","Wiltshire","Swindon","Coate Water Country Park",2.752,1.843,8.603,2.294,"Apidae","kleptoparasite","OUMNH",NA,"Coate Water Country Park, Swindon, Wiltshire, England",51.53925894,-1.74822582
"IGproject0451","Nomada","ruficornis","female",1976,4,21,"England","Devon","Lifton","",2.907,1.918,8.973,2.48,"Apidae","kleptoparasite","OUMNH",NA,"Lifton, Devon, England",50.6429503,-4.2988119
"IGproject0452","Nomada","ruficornis","male",1983,5,4,"England","Devon","Dartmoor","Leather Tor",2.738,1.827,8.648,2.2,"Apidae","kleptoparasite","OUMNH",NA,"Leather Tor, Dartmoor, Devon, England",50.51314752,-4.028640519
"IGproject0453","Nomada","ruficornis","female",1976,5,7,"England","Devon","Harford","",2.761,1.808,8.46,2.287,"Apidae","kleptoparasite","OUMNH",NA,"Harford, Devon, England",50.4188928,-3.9179257
"IGproject0454","Nomada","ruficornis","male",1904,5,18,"England","Greater London","London","Hampstead",2.46,1.633,7.525,2.035,"Apidae","kleptoparasite","OUMNH",NA,"Hampstead, London, Greater London, England",51.55653,-0.1783011
"IGproject0455","Nomada","ruficornis","male",1941,5,17,"England","Hampshire","Tadley","Pamber Forest",2.631,1.729,7.858,2.039,"Apidae","kleptoparasite","OUMNH",NA,"Pamber Forest, Tadley, Hampshire, England",51.3445805,-1.1172286
"IGproject0456","Nomada","ruficornis","female",1953,5,24,"England","Devon","Lustleigh","",2.641,1.789,8.026,2.235,"Apidae","kleptoparasite","OUMNH",NA,"Lustleigh, Devon, England",50.6228301,-3.7304463
"IGproject0457","Nomada","ruficornis","male",1954,4,12,"England","Devon","Teignbridge","",2.718,1.805,8.442,2.224,"Apidae","kleptoparasite","OUMNH",NA,"Teignbridge, Devon, England",50.6125551,-3.6559493
"IGproject0458","Nomada","ruficornis","female",1921,5,27,"England","Hertfordshire","Tring","",2.626,1.774,8.229,2.299,"Apidae","kleptoparasite","OUMNH",NA,"Tring, Hertfordshire, England",51.7940357,-0.6609205
"IGproject0459","Nomada","ruficornis","female",1902,5,19,"England","Hampshire","","New Forest",2.649,1.773,8.346,2.382,"Apidae","kleptoparasite","OUMNH",NA,"New Forest, Hampshire, England",50.8557268,-1.5956844
"IGproject0460","Nomada","ruficornis","male",1917,5,3,"England","Surrey","Guildford","Merrow",2.373,1.573,7.071,1.939,"Apidae","kleptoparasite","OUMNH",NA,"Merrow, Guildford, Surrey, England",51.2443481,-0.5335147
"IGproject0461","Nomada","ruficornis","male",1917,5,5,"England","Surrey","Tadworth","Box Hill",2.808,1.958,8.498,2.332,"Apidae","kleptoparasite","OUMNH",NA,"Box Hill, Tadworth, Surrey, England",51.2543699,-0.2776725
"IGproject0462","Nomada","ruficornis","female",1931,5,25,"England","North Yorkshire","Rainton","",2.568,1.664,7.699,2.152,"Apidae","kleptoparasite","OUMNH",NA,"Rainton, North Yorkshire, England",54.1715744,-1.4343499
"IGproject0463","Nomada","ruficornis","female",1945,3,25,"England","Devon","Lydford","",2.529,1.573,7.65,2.073,"Apidae","kleptoparasite","OUMNH",NA,"Lydford, Devon, England",50.6459989,-4.0827936
"IGproject0464","Nomada","ruficornis","male",1925,5,15,"England","Devon","Brixham","",2.345,1.561,7.142,1.94,"Apidae","kleptoparasite","OUMNH",NA,"Brixham, Devon, England",50.3952404,-3.514544
"IGproject0465","Nomada","ruficornis","male",1915,4,14,"England","Devon","Dartmoor","East Dartmoor",2.723,1.9,8.303,2.291,"Apidae","kleptoparasite","OUMNH",NA,"East Dartmoor, Dartmoor, Devon, England",50.486085,-3.9856305
"IGproject0466","Andrena","chrysosceles","female",1899,6,18,"England","East Sussex","Polegate","",2.805,1.673,7.764,2.116,"Andrenidae","excavator","OUMNH",NA,"Polegate, East Sussex, England",50.8276836,0.2446652
"IGproject0467","Andrena","chrysosceles","male",1907,5,23,"England","Hampshire","","New Forest",2.969,1.832,8.182,2.32,"Andrenidae","excavator","OUMNH",NA,"New Forest, Hampshire, England",50.8557268,-1.5956844
"IGproject0468","Andrena","chrysosceles","female",1899,5,NA,"Wales","Monmouthshire","Raglan","",2.973,1.815,8.224,2.256,"Andrenidae","excavator","OUMNH",NA,"Raglan, Monmouthshire, Wales",51.7650543,-2.8540602
"IGproject0469","Andrena","chrysosceles","female",1913,5,23,"England","Dorset","Cerne Abbas","",2.853,1.782,7.849,2.203,"Andrenidae","excavator","OUMNH",NA,"Cerne Abbas, Dorset, England",50.8079558,-2.4793386
"IGproject0470","Andrena","chrysosceles","female",1914,4,NA,"England","Devon","Newton Abbot","",2.968,1.816,8.119,2.184,"Andrenidae","excavator","OUMNH",NA,"Newton Abbot, Devon, England",50.5296441,-3.6112097
"IGproject0471","Andrena","chrysosceles","female",1899,5,NA,"Wales","Monmouthshire","Raglan","",2.945,1.822,8.128,2.283,"Andrenidae","excavator","OUMNH",NA,"Raglan, Monmouthshire, Wales",51.7650543,-2.8540602
"IGproject0472","Andrena","chrysosceles","female",1899,6,5,"England","Cambridgeshire","Sawtry","Monks Wood",2.864,1.851,7.811,2.258,"Andrenidae","excavator","OUMNH",NA,"Monks Wood, Sawtry, Cambridgeshire, England",52.4055181,-0.2396955
"IGproject0473","Andrena","chrysosceles","male",1923,4,21,"England","Devon","Newton Abbot","Bradley Woods",2.54,1.541,6.724,1.777,"Andrenidae","excavator","OUMNH",NA,"Bradley Woods, Newton Abbot, Devon, England",50.525335,-3.627007989
"IGproject0474","Andrena","chrysosceles","male",1912,5,NA,"England","Hampshire","","New Forest",2.505,1.473,6.712,1.805,"Andrenidae","excavator","OUMNH",NA,"New Forest, Hampshire, England",50.8557268,-1.5956844
"IGproject0475","Andrena","chrysosceles","male",1912,5,NA,"England","Hampshire","","New Forest",2.481,1.461,6.566,1.755,"Andrenidae","excavator","OUMNH",NA,"New Forest, Hampshire, England",50.8557268,-1.5956844
"IGproject0476","Andrena","chrysosceles","female",1899,6,NA,"England","Cambridgeshire","Wicken","",2.785,1.736,7.62,2.152,"Andrenidae","excavator","OUMNH",NA,"Wicken, Cambridgeshire, England",52.3126328,0.2994755
"IGproject0477","Andrena","chrysosceles","female",1906,5,28,"Wales","Bridgend","Porthcawl","",2.824,1.72,7.786,2.26,"Andrenidae","excavator","OUMNH",NA,"Porthcawl, Bridgend, Wales",51.4795563,-3.7040704
"IGproject0478","Andrena","chrysosceles","female",1990,5,26,"England","Wiltshire","Wroughton","Clouts Wood",3.285,2.098,7.831,2.487,"Andrenidae","excavator","OUMNH",NA,"Clouts Wood, Wroughton, Wiltshire, England",51.51489206,-1.804044057
"IGproject0479","Andrena","chrysosceles","male",1990,4,28,"England","Wiltshire","Swindon","Coate Water Country Park",2.658,1.447,6.921,1.928,"Andrenidae","excavator","OUMNH",NA,"Coate Water Country Park, Swindon, Wiltshire, England",51.53925894,-1.74822582
"IGproject0480","Andrena","chrysosceles","male",1990,3,31,"England","Wiltshire","Swindon","Coate Water Country Park",2.43,1.382,6.546,1.763,"Andrenidae","excavator","OUMNH",NA,"Coate Water Country Park, Swindon, Wiltshire, England",51.53925894,-1.74822582
"IGproject0481","Andrena","chrysosceles","male",2004,5,19,"England","Surrey","Guildford","Pewley Down",2.461,1.366,6.81,1.78,"Andrenidae","excavator","OUMNH",NA,"Pewley Down, Guildford, Surrey, England",51.230904,-0.557229
"IGproject0482","Andrena","chrysosceles","male",2007,4,17,"England","Surrey","Godalming","Mare Hill",2.551,1.427,6.773,1.812,"Andrenidae","excavator","OUMNH",NA,"Mare Hill, Godalming, Surrey, England",51.15338723,-0.662571471
"IGproject0483","Andrena","chrysosceles","female",1981,6,29,"England","Oxfordshire","Wendlebury","",2.769,1.683,7.341,2.113,"Andrenidae","excavator","OUMNH",NA,"Wendlebury, Oxfordshire, England",51.872327,-1.186175
"IGproject0484","Andrena","chrysosceles","male",2003,4,5,"England","Oxfordshire","Oxford","Shotover",2.556,1.481,6.933,1.785,"Andrenidae","excavator","OUMNH",NA,"Shotover, Oxford, Oxfordshire, England",51.7561128,-1.1551229
"IGproject0485","Andrena","chrysosceles","female",2003,4,5,"England","Oxfordshire","Oxford","Shotover",2.799,1.782,7.554,2.198,"Andrenidae","excavator","OUMNH",NA,"Shotover, Oxford, Oxfordshire, England",51.7561128,-1.1551229
"IGproject0486","Andrena","chrysosceles","female",2007,6,6,"England","Surrey","Grayswood","Holmens Grove",2.906,1.873,8.188,2.111,"Andrenidae","excavator","OUMNH",NA,"Holmens Grove, Grayswood, Surrey, England",51.10405232,-0.691504886
"IGproject0487","Andrena","chrysosceles","female",2002,4,20,"England","Oxfordshire","Oxford","Shotover",2.964,1.861,8.011,2.318,"Andrenidae","excavator","OUMNH",NA,"Shotover, Oxford, Oxfordshire, England",51.7561128,-1.1551229
"IGproject0488","Andrena","chrysosceles","female",2005,6,21,"England","Surrey","Wrecclesham","",3.058,1.849,8.339,2.418,"Andrenidae","excavator","OUMNH",NA,"Wrecclesham, Surrey, England",51.1979493,-0.8159703
"IGproject0489","Andrena","chrysosceles","female",1926,6,13,"England","Greater London","London","South Norwood",2.972,1.775,8.065,2.255,"Andrenidae","excavator","OUMNH",NA,"South Norwood, London, Greater London, England",51.3980951,-0.0768216
"IGproject0490","Andrena","chrysosceles","male",1984,4,26,"England","Greater London","London","Lewisham",2.268,1.279,6.25,1.714,"Andrenidae","excavator","OUMNH",NA,"Lewisham, London, Greater London, England",51.4624292,-0.0101787
"IGproject0491","Andrena","chrysosceles","male",1984,5,9,"England","Greater London","London","Lewisham",2.476,1.442,6.648,1.744,"Andrenidae","excavator","OUMNH",NA,"Lewisham, London, Greater London, England",51.4624292,-0.0101787
"IGproject0492","Andrena","chrysosceles","male",1996,4,27,"England","Northamptonshire","Marston St Lawrence","",2.641,1.488,7.017,1.899,"Andrenidae","excavator","OUMNH",NA,"Marston St Lawrence, Northamptonshire, England",52.0766064,-1.2171139
"IGproject0493","Andrena","chrysosceles","male",1996,4,27,"England","Northamptonshire","Marston St Lawrence","",2.138,1.206,5.317,1.482,"Andrenidae","excavator","OUMNH",NA,"Marston St Lawrence, Northamptonshire, England",52.0766064,-1.2171139
"IGproject0494","Andrena","chrysosceles","male",1996,4,27,"England","Northamptonshire","Marston St Lawrence","",2.484,1.332,6.637,1.779,"Andrenidae","excavator","OUMNH",NA,"Marston St Lawrence, Northamptonshire, England",52.0766064,-1.2171139
"IGproject0495","Andrena","chrysosceles","male",1996,4,27,"England","Northamptonshire","Marston St Lawrence","",2.946,1.682,7.737,2.023,"Andrenidae","excavator","OUMNH",NA,"Marston St Lawrence, Northamptonshire, England",52.0766064,-1.2171139
"IGproject0496","Andrena","chrysosceles","male",1996,4,27,"England","Northamptonshire","Marston St Lawrence","",2.393,1.291,6.193,1.691,"Andrenidae","excavator","OUMNH",NA,"Marston St Lawrence, Northamptonshire, England",52.0766064,-1.2171139
"IGproject0497","Andrena","chrysosceles","male",1996,4,27,"England","Northamptonshire","Marston St Lawrence","",2.2,1.23,6.04,1.655,"Andrenidae","excavator","OUMNH",NA,"Marston St Lawrence, Northamptonshire, England",52.0766064,-1.2171139
"IGproject0498","Andrena","chrysosceles","male",1996,4,27,"England","Northamptonshire","Brackley","",2.412,1.336,6.623,1.738,"Andrenidae","excavator","OUMNH",NA,"Brackley, Northamptonshire, England",52.0278975,-1.1484657
"IGproject0499","Andrena","chrysosceles","male",1996,4,27,"England","Northamptonshire","Brackley","",2.467,1.475,6.675,1.781,"Andrenidae","excavator","OUMNH",NA,"Brackley, Northamptonshire, England",52.0278975,-1.1484657
"IGproject0500","Andrena","chrysosceles","male",1996,4,27,"England","Northamptonshire","Brackley","",2.38,1.364,6.569,1.716,"Andrenidae","excavator","OUMNH",NA,"Brackley, Northamptonshire, England",52.0278975,-1.1484657
"IGproject0501","Andrena","chrysosceles","female",1901,5,27,"England","Kent","Faversham","Huntingfield",2.515,1.497,7.319,1.927,"Andrenidae","excavator","OUMNH",NA,"Huntingfield, Faversham, Kent, England",51.25792226,0.822018012
"IGproject0502","Andrena","chrysosceles","female",1901,6,1,"England","Kent","Faversham","Huntingfield",2.591,1.593,7.399,2.05,"Andrenidae","excavator","OUMNH",NA,"Huntingfield, Faversham, Kent, England",51.25792226,0.822018012
"IGproject0503","Andrena","chrysosceles","female",1901,6,1,"England","Kent","Faversham","Huntingfield",2.844,1.702,7.953,2.15,"Andrenidae","excavator","OUMNH",NA,"Huntingfield, Faversham, Kent, England",51.25792226,0.822018012
"IGproject0504","Andrena","chrysosceles","female",1901,6,1,"England","Kent","Faversham","Huntingfield",2.526,1.546,7.354,2.027,"Andrenidae","excavator","OUMNH",NA,"Huntingfield, Faversham, Kent, England",51.25792226,0.822018012
"IGproject0505","Andrena","chrysosceles","female",1901,6,1,"England","Kent","Faversham","Huntingfield",2.701,1.718,7.545,2.164,"Andrenidae","excavator","OUMNH",NA,"Huntingfield, Faversham, Kent, England",51.25792226,0.822018012
"IGproject0506","Andrena","chrysosceles","female",1900,NA,NA,"England","Kent","Faversham","",2.859,1.772,7.867,2.213,"Andrenidae","excavator","OUMNH",NA,"Faversham, Kent, England",51.3158434,0.8911283
"IGproject0507","Andrena","chrysosceles","female",1900,3,8,"England","Kent","Faversham","Huntingfield",2.861,1.714,7.959,2.19,"Andrenidae","excavator","OUMNH",NA,"Huntingfield, Faversham, Kent, England",51.25792226,0.822018012
"IGproject0508","Andrena","chrysosceles","female",1897,NA,NA,"England","Hampshire","","New Forest",2.887,1.702,8.001,2.235,"Andrenidae","excavator","OUMNH",NA,"New Forest, Hampshire, England",50.8557268,-1.5956844
"IGproject0509","Andrena","chrysosceles","female",1893,NA,NA,"England","Hampshire","","New Forest",2.817,1.664,7.753,2.214,"Andrenidae","excavator","OUMNH",NA,"New Forest, Hampshire, England",50.8557268,-1.5956844
"IGproject0510","Andrena","chrysosceles","female",1901,5,6,"England","Kent","Faversham","",2.545,1.431,7.474,2.026,"Andrenidae","excavator","OUMNH",NA,"Faversham, Kent, England",51.3158434,0.8911283
"IGproject0511","Andrena","chrysosceles","female",1900,NA,NA,"England","Kent","Faversham","Huntingfield",2.888,1.692,7.808,2.28,"Andrenidae","excavator","OUMNH",NA,"Huntingfield, Faversham, Kent, England",51.25792226,0.822018012
"IGproject0512","Andrena","chrysosceles","female",1901,6,2,"England","Kent","Faversham","Huntingfield",2.852,1.671,7.713,2.133,"Andrenidae","excavator","OUMNH",NA,"Huntingfield, Faversham, Kent, England",51.25792226,0.822018012
"IGproject0513","Hylaeus","communis","female",1948,7,17,"England","Dorset","Witchampton","",1.69,1.35,5.013,1.048,"Colletidae","cavity nester","OUMNH",NA,"Witchampton, Dorset, England",50.8579978,-2.0168718
"IGproject0514","Hylaeus","communis","female",1952,8,22,"England","Devon","Dawlish Warren","",1.616,1.19,4.419,0.965,"Colletidae","cavity nester","OUMNH",NA,"Dawlish Warren, Devon, England",50.5986475,-3.4437159
"IGproject0515","Hylaeus","communis","female",1953,8,6,"England","Devon","Bovey Tracey","Chudleigh Knighton Heath",1.597,1.223,4.682,1.001,"Colletidae","cavity nester","OUMNH",NA,"Chudleigh Knighton Heath, Bovey Tracey, Devon, England",50.58100978,-3.64619059
"IGproject0516","Hylaeus","communis","female",1953,8,6,"England","Devon","Bovey Tracey","Chudleigh Knighton Heath",1.69,1.356,5.126,1.07,"Colletidae","cavity nester","OUMNH",NA,"Chudleigh Knighton Heath, Bovey Tracey, Devon, England",50.58100978,-3.64619059
"IGproject0517","Hylaeus","communis","female",1949,7,7,"England","Devon","Bideford","",1.696,1.32,5.272,1.133,"Colletidae","cavity nester","OUMNH",NA,"Bideford, Devon, England",51.0181448,-4.2064223
"IGproject0518","Hylaeus","communis","male",1949,6,18,"England","Devon","Ottery Saint Mary","",1.491,1.071,4.291,0.978,"Colletidae","cavity nester","OUMNH",NA,"Ottery Saint Mary, Devon, England",50.75134852,-3.280071864
"IGproject0519","Hylaeus","communis","male",1952,7,21,"England","Devon","Kenton","",1.598,1.202,4.529,1.015,"Colletidae","cavity nester","OUMNH",NA,"Kenton, Devon, England",50.6341028,-3.4920314
"IGproject0520","Hylaeus","communis","female",1962,8,18,"England","Dorset","Morden","",1.469,1.139,4.425,0.961,"Colletidae","cavity nester","OUMNH",NA,"Morden, Dorset, England",50.7627893,-2.1325452
"IGproject0521","Hylaeus","communis","female",1971,7,11,"England","Cornwall","Morwenstow","",1.525,1.145,4.51,0.955,"Colletidae","cavity nester","OUMNH",NA,"Morwenstow, Cornwall, England",50.9031662,-4.524249
"IGproject0522","Hylaeus","communis","male",1940,6,19,"England","Dorset","Weymouth","",1.402,0.998,4.054,0.907,"Colletidae","cavity nester","OUMNH",NA,"Weymouth, Dorset, England",50.6096257,-2.4543424
"IGproject0523","Hylaeus","communis","male",1928,6,13,"England","Dorset","Weymouth","Cranford Ave",1.409,1.044,4.241,0.927,"Colletidae","cavity nester","OUMNH",NA,"Cranford Ave, Weymouth, Dorset, England",50.6234113,-2.4511577
"IGproject0524","Hylaeus","communis","male",1970,6,21,"England","Oxfordshire","Oxford","Holywell Road",1.378,1.008,4.005,0.874,"Colletidae","cavity nester","OUMNH",NA,"Holywell Road, Oxford, Oxfordshire, England",51.7482606,-1.2781435
"IGproject0525","Hylaeus","communis","male",1968,6,23,"England","Devon","Paignton","",1.539,1.167,4.336,0.936,"Colletidae","cavity nester","OUMNH",NA,"Paignton, Devon, England",50.4377018,-3.5632704
"IGproject0526","Hylaeus","communis","female",1977,9,3,"England","Devon","Kelly","",1.661,1.26,4.765,1.03,"Colletidae","cavity nester","OUMNH",NA,"Kelly, Devon, England",50.6140691,-4.2571527
"IGproject0527","Hylaeus","communis","female",1981,8,2,"England","Devon","Chudleigh","",1.569,1.202,4.659,1.009,"Colletidae","cavity nester","OUMNH",NA,"Chudleigh, Devon, England",50.6156543,-3.5869448
"IGproject0528","Hylaeus","communis","male",1973,7,9,"England","Devon","Meavy","",1.462,1.122,4.317,0.905,"Colletidae","cavity nester","OUMNH",NA,"Meavy, Devon, England",50.4796082,-4.0590464
"IGproject0529","Hylaeus","communis","female",1962,7,23,"England","Devon","Wembury","",1.6,1.244,4.802,1.042,"Colletidae","cavity nester","OUMNH",NA,"Wembury, Devon, England",50.3287157,-4.0840935
"IGproject0530","Hylaeus","communis","male",1940,6,19,"England","Dorset","Weymouth","",1.358,0.948,3.764,0.857,"Colletidae","cavity nester","OUMNH",NA,"Weymouth, Dorset, England",50.6096257,-2.4543424
"IGproject0531","Hylaeus","communis","female",1937,7,25,"England","Dorset","Bexington","",1.666,1.263,5.008,1.046,"Colletidae","cavity nester","OUMNH",NA,"Bexington, Dorset, England",50.6802203,-2.6614154
"IGproject0532","Hylaeus","communis","female",1939,8,13,"England","Dorset","Morden","",1.537,1.221,4.673,1.036,"Colletidae","cavity nester","OUMNH",NA,"Morden, Dorset, England",50.7627893,-2.1325452
"IGproject0533","Hylaeus","communis","female",1935,8,9,"England","Devon","Braunton","Braunton Burrows",1.629,1.264,4.89,1.075,"Colletidae","cavity nester","OUMNH",NA,"Braunton Burrows, Braunton, Devon, England",51.0930822,-4.2087025
"IGproject0534","Hylaeus","communis","female",1935,7,16,"England","Devon","Plymouth","Elfordleigh",1.614,1.285,4.789,1.053,"Colletidae","cavity nester","OUMNH",NA,"Elfordleigh, Plymouth, Devon, England",50.4069908,-4.0491626
"IGproject0535","Hylaeus","communis","female",1938,8,12,"England","Dorset","Chamouth","Charmouth Cliffs",1.613,1.259,4.712,1.024,"Colletidae","cavity nester","OUMNH",NA,"Charmouth Cliffs, Chamouth, Dorset, England",50.7390555,-2.90104243
"IGproject0536","Hylaeus","communis","female",1935,7,16,"England","Devon","Plymouth","Elfordleigh",1.608,1.206,4.662,0.995,"Colletidae","cavity nester","OUMNH",NA,"Elfordleigh, Plymouth, Devon, England",50.4069908,-4.0491626
"IGproject0537","Hylaeus","communis","female",1935,8,9,"England","Devon","Braunton","Braunton Burrows",1.635,1.268,4.88,1.052,"Colletidae","cavity nester","OUMNH",NA,"Braunton Burrows, Braunton, Devon, England",51.0930822,-4.2087025
"IGproject0538","Hylaeus","communis","female",1935,8,9,"England","Devon","Braunton","Braunton Burrows",1.729,1.371,5.059,1.147,"Colletidae","cavity nester","OUMNH",NA,"Braunton Burrows, Braunton, Devon, England",51.0930822,-4.2087025
"IGproject0539","Hylaeus","communis","female",1939,7,23,"England","Dorset","Weymouth","Two Mile Coppice",1.525,1.131,4.403,0.986,"Colletidae","cavity nester","OUMNH",NA,"Two Mile Coppice, Weymouth, Dorset, England",50.6386572,-2.4610685
"IGproject0540","Hylaeus","communis","female",1988,8,6,"England","Wiltshire","Swindon","",1.528,1.164,4.532,0.973,"Colletidae","cavity nester","OUMNH",NA,"Swindon, Wiltshire, England",51.6057801,-1.841922
"IGproject0541","Hylaeus","communis","female",1984,6,24,"England","Kent","Farningham","Farningham Woods",1.471,1.114,4.332,0.961,"Colletidae","cavity nester","OUMNH",NA,"Farningham Woods, Farningham, Kent, England",51.3916478,0.2121137
"IGproject0542","Hylaeus","communis","female",1984,8,14,"England","Greater London","London","Lesnes Abbey Woods",1.716,1.423,5.057,1.146,"Colletidae","cavity nester","OUMNH",NA,"Lesnes Abbey Woods, London, Greater London, England",51.4859646,0.1341078
"IGproject0543","Nomada","goodeniana","male",1900,4,24,"England","Essex","Theydon Bois","",2.593,1.568,8.153,2.22,"Apidae","kleptoparasite","OUMNH",NA,"Theydon Bois, Essex, England",51.6717759,0.1033213
"IGproject0544","Nomada","goodeniana","male",1903,5,18,"Wales","Gwynedd","Criccieth","",2.673,1.673,8.172,2.262,"Apidae","kleptoparasite","OUMNH",NA,"Criccieth, Gwynedd, Wales",52.9206106,-4.2332414
"IGproject0545","Nomada","goodeniana","male",1900,5,6,"England","Essex","Theydon Bois","",2.441,1.559,7.665,2.143,"Apidae","kleptoparasite","OUMNH",NA,"Theydon Bois, Essex, England",51.6717759,0.1033213
"IGproject0546","Nomada","goodeniana","male",1903,7,20,"England","Dorset","Lyme Regis","",2.649,1.703,8.201,2.313,"Apidae","kleptoparasite","OUMNH",NA,"Lyme Regis, Dorset, England",50.7252897,-2.934559
"IGproject0547","Nomada","goodeniana","male",1950,5,12,"England","Devon","Woodbury","",2.492,1.535,7.668,2.279,"Apidae","kleptoparasite","OUMNH",NA,"Woodbury, Devon, England",50.6759768,-3.4061001
"IGproject0548","Nomada","goodeniana","female",1949,4,24,"England","Devon","Exeter","",3.108,2.085,9.593,2.786,"Apidae","kleptoparasite","OUMNH",NA,"Exeter, Devon, England",50.7256138,-3.5269209
"IGproject0549","Nomada","goodeniana","female",1953,5,8,"England","Devon","Chudleigh","",2.77,1.68,8.42,2.376,"Apidae","kleptoparasite","OUMNH",NA,"Chudleigh, Devon, England",50.6156543,-3.5869448
"IGproject0550","Nomada","goodeniana","male",1950,5,13,"England","Devon","Dartmoor","Mardon Down",2.734,1.679,8.362,2.315,"Apidae","kleptoparasite","OUMNH",NA,"Mardon Down, Dartmoor, Devon, England",50.67620946,-3.744863051
"IGproject0551","Nomada","goodeniana","male",1900,5,16,"England","Essex","Theydon Bois","",3.053,2.198,9.636,2.666,"Apidae","kleptoparasite","OUMNH",NA,"Theydon Bois, Essex, England",51.6717759,0.1033213
"IGproject0552","Nomada","goodeniana","male",1900,4,26,"England","East Sussex","Polegate","",2.664,1.73,8.214,2.253,"Apidae","kleptoparasite","OUMNH",NA,"Polegate, East Sussex, England",50.8276836,0.2446652
"IGproject0553","Nomada","goodeniana","female",1903,5,18,"Wales","Gwynedd","Criccieth","",3.094,1.948,9.252,2.564,"Apidae","kleptoparasite","OUMNH",NA,"Criccieth, Gwynedd, Wales",52.9206106,-4.2332414
"IGproject0554","Nomada","goodeniana","female",1898,5,22,"England","Surrey","Godstone","",3.206,2.12,9.706,2.772,"Apidae","kleptoparasite","OUMNH",NA,"Godstone, Surrey, England",51.221863,-0.0565382
"IGproject0555","Nomada","goodeniana","male",1900,5,16,"England","Essex","Theydon Bois","",3.019,1.966,9.067,2.565,"Apidae","kleptoparasite","OUMNH",NA,"Theydon Bois, Essex, England",51.6717759,0.1033213
"IGproject0556","Nomada","goodeniana","female",1961,4,5,"England","Bristol","Bristol","Westbury on Trym",3.075,2.069,9.262,2.76,"Apidae","kleptoparasite","OUMNH",NA,"Westbury on Trym, Bristol, Bristol, England",51.4936347,-2.6179454
"IGproject0557","Nomada","goodeniana","male",1911,5,13,"England","Oxfordshire","Enslow","",2.946,1.94,9.09,2.377,"Apidae","kleptoparasite","OUMNH",NA,"Enslow, Oxfordshire, England",51.860764,-1.303454
"IGproject0558","Nomada","goodeniana","female",1912,5,20,"England","Oxfordshire","Wolvercote","",3.075,2.123,9.55,2.82,"Apidae","kleptoparasite","OUMNH",NA,"Wolvercote, Oxfordshire, England",51.7849516,-1.2862119
"IGproject0559","Nomada","goodeniana","female",1922,8,17,"England","Oxfordshire","Tubney","",3.149,2.139,8.972,2.625,"Apidae","kleptoparasite","OUMNH",NA,"Tubney, Oxfordshire, England",51.6852443,-1.3699399
"IGproject0560","Nomada","goodeniana","male",1932,5,1,"England","Oxfordshire","Wolvercote","",2.8,1.818,9.078,2.385,"Apidae","kleptoparasite","OUMNH",NA,"Wolvercote, Oxfordshire, England",51.7849516,-1.2862119
"IGproject0561","Nomada","goodeniana","male",1930,5,4,"England","Oxfordshire","Yarnton","",2.544,1.648,8.045,2.074,"Apidae","kleptoparasite","OUMNH",NA,"Yarnton, Oxfordshire, England",51.8046148,-1.308937
"IGproject0562","Nomada","goodeniana","female",1926,5,21,"England","Oxfordshire","Yarnton","",2.905,1.957,9.046,2.686,"Apidae","kleptoparasite","OUMNH",NA,"Yarnton, Oxfordshire, England",51.8046148,-1.308937
"IGproject0563","Nomada","goodeniana","male",1922,8,14,"England","Oxfordshire","Tubney","",2.904,1.779,8.473,2.471,"Apidae","kleptoparasite","OUMNH",NA,"Tubney, Oxfordshire, England",51.6852443,-1.3699399
"IGproject0564","Nomada","goodeniana","female",1926,4,18,"England","Oxfordshire","Tubney","",2.656,1.686,8.078,2.26,"Apidae","kleptoparasite","OUMNH",NA,"Tubney, Oxfordshire, England",51.6852443,-1.3699399
"IGproject0565","Nomada","goodeniana","female",1927,5,25,"England","Oxfordshire","Yarnton","",2.856,1.927,9.057,2.686,"Apidae","kleptoparasite","OUMNH",NA,"Yarnton, Oxfordshire, England",51.8046148,-1.308937
"IGproject0566","Nomada","goodeniana","female",1936,6,8,"England","Oxfordshire","Oxford","Wytham",3.064,2.21,9.647,2.829,"Apidae","kleptoparasite","OUMNH",NA,"Wytham, Oxford, Oxfordshire, England",51.7535169,-1.2131856
"IGproject0567","Nomada","goodeniana","male",1930,5,4,"England","Oxfordshire","Yarnton","",3.017,2.067,9.268,2.383,"Apidae","kleptoparasite","OUMNH",NA,"Yarnton, Oxfordshire, England",51.8046148,-1.308937
"IGproject0568","Nomada","goodeniana","female",1910,5,22,"England","Oxfordshire","Enslow","",2.908,2.047,8.965,2.584,"Apidae","kleptoparasite","OUMNH",NA,"Enslow, Oxfordshire, England",51.860764,-1.303454
"IGproject0569","Nomada","goodeniana","female",1926,6,6,"England","Oxfordshire","Oxford","Waterperry Wood",2.776,1.909,8.539,2.513,"Apidae","kleptoparasite","OUMNH",NA,"Waterperry Wood, Oxford, Oxfordshire, England",51.77601288,-1.127008027
"IGproject0570","Nomada","goodeniana","male",1930,4,NA,"England","Oxfordshire","Yarnton","",2.94,2.095,9.329,2.567,"Apidae","kleptoparasite","OUMNH",NA,"Yarnton, Oxfordshire, England",51.8046148,-1.308937
"IGproject0571","Nomada","goodeniana","female",1926,4,18,"England","Oxfordshire","Tubney","",2.899,1.885,8.753,2.464,"Apidae","kleptoparasite","OUMNH",NA,"Tubney, Oxfordshire, England",51.6852443,-1.3699399
"IGproject0572","Nomada","goodeniana","female",1983,6,22,"England","Oxfordshire","Ardley","",3.105,2.089,9.685,2.8,"Apidae","kleptoparasite","OUMNH",NA,"Ardley, Oxfordshire, England",51.9428336,-1.2117153
"IGproject0573","Nomada","goodeniana","male",1997,5,13,"England","Kent","Westwood","",2.777,1.81,8.721,2.375,"Apidae","kleptoparasite","OUMNH",NA,"Westwood, Kent, England",51.3611657,1.3945309
"IGproject0574","Nomada","goodeniana","female",1949,5,29,"England","Devon","Exeter","",2.999,1.915,8.594,2.603,"Apidae","kleptoparasite","OUMNH",NA,"Exeter, Devon, England",50.7256138,-3.5269209
"IGproject0575","Nomada","goodeniana","male",1929,5,19,"England","Cambridgeshire","Wicken","",2.731,1.767,8.544,2.444,"Apidae","kleptoparasite","OUMNH",NA,"Wicken, Cambridgeshire, England",52.3126328,0.2994755
"IGproject0576","Nomada","goodeniana","male",1918,4,27,"England","Devon","Paignton","",2.505,1.609,7.672,2.194,"Apidae","kleptoparasite","OUMNH",NA,"Paignton, Devon, England",50.4377018,-3.5632704
"IGproject0577","Nomada","goodeniana","male",1918,4,NA,"England","Oxfordshire","Oxford","",2.839,2.063,8.945,2.549,"Apidae","kleptoparasite","OUMNH",NA,"Oxford, Oxfordshire, England",51.7520131,-1.2578499
"IGproject0578","Nomada","goodeniana","male",1914,4,4,"England","Devon","Dawlish Warren","",2.567,1.731,8.044,2.193,"Apidae","kleptoparasite","OUMNH",NA,"Dawlish Warren, Devon, England",50.5986475,-3.4437159
"IGproject0579","Nomada","goodeniana","male",1930,7,17,"England","Devon","Sidmouth","",2.665,1.906,7.941,2.235,"Apidae","kleptoparasite","OUMNH",NA,"Sidmouth, Devon, England",50.6790033,-3.237657
"IGproject0580","Nomada","goodeniana","male",1918,4,27,"England","Devon","Paignton","",2.464,1.553,7.69,2.123,"Apidae","kleptoparasite","OUMNH",NA,"Paignton, Devon, England",50.4377018,-3.5632704
"IGproject0581","Colletes","succintus","female",1927,8,15,"England","Dorset","Warmwell","Warmwell Heath",3.268,2.661,8.2,2.117,"Colletidae","excavator","OUMNH",NA,"Warmwell Heath, Warmwell, Dorset, England",50.68094,-2.35113
"IGproject0582","Colletes","succintus","male",1928,8,31,"England","Cornwall","The Lizard","",2.967,2.009,7.219,1.813,"Colletidae","excavator","OUMNH",NA,"The Lizard, Cornwall, England",49.9602035,-5.2021162
"IGproject0583","Colletes","succintus","male",1961,8,6,"Wales","Gwynedd","Criccieth","",3.106,2.516,7.483,1.942,"Colletidae","excavator","OUMNH",NA,"Criccieth, Gwynedd, Wales",52.9206106,-4.2332414
"IGproject0584","Colletes","succintus","male",1989,6,16,"England","Cornwall","","Holywell Beach",2.836,1.849,5.866,1.651,"Colletidae","excavator","OUMNH",NA,"Holywell Beach, Cornwall, England",50.3935678,-5.1460548
"IGproject0585","Colletes","succintus","male",1934,8,17,"England","Dorset","Swanage","South Haven Point",2.848,1.923,6.356,1.809,"Colletidae","excavator","OUMNH",NA,"South Haven Point, Swanage, Dorset, England",50.6787269,-1.94390688
"IGproject0586","Colletes","succintus","male",1971,8,20,"England","Devon","South Brent","Shipley Bridge",3.197,2.564,7.62,1.997,"Colletidae","excavator","OUMNH",NA,"Shipley Bridge, South Brent, Devon, England",50.4508303,-3.8593753
"IGproject0587","Colletes","succintus","female",1975,7,30,"England","Devon","Throwleigh","Shilstone Tor",3.491,2.804,8.744,2.288,"Colletidae","excavator","OUMNH",NA,"Shilstone Tor, Throwleigh, Devon, England",50.69539973,-3.900621165
"IGproject0588","Colletes","succintus","female",1972,9,20,"England","Devon","Belstone","",3.625,3.038,8.971,2.363,"Colletidae","excavator","OUMNH",NA,"Belstone, Devon, England",50.7251852,-3.9570494
"IGproject0589","Colletes","succintus","male",1934,8,17,"England","Dorset","Swanage","South Haven Point",3.393,2.556,7.866,2.062,"Colletidae","excavator","OUMNH",NA,"South Haven Point, Swanage, Dorset, England",50.6787269,-1.94390688
"IGproject0590","Colletes","succintus","female",1934,9,8,"England","Dorset","Swanage","South Haven Point",3.236,2.526,7.77,2.16,"Colletidae","excavator","OUMNH",NA,"South Haven Point, Swanage, Dorset, England",50.6787269,-1.94390688
"IGproject0591","Colletes","succintus","male",1907,8,28,"England","Dorset","Bournemouth","",3.139,2.401,7.593,2.023,"Colletidae","excavator","OUMNH",NA,"Bournemouth, Dorset, England",50.8346583,-2.1412149
"IGproject0592","Colletes","succintus","female",1914,8,10,"England","Devon","Bovey Tracey","",3.368,2.76,8.734,2.249,"Colletidae","excavator","OUMNH",NA,"Bovey Tracey, Devon, England",50.6046632,-3.6856762
"IGproject0593","Colletes","succintus","female",1919,8,NA,"England","Devon","Dartmoor","",3.492,2.814,8.67,2.29,"Colletidae","excavator","OUMNH",NA,"Dartmoor, Devon, England",50.5657349,-3.9009713
"IGproject0594","Colletes","succintus","female",1917,8,9,"England","Cumbria","Port Carlisle","",3.508,2.898,8.802,2.484,"Colletidae","excavator","OUMNH",NA,"Port Carlisle, Cumbria, England",54.94599961,-3.183912362
"IGproject0595","Colletes","succintus","male",1917,8,9,"England","Cumbria","Port Carlisle","",3.072,2.272,7.274,2.023,"Colletidae","excavator","OUMNH",NA,"Port Carlisle, Cumbria, England",54.94599961,-3.183912362
"IGproject0596","Colletes","succintus","male",1900,7,31,"England","Surrey","Oxshott","",2.892,2.143,6.829,1.746,"Colletidae","excavator","OUMNH",NA,"Oxshott, Surrey, England",51.3361004,-0.3625418
"IGproject0597","Colletes","succintus","female",1934,9,8,"England","Dorset","Swanage","South Haven Point",3.178,2.541,7.77,2.119,"Colletidae","excavator","OUMNH",NA,"South Haven Point, Swanage, Dorset, England",50.6787269,-1.94390688
"IGproject0598","Colletes","succintus","female",1914,8,10,"England","Devon","Bovey Tracey","",3.134,2.394,7.784,2.084,"Colletidae","excavator","OUMNH",NA,"Bovey Tracey, Devon, England",50.6046632,-3.6856762
"IGproject0599","Colletes","succintus","female",1939,8,15,"England","Devon","Meavy","",3.315,2.576,8.234,2.263,"Colletidae","excavator","OUMNH",NA,"Meavy, Devon, England",50.4796082,-4.0590464
"IGproject0600","Colletes","succintus","female",1968,9,2,"England","Devon","Mary Tavy","",3.412,2.729,8.275,2.318,"Colletidae","excavator","OUMNH",NA,"Mary Tavy, Devon, England",50.5995789,-4.1107209
"IGproject0601","Colletes","succintus","male",1937,8,2,"England","Dorset","Swanage","South Haven Point",3.095,2.345,7.06,1.966,"Colletidae","excavator","OUMNH",NA,"South Haven Point, Swanage, Dorset, England",50.6787269,-1.94390688
"IGproject0602","Colletes","succintus","male",1937,8,2,"England","Dorset","Swanage","South Haven Point",3.117,2.36,7.359,1.964,"Colletidae","excavator","OUMNH",NA,"South Haven Point, Swanage, Dorset, England",50.6787269,-1.94390688
"IGproject0603","Colletes","succintus","male",1981,8,11,"England","Devon","Dartmoor","Burrator Reservoir",2.954,2.337,6.644,1.806,"Colletidae","excavator","OUMNH",NA,"Burrator Reservoir, Dartmoor, Devon, England",50.49923423,-4.040083663
"IGproject0604","Colletes","succintus","male",1935,8,31,"England","Dorset","Swanage","South Haven Point",2.925,1.996,6.767,1.823,"Colletidae","excavator","OUMNH",NA,"South Haven Point, Swanage, Dorset, England",50.6787269,-1.94390688
"IGproject0605","Colletes","succintus","male",1933,7,24,"England","Dorset","Swanage","South Haven Point",3.051,2.218,7.201,1.918,"Colletidae","excavator","OUMNH",NA,"South Haven Point, Swanage, Dorset, England",50.6787269,-1.94390688
"IGproject0606","Colletes","succintus","female",1936,8,31,"England","Dorset","Warmwell","Warmwell Heath",3.186,2.554,8.083,2.139,"Colletidae","excavator","OUMNH",NA,"Warmwell Heath, Warmwell, Dorset, England",50.68094,-2.35113
"IGproject0607","Colletes","succintus","male",1928,8,31,"England","Cornwall","The Lizard","",3.122,2.429,7.4,1.939,"Colletidae","excavator","OUMNH",NA,"The Lizard, Cornwall, England",49.9602035,-5.2021162
"IGproject0608","Colletes","succintus","female",1988,7,20,"Wales","Pembrokeshire","Stackpole","",3.407,2.337,7.018,2.102,"Colletidae","excavator","OUMNH",NA,"Stackpole, Pembrokeshire, Wales",51.6304465,-4.9147282
"IGproject0609","Colletes","succintus","female",1926,8,NA,"England","Dorset","Warmwell","Warmwell Heath",3.133,2.453,7.786,2.085,"Colletidae","excavator","OUMNH",NA,"Warmwell Heath, Warmwell, Dorset, England",50.68094,-2.35113
"IGproject0610","Colletes","succintus","male",1962,8,20,"England","Norfolk","Thetford","Ringmere",3.025,2.4,7.312,1.945,"Colletidae","excavator","OUMNH",NA,"Ringmere, Thetford, Norfolk, England",52.4563431,0.8082252
"IGproject0611","Colletes","succintus","male",1979,8,28,"England","Devon","Lydford","",3.163,2.48,7.38,1.925,"Colletidae","excavator","OUMNH",NA,"Lydford, Devon, England",50.6459989,-4.0827936
"IGproject0612","Colletes","succintus","male",1935,7,27,"England","Dorset","Swanage","South Haven Point",2.901,2.159,6.905,1.847,"Colletidae","excavator","OUMNH",NA,"South Haven Point, Swanage, Dorset, England",50.6787269,-1.94390688
"IGproject0613","Colletes","succintus","male",1927,8,17,"England","Dorset","Moreton","",3.09,2.324,6.997,1.879,"Colletidae","excavator","OUMNH",NA,"Moreton, Dorset, England",50.7006001,-2.2916836
"IGproject0614","Colletes","succintus","male",1927,8,17,"England","Dorset","Moreton","",2.951,2.172,6.691,1.738,"Colletidae","excavator","OUMNH",NA,"Moreton, Dorset, England",50.7006001,-2.2916836
"IGproject0615","Colletes","succintus","female",1920,7,NA,"England","Devon","Chudleigh","",3.467,2.803,9.111,2.446,"Colletidae","excavator","OUMNH",NA,"Chudleigh, Devon, England",50.6156543,-3.5869448
"IGproject0616","Colletes","succintus","female",1973,9,17,"Wales","Pembrokeshire","St David's","St David's Head",3.587,2.927,9.119,2.479,"Colletidae","excavator","OUMNH",NA,"St David's Head, St David's, Pembrokeshire, Wales",51.9030217,-5.3127212
"IGproject0617","Colletes","succintus","male",1953,8,10,"England","Devon","Dawlish Warren","",2.94,2.13,6.946,1.826,"Colletidae","excavator","OUMNH",NA,"Dawlish Warren, Devon, England",50.5986475,-3.4437159
"IGproject0618","Colletes","succintus","male",1977,8,13,"England","Suffolk","Lakenheath","",2.954,2.228,6.674,1.77,"Colletidae","excavator","OUMNH",NA,"Lakenheath, Suffolk, England",52.4175635,0.5180418
"IGproject0619","Colletes","succintus","male",1953,8,10,"England","Devon","Dawlish Warren","",3.002,2.129,7.072,1.913,"Colletidae","excavator","OUMNH",NA,"Dawlish Warren, Devon, England",50.5986475,-3.4437159
"IGproject0620","Colletes","succintus","female",1917,9,22,"England","Oxfordshire","Tubney","",3.337,2.548,8.145,2.197,"Colletidae","excavator","OUMNH",NA,"Tubney, Oxfordshire, England",51.6852443,-1.3699399
"IGproject0621","Colletes","succintus","male",1945,9,7,"England","Devon","Lydford","",3.038,2.378,7.246,1.908,"Colletidae","excavator","OUMNH",NA,"Lydford, Devon, England",50.6459989,-4.0827936
"IGproject0622","Colletes","succintus","female",1927,8,NA,"England","Devon","Bovey Tracey","",3.411,2.797,8.436,2.168,"Colletidae","excavator","OUMNH",NA,"Bovey Tracey, Devon, England",50.6046632,-3.6856762
"IGproject0623","Colletes","succintus","male",2001,7,26,"England","Oxfordshire","Oxford","Shotover",2.839,2.004,6.693,1.769,"Colletidae","excavator","OUMNH",NA,"Shotover, Oxford, Oxfordshire, England",51.7561128,-1.1551229
"IGproject0624","Colletes","succintus","male",2007,9,6,"England","Surrey","Frensham","",2.988,2.131,7.044,1.853,"Colletidae","excavator","OUMNH",NA,"Frensham, Surrey, England",51.1598756,-0.7774027
"IGproject0625","Colletes","succintus","male",1989,7,11,"England","Cornwall","Crackington Haven","",2.957,2.118,6.724,1.837,"Colletidae","excavator","OUMNH",NA,"Crackington Haven, Cornwall, England",50.7403071,-4.6319668
"IGproject0626","Colletes","succintus","female",2006,8,17,"England","Surrey","","Witley and Milford Commons",3.377,2.306,8.284,2.244,"Colletidae","excavator","OUMNH",NA,"Witley and Milford Commons, Surrey, England",51.15672477,-0.667927939
"IGproject0627","Colletes","succintus","male",1906,8,13,"England","Suffolk","","Tuddenham Fen",3.026,2.195,7.028,1.846,"Colletidae","excavator","OUMNH",NA,"Tuddenham Fen, Suffolk, England",52.33137083,0.542032024
"IGproject0628","Hylaeus","hyalinatus","female",1937,7,25,"England","Dorset","Bexington","",1.706,1.286,4.642,1.137,"Colletidae","cavity nester","OUMNH",NA,"Bexington, Dorset, England",50.6802203,-2.6614154
"IGproject0629","Hylaeus","hyalinatus","female",1939,5,21,"England","Dorset","Swanage","South Haven Point",1.487,1.108,4.072,0.965,"Colletidae","cavity nester","OUMNH",NA,"South Haven Point, Swanage, Dorset, England",50.6787269,-1.94390688
"IGproject0630","Hylaeus","hyalinatus","female",1941,8,10,"England","Dorset","Weymouth","Radipole Lake",1.659,1.29,4.42,1.076,"Colletidae","cavity nester","OUMNH",NA,"Radipole Lake, Weymouth, Dorset, England",50.6222916,-2.4616947
"IGproject0631","Hylaeus","hyalinatus","female",1937,8,2,"England","Dorset","Swanage","South Haven Point",1.518,1.176,4.196,1.013,"Colletidae","cavity nester","OUMNH",NA,"South Haven Point, Swanage, Dorset, England",50.6787269,-1.94390688
"IGproject0632","Hylaeus","hyalinatus","male",1939,7,19,"England","Cornwall","Looe","West Looe",1.513,1.109,3.926,0.957,"Colletidae","cavity nester","OUMNH",NA,"West Looe, Looe, Cornwall, England",50.3531094,-4.4583049
"IGproject0633","Hylaeus","hyalinatus","male",1934,6,13,"England","Dorset","Swanage","South Haven Point",1.511,1.147,3.914,0.94,"Colletidae","cavity nester","OUMNH",NA,"South Haven Point, Swanage, Dorset, England",50.6787269,-1.94390688
"IGproject0634","Hylaeus","hyalinatus","female",1946,7,9,"England","Devon","Plymouth","",1.732,1.384,4.786,1.153,"Colletidae","cavity nester","OUMNH",NA,"Plymouth, Devon, England",50.4323453,-3.7065512
"IGproject0635","Hylaeus","hyalinatus","female",1939,7,30,"England","Cornwall","St Blazey","",1.694,1.277,4.606,1.103,"Colletidae","cavity nester","OUMNH",NA,"St Blazey, Cornwall, England",50.3630055,-4.7156518
"IGproject0636","Hylaeus","hyalinatus","male",1984,8,7,"England","Greater London","Woolwich","Spray Street",1.427,0.993,3.648,0.898,"Colletidae","cavity nester","OUMNH",NA,"Spray Street, Woolwich, Greater London, England",51.4904779,0.0697472
"IGproject0637","Hylaeus","hyalinatus","male",1937,7,25,"England","Dorset","Abbotsbury","Abbotsbury Hillfort",1.625,1.237,4.164,1.072,"Colletidae","cavity nester","OUMNH",NA,"Abbotsbury Hillfort, Abbotsbury, Dorset, England",50.67704479,-2.629853948
"IGproject0638","Hylaeus","hyalinatus","male",1964,7,10,"England","Cornwall","Tintagel","",1.644,1.286,4.389,1.034,"Colletidae","cavity nester","OUMNH",NA,"Tintagel, Cornwall, England",50.6642063,-4.7526181
"IGproject0639","Hylaeus","hyalinatus","male",1971,6,22,"England","Devon","Wembury","",1.419,0.958,3.649,0.896,"Colletidae","cavity nester","OUMNH",NA,"Wembury, Devon, England",50.3287157,-4.0840935
"IGproject0640","Hylaeus","hyalinatus","female",1959,7,5,"England","Somerset","Minehead","",1.709,1.322,4.76,1.116,"Colletidae","cavity nester","OUMNH",NA,"Minehead, Somerset, England",51.2057511,-3.4783542
"IGproject0641","Hylaeus","hyalinatus","female",1939,7,9,"England","Cornwall","Rame","",1.533,1.169,4.152,1.012,"Colletidae","cavity nester","OUMNH",NA,"Rame, Cornwall, England",50.3223827,-4.2122729
"IGproject0642","Hylaeus","hyalinatus","female",1939,7,9,"England","Cornwall","Rame","",1.594,1.201,4.404,1.045,"Colletidae","cavity nester","OUMNH",NA,"Rame, Cornwall, England",50.3223827,-4.2122729
"IGproject0643","Hylaeus","hyalinatus","male",1939,5,27,"England","Cornwall","Rame","",1.491,1.067,3.868,0.963,"Colletidae","cavity nester","OUMNH",NA,"Rame, Cornwall, England",50.3223827,-4.2122729
"IGproject0644","Hylaeus","hyalinatus","male",1939,7,19,"England","Cornwall","Looe","",1.582,1.139,3.997,1.008,"Colletidae","cavity nester","OUMNH",NA,"Looe, Cornwall, England",50.3522702,-4.454196
"IGproject0645","Hylaeus","hyalinatus","male",1904,6,24,"England","Kent","Walmer","",1.515,1.154,4.019,1.004,"Colletidae","cavity nester","OUMNH",NA,"Walmer, Kent, England",51.2068884,1.3999154
"IGproject0646","Hylaeus","hyalinatus","male",1904,6,24,"England","Kent","Walmer","",1.616,1.218,4.125,1.01,"Colletidae","cavity nester","OUMNH",NA,"Walmer, Kent, England",51.2068884,1.3999154
"IGproject0647","Hylaeus","hyalinatus","male",1900,7,3,"England","Oxfordshire","Oxford","",1.587,1.148,4.258,1.013,"Colletidae","cavity nester","OUMNH",NA,"Oxford, Oxfordshire, England",51.7520131,-1.2578499
"IGproject0648","Hylaeus","hyalinatus","male",1904,6,11,"England","Kent","Charing","",1.542,1.188,4.726,1.06,"Colletidae","cavity nester","OUMNH",NA,"Charing, Kent, England",51.2142039,0.7886033
"IGproject0649","Hylaeus","hyalinatus","female",1906,7,29,"England","Sussex","Pevensey","",1.654,1.285,4.304,1.064,"Colletidae","cavity nester","OUMNH",NA,"Pevensey, Sussex, England",50.8318123,0.3415459
"IGproject0650","Hylaeus","hyalinatus","female",1906,7,29,"England","Sussex","Pevensey","",1.613,1.238,4.062,1.008,"Colletidae","cavity nester","OUMNH",NA,"Pevensey, Sussex, England",50.8318123,0.3415459
"IGproject0651","Hylaeus","hyalinatus","female",1901,7,27,"England","Kent","Faversham","",1.612,1.26,4.357,1.066,"Colletidae","cavity nester","OUMNH",NA,"Faversham, Kent, England",51.3158434,0.8911283
"IGproject0652","Hylaeus","hyalinatus","female",1900,8,13,"England","Kent","Faversham","Huntingfield",1.667,1.31,4.428,1.137,"Colletidae","cavity nester","OUMNH",NA,"Huntingfield, Faversham, Kent, England",51.25792226,0.822018012
"IGproject0653","Hylaeus","hyalinatus","female",1906,8,14,"England","Wiltshire","Chippenham","",1.825,1.287,5.538,1.218,"Colletidae","cavity nester","OUMNH",NA,"Chippenham, Wiltshire, England",51.4587621,-2.1159032
"IGproject0654","Hylaeus","hyalinatus","male",1905,7,27,"England","Dorset","Lyme Regis","",1.661,1.258,4.02,1.042,"Colletidae","cavity nester","OUMNH",NA,"Lyme Regis, Dorset, England",50.7252897,-2.934559
"IGproject0655","Hylaeus","hyalinatus","male",1904,7,9,"England","Kent","Walmer","",1.531,1.1,3.918,1.012,"Colletidae","cavity nester","OUMNH",NA,"Walmer, Kent, England",51.2068884,1.3999154
"IGproject0656","Hylaeus","hyalinatus","male",1904,7,9,"England","Kent","Walmer","",1.516,1.036,3.76,0.924,"Colletidae","cavity nester","OUMNH",NA,"Walmer, Kent, England",51.2068884,1.3999154
"IGproject0657","Hylaeus","hyalinatus","male",1910,6,18,"England","Devon","Budleigh Salterton","",1.574,1.205,4.198,0.983,"Colletidae","cavity nester","OUMNH",NA,"Budleigh Salterton, Devon, England",50.6310504,-3.3299844
"IGproject0658","Hylaeus","hyalinatus","male",1910,6,19,"England","Devon","Budleigh Salterton","",1.642,1.217,4.342,1.055,"Colletidae","cavity nester","OUMNH",NA,"Budleigh Salterton, Devon, England",50.6310504,-3.3299844
"IGproject0659","Hylaeus","hyalinatus","male",1910,6,3,"England","Devon","Budleigh Salterton","",1.609,1.218,4.326,1.026,"Colletidae","cavity nester","OUMNH",NA,"Budleigh Salterton, Devon, England",50.6310504,-3.3299844
"IGproject0660","Hylaeus","hyalinatus","male",1910,6,3,"England","Devon","Budleigh Salterton","",1.49,1.117,4.014,0.957,"Colletidae","cavity nester","OUMNH",NA,"Budleigh Salterton, Devon, England",50.6310504,-3.3299844
"IGproject0661","Hylaeus","hyalinatus","male",1910,6,12,"England","Devon","Budleigh Salterton","",1.609,1.153,4.198,1.061,"Colletidae","cavity nester","OUMNH",NA,"Budleigh Salterton, Devon, England",50.6310504,-3.3299844
"IGproject0662","Hylaeus","hyalinatus","female",1908,8,12,"England","East Sussex","Polegate","",1.712,1.292,4.578,1.125,"Colletidae","cavity nester","OUMNH",NA,"Polegate, East Sussex, England",50.8276836,0.2446652
"IGproject0663","Hylaeus","hyalinatus","male",1910,6,14,"England","Devon","Budleigh Salterton","",1.724,1.269,4.622,1.124,"Colletidae","cavity nester","OUMNH",NA,"Budleigh Salterton, Devon, England",50.6310504,-3.3299844
"IGproject0664","Hylaeus","hyalinatus","male",1954,6,14,"England","Devon","Torquay","123 Abbey Road",1.604,2.198,4.246,1.003,"Colletidae","cavity nester","OUMNH",NA,"123 Abbey Road, Torquay, Devon, England",50.465228,-3.5279
"IGproject0665","Hylaeus","hyalinatus","male",1908,6,14,"England","Greater Manchester","Sale","",1.473,1.042,3.916,0.92,"Colletidae","cavity nester","OUMNH",NA,"Sale, Greater Manchester, England",53.4244939,-2.318415
"IGproject0666","Hylaeus","hyalinatus","female",1910,6,12,"England","Devon","Budleigh Salterton","",1.54,1.165,4.344,0.984,"Colletidae","cavity nester","OUMNH",NA,"Budleigh Salterton, Devon, England",50.6310504,-3.3299844
"IGproject0667","Hylaeus","hyalinatus","female",1906,8,20,"England","Merseyside","Wallasey","",1.639,1.239,4.516,1.056,"Colletidae","cavity nester","OUMNH",NA,"Wallasey, Merseyside, England",53.42722649,-3.067881383
"IGproject0668","Sphecodes","geoffrellus","male",1976,NA,NA,"England","Oxfordshire","Oxford","30 Cope Close",1.443,0.976,3.816,0.927,"Halictidae","kleptoparasite","OUMNH",NA,"30 Cope Close, Oxford, Oxfordshire, England",51.74787238,-1.298262636
"IGproject0669","Sphecodes","geoffrellus","female",1989,7,3,"England","Wiltshire","Wroughton","Clouts Wood",1.755,1.121,4.638,1.215,"Halictidae","kleptoparasite","OUMNH",NA,"Clouts Wood, Wroughton, Wiltshire, England",51.51489206,-1.804044057
"IGproject0670","Sphecodes","geoffrellus","female",1919,5,NA,"England","Surrey","Woking","",1.517,1.021,4.033,1,"Halictidae","kleptoparasite","OUMNH",NA,"Woking, Surrey, England",51.3201891,-0.5564726
"IGproject0671","Sphecodes","geoffrellus","female",1907,6,9,"England","Merseyside","Wallasey","",1.495,0.97,4.074,0.987,"Halictidae","kleptoparasite","OUMNH",NA,"Wallasey, Merseyside, England",53.42722649,-3.067881383
"IGproject0672","Sphecodes","geoffrellus","female",1915,5,9,"England","Devon","Bovey Tracey","",1.881,1.243,4.832,1.274,"Halictidae","kleptoparasite","OUMNH",NA,"Bovey Tracey, Devon, England",50.6046632,-3.6856762
"IGproject0673","Sphecodes","geoffrellus","male",1952,8,2,"England","Northamptonshire","Aynho","",1.602,1.095,4.259,0.986,"Halictidae","kleptoparasite","OUMNH",NA,"Aynho, Northamptonshire, England",51.9948605,-1.2520728
"IGproject0674","Sphecodes","geoffrellus","male",1948,8,6,"England","Oxfordshire","Oxford","Hinksey",1.436,0.908,3.958,0.922,"Halictidae","kleptoparasite","OUMNH",NA,"Hinksey, Oxford, Oxfordshire, England",51.7363525,-1.2575581
"IGproject0675","Sphecodes","geoffrellus","female",1921,9,NA,"England","Devon","Dartmoor","",1.566,0.986,4.283,1.023,"Halictidae","kleptoparasite","OUMNH",NA,"Dartmoor, Devon, England",50.5657349,-3.9009713
"IGproject0676","Sphecodes","geoffrellus","female",1925,6,7,"England","Cornwall","Trethevy","Rocky Valley",1.671,1.092,4.655,1.092,"Halictidae","kleptoparasite","OUMNH",NA,"Rocky Valley, Trethevy, Cornwall, England",50.6732613,-4.7293504
"IGproject0677","Sphecodes","geoffrellus","male",1898,7,NA,"Wales","Gwynedd","Criccieth","",1.544,1.038,4.221,0.963,"Halictidae","kleptoparasite","OUMNH",NA,"Criccieth, Gwynedd, Wales",52.9206106,-4.2332414
"IGproject0678","Sphecodes","geoffrellus","male",1898,7,NA,"Wales","Gwynedd","Criccieth","",1.555,1.069,4.12,0.999,"Halictidae","kleptoparasite","OUMNH",NA,"Criccieth, Gwynedd, Wales",52.9206106,-4.2332414
"IGproject0679","Sphecodes","geoffrellus","female",1919,5,NA,"England","Surrey","Woking","",1.645,1.092,4.404,1.157,"Halictidae","kleptoparasite","OUMNH",NA,"Woking, Surrey, England",51.3201891,-0.5564726
"IGproject0680","Sphecodes","geoffrellus","female",1915,5,20,"England","Gloucestershire","Wotton-under-Edge","",1.73,1.123,4.784,1.158,"Halictidae","kleptoparasite","OUMNH",NA,"Wotton-under-Edge, Gloucestershire, England",51.6378241,-2.3547251
"IGproject0681","Sphecodes","geoffrellus","female",1914,5,19,"England","Devon","Bovey Tracey","",1.282,0.817,3.354,0.851,"Halictidae","kleptoparasite","OUMNH",NA,"Bovey Tracey, Devon, England",50.6046632,-3.6856762
"IGproject0682","Sphecodes","geoffrellus","female",1920,8,10,"Scotland","Argyll and Bute","","Loch Sween",1.73,1.127,4.919,1.155,"Halictidae","kleptoparasite","OUMNH",NA,"Loch Sween, Argyll and Bute, Scotland",55.9835849,-5.6317791
"IGproject0683","Sphecodes","geoffrellus","female",1919,5,NA,"England","Surrey","Woking","",1.605,1.019,4.24,0.749,"Halictidae","kleptoparasite","OUMNH",NA,"Woking, Surrey, England",51.3201891,-0.5564726
"IGproject0684","Sphecodes","geoffrellus","female",1915,7,14,"England","Devon","Bovey Tracey","",1.63,1.077,4.371,1.069,"Halictidae","kleptoparasite","OUMNH",NA,"Bovey Tracey, Devon, England",50.6046632,-3.6856762
"IGproject0685","Sphecodes","geoffrellus","female",1917,6,NA,"England","Devon","Bovey Tracey","",1.652,1.109,4.527,1.089,"Halictidae","kleptoparasite","OUMNH",NA,"Bovey Tracey, Devon, England",50.6046632,-3.6856762
"IGproject0686","Sphecodes","geoffrellus","female",1915,5,24,"England","Devon","Lustleigh","",1.697,1.076,4.572,1.166,"Halictidae","kleptoparasite","OUMNH",NA,"Lustleigh, Devon, England",50.6228301,-3.7304463
"IGproject0687","Sphecodes","geoffrellus","female",1900,5,15,"England","Essex","Theydon Bois","",1.513,0.983,4.079,1.022,"Halictidae","kleptoparasite","OUMNH",NA,"Theydon Bois, Essex, England",51.6717759,0.1033213
"IGproject0688","Sphecodes","geoffrellus","female",1912,9,NA,"England","Devon","Bovey Tracey","",1.564,0.989,4.204,1.046,"Halictidae","kleptoparasite","OUMNH",NA,"Bovey Tracey, Devon, England",50.6046632,-3.6856762
"IGproject0689","Sphecodes","geoffrellus","female",1911,5,17,"England","Devon","Newton Abbot","",1.633,1.026,4.377,1.092,"Halictidae","kleptoparasite","OUMNH",NA,"Newton Abbot, Devon, England",50.5296441,-3.6112097
"IGproject0690","Sphecodes","geoffrellus","female",1911,8,NA,"England","Devon","Dawlish Warren","",1.707,1.165,4.685,1.114,"Halictidae","kleptoparasite","OUMNH",NA,"Dawlish Warren, Devon, England",50.5986475,-3.4437159
"IGproject0691","Sphecodes","geoffrellus","female",1919,6,3,"England","Devon","Chudleigh","",1.641,1.086,4.539,1.126,"Halictidae","kleptoparasite","OUMNH",NA,"Chudleigh, Devon, England",50.6156543,-3.5869448
"IGproject0692","Sphecodes","geoffrellus","male",1914,8,NA,"England","Gloucestershire","Wotton-under-Edge","",1.564,1.103,4.23,1.009,"Halictidae","kleptoparasite","OUMNH",NA,"Wotton-under-Edge, Gloucestershire, England",51.6378241,-2.3547251
"IGproject0693","Sphecodes","geoffrellus","female",1901,7,NA,"England","Cornwall","Newquay","",1.586,1.041,4.303,1.041,"Halictidae","kleptoparasite","OUMNH",NA,"Newquay, Cornwall, England",50.4134414,-5.0848836
"IGproject0694","Sphecodes","geoffrellus","female",1900,8,NA,"Wales","Gwynedd","Criccieth","",1.474,0.979,4.038,0.982,"Halictidae","kleptoparasite","OUMNH",NA,"Criccieth, Gwynedd, Wales",52.9206106,-4.2332414
"IGproject0695","Sphecodes","geoffrellus","female",1898,7,NA,"Wales","Gwynedd","Criccieth","",1.574,1.063,4.233,1.035,"Halictidae","kleptoparasite","OUMNH",NA,"Criccieth, Gwynedd, Wales",52.9206106,-4.2332414
"IGproject0696","Sphecodes","geoffrellus","female",1898,7,NA,"Wales","Gwynedd","Criccieth","",1.573,1.14,4.358,1.068,"Halictidae","kleptoparasite","OUMNH",NA,"Criccieth, Gwynedd, Wales",52.9206106,-4.2332414
"IGproject0697","Sphecodes","geoffrellus","male",1897,7,19,"England","Berkshire","Reading","Sulhamstead Park",1.47,1.002,3.775,0.928,"Halictidae","kleptoparasite","OUMNH",NA,"Sulhamstead Park, Reading, Berkshire, England",51.41681285,-1.09530783
"IGproject0698","Sphecodes","geoffrellus","female",1912,14,NA,"England","Devon","Dawlish Warren","",1.381,0.833,3.663,0.927,"Halictidae","kleptoparasite","OUMNH",NA,"Dawlish Warren, Devon, England",50.5986475,-3.4437159
"IGproject0699","Sphecodes","geoffrellus","male",1976,NA,NA,"England","Oxfordshire","Oxford","30 Cope Close",1.462,1.043,3.777,0.919,"Halictidae","kleptoparasite","OUMNH",NA,"30 Cope Close, Oxford, Oxfordshire, England",51.74787238,-1.298262636
"IGproject0700","Sphecodes","geoffrellus","male",1991,10,4,"England","Wiltshire","Swindon","",1.397,1.003,3.966,0.915,"Halictidae","kleptoparasite","OUMNH",NA,"Swindon, Wiltshire, England",51.6057801,-1.841922
"IGproject0701","Sphecodes","geoffrellus","female",2002,6,2,"England","Oxfordshire","Oxford","Shotover",1.398,0.839,3.663,0.948,"Halictidae","kleptoparasite","OUMNH",NA,"Shotover, Oxford, Oxfordshire, England",51.7561128,-1.1551229
"IGproject0702","Sphecodes","geoffrellus","female",1990,6,10,"England","Devon","Bovey Tracey","Bovey Heathfield",1.524,0.958,4.078,1.085,"Halictidae","kleptoparasite","OUMNH",NA,"Bovey Heathfield, Bovey Tracey, Devon, England",50.5778633,-3.6644648
"IGproject0703","Sphecodes","geoffrellus","female",1978,6,19,"England","Oxfordshire","Abingdon","Dry Sandford Pit",1.466,0.938,4.043,0.994,"Halictidae","kleptoparasite","OUMNH",NA,"Dry Sandford Pit, Abingdon, Oxfordshire, England",51.69478825,-1.32635399
"IGproject0704","Sphecodes","geoffrellus","male",1919,7,NA,"England","Dorset","Lyme Regis","",1.732,1.209,4.551,1.071,"Halictidae","kleptoparasite","OUMNH",NA,"Lyme Regis, Dorset, England",50.7252897,-2.934559
"IGproject0705","Sphecodes","geoffrellus","male",1914,8,NA,"England","Gloucestershire","Wotton-under-Edge","",1.791,1.221,4.677,1.152,"Halictidae","kleptoparasite","OUMNH",NA,"Wotton-under-Edge, Gloucestershire, England",51.6378241,-2.3547251
"IGproject0706","Sphecodes","geoffrellus","male",1913,7,13,"England","Devon","Dawlish Warren","",1.595,1.171,4.206,1.053,"Halictidae","kleptoparasite","OUMNH",NA,"Dawlish Warren, Devon, England",50.5986475,-3.4437159
"IGproject0707","Sphecodes","geoffrellus","male",1914,8,12,"England","Devon","Dawlish Warren","",1.482,1.009,4.041,0.965,"Halictidae","kleptoparasite","OUMNH",NA,"Dawlish Warren, Devon, England",50.5986475,-3.4437159
"IGproject0708","Sphecodes","geoffrellus","male",1913,8,4,"England","Devon","Bovey Tracey","",1.552,1.129,4.258,1.011,"Halictidae","kleptoparasite","OUMNH",NA,"Bovey Tracey, Devon, England",50.6046632,-3.6856762
"IGproject0709","Sphecodes","geoffrellus","male",1913,7,24,"England","Devon","Bovey Tracey","",1.505,1.024,4.112,0.964,"Halictidae","kleptoparasite","OUMNH",NA,"Bovey Tracey, Devon, England",50.6046632,-3.6856762
"IGproject0710","Sphecodes","geoffrellus","male",1913,8,2,"England","Devon","Bovey Tracey","",1.575,1.109,4.395,0.99,"Halictidae","kleptoparasite","OUMNH",NA,"Bovey Tracey, Devon, England",50.6046632,-3.6856762
"IGproject0711","Sphecodes","geoffrellus","male",1904,5,15,"England","Greater London","London","Wimbledon",1.504,1.052,4.061,1.002,"Halictidae","kleptoparasite","OUMNH",NA,"Wimbledon, London, Greater London, England",51.4214787,-0.2064027
"IGproject0712","Sphecodes","geoffrellus","male",1920,7,24,"England","Devon","Trusham","",1.41,0.936,3.818,0.883,"Halictidae","kleptoparasite","OUMNH",NA,"Trusham, Devon, England",50.6260489,-3.6285152
"IGproject0713","Sphecodes","geoffrellus","male",1919,7,23,"England","Dorset","Lyme Regis","",1.564,1.143,4.328,1.005,"Halictidae","kleptoparasite","OUMNH",NA,"Lyme Regis, Dorset, England",50.7252897,-2.934559
"IGproject0714","Sphecodes","geoffrellus","female",1915,5,25,"England","Devon","Brixham","",1.625,1.095,4.496,1.102,"Halictidae","kleptoparasite","OUMNH",NA,"Brixham, Devon, England",50.3952404,-3.514544
"IGproject0715","Sphecodes","geoffrellus","male",1914,7,3,"England","Devon","Dawlish Warren","",1.54,1.059,4.075,0.984,"Halictidae","kleptoparasite","OUMNH",NA,"Dawlish Warren, Devon, England",50.5986475,-3.4437159
"IGproject0716","Sphecodes","geoffrellus","male",1907,7,NA,"England","Hampshire","","New Forest",1.545,1.059,4.156,0.965,"Halictidae","kleptoparasite","OUMNH",NA,"New Forest, Hampshire, England",50.8557268,-1.5956844
"IGproject0717","Sphecodes","geoffrellus","female",1907,7,NA,"England","Hampshire","","New Forest",1.523,0.942,4.039,1.06,"Halictidae","kleptoparasite","OUMNH",NA,"New Forest, Hampshire, England",50.8557268,-1.5956844
"IGproject0718","Sphecodes","geoffrellus","male",1913,7,24,"England","Devon","Bovey Tracey","",1.546,1.075,4.049,1.009,"Halictidae","kleptoparasite","OUMNH",NA,"Bovey Tracey, Devon, England",50.6046632,-3.6856762
"IGproject0719","Sphecodes","geoffrellus","male",1913,7,10,"England","Devon","Dawlish Warren","",1.372,0.868,3.699,0.891,"Halictidae","kleptoparasite","OUMNH",NA,"Dawlish Warren, Devon, England",50.5986475,-3.4437159
"IGproject0720","Sphecodes","geoffrellus","male",1913,7,24,"England","Devon","Bovey Tracey","",1.495,1.057,4.083,1.015,"Halictidae","kleptoparasite","OUMNH",NA,"Bovey Tracey, Devon, England",50.6046632,-3.6856762
"IGproject0721","Sphecodes","geoffrellus","female",1914,7,24,"England","Devon","Bovey Tracey","",1.717,1.176,4.5,1.152,"Halictidae","kleptoparasite","OUMNH",NA,"Bovey Tracey, Devon, England",50.6046632,-3.6856762
"IGproject0722","Lasioglossum","fulvicorne","male",1927,9,NA,"England","Gloucestershire","Wotton-under-Edge","",1.688,1.191,5.193,1.215,"Halictidae","excavator","OUMNH",NA,"Wotton-under-Edge, Gloucestershire, England",51.6378241,-2.3547251
"IGproject0723","Lasioglossum","fulvicorne","male",1907,9,NA,"England","Gloucestershire","Wotton-under-Edge","Alderley",1.714,1.238,5.2,1.242,"Halictidae","excavator","OUMNH",NA,"Alderley, Wotton-under-Edge, Gloucestershire, England",51.615194,-2.332701286
"IGproject0724","Lasioglossum","fulvicorne","male",1907,9,NA,"England","Gloucestershire","Wotton-under-Edge","Alderley",1.719,1.23,5.047,1.21,"Halictidae","excavator","OUMNH",NA,"Alderley, Wotton-under-Edge, Gloucestershire, England",51.615194,-2.332701286
"IGproject0725","Lasioglossum","fulvicorne","male",1920,8,NA,"England","Staffordshire","Peak Distict","Dovedale",1.846,1.342,5.511,1.325,"Halictidae","excavator","OUMNH",NA,"Dovedale, Peak Distict, Staffordshire, England",53.06663409,-1.783354532
"IGproject0726","Lasioglossum","fulvicorne","male",1914,8,NA,"England","Gloucestershire","Wotton-under-Edge","",1.891,1.336,5.565,1.289,"Halictidae","excavator","OUMNH",NA,"Wotton-under-Edge, Gloucestershire, England",51.6378241,-2.3547251
"IGproject0727","Lasioglossum","fulvicorne","male",1977,9,13,"England","Oxfordshire","Hook Norton","",1.743,1.245,5.233,1.235,"Halictidae","excavator","OUMNH",NA,"Hook Norton, Oxfordshire, England",51.9939848,-1.4822644
"IGproject0728","Lasioglossum","fulvicorne","male",1977,9,13,"England","Oxfordshire","Hook Norton","",1.742,1.245,5.255,1.263,"Halictidae","excavator","OUMNH",NA,"Hook Norton, Oxfordshire, England",51.9939848,-1.4822644
"IGproject0729","Lasioglossum","fulvicorne","male",1904,8,24,"England","Surrey","Reigate","",1.698,1.201,5.317,1.262,"Halictidae","excavator","OUMNH",NA,"Reigate, Surrey, England",51.2376557,-0.2057067
"IGproject0730","Lasioglossum","fulvicorne","male",1904,8,24,"England","Surrey","Reigate","",1.709,1.154,5.046,1.157,"Halictidae","excavator","OUMNH",NA,"Reigate, Surrey, England",51.2376557,-0.2057067
"IGproject0731","Lasioglossum","fulvicorne","male",1927,9,NA,"England","Gloucestershire","Wotton-under-Edge","",1.761,1.267,5.473,1.292,"Halictidae","excavator","OUMNH",NA,"Wotton-under-Edge, Gloucestershire, England",51.6378241,-2.3547251
"IGproject0732","Lasioglossum","fulvicorne","male",1977,9,13,"England","Oxfordshire","Hook Norton","",1.635,1.124,4.766,1.187,"Halictidae","excavator","OUMNH",NA,"Hook Norton, Oxfordshire, England",51.9939848,-1.4822644
"IGproject0733","Lasioglossum","fulvicorne","male",1977,9,13,"England","Oxfordshire","Hook Norton","",1.751,1.239,5.205,1.254,"Halictidae","excavator","OUMNH",NA,"Hook Norton, Oxfordshire, England",51.9939848,-1.4822644
"IGproject0734","Lasioglossum","fulvicorne","male",1948,8,9,"England","Oxfordshire","Cumnor","",1.706,1.257,5.012,1.22,"Halictidae","excavator","OUMNH",NA,"Cumnor, Oxfordshire, England",51.7349255,-1.3331621
"IGproject0735","Lasioglossum","fulvicorne","male",1914,9,NA,"England","Gloucestershire","Wotton-under-Edge","",1.768,1.316,5.421,1.246,"Halictidae","excavator","OUMNH",NA,"Wotton-under-Edge, Gloucestershire, England",51.6378241,-2.3547251
"IGproject0736","Lasioglossum","fulvicorne","male",1948,8,9,"England","Oxfordshire","Cumnor","",1.733,1.274,5.319,1.301,"Halictidae","excavator","OUMNH",NA,"Cumnor, Oxfordshire, England",51.7349255,-1.3331621
"IGproject0737","Lasioglossum","fulvicorne","female",1900,8,10,"England","Kent","Faversham","Huntingfield",1.784,1.299,5.334,1.452,"Halictidae","excavator","OUMNH",NA,"Huntingfield, Faversham, Kent, England",51.25792226,0.822018012
"IGproject0738","Lasioglossum","fulvicorne","male",1998,8,18,"England","Somerset","Draycott","",1.852,1.265,5.309,1.287,"Halictidae","excavator","OUMNH",NA,"Draycott, Somerset, England",51.2556653,-2.7509388
"IGproject0739","Lasioglossum","fulvicorne","female",1896,NA,NA,"England","Kent","Doddington","",1.763,1.2,5.305,1.39,"Halictidae","excavator","OUMNH",NA,"Doddington, Kent, England",51.2792113,0.7717749
"IGproject0740","Lasioglossum","fulvicorne","female",1896,NA,NA,"England","Kent","Doddington","",1.931,1.392,5.662,1.463,"Halictidae","excavator","OUMNH",NA,"Doddington, Kent, England",51.2792113,0.7717749
"IGproject0741","Lasioglossum","fulvicorne","male",1991,8,31,"England","Wiltshire","Wroughton","Clouts Wood",1.735,1.258,5.107,1.308,"Halictidae","excavator","OUMNH",NA,"Clouts Wood, Wroughton, Wiltshire, England",51.51489206,-1.804044057
"IGproject0742","Lasioglossum","fulvicorne","female",1896,NA,NA,"England","Kent","Doddington","",1.758,1.288,5.258,1.421,"Halictidae","excavator","OUMNH",NA,"Doddington, Kent, England",51.2792113,0.7717749
"IGproject0743","Lasioglossum","fulvicorne","female",1900,8,11,"England","Kent","Faversham","Huntingfield",1.649,1.161,4.843,1.331,"Halictidae","excavator","OUMNH",NA,"Huntingfield, Faversham, Kent, England",51.25792226,0.822018012
"IGproject0744","Lasioglossum","fulvicorne","male",1933,7,25,"England","Warwickshie","Harbury","",1.909,1.364,5.708,1.369,"Halictidae","excavator","OUMNH",NA,"Harbury, Warwickshie, England",52.23694424,-1.457095592
"IGproject0745","Lasioglossum","fulvicorne","female",1893,5,7,"England","Greater London","London","Purley",1.829,1.338,5.327,1.43,"Halictidae","excavator","OUMNH",NA,"Purley, London, Greater London, England",51.3388112,-0.1158589
"IGproject0746","Lasioglossum","fulvicorne","female",1896,NA,NA,"England","Kent","Doddington","",1.706,1.226,5.126,1.342,"Halictidae","excavator","OUMNH",NA,"Doddington, Kent, England",51.2792113,0.7717749
"IGproject0747","Lasioglossum","fulvicorne","female",1896,NA,NA,"England","Kent","Doddington","",1.651,1.161,4.78,1.294,"Halictidae","excavator","OUMNH",NA,"Doddington, Kent, England",51.2792113,0.7717749
"IGproject0748","Lasioglossum","fulvicorne","female",1899,NA,NA,"England","Kent","Faversham","Huntingfield",1.707,1.135,5.051,1.358,"Halictidae","excavator","OUMNH",NA,"Huntingfield, Faversham, Kent, England",51.25792226,0.822018012
"IGproject0749","Lasioglossum","fulvicorne","female",1897,NA,NA,"England","Kent","Doddington","",1.924,1.425,5.663,1.515,"Halictidae","excavator","OUMNH",NA,"Doddington, Kent, England",51.2792113,0.7717749
"IGproject0750","Lasioglossum","fulvicorne","female",1896,NA,NA,"England","Kent","Doddington","",1.881,1.429,5.403,1.422,"Halictidae","excavator","OUMNH",NA,"Doddington, Kent, England",51.2792113,0.7717749
"IGproject0751","Lasioglossum","fulvicorne","female",1894,NA,NA,"England","Kent","Doddington","",1.732,1.207,4.993,1.388,"Halictidae","excavator","OUMNH",NA,"Doddington, Kent, England",51.2792113,0.7717749
"IGproject0752","Lasioglossum","fulvicorne","female",1896,NA,NA,"England","Kent","Doddington","",1.819,1.318,5.446,1.4,"Halictidae","excavator","OUMNH",NA,"Doddington, Kent, England",51.2792113,0.7717749
"IGproject0753","Anthidium","manicatum","female",1966,6,28,"Wales","Gwynedd","Ynys Llanddwyn","",4.026,3.511,9.181,2.862,"Megachilidae","cavity nester","OUMNH",NA,"Ynys Llanddwyn, Gwynedd, Wales",53.14000714,-4.409892831
"IGproject0754","Anthidium","manicatum","male",1977,NA,NA,"England","Oxfordshire","Oxford","30 Cope Close",4.643,3.948,12.059,3.829,"Megachilidae","cavity nester","OUMNH",NA,"30 Cope Close, Oxford, Oxfordshire, England",51.74787238,-1.298262636
"IGproject0755","Anthidium","manicatum","male",1976,NA,NA,"England","Oxfordshire","Oxford","30 Cope Close",4.503,3.836,11.256,3.721,"Megachilidae","cavity nester","OUMNH",NA,"30 Cope Close, Oxford, Oxfordshire, England",51.74787238,-1.298262636
"IGproject0756","Anthidium","manicatum","male",1976,NA,NA,"England","Oxfordshire","Oxford","30 Cope Close",4.257,3.636,10.569,3.384,"Megachilidae","cavity nester","OUMNH",NA,"30 Cope Close, Oxford, Oxfordshire, England",51.74787238,-1.298262636
"IGproject0757","Anthidium","manicatum","male",1976,NA,NA,"England","Oxfordshire","Oxford","30 Cope Close",4.469,3.81,11.012,3.721,"Megachilidae","cavity nester","OUMNH",NA,"30 Cope Close, Oxford, Oxfordshire, England",51.74787238,-1.298262636
"IGproject0758","Anthidium","manicatum","male",1976,NA,NA,"England","Oxfordshire","Oxford","30 Cope Close",4.534,4.036,11.778,3.868,"Megachilidae","cavity nester","OUMNH",NA,"30 Cope Close, Oxford, Oxfordshire, England",51.74787238,-1.298262636
"IGproject0759","Anthidium","manicatum","female",2014,7,27,"England","Surrey","Dorking","Juniper Hall",4.139,3.434,9.104,2.895,"Megachilidae","cavity nester","OUMNH",NA,"Juniper Hall, Dorking, Surrey, England",51.2615107,-0.3208984
"IGproject0760","Anthidium","manicatum","male",1926,7,12,"England","Surrey","Woking","",4.339,3.709,10.39,3.412,"Megachilidae","cavity nester","OUMNH",NA,"Woking, Surrey, England",51.3201891,-0.5564726
"IGproject0761","Anthidium","manicatum","male",1976,NA,NA,"England","Oxfordshire","Oxford","30 Cope Close",4.356,3.661,10.97,3.652,"Megachilidae","cavity nester","OUMNH",NA,"30 Cope Close, Oxford, Oxfordshire, England",51.74787238,-1.298262636
"IGproject0762","Anthidium","manicatum","male",1976,NA,NA,"England","Oxfordshire","Oxford","30 Cope Close",4.315,3.695,10.672,3.404,"Megachilidae","cavity nester","OUMNH",NA,"30 Cope Close, Oxford, Oxfordshire, England",51.74787238,-1.298262636
"IGproject0763","Anthidium","manicatum","male",1976,NA,NA,"England","Oxfordshire","Oxford","30 Cope Close",4.305,3.817,11.136,3.572,"Megachilidae","cavity nester","OUMNH",NA,"30 Cope Close, Oxford, Oxfordshire, England",51.74787238,-1.298262636
"IGproject0764","Anthidium","manicatum","male",1977,NA,NA,"England","Oxfordshire","Oxford","30 Cope Close",4.336,3.701,10.843,3.534,"Megachilidae","cavity nester","OUMNH",NA,"30 Cope Close, Oxford, Oxfordshire, England",51.74787238,-1.298262636
"IGproject0765","Anthidium","manicatum","male",1977,NA,NA,"England","Oxfordshire","Oxford","30 Cope Close",3.766,3.089,8.713,2.852,"Megachilidae","cavity nester","OUMNH",NA,"30 Cope Close, Oxford, Oxfordshire, England",51.74787238,-1.298262636
"IGproject0766","Anthidium","manicatum","male",1976,NA,NA,"England","Oxfordshire","Oxford","30 Cope Close",3.621,2.992,8.444,2.624,"Megachilidae","cavity nester","OUMNH",NA,"30 Cope Close, Oxford, Oxfordshire, England",51.74787238,-1.298262636
"IGproject0767","Anthidium","manicatum","male",1976,NA,NA,"England","Oxfordshire","Oxford","30 Cope Close",3.811,3.178,8.804,2.742,"Megachilidae","cavity nester","OUMNH",NA,"30 Cope Close, Oxford, Oxfordshire, England",51.74787238,-1.298262636
"IGproject0768","Anthidium","manicatum","male",1976,NA,NA,"England","Oxfordshire","Oxford","30 Cope Close",3.853,3.285,8.689,2.788,"Megachilidae","cavity nester","OUMNH",NA,"30 Cope Close, Oxford, Oxfordshire, England",51.74787238,-1.298262636
"IGproject0769","Anthidium","manicatum","male",1976,NA,NA,"England","Oxfordshire","Oxford","30 Cope Close",3.99,3.396,9.086,2.917,"Megachilidae","cavity nester","OUMNH",NA,"30 Cope Close, Oxford, Oxfordshire, England",51.74787238,-1.298262636
"IGproject0770","Anthidium","manicatum","male",1931,8,NA,"England","Warwickshie","Rugby","",4.674,3.881,11.579,3.864,"Megachilidae","cavity nester","OUMNH",NA,"Rugby, Warwickshie, England",52.3697958,-1.263870764
"IGproject0771","Anthidium","manicatum","male",1940,6,19,"England","Dorset","Weymouth","",3.645,3.103,8.284,2.485,"Megachilidae","cavity nester","OUMNH",NA,"Weymouth, Dorset, England",50.6096257,-2.4543424
"IGproject0772","Anthidium","manicatum","male",1939,7,30,"England","Northamptonshire","Oundle","Ashton Wold",4.553,3.838,11.689,3.692,"Megachilidae","cavity nester","OUMNH",NA,"Ashton Wold, Oundle, Northamptonshire, England",52.48037933,-0.410800547
"IGproject0773","Anthidium","manicatum","male",1946,7,28,"England","Dorset","Morden","",3.955,3.448,9.688,3.115,"Megachilidae","cavity nester","OUMNH",NA,"Morden, Dorset, England",50.7627893,-2.1325452
"IGproject0774","Anthidium","manicatum","female",1927,8,14,"England","Dorset","Weymouth","",4.202,3.604,9.63,2.997,"Megachilidae","cavity nester","OUMNH",NA,"Weymouth, Dorset, England",50.6096257,-2.4543424
"IGproject0775","Anthidium","manicatum","male",1927,8,14,"England","Dorset","Weymouth","",4.449,3.759,11,3.585,"Megachilidae","cavity nester","OUMNH",NA,"Weymouth, Dorset, England",50.6096257,-2.4543424
"IGproject0776","Anthidium","manicatum","female",1927,8,14,"England","Dorset","Weymouth","",3.746,3.089,8.235,2.568,"Megachilidae","cavity nester","OUMNH",NA,"Weymouth, Dorset, England",50.6096257,-2.4543424
"IGproject0777","Andrena","chrysosceles","female",1939,4,10,"England","Dorset","Dorchester","Yellowham Wood",1.815,1.179,4.871,1.486,"Andrenidae","excavator","OUMNH",NA,"Yellowham Wood, Dorchester, Dorset, England",50.74223361,-2.378909966
"IGproject0778","Andrena","chrysosceles","female",1947,8,22,"England","Devon","Dartmoor","Burrator Reservoir",2.108,1.439,5.694,1.62,"Andrenidae","excavator","OUMNH",NA,"Burrator Reservoir, Dartmoor, Devon, England",50.49923423,-4.040083663
"IGproject0779","Andrena","wilkella","male",1976,4,22,"England","Devon","Tavistock","Whitchurch Down",3.481,2.048,10.049,2.682,"Andrenidae","excavator","OUMNH",NA,"Whitchurch Down, Tavistock, Devon, England",50.5427342,-4.1150225
"IGproject0780","Andrena","wilkella","male",1978,4,27,"England","Devon","Buckland Monachorum","",3.05,1.696,9.012,2.366,"Andrenidae","excavator","OUMNH",NA,"Buckland Monachorum, Devon, England",50.4848244,-4.1221901
"IGproject0781","Andrena","wilkella","male",1953,4,26,"England","Devon","Yelverton","Five Oaks",2.574,1.514,6.527,1.92,"Andrenidae","excavator","OUMNH",NA,"Five Oaks, Yelverton, Devon, England",50.4934281,-4.085997565
"IGproject0782","Andrena","wilkella","male",1977,6,4,"England","Devon","Tavistock","Whitchurch Down",2.882,1.707,7.39,2.1,"Andrenidae","excavator","OUMNH",NA,"Whitchurch Down, Tavistock, Devon, England",50.5427342,-4.1150225
"IGproject0783","Andrena","wilkella","male",1958,6,12,"England","Devon","Bickleigh","",2.823,1.619,6.969,1.972,"Andrenidae","excavator","OUMNH",NA,"Bickleigh, Devon, England",50.8427425,-3.502667
"IGproject0784","Andrena","wilkella","male",1950,6,7,"England","Devon","Yelverton","Five Oaks",2.978,1.851,7.58,2.158,"Andrenidae","excavator","OUMNH",NA,"Five Oaks, Yelverton, Devon, England",50.4934281,-4.085997565
"IGproject0785","Andrena","wilkella","male",1977,6,4,"England","Devon","Tavistock","Whitchurch Down",2.918,1.948,7.331,2.06,"Andrenidae","excavator","OUMNH",NA,"Whitchurch Down, Tavistock, Devon, England",50.5427342,-4.1150225
"IGproject0786","Andrena","wilkella","male",1977,6,4,"England","Devon","Tavistock","Whitchurch Down",3.375,2.2,8.496,2.35,"Andrenidae","excavator","OUMNH",NA,"Whitchurch Down, Tavistock, Devon, England",50.5427342,-4.1150225
"IGproject0787","Megachile","centuncularis","male",1927,6,22,"England","Dorset","Weymouth","",3.494,2.71,7.67,2.166,"Megachilidae","cavity nester","OUMNH",NA,"Weymouth, Dorset, England",50.6096257,-2.4543424
"IGproject0788","Megachile","centuncularis","female",1927,8,10,"England","Dorset","Weymouth","",3.827,3.38,8.751,2.312,"Megachilidae","cavity nester","OUMNH",NA,"Weymouth, Dorset, England",50.6096257,-2.4543424
"IGproject0789","Megachile","centuncularis","female",1927,8,5,"England","Dorset","Weymouth","",3.857,3.291,8.883,2.426,"Megachilidae","cavity nester","OUMNH",NA,"Weymouth, Dorset, England",50.6096257,-2.4543424
"IGproject0790","Megachile","centuncularis","male",1927,6,22,"England","Dorset","Weymouth","",3.601,2.761,8.363,2.242,"Megachilidae","cavity nester","OUMNH",NA,"Weymouth, Dorset, England",50.6096257,-2.4543424
"IGproject0791","Megachile","centuncularis","male",1928,6,13,"England","Suffolk","Barton Mills","",3.439,2.674,7.825,2.12,"Megachilidae","cavity nester","OUMNH",NA,"Barton Mills, Suffolk, England",52.3335174,0.5200357
"IGproject0792","Megachile","centuncularis","female",1927,8,27,"England","Dorset","Weymouth","",3.882,3.08,8.817,2.391,"Megachilidae","cavity nester","OUMNH",NA,"Weymouth, Dorset, England",50.6096257,-2.4543424
"IGproject0793","Megachile","centuncularis","male",1957,6,22,"England","Devon","","Hartland Cliffs",3.201,2.378,7.132,1.95,"Megachilidae","cavity nester","OUMNH",NA,"Hartland Cliffs, Devon, England",51.00707424,-4.529508417
"IGproject0794","Megachile","centuncularis","male",1962,7,28,"England","Devon","Wembury","",3.588,2.691,8.059,2.272,"Megachilidae","cavity nester","OUMNH",NA,"Wembury, Devon, England",50.3287157,-4.0840935
"IGproject0795","Megachile","centuncularis","female",1953,7,5,"England","Devon","Yelverton","Five Oaks",3.79,3.301,8.652,2.447,"Megachilidae","cavity nester","OUMNH",NA,"Five Oaks, Yelverton, Devon, England",50.4934281,-4.085997565
"IGproject0796","Megachile","centuncularis","male",1927,7,3,"England","Dorset","Moreton","",3.284,2.419,7.393,2.092,"Megachilidae","cavity nester","OUMNH",NA,"Moreton, Dorset, England",50.7006001,-2.2916836
"IGproject0797","Megachile","centuncularis","male",1969,6,24,"England","Devon","Wembury","",3.579,2.739,7.768,2.173,"Megachilidae","cavity nester","OUMNH",NA,"Wembury, Devon, England",50.3287157,-4.0840935
"IGproject0798","Megachile","centuncularis","male",1957,6,22,"England","Devon","","Hartland Cliffs",3.258,2.484,7.596,2.04,"Megachilidae","cavity nester","OUMNH",NA,"Hartland Cliffs, Devon, England",51.00707424,-4.529508417
"IGproject0799","Megachile","centuncularis","male",1952,7,13,"England","Devon","Yelverton","",3.552,2.783,8.129,2.291,"Megachilidae","cavity nester","OUMNH",NA,"Yelverton, Devon, England",50.4929419,-4.0846742
"IGproject0800","Megachile","centuncularis","male",1968,7,5,"England","Devon","Braunton","Braunton Burrows",3.605,2.71,8.183,2.223,"Megachilidae","cavity nester","OUMNH",NA,"Braunton Burrows, Braunton, Devon, England",51.0930822,-4.2087025
"IGproject0801","Megachile","centuncularis","male",1978,7,23,"England","Devon","Okehampton","Taw Green",3.421,2.634,7.785,2.28,"Megachilidae","cavity nester","OUMNH",NA,"Taw Green, Okehampton, Devon, England",50.75636386,-3.90926962
"IGproject0802","Megachile","centuncularis","male",1962,7,28,"England","Devon","Wembury","",3.64,2.78,8.237,2.327,"Megachilidae","cavity nester","OUMNH",NA,"Wembury, Devon, England",50.3287157,-4.0840935
"IGproject0803","Megachile","centuncularis","male",1927,6,22,"England","Dorset","Weymouth","",3.434,2.581,7.646,2.149,"Megachilidae","cavity nester","OUMNH",NA,"Weymouth, Dorset, England",50.6096257,-2.4543424
"IGproject0804","Megachile","centuncularis","male",1974,7,9,"England","Devon","Wembury","",3.46,2.608,7.624,2.147,"Megachilidae","cavity nester","OUMNH",NA,"Wembury, Devon, England",50.3287157,-4.0840935
"IGproject0805","Megachile","centuncularis","male",1950,7,8,"England","Dorset","Weymouth","Two Mile Coppice",3.151,2.368,7.041,2.027,"Megachilidae","cavity nester","OUMNH",NA,"Two Mile Coppice, Weymouth, Dorset, England",50.6386572,-2.4610685
"IGproject0806","Megachile","centuncularis","female",1948,9,NA,"England","Devon","Plymouth","",3.741,3.055,8.564,2.364,"Megachilidae","cavity nester","OUMNH",NA,"Plymouth, Devon, England",50.4323453,-3.7065512
"IGproject0807","Megachile","centuncularis","male",1942,7,1,"England","Leicestershire","Woodhouse Eaves","",3.221,2.428,7.274,2.027,"Megachilidae","cavity nester","OUMNH",NA,"Woodhouse Eaves, Leicestershire, England",52.7244478,-1.2170181
"IGproject0808","Megachile","centuncularis","male",1941,8,10,"England","Dorset","Weymouth","Radipole Lake",3.025,2.231,6.826,1.882,"Megachilidae","cavity nester","OUMNH",NA,"Radipole Lake, Weymouth, Dorset, England",50.6222916,-2.4616947
"IGproject0809","Colletes","succintus","male",1928,8,30,"England","Cornwall","Lizard","Goonhilly Downs",3.191,2.545,7.692,1.959,"Colletidae","excavator","OUMNH",NA,"Goonhilly Downs, Lizard, Cornwall, England",50.05001835,-5.200067979
"IGproject0810","Colletes","succintus","female",1927,8,17,"England","Dorset","Warmwell","Warmwell Heath",3.233,2.595,7.972,2.106,"Colletidae","excavator","OUMNH",NA,"Warmwell Heath, Warmwell, Dorset, England",50.68094,-2.35113
"IGproject0811","Colletes","succintus","female",1927,8,28,"England","Dorset","Warmwell","",3.401,2.844,8.597,2.284,"Colletidae","excavator","OUMNH",NA,"Warmwell, Dorset, England",50.6749172,-2.3553494
"IGproject0812","Colletes","succintus","male",1927,6,17,"England","Dorset","Warmwell","Warmwell Heath",2.886,2.221,6.51,1.77,"Colletidae","excavator","OUMNH",NA,"Warmwell Heath, Warmwell, Dorset, England",50.68094,-2.35113
"IGproject0813","Colletes","succintus","female",1927,8,15,"England","Dorset","Warmwell","Warmwell Heath",3.251,2.718,8.175,2.133,"Colletidae","excavator","OUMNH",NA,"Warmwell Heath, Warmwell, Dorset, England",50.68094,-2.35113
"IGproject0814","Colletes","succintus","female",1927,8,15,"England","Dorset","Warmwell","Warmwell Heath",3.197,2.517,8.089,2.178,"Colletidae","excavator","OUMNH",NA,"Warmwell Heath, Warmwell, Dorset, England",50.68094,-2.35113
"IGproject0815","Colletes","succintus","male",1928,8,30,"England","Cornwall","Lizard","Goonhilly Downs",3,2.256,7.199,1.86,"Colletidae","excavator","OUMNH",NA,"Goonhilly Downs, Lizard, Cornwall, England",50.05001835,-5.200067979
"IGproject0816","Anthidium","manicatum","male",1983,7,6,"England","Cornwall","Goonvrea","",4.543,3.888,11.622,3.789,"Megachilidae","cavity nester","BENHS",NA,"Goonvrea, Cornwall, England",50.3027624,-5.2177565
"IGproject0817","Anthidium","manicatum","female",1914,6,28,"England","Kent","Gravesend","",4.215,3.6,9.373,2.689,"Megachilidae","cavity nester","BENHS",NA,"Gravesend, Kent, England",51.4424747,0.3694468
"IGproject0818","Anthidium","manicatum","male",1891,7,NA,"England","Hampshire","Andover","",4.496,3.968,11.807,3.721,"Megachilidae","cavity nester","BENHS",NA,"Andover, Hampshire, England",51.2078275,-1.479355
"IGproject0819","Anthidium","manicatum","male",1891,7,NA,"England","Hampshire","Andover","",4.464,3.787,11.257,3.441,"Megachilidae","cavity nester","BENHS",NA,"Andover, Hampshire, England",51.2078275,-1.479355
"IGproject0820","Anthidium","manicatum","male",1891,7,NA,"England","Hampshire","Andover","",4.694,3.887,11.758,3.787,"Megachilidae","cavity nester","BENHS",NA,"Andover, Hampshire, England",51.2078275,-1.479355
"IGproject0821","Anthidium","manicatum","male",1912,7,14,"England","Kent","","Pegwell Bay",3.997,3.273,9.588,3.055,"Megachilidae","cavity nester","BENHS",NA,"Pegwell Bay, Kent, England",51.322807,1.3785755
"IGproject0822","Anthidium","manicatum","male",1914,7,12,"England","Kent","Chalk","",4.166,3.529,10.024,3.306,"Megachilidae","cavity nester","BENHS",NA,"Chalk, Kent, England",51.4321057,0.3993639
"IGproject0823","Anthidium","manicatum","female",1915,7,29,"England","Kent","Chatham","",4.026,3.303,8.634,2.773,"Megachilidae","cavity nester","BENHS",NA,"Chatham, Kent, England",51.3731494,0.5502202
"IGproject0824","Anthidium","manicatum","female",1918,6,27,"England","Kent","Gravesend","",4.069,3.474,8.723,2.714,"Megachilidae","cavity nester","BENHS",NA,"Gravesend, Kent, England",51.4424747,0.3694468
"IGproject0825","Anthidium","manicatum","female",1891,7,NA,"England","Hampshire","Andover","",4.229,3.55,9.497,3.036,"Megachilidae","cavity nester","BENHS",NA,"Andover, Hampshire, England",51.2078275,-1.479355
"IGproject0826","Anthidium","manicatum","male",1931,6,21,"England","Greater London","London","Wood Green",4.37,3.75,10.64,3.299,"Megachilidae","cavity nester","BENHS",NA,"Wood Green, London, Greater London, England",51.5972054,-0.1099585
"IGproject0827","Anthidium","manicatum","male",1906,7,26,"England","Surrey","Redhill","",4.636,3.992,11.75,3.966,"Megachilidae","cavity nester","BENHS",NA,"Redhill, Surrey, England",51.2404691,-0.1682816
"IGproject0828","Anthidium","manicatum","male",1918,7,7,"England","Kent","Higham","",4.439,3.737,10.933,3.537,"Megachilidae","cavity nester","BENHS",NA,"Higham, Kent, England",51.4310457,0.4709558
"IGproject0829","Anthidium","manicatum","male",1912,7,21,"England","Kent","Gravesend","",4.319,3.748,10.358,3.432,"Megachilidae","cavity nester","BENHS",NA,"Gravesend, Kent, England",51.4424747,0.3694468
"IGproject0830","Anthidium","manicatum","male",1914,6,28,"England","Kent","Gravesend","",4.419,3.715,10.531,3.487,"Megachilidae","cavity nester","BENHS",NA,"Gravesend, Kent, England",51.4424747,0.3694468
"IGproject0831","Andrena","wilkella","male",1920,5,30,"England","Kent","Meopham","",3.012,1.953,7.276,2.192,"Andrenidae","excavator","BENHS",NA,"Meopham, Kent, England",51.360162,0.3639312
"IGproject0832","Andrena","wilkella","male",1920,5,24,"England","Kent","Meopham","",2.849,1.773,7.037,2.084,"Andrenidae","excavator","BENHS",NA,"Meopham, Kent, England",51.360162,0.3639312
"IGproject0833","Andrena","wilkella","male",1911,6,4,"England","Kent","Cobham","",3.038,1.944,7.395,2.2,"Andrenidae","excavator","BENHS",NA,"Cobham, Kent, England",51.3949326,0.4141599
"IGproject0834","Andrena","wilkella","male",1979,6,14,"England","Hampshire","","Old Winchester Hill",2.793,1.627,7.037,1.99,"Andrenidae","excavator","BENHS",NA,"Old Winchester Hill, Hampshire, England",50.9808962,-1.0887924
"IGproject0835","Andrena","wilkella","male",1979,6,26,"England","West Yorkshire","","Newmillerdam Country Park",2.979,1.874,7.539,2.067,"Andrenidae","excavator","BENHS",NA,"Newmillerdam Country Park, West Yorkshire, England",53.6311758,-1.4951474
"IGproject0836","Andrena","wilkella","male",1911,6,4,"England","Kent","Cobham","",3.036,1.873,7.368,2.275,"Andrenidae","excavator","BENHS",NA,"Cobham, Kent, England",51.3949326,0.4141599
"IGproject0837","Andrena","wilkella","female",1938,5,10,"England","Shropshire","","",3.174,2.066,7.62,2.4,"Andrenidae","excavator","BENHS",NA,"Shropshire, England",52.6523394,-2.6435641
"IGproject0838","Andrena","wilkella","male",1974,6,9,"England","Berkshire","Windsor","",2.866,1.791,7.393,2.08,"Andrenidae","excavator","BENHS",NA,"Windsor, Berkshire, England",51.4837886,-0.6040419
"IGproject0839","Andrena","wilkella","female",1918,6,2,"England","Kent","Wrotham","",3.468,2.285,8.035,2.66,"Andrenidae","excavator","BENHS",NA,"Wrotham, Kent, England",51.3104474,0.302978
"IGproject0840","Andrena","wilkella","female",1918,5,19,"England","Kent","Dartford","",3.518,2.279,8.173,2.701,"Andrenidae","excavator","BENHS",NA,"Dartford, Kent, England",51.4443059,0.21807
"IGproject0841","Colletes","succintus","male",1974,7,30,"England","Hampshire","","Woolme Forest",2.968,2.14,6.96,1.805,"Colletidae","excavator","BENHS",NA,"Woolme Forest, Hampshire, England",51.08585472,-0.865868539
"IGproject0842","Colletes","succintus","female",1999,8,30,"England","Bristol","Bristol","Troopers Hill",3.376,2.789,8.566,2.267,"Colletidae","excavator","BENHS",NA,"Troopers Hill, Bristol, Bristol, England",51.4561856,-2.5353019
"IGproject0843","Colletes","succintus","female",1971,8,29,"England","Surrey","Wisley","Wisley Common",3.222,2.718,8.192,2.102,"Colletidae","excavator","BENHS",NA,"Wisley Common, Wisley, Surrey, England",51.3176878,-0.4575655
"IGproject0844","Colletes","succintus","female",1998,8,15,"England","Surrey","Chobham","Chobham Common",3.226,2.573,7.943,2.139,"Colletidae","excavator","BENHS",NA,"Chobham Common, Chobham, Surrey, England",51.3821634,-0.6073194
"IGproject0845","Anthidium","manicatum","male",1976,NA,NA,"England","Oxfordshire","Oxford","30 Cope Close",4.029,3.416,9.722,3.099,"Megachilidae","cavity nester","OUMNH",NA,"30 Cope Close, Oxford, Oxfordshire, England",51.74787238,-1.298262636
"IGproject0846","Anthidium","manicatum","male",1976,NA,NA,"England","Oxfordshire","Oxford","30 Cope Close",3.832,3.36,8.892,2.784,"Megachilidae","cavity nester","OUMNH",NA,"30 Cope Close, Oxford, Oxfordshire, England",51.74787238,-1.298262636
"IGproject0847","Anthidium","manicatum","male",1976,NA,NA,"England","Oxfordshire","Oxford","30 Cope Close",3.934,3.422,9.344,2.952,"Megachilidae","cavity nester","OUMNH",NA,"30 Cope Close, Oxford, Oxfordshire, England",51.74787238,-1.298262636
"IGproject0848","Anthidium","manicatum","male",1977,NA,NA,"England","Oxfordshire","Oxford","30 Cope Close",3.984,3.269,9.057,2.905,"Megachilidae","cavity nester","OUMNH",NA,"30 Cope Close, Oxford, Oxfordshire, England",51.74787238,-1.298262636
"IGproject0849","Anthidium","manicatum","male",1976,NA,NA,"England","Oxfordshire","Oxford","30 Cope Close",4.06,3.464,9.684,3.035,"Megachilidae","cavity nester","OUMNH",NA,"30 Cope Close, Oxford, Oxfordshire, England",51.74787238,-1.298262636
"IGproject0850","Anthidium","manicatum","male",1976,NA,NA,"England","Oxfordshire","Oxford","30 Cope Close",4.286,3.685,10.926,3.532,"Megachilidae","cavity nester","OUMNH",NA,"30 Cope Close, Oxford, Oxfordshire, England",51.74787238,-1.298262636
"IGproject0851","Anthidium","manicatum","male",1976,NA,NA,"England","Oxfordshire","Oxford","30 Cope Close",4.205,3.642,10.616,3.234,"Megachilidae","cavity nester","OUMNH",NA,"30 Cope Close, Oxford, Oxfordshire, England",51.74787238,-1.298262636
"IGproject0852","Anthidium","manicatum","male",1977,NA,NA,"England","Oxfordshire","Oxford","30 Cope Close",4.187,3.628,10.606,3.338,"Megachilidae","cavity nester","OUMNH",NA,"30 Cope Close, Oxford, Oxfordshire, England",51.74787238,-1.298262636
"IGproject0853","Anthidium","manicatum","male",1976,NA,NA,"England","Oxfordshire","Oxford","30 Cope Close",4.43,3.838,11.153,3.685,"Megachilidae","cavity nester","OUMNH",NA,"30 Cope Close, Oxford, Oxfordshire, England",51.74787238,-1.298262636
"IGproject0854","Anthidium","manicatum","male",1976,NA,NA,"England","Oxfordshire","Oxford","30 Cope Close",4.357,3.713,10.757,3.407,"Megachilidae","cavity nester","OUMNH",NA,"30 Cope Close, Oxford, Oxfordshire, England",51.74787238,-1.298262636
"IGproject0855","Anthidium","manicatum","female",1976,NA,NA,"England","Oxfordshire","Oxford","30 Cope Close",4.276,3.709,9.905,3.108,"Megachilidae","cavity nester","OUMNH",NA,"30 Cope Close, Oxford, Oxfordshire, England",51.74787238,-1.298262636
"IGproject0856","Anthidium","manicatum","female",1976,NA,NA,"England","Oxfordshire","Oxford","30 Cope Close",3.864,3.214,8.515,2.532,"Megachilidae","cavity nester","OUMNH",NA,"30 Cope Close, Oxford, Oxfordshire, England",51.74787238,-1.298262636
"IGproject0857","Anthidium","manicatum","female",1976,NA,NA,"England","Oxfordshire","Oxford","30 Cope Close",4.136,3.616,9.635,2.842,"Megachilidae","cavity nester","OUMNH",NA,"30 Cope Close, Oxford, Oxfordshire, England",51.74787238,-1.298262636
"IGproject0858","Anthidium","manicatum","female",1976,NA,NA,"England","Oxfordshire","Oxford","30 Cope Close",3.865,3.252,8.609,2.605,"Megachilidae","cavity nester","OUMNH",NA,"30 Cope Close, Oxford, Oxfordshire, England",51.74787238,-1.298262636
"IGproject0859","Anthidium","manicatum","female",1976,NA,NA,"England","Oxfordshire","Oxford","30 Cope Close",3.997,3.331,9.136,2.648,"Megachilidae","cavity nester","OUMNH",NA,"30 Cope Close, Oxford, Oxfordshire, England",51.74787238,-1.298262636
"IGproject0860","Anthidium","manicatum","female",1977,NA,NA,"England","Oxfordshire","Oxford","30 Cope Close",4.298,3.647,9.877,2.919,"Megachilidae","cavity nester","OUMNH",NA,"30 Cope Close, Oxford, Oxfordshire, England",51.74787238,-1.298262636
"IGproject0861","Anthidium","manicatum","female",1977,NA,NA,"England","Oxfordshire","Oxford","30 Cope Close",4.056,3.421,9.188,2.886,"Megachilidae","cavity nester","OUMNH",NA,"30 Cope Close, Oxford, Oxfordshire, England",51.74787238,-1.298262636
"IGproject0862","Anthidium","manicatum","female",1977,NA,NA,"England","Oxfordshire","Oxford","30 Cope Close",4.037,3.385,8.857,2.872,"Megachilidae","cavity nester","OUMNH",NA,"30 Cope Close, Oxford, Oxfordshire, England",51.74787238,-1.298262636
"IGproject0863","Anthidium","manicatum","female",1977,NA,NA,"England","Oxfordshire","Oxford","30 Cope Close",3.981,3.573,9.172,2.869,"Megachilidae","cavity nester","OUMNH",NA,"30 Cope Close, Oxford, Oxfordshire, England",51.74787238,-1.298262636
"IGproject0864","Anthidium","manicatum","female",1977,NA,NA,"England","Oxfordshire","Oxford","30 Cope Close",4.07,3.475,9.398,2.776,"Megachilidae","cavity nester","OUMNH",NA,"30 Cope Close, Oxford, Oxfordshire, England",51.74787238,-1.298262636
"IGproject0865","Anthidium","manicatum","female",1977,NA,NA,"England","Oxfordshire","Oxford","30 Cope Close",4.052,3.496,9.28,2.808,"Megachilidae","cavity nester","OUMNH",NA,"30 Cope Close, Oxford, Oxfordshire, England",51.74787238,-1.298262636
"IGproject0866","Anthidium","manicatum","female",1977,NA,NA,"England","Oxfordshire","Oxford","30 Cope Close",4.043,3.331,8.922,2.966,"Megachilidae","cavity nester","OUMNH",NA,"30 Cope Close, Oxford, Oxfordshire, England",51.74787238,-1.298262636
"IGproject0867","Nomada","goodeniana","male",1977,5,22,"England","Herefordshire","Hereford","Cusop Dingle",3.195,2.366,9.89,2.749,"Apidae","kleptoparasite","BENHS",NA,"Cusop Dingle, Hereford, Herefordshire, England",52.06468868,-3.110952188
"IGproject0868","Nomada","goodeniana","male",1991,4,27,"England","Kent","Whitstable","",2.514,1.57,8.025,2.227,"Apidae","kleptoparasite","BENHS",NA,"Whitstable, Kent, England",51.3606286,1.0240626
"IGproject0869","Nomada","goodeniana","female",1978,6,1,"England","Devon","Plymouth","",2.948,1.869,8.932,2.633,"Apidae","kleptoparasite","BENHS",NA,"Plymouth, Devon, England",50.4323453,-3.7065512
"IGproject0870","Nomada","goodeniana","female",1978,6,3,"England","Devon","Bigbury","",3.098,2.115,9.766,2.851,"Apidae","kleptoparasite","BENHS",NA,"Bigbury, Devon, England",50.3042614,-3.8750478
"IGproject0871","Nomada","goodeniana","male",1999,4,19,"England","Bristol","Bristol","Troopers Hill",2.78,1.742,8.634,2.435,"Apidae","kleptoparasite","BENHS",NA,"Troopers Hill, Bristol, Bristol, England",51.4561856,-2.5353019
"IGproject0872","Nomada","goodeniana","female",1978,5,28,"England","Devon","Newton Abbot","Yarner Wood",3.065,1.983,9.13,2.675,"Apidae","kleptoparasite","BENHS",NA,"Yarner Wood, Newton Abbot, Devon, England",50.59576339,-3.725632682
"IGproject0873","Nomada","goodeniana","female",1999,4,22,"England","Devon","Branscombe","",3.164,2.16,9.874,2.872,"Apidae","kleptoparasite","BENHS",NA,"Branscombe, Devon, England",50.6999699,-3.1553418
"IGproject0874","Andrena","chrysosceles","male",1986,4,16,"England","Buckinghamshire","","Bovney Lock",2.302,1.323,5.923,1.522,"Andrenidae","excavator","BENHS",NA,"Bovney Lock, Buckinghamshire, England",51.4910955,-0.640906352
"IGproject0875","Andrena","chrysosceles","female",1979,7,7,"England","Hampshire","","Oidham Common",2.961,1.77,8.133,2.351,"Andrenidae","excavator","BENHS",NA,"Oidham Common, Hampshire, England",51.26878407,-0.92177797
"IGproject0876","Andrena","chrysosceles","female",1979,5,27,"England","Hampshire","Leckford","",3.056,2.017,8.323,2.298,"Andrenidae","excavator","BENHS",NA,"Leckford, Hampshire, England",51.1373322,-1.4651968
"IGproject0877","Andrena","chrysosceles","female",1985,7,6,"England","Somerset","","Withial Combe",2.821,1.763,7.762,2.207,"Andrenidae","excavator","BENHS",NA,"Withial Combe, Somerset, England",51.1349333,-2.615262032
"IGproject0878","Andrena","chrysosceles","female",1970,6,13,"England","Oxfordshire","","Bald Hill",2.894,1.795,7.848,2.199,"Andrenidae","excavator","BENHS",NA,"Bald Hill, Oxfordshire, England",51.6507671,-0.9557044
"IGproject0879","Andrena","chrysosceles","female",1985,6,30,"England","Somerset","Rodney Stoke","",2.799,1.679,7.758,2.237,"Andrenidae","excavator","BENHS",NA,"Rodney Stoke, Somerset, England",51.2479877,-2.7369072
"IGproject0880","Andrena","chrysosceles","female",1985,7,2,"England","Somerset","","Postlebury Wood",2.826,1.756,7.891,2.118,"Andrenidae","excavator","BENHS",NA,"Postlebury Wood, Somerset, England",51.1848412,-2.3722059
"IGproject0881","Andrena","chrysosceles","female",1985,6,30,"England","Somerset","Rodney Stoke","",2.235,1.283,6.161,1.738,"Andrenidae","excavator","BENHS",NA,"Rodney Stoke, Somerset, England",51.2479877,-2.7369072
"IGproject0882","Andrena","chrysosceles","female",1985,6,30,"England","Somerset","Rodney Stoke","",2.714,1.598,7.359,2.128,"Andrenidae","excavator","BENHS",NA,"Rodney Stoke, Somerset, England",51.2479877,-2.7369072
"IGproject0883","Andrena","chrysosceles","female",1927,5,14,"England","Dorset","","Yellowham Wood",2.78,1.75,7.71,2.221,"Andrenidae","excavator","BENHS",NA,"Yellowham Wood, Dorset, England",50.74223361,-2.378909966
"IGproject0884","Andrena","chrysosceles","male",1927,6,3,"England","Dorset","","Powerstock Common",2.318,1.435,6.402,1.654,"Andrenidae","excavator","BENHS",NA,"Powerstock Common, Dorset, England",50.7743059,-2.643853
"IGproject0885","Andrena","chrysosceles","female",1938,4,30,"England","Greater London","London","Mill Hill",2.541,1.538,6.982,1.946,"Andrenidae","excavator","BENHS",NA,"Mill Hill, London, Greater London, England",51.6154423,-0.2330675
"IGproject0886","Andrena","chrysosceles","male",1938,4,30,"England","Greater London","London","Mill Hill",2.231,1.249,6.067,1.584,"Andrenidae","excavator","BENHS",NA,"Mill Hill, London, Greater London, England",51.6154423,-0.2330675
"IGproject0887","Andrena","chrysosceles","male",1936,4,26,"England","Greater London","London","Mill Hill",2.519,1.342,6.779,1.762,"Andrenidae","excavator","BENHS",NA,"Mill Hill, London, Greater London, England",51.6154423,-0.2330675
"IGproject0888","Andrena","chrysosceles","female",1927,5,14,"England","Dorset","","Yellowham Wood",2.993,1.869,8.317,2.388,"Andrenidae","excavator","BENHS",NA,"Yellowham Wood, Dorset, England",50.74223361,-2.378909966
"IGproject0889","Megachile","centuncularis","male",1918,6,28,"England","Kent","Gravesend","",3.367,2.464,7.522,2.177,"Megachilidae","cavity nester","BENHS",NA,"Gravesend, Kent, England",51.4424747,0.3694468
"IGproject0890","Megachile","centuncularis","male",1914,7,19,"England","Kent","Darenth","",3.505,2.778,7.463,2.247,"Megachilidae","cavity nester","BENHS",NA,"Darenth, Kent, England",51.4204344,0.2510385
"IGproject0891","Megachile","centuncularis","male",1918,6,21,"England","Kent","Gravesend","",3.441,2.514,7.34,2.035,"Megachilidae","cavity nester","BENHS",NA,"Gravesend, Kent, England",51.4424747,0.3694468
"IGproject0892","Megachile","centuncularis","male",1983,8,6,"England","Buckinghamshire","","",3.463,2.578,7.3,2.054,"Megachilidae","cavity nester","BENHS",NA,"Buckinghamshire, England",51.840894,-0.8998074
"IGproject0893","Megachile","centuncularis","male",1918,6,28,"England","Kent","Gravesend","",3.424,2.673,7.601,2.158,"Megachilidae","cavity nester","BENHS",NA,"Gravesend, Kent, England",51.4424747,0.3694468
"IGproject0894","Megachile","centuncularis","female",1932,8,4,"England","Norfolk","King's Lynn","",3.798,3.206,8.857,2.358,"Megachilidae","cavity nester","BENHS",NA,"King's Lynn, Norfolk, England",52.7538673,0.3954774
"IGproject0895","Megachile","centuncularis","female",1923,7,18,"England","Dorset","","Yellowham Wood",3.658,3.041,8.343,2.288,"Megachilidae","cavity nester","BENHS",NA,"Yellowham Wood, Dorset, England",50.74223361,-2.378909966
"IGproject0896","Megachile","centuncularis","female",1915,7,29,"England","Kent","Chatham","",3.592,3.057,8.048,2.225,"Megachilidae","cavity nester","BENHS",NA,"Chatham, Kent, England",51.3731494,0.5502202
"IGproject0897","Megachile","centuncularis","female",1918,6,23,"England","Kent","Gravesend","",3.703,3.123,8.251,2.365,"Megachilidae","cavity nester","BENHS",NA,"Gravesend, Kent, England",51.4424747,0.3694468
"IGproject0898","Megachile","centuncularis","female",1918,6,23,"England","Kent","Gravesend","",3.65,3.006,8.081,2.371,"Megachilidae","cavity nester","BENHS",NA,"Gravesend, Kent, England",51.4424747,0.3694468
"IGproject0899","Megachile","centuncularis","female",1982,7,10,"England","Buckinghamshire","Burnham","",3.552,3.084,8.227,2.27,"Megachilidae","cavity nester","BENHS",NA,"Burnham, Buckinghamshire, England",51.5362073,-0.6571411
"IGproject0900","Lasioglossum","fulvicorne","male",1964,9,2,"England","Greater London","Keston","",1.659,1.18,5.019,1.202,"Halictidae","excavator","BENHS",NA,"Keston, Greater London, England",51.3609685,0.0290762
"IGproject0901","Lasioglossum","fulvicorne","male",1969,8,24,"England","Oxfordshire","Moulsford","",1.873,1.373,5.582,1.344,"Halictidae","excavator","BENHS",NA,"Moulsford, Oxfordshire, England",51.551939,-1.1496589
"IGproject0902","Lasioglossum","fulvicorne","male",1968,10,6,"England","Surrey","","White Down",1.709,1.198,5.054,1.258,"Halictidae","excavator","BENHS",NA,"White Down, Surrey, England",51.2271473,-0.4095533
"IGproject0903","Lasioglossum","fulvicorne","female",1971,5,9,"England","Berkshire","Windsor","",1.815,1.276,5.437,1.433,"Halictidae","excavator","BENHS",NA,"Windsor, Berkshire, England",51.4837886,-0.6040419
"IGproject0904","Lasioglossum","fulvicorne","female",1974,8,17,"England","Hampshire","Leckford","",1.765,1.307,5.323,1.454,"Halictidae","excavator","BENHS",NA,"Leckford, Hampshire, England",51.1373322,-1.4651968
"IGproject0905","Lasioglossum","fulvicorne","female",1921,6,8,"England","Kent","Fawkham","",1.839,1.306,5.403,1.422,"Halictidae","excavator","BENHS",NA,"Fawkham, Kent, England",51.3762035,0.2811518
"IGproject0906","Lasioglossum","fulvicorne","female",1914,5,31,"England","Kent","Halling","",1.812,1.34,5.398,1.454,"Halictidae","excavator","BENHS",NA,"Halling, Kent, England",51.354593,0.4440944
"IGproject0907","Lasioglossum","fulvicorne","female",1911,7,30,"England","Kent","Gravesend","",1.762,1.271,5.027,1.345,"Halictidae","excavator","BENHS",NA,"Gravesend, Kent, England",51.4424747,0.3694468
"IGproject0908","Lasioglossum","fulvicorne","male",1904,8,27,"England","Berkshire","Newbury","",1.72,1.201,4.931,1.197,"Halictidae","excavator","BENHS",NA,"Newbury, Berkshire, England",51.4020243,-1.3242212
"IGproject0909","Lasioglossum","fulvicorne","female",1968,10,6,"England","Surrey","","White Down",1.775,1.273,5.243,1.341,"Halictidae","excavator","BENHS",NA,"White Down, Surrey, England",51.2271473,-0.4095533
"IGproject0910","Hylaeus","hyalinatus","male",1983,7,8,"England","Cornwall","","Tregardock Beach",1.583,1.127,4.068,0.984,"Colletidae","cavity nester","BENHS",NA,"Tregardock Beach, Cornwall, England",50.6240515,-4.770595
"IGproject0911","Hylaeus","hyalinatus","male",1983,7,9,"England","Cornwall","Lizard","",1.729,1.423,4.389,1.086,"Colletidae","cavity nester","BENHS",NA,"Lizard, Cornwall, England",49.9588849,-5.2063788
"IGproject0912","Hylaeus","hyalinatus","male",1982,7,10,"England","Buckinghamshire","Burnham","",1.616,1.227,4.246,1.058,"Colletidae","cavity nester","BENHS",NA,"Burnham, Buckinghamshire, England",51.5362073,-0.6571411
"IGproject0913","Hylaeus","hyalinatus","female",1970,6,28,"England","Surrey","Milford","",1.644,1.292,4.478,1.12,"Colletidae","cavity nester","BENHS",NA,"Milford, Surrey, England",51.163179,-0.6368939
"IGproject0914","Hylaeus","hyalinatus","female",1918,6,21,"England","Kent","Gravesend","",1.733,1.321,4.55,1.122,"Colletidae","cavity nester","BENHS",NA,"Gravesend, Kent, England",51.4424747,0.3694468
"IGproject0915","Hylaeus","hyalinatus","female",1982,5,31,"England","Buckinghamshire","Burnham","",1.67,1.246,4.517,1.089,"Colletidae","cavity nester","BENHS",NA,"Burnham, Buckinghamshire, England",51.5362073,-0.6571411
"IGproject0916","Hylaeus","hyalinatus","female",1983,8,6,"England","Buckinghamshire","Burnham","",1.54,1.195,4.304,0.986,"Colletidae","cavity nester","BENHS",NA,"Burnham, Buckinghamshire, England",51.5362073,-0.6571411
"IGproject0917","Hylaeus","hyalinatus","female",1937,7,11,"England","Dorset","Dorchester","",1.64,1.265,4.487,1.098,"Colletidae","cavity nester","BENHS",NA,"Dorchester, Dorset, England",50.7132064,-2.4371229
"IGproject0918","Hylaeus","hyalinatus","female",1982,6,23,"England","Buckinghamshire","Burnham","",1.712,1.347,4.59,1.1,"Colletidae","cavity nester","BENHS",NA,"Burnham, Buckinghamshire, England",51.5362073,-0.6571411
"IGproject0919","Colletes","succintus","male",1973,8,27,"England","Noth Yorkshire","","Sleddale Beck",3.246,2.495,7.719,2.06,"Colletidae","excavator","OUMNH",NA,"Sleddale Beck, Noth Yorkshire, England",54.48524892,-1.02487434
"IGproject0920","Colletes","succintus","male",1973,8,27,"England","Noth Yorkshire","","Sleddale Beck",3.11,2.221,7.473,1.999,"Colletidae","excavator","OUMNH",NA,"Sleddale Beck, Noth Yorkshire, England",54.48524892,-1.02487434
"IGproject0921","Colletes","succintus","male",1973,8,27,"England","Noth Yorkshire","","Sleddale Beck",3.027,2.268,7.259,1.878,"Colletidae","excavator","OUMNH",NA,"Sleddale Beck, Noth Yorkshire, England",54.48524892,-1.02487434
"IGproject0922","Colletes","succintus","male",1973,8,27,"England","Noth Yorkshire","","Sleddale Beck",3.059,2.328,7.414,1.921,"Colletidae","excavator","OUMNH",NA,"Sleddale Beck, Noth Yorkshire, England",54.48524892,-1.02487434
"IGproject0923","Colletes","succintus","male",1973,8,27,"England","Noth Yorkshire","","Sleddale Beck",3.153,2.352,7.23,1.921,"Colletidae","excavator","OUMNH",NA,"Sleddale Beck, Noth Yorkshire, England",54.48524892,-1.02487434
"IGproject0924","Colletes","succintus","male",1973,8,27,"England","Noth Yorkshire","","Sleddale Beck",3.171,2.41,7.602,1.964,"Colletidae","excavator","OUMNH",NA,"Sleddale Beck, Noth Yorkshire, England",54.48524892,-1.02487434
"IGproject0925","Colletes","succintus","male",1973,8,27,"England","Noth Yorkshire","","Sleddale Beck",2.981,2.371,6.781,1.865,"Colletidae","excavator","OUMNH",NA,"Sleddale Beck, Noth Yorkshire, England",54.48524892,-1.02487434
"IGproject0926","Colletes","succintus","male",1973,8,27,"England","Noth Yorkshire","","Sleddale Beck",3.108,2.392,7.342,1.965,"Colletidae","excavator","OUMNH",NA,"Sleddale Beck, Noth Yorkshire, England",54.48524892,-1.02487434
"IGproject0927","Colletes","succintus","male",1973,8,27,"England","Noth Yorkshire","","Sleddale Beck",3.143,2.403,7.672,1.948,"Colletidae","excavator","OUMNH",NA,"Sleddale Beck, Noth Yorkshire, England",54.48524892,-1.02487434
"IGproject0928","Colletes","succintus","male",1973,8,27,"England","Noth Yorkshire","","Sleddale Beck",3.171,2.533,7.658,2.053,"Colletidae","excavator","OUMNH",NA,"Sleddale Beck, Noth Yorkshire, England",54.48524892,-1.02487434
"IGproject0929","Colletes","succintus","male",1973,8,27,"England","Noth Yorkshire","","Sleddale Beck",3.031,2.477,7.108,1.902,"Colletidae","excavator","OUMNH",NA,"Sleddale Beck, Noth Yorkshire, England",54.48524892,-1.02487434
"IGproject0930","Colletes","succintus","male",1973,8,27,"England","Noth Yorkshire","","Sleddale Beck",3.144,2.436,7.411,1.984,"Colletidae","excavator","OUMNH",NA,"Sleddale Beck, Noth Yorkshire, England",54.48524892,-1.02487434
"IGproject0931","Colletes","succintus","male",1973,8,27,"England","Noth Yorkshire","","Sleddale Beck",3.125,2.369,7.528,1.896,"Colletidae","excavator","OUMNH",NA,"Sleddale Beck, Noth Yorkshire, England",54.48524892,-1.02487434
"IGproject0932","Colletes","succintus","male",1973,8,27,"England","Noth Yorkshire","","Sleddale Beck",3.131,2.465,7.803,1.967,"Colletidae","excavator","OUMNH",NA,"Sleddale Beck, Noth Yorkshire, England",54.48524892,-1.02487434
"IGproject0933","Colletes","succintus","male",1973,8,27,"England","Noth Yorkshire","","Sleddale Beck",3.181,2.51,7.633,1.982,"Colletidae","excavator","OUMNH",NA,"Sleddale Beck, Noth Yorkshire, England",54.48524892,-1.02487434
"IGproject0934","Colletes","succintus","male",1973,8,27,"England","Noth Yorkshire","","Sleddale Beck",3.191,2.441,7.695,1.971,"Colletidae","excavator","OUMNH",NA,"Sleddale Beck, Noth Yorkshire, England",54.48524892,-1.02487434
"IGproject0935","Colletes","succintus","female",1973,8,27,"England","Noth Yorkshire","","Sleddale Beck",3.101,2.406,7.903,2.081,"Colletidae","excavator","OUMNH",NA,"Sleddale Beck, Noth Yorkshire, England",54.48524892,-1.02487434
"IGproject0936","Colletes","succintus","female",1973,8,27,"England","Noth Yorkshire","","Sleddale Beck",3.624,2.868,8.784,2.469,"Colletidae","excavator","OUMNH",NA,"Sleddale Beck, Noth Yorkshire, England",54.48524892,-1.02487434
"IGproject0937","Colletes","succintus","female",1973,8,27,"England","Noth Yorkshire","","Sleddale Beck",3.367,2.657,8.479,2.343,"Colletidae","excavator","OUMNH",NA,"Sleddale Beck, Noth Yorkshire, England",54.48524892,-1.02487434
"IGproject0938","Colletes","succintus","female",1973,8,27,"England","Noth Yorkshire","","Sleddale Beck",3.496,2.853,8.467,2.388,"Colletidae","excavator","OUMNH",NA,"Sleddale Beck, Noth Yorkshire, England",54.48524892,-1.02487434
"IGproject0939","Colletes","succintus","female",1973,8,27,"England","Noth Yorkshire","","Sleddale Beck",3.458,2.79,8.855,2.343,"Colletidae","excavator","OUMNH",NA,"Sleddale Beck, Noth Yorkshire, England",54.48524892,-1.02487434
"IGproject0940","Colletes","succintus","female",1973,8,27,"England","Noth Yorkshire","","Sleddale Beck",3.333,2.595,8.268,2.192,"Colletidae","excavator","OUMNH",NA,"Sleddale Beck, Noth Yorkshire, England",54.48524892,-1.02487434
"IGproject0941","Colletes","succintus","female",1973,8,27,"England","Noth Yorkshire","","Sleddale Beck",3.331,2.613,8.62,2.191,"Colletidae","excavator","OUMNH",NA,"Sleddale Beck, Noth Yorkshire, England",54.48524892,-1.02487434
"IGproject0942","Colletes","succintus","female",1973,8,27,"England","Noth Yorkshire","","Sleddale Beck",3.534,2.9,8.709,2.48,"Colletidae","excavator","OUMNH",NA,"Sleddale Beck, Noth Yorkshire, England",54.48524892,-1.02487434
"IGproject0943","Colletes","succintus","female",1973,8,27,"England","Noth Yorkshire","","Sleddale Beck",3.374,2.82,8.572,2.286,"Colletidae","excavator","OUMNH",NA,"Sleddale Beck, Noth Yorkshire, England",54.48524892,-1.02487434
"IGproject0944","Colletes","succintus","female",1973,8,27,"England","Noth Yorkshire","","Sleddale Beck",3.26,2.485,7.715,2.162,"Colletidae","excavator","OUMNH",NA,"Sleddale Beck, Noth Yorkshire, England",54.48524892,-1.02487434
"IGproject0945","Colletes","succintus","male",1973,8,27,"England","Noth Yorkshire","","Sleddale Beck",2.991,2.369,6.932,1.771,"Colletidae","excavator","OUMNH",NA,"Sleddale Beck, Noth Yorkshire, England",54.48524892,-1.02487434
"IGproject0946","Colletes","succintus","male",1973,8,27,"England","Noth Yorkshire","","Sleddale Beck",3.284,2.603,7.826,2.061,"Colletidae","excavator","OUMNH",NA,"Sleddale Beck, Noth Yorkshire, England",54.48524892,-1.02487434
"IGproject0947","Colletes","succintus","male",1973,8,27,"England","Noth Yorkshire","","Sleddale Beck",3.163,2.38,7.247,1.954,"Colletidae","excavator","OUMNH",NA,"Sleddale Beck, Noth Yorkshire, England",54.48524892,-1.02487434
"IGproject0948","Colletes","succintus","male",1973,8,27,"England","Noth Yorkshire","","Sleddale Beck",3.339,2.428,7.372,2.077,"Colletidae","excavator","OUMNH",NA,"Sleddale Beck, Noth Yorkshire, England",54.48524892,-1.02487434
"IGproject0949","Colletes","succintus","male",1973,8,27,"England","Noth Yorkshire","","Sleddale Beck",3.239,2.561,7.625,1.953,"Colletidae","excavator","OUMNH",NA,"Sleddale Beck, Noth Yorkshire, England",54.48524892,-1.02487434
"IGproject0950","Colletes","succintus","male",1973,8,27,"England","Noth Yorkshire","","Sleddale Beck",3.168,2.481,7.575,2.009,"Colletidae","excavator","OUMNH",NA,"Sleddale Beck, Noth Yorkshire, England",54.48524892,-1.02487434
"IGproject0951","Colletes","succintus","male",1973,8,27,"England","Noth Yorkshire","","Sleddale Beck",3.135,2.362,7.242,2.032,"Colletidae","excavator","OUMNH",NA,"Sleddale Beck, Noth Yorkshire, England",54.48524892,-1.02487434
"IGproject0952","Colletes","succintus","male",1973,8,27,"England","Noth Yorkshire","","Sleddale Beck",3.132,2.355,7.257,2.029,"Colletidae","excavator","OUMNH",NA,"Sleddale Beck, Noth Yorkshire, England",54.48524892,-1.02487434
"IGproject0953","Colletes","succintus","male",1973,8,27,"England","Noth Yorkshire","","Sleddale Beck",3.182,2.405,7.385,1.93,"Colletidae","excavator","OUMNH",NA,"Sleddale Beck, Noth Yorkshire, England",54.48524892,-1.02487434
"IGproject0954","Colletes","succintus","male",1973,8,27,"England","Noth Yorkshire","","Sleddale Beck",3.209,2.583,7.721,2.035,"Colletidae","excavator","OUMNH",NA,"Sleddale Beck, Noth Yorkshire, England",54.48524892,-1.02487434
"IGproject0955","Colletes","succintus","male",1973,8,27,"England","Noth Yorkshire","","Sleddale Beck",3.136,2.406,7.556,2.036,"Colletidae","excavator","OUMNH",NA,"Sleddale Beck, Noth Yorkshire, England",54.48524892,-1.02487434
"IGproject0956","Colletes","succintus","male",1973,8,27,"England","Noth Yorkshire","","Sleddale Beck",3.185,2.407,7.32,2.039,"Colletidae","excavator","OUMNH",NA,"Sleddale Beck, Noth Yorkshire, England",54.48524892,-1.02487434
"IGproject0957","Colletes","succintus","male",1973,8,27,"England","Noth Yorkshire","","Sleddale Beck",3.261,2.577,7.611,2.152,"Colletidae","excavator","OUMNH",NA,"Sleddale Beck, Noth Yorkshire, England",54.48524892,-1.02487434
"IGproject0958","Colletes","succintus","male",1973,8,27,"England","Noth Yorkshire","","Sleddale Beck",3.022,2.304,7.091,1.928,"Colletidae","excavator","OUMNH",NA,"Sleddale Beck, Noth Yorkshire, England",54.48524892,-1.02487434
"IGproject0959","Colletes","succintus","male",1973,8,27,"England","Noth Yorkshire","","Sleddale Beck",3.223,2.516,7.33,2.036,"Colletidae","excavator","OUMNH",NA,"Sleddale Beck, Noth Yorkshire, England",54.48524892,-1.02487434
"IGproject0960","Colletes","succintus","female",1973,8,27,"England","Noth Yorkshire","","Sleddale Beck",3.071,2.297,6.912,1.946,"Colletidae","excavator","OUMNH",NA,"Sleddale Beck, Noth Yorkshire, England",54.48524892,-1.02487434
"IGproject0961","Colletes","succintus","female",1973,8,27,"England","Noth Yorkshire","","Sleddale Beck",3.42,2.829,8.693,2.303,"Colletidae","excavator","OUMNH",NA,"Sleddale Beck, Noth Yorkshire, England",54.48524892,-1.02487434
"IGproject0962","Colletes","succintus","female",1973,8,27,"England","Noth Yorkshire","","Sleddale Beck",3.53,2.994,8.491,2.435,"Colletidae","excavator","OUMNH",NA,"Sleddale Beck, Noth Yorkshire, England",54.48524892,-1.02487434
"IGproject0963","Colletes","succintus","female",1973,8,27,"England","Noth Yorkshire","","Sleddale Beck",3.429,2.708,8.818,2.288,"Colletidae","excavator","OUMNH",NA,"Sleddale Beck, Noth Yorkshire, England",54.48524892,-1.02487434
"IGproject0964","Colletes","succintus","female",1973,8,27,"England","Noth Yorkshire","","Sleddale Beck",3.471,2.829,8.854,2.36,"Colletidae","excavator","OUMNH",NA,"Sleddale Beck, Noth Yorkshire, England",54.48524892,-1.02487434
"IGproject0965","Colletes","succintus","female",1973,8,27,"England","Noth Yorkshire","","Sleddale Beck",3.376,2.762,7.811,2.247,"Colletidae","excavator","OUMNH",NA,"Sleddale Beck, Noth Yorkshire, England",54.48524892,-1.02487434
"IGproject0966","Colletes","succintus","female",1973,8,27,"England","Noth Yorkshire","","Sleddale Beck",3.422,2.882,8.668,2.265,"Colletidae","excavator","OUMNH",NA,"Sleddale Beck, Noth Yorkshire, England",54.48524892,-1.02487434
"IGproject0967","Colletes","succintus","female",1973,8,27,"England","Noth Yorkshire","","Sleddale Beck",3.457,2.938,8.607,2.331,"Colletidae","excavator","OUMNH",NA,"Sleddale Beck, Noth Yorkshire, England",54.48524892,-1.02487434
"IGproject0968","Colletes","succintus","female",1973,8,27,"England","Noth Yorkshire","","Sleddale Beck",3.508,2.895,9.074,2.407,"Colletidae","excavator","OUMNH",NA,"Sleddale Beck, Noth Yorkshire, England",54.48524892,-1.02487434
"IGproject0969","Colletes","succintus","female",1973,8,27,"England","Noth Yorkshire","","Sleddale Beck",3.486,2.736,8.831,2.401,"Colletidae","excavator","OUMNH",NA,"Sleddale Beck, Noth Yorkshire, England",54.48524892,-1.02487434
"IGproject0970","Colletes","succintus","female",1973,8,27,"England","Noth Yorkshire","","Sleddale Beck",3.339,2.703,8.505,2.271,"Colletidae","excavator","OUMNH",NA,"Sleddale Beck, Noth Yorkshire, England",54.48524892,-1.02487434
"IGproject0971","Colletes","succintus","female",1973,8,27,"England","Noth Yorkshire","","Sleddale Beck",3.481,2.878,8.917,2.317,"Colletidae","excavator","OUMNH",NA,"Sleddale Beck, Noth Yorkshire, England",54.48524892,-1.02487434
"IGproject0972","Colletes","succintus","female",1973,8,27,"England","Noth Yorkshire","","Sleddale Beck",3.554,2.994,8.687,2.473,"Colletidae","excavator","OUMNH",NA,"Sleddale Beck, Noth Yorkshire, England",54.48524892,-1.02487434
"IGproject0973","Colletes","succintus","female",1973,8,27,"England","Noth Yorkshire","","Sleddale Beck",3.446,2.669,8.704,2.314,"Colletidae","excavator","OUMNH",NA,"Sleddale Beck, Noth Yorkshire, England",54.48524892,-1.02487434
"IGproject0974","Nomada","flava","female",1916,5,NA,"England","Devon","Paignton","",2.659,1.739,8.921,2.485,"Apidae","kleptoparasite","OUMNH",NA,"Paignton, Devon, England",50.4377018,-3.5632704
"IGproject0975","Nomada","flava","female",1916,5,NA,"England","Devon","Paignton","",2.747,1.877,9.291,2.572,"Apidae","kleptoparasite","OUMNH",NA,"Paignton, Devon, England",50.4377018,-3.5632704
"IGproject0976","Nomada","flava","female",1916,5,NA,"England","Devon","Paignton","",2.793,1.947,9.328,2.691,"Apidae","kleptoparasite","OUMNH",NA,"Paignton, Devon, England",50.4377018,-3.5632704
"IGproject0977","Nomada","flava","female",1916,5,NA,"England","Devon","Paignton","",2.412,1.553,8.013,2.3,"Apidae","kleptoparasite","OUMNH",NA,"Paignton, Devon, England",50.4377018,-3.5632704
"IGproject0978","Nomada","flava","female",1915,6,3,"England","Devon","Brixham","Churston Ferrers",2.933,2.036,9.818,2.796,"Apidae","kleptoparasite","OUMNH",NA,"Churston Ferrers, Brixham, Devon, England",50.3945707,-3.565572
"IGproject0979","Nomada","flava","female",1921,5,NA,"England","Devon","Newton Abbot","",2.805,1.979,9.455,2.744,"Apidae","kleptoparasite","OUMNH",NA,"Newton Abbot, Devon, England",50.5296441,-3.6112097
"IGproject0980","Nomada","flava","female",1916,5,NA,"England","Devon","Paignton","",2.346,1.571,7.976,2.262,"Apidae","kleptoparasite","OUMNH",NA,"Paignton, Devon, England",50.4377018,-3.5632704
"IGproject0981","Nomada","flava","female",1908,5,30,"England","West Midlands","Knowle","",2.784,1.96,9.43,2.806,"Apidae","kleptoparasite","OUMNH",NA,"Knowle, West Midlands, England",52.3932659,-1.738959
"IGproject0982","Nomada","flava","female",1916,5,NA,"England","Devon","Paignton","",2.424,1.613,8.099,2.39,"Apidae","kleptoparasite","OUMNH",NA,"Paignton, Devon, England",50.4377018,-3.5632704
"IGproject0983","Nomada","flava","female",1915,5,17,"England","Gloucestershire","Wotton-under-Edge","",2.789,1.911,9.613,2.664,"Apidae","kleptoparasite","OUMNH",NA,"Wotton-under-Edge, Gloucestershire, England",51.6378241,-2.3547251
"IGproject0984","Nomada","flava","female",1921,5,NA,"England","Devon","Newton Abbot","",2.511,1.648,8.59,2.472,"Apidae","kleptoparasite","OUMNH",NA,"Newton Abbot, Devon, England",50.5296441,-3.6112097
"IGproject0985","Nomada","flava","female",1915,5,18,"England","Gloucestershire","Wotton-under-Edge","",2.833,1.948,9.48,2.777,"Apidae","kleptoparasite","OUMNH",NA,"Wotton-under-Edge, Gloucestershire, England",51.6378241,-2.3547251
"IGproject0986","Nomada","flava","female",1902,5,25,"England","Surrey","Wimbledon","",2.883,2.016,9.881,2.709,"Apidae","kleptoparasite","OUMNH",NA,"Wimbledon, Surrey, England",51.3525629,-0.7252222
"IGproject0987","Nomada","flava","female",1918,5,19,"England","Devon","Paignton","",2.853,1.983,9.605,2.77,"Apidae","kleptoparasite","OUMNH",NA,"Paignton, Devon, England",50.4377018,-3.5632704
"IGproject0988","Nomada","flava","female",1915,5,18,"England","Gloucestershire","Wotton-under-Edge","",2.239,1.387,7.371,2.161,"Apidae","kleptoparasite","OUMNH",NA,"Wotton-under-Edge, Gloucestershire, England",51.6378241,-2.3547251
"IGproject0989","Nomada","flava","female",1918,5,19,"England","Devon","Paignton","",2.203,1.369,7.349,2,"Apidae","kleptoparasite","OUMNH",NA,"Paignton, Devon, England",50.4377018,-3.5632704
"IGproject0990","Nomada","flava","female",1947,5,11,"England","Devon","Sheepstor","",2.416,1.675,7.927,2.19,"Apidae","kleptoparasite","OUMNH",NA,"Sheepstor, Devon, England",50.4908765,-4.0318718
"IGproject0991","Nomada","flava","female",1947,5,1,"England","Devon","Sheepstor","",2.517,1.734,8.097,2.259,"Apidae","kleptoparasite","OUMNH",NA,"Sheepstor, Devon, England",50.4908765,-4.0318718
"IGproject0992","Nomada","flava","female",1947,5,1,"England","Devon","Sheepstor","",2.438,1.663,8.08,2.315,"Apidae","kleptoparasite","OUMNH",NA,"Sheepstor, Devon, England",50.4908765,-4.0318718
"IGproject0993","Nomada","flava","female",1947,5,11,"England","Devon","Sheepstor","",2.358,1.628,7.71,2.274,"Apidae","kleptoparasite","OUMNH",NA,"Sheepstor, Devon, England",50.4908765,-4.0318718
"IGproject0994","Nomada","flava","female",1947,5,1,"England","Devon","Sheepstor","",2.517,1.703,8.122,2.372,"Apidae","kleptoparasite","OUMNH",NA,"Sheepstor, Devon, England",50.4908765,-4.0318718
"IGproject0995","Nomada","flava","female",1947,5,11,"England","Devon","Sheepstor","",2.452,1.69,8.006,2.332,"Apidae","kleptoparasite","OUMNH",NA,"Sheepstor, Devon, England",50.4908765,-4.0318718
"IGproject0996","Nomada","flava","female",1947,5,11,"England","Devon","Dewerstone","",2.477,1.708,8.242,2.309,"Apidae","kleptoparasite","OUMNH",NA,"Dewerstone, Devon, England",50.4566379,-4.0611944
"IGproject0997","Nomada","flava","female",1946,5,4,"England","Devon","Plymouth","Dewerstone Forest, Near Shaugh Prior",2.192,1.428,7.067,2.11,"Apidae","kleptoparasite","OUMNH",NA,"Dewerstone Forest, Near Shaugh Prior, Plymouth, Devon, England",50.45504038,-4.059848681
"IGproject0998","Nomada","flava","female",1947,5,11,"England","Devon","Sheepstor","",2.402,1.684,8.11,2.33,"Apidae","kleptoparasite","OUMNH",NA,"Sheepstor, Devon, England",50.4908765,-4.0318718
"IGproject0999","Nomada","flava","female",1947,5,11,"England","Devon","Sheepstor","",2.5,1.733,8.285,2.444,"Apidae","kleptoparasite","OUMNH",NA,"Sheepstor, Devon, England",50.4908765,-4.0318718
"IGproject1000","Nomada","flava","female",1947,5,11,"England","Devon","Sheepstor","",2.149,1.405,7.08,1.972,"Apidae","kleptoparasite","OUMNH",NA,"Sheepstor, Devon, England",50.4908765,-4.0318718
"IGproject1001","Nomada","flava","female",1943,5,43,"England","Hampshire","","New Forest",2.069,1.35,6.699,1.974,"Apidae","kleptoparasite","OUMNH",NA,"New Forest, Hampshire, England",50.8557268,-1.5956844
"IGproject1002","Nomada","flava","female",1947,5,11,"England","Devon","Sheepstor","",2.056,1.277,6.701,1.946,"Apidae","kleptoparasite","OUMNH",NA,"Sheepstor, Devon, England",50.4908765,-4.0318718
"IGproject1003","Nomada","flava","female",1979,5,14,"England","Devon","Sheepstor","",2.531,1.755,8.368,2.342,"Apidae","kleptoparasite","OUMNH",NA,"Sheepstor, Devon, England",50.4908765,-4.0318718
"IGproject1004","Nomada","flava","female",1943,5,16,"England","Hampshire","Lyndhurst","",2.462,1.687,7.925,2.285,"Apidae","kleptoparasite","OUMNH",NA,"Lyndhurst, Hampshire, England",50.8727657,-1.5748436
"IGproject1005","Nomada","flava","female",1936,5,3,"England","Devon","Dartmoor","Hexworthy",2.5,1.76,8.277,2.421,"Apidae","kleptoparasite","OUMNH",NA,"Hexworthy, Dartmoor, Devon, England",50.5379971,-3.8990284
"IGproject1006","Nomada","flava","female",1930,4,25,"England","Devon","Plymouth","Dewerstone Forest, Near Shaugh Prior",2.457,1.77,8.239,2.322,"Apidae","kleptoparasite","OUMNH",NA,"Dewerstone Forest, Near Shaugh Prior, Plymouth, Devon, England",50.45504038,-4.059848681
"IGproject1007","Nomada","flava","female",1930,4,25,"England","Devon","Plymouth","Dewerstone Forest, Near Shaugh Prior",2.448,1.655,8.038,2.244,"Apidae","kleptoparasite","OUMNH",NA,"Dewerstone Forest, Near Shaugh Prior, Plymouth, Devon, England",50.45504038,-4.059848681
"IGproject1008","Nomada","flava","female",1930,4,25,"England","Devon","Plymouth","Dewerstone Forest, Near Shaugh Prior",2.477,1.73,8.152,2.373,"Apidae","kleptoparasite","OUMNH",NA,"Dewerstone Forest, Near Shaugh Prior, Plymouth, Devon, England",50.45504038,-4.059848681
"IGproject1009","Nomada","flava","female",1947,5,4,"England","Devon","Plymouth","Dewerstone Forest, Near Shaugh Prior",2.389,1.563,7.689,2.177,"Apidae","kleptoparasite","OUMNH",NA,"Dewerstone Forest, Near Shaugh Prior, Plymouth, Devon, England",50.45504038,-4.059848681
"IGproject1010","Nomada","flava","female",1946,5,4,"England","Devon","Plymouth","Dewerstone Forest, Near Shaugh Prior",2.31,1.555,7.805,2.116,"Apidae","kleptoparasite","OUMNH",NA,"Dewerstone Forest, Near Shaugh Prior, Plymouth, Devon, England",50.45504038,-4.059848681
"IGproject1011","Nomada","flava","male",1918,4,27,"England","Devon","Paignton","",2.368,1.438,7.542,2.085,"Apidae","kleptoparasite","OUMNH",NA,"Paignton, Devon, England",50.4377018,-3.5632704
"IGproject1012","Nomada","flava","male",1918,5,19,"England","Devon","Paignton","",2.847,1.92,9.326,2.556,"Apidae","kleptoparasite","OUMNH",NA,"Paignton, Devon, England",50.4377018,-3.5632704
"IGproject1013","Nomada","flava","male",1916,5,NA,"England","Devon","Paignton","",2.37,1.49,7.554,2.094,"Apidae","kleptoparasite","OUMNH",NA,"Paignton, Devon, England",50.4377018,-3.5632704
"IGproject1014","Nomada","flava","male",1915,6,3,"England","Devon","Brixham","Churston Ferrers",2.892,2.001,9.355,2.522,"Apidae","kleptoparasite","OUMNH",NA,"Churston Ferrers, Brixham, Devon, England",50.3945707,-3.565572
"IGproject1015","Nomada","flava","male",1916,5,NA,"England","Devon","Paignton","",2.818,1.854,9.021,2.353,"Apidae","kleptoparasite","OUMNH",NA,"Paignton, Devon, England",50.4377018,-3.5632704
"IGproject1016","Nomada","flava","male",1914,4,25,"England","Devon","Chudleigh","Ugbrooke",2.376,1.448,7.726,2.137,"Apidae","kleptoparasite","OUMNH",NA,"Ugbrooke, Chudleigh, Devon, England",50.5914631,-3.5899397
"IGproject1017","Nomada","flava","male",1897,5,NA,"Wales","Monmouthshire","Raglan","",2.837,1.969,9.287,2.507,"Apidae","kleptoparasite","OUMNH",NA,"Raglan, Monmouthshire, Wales",51.7650543,-2.8540602
"IGproject1018","Nomada","flava","male",1916,5,NA,"England","Devon","Paignton","",2.034,1.201,6.312,1.754,"Apidae","kleptoparasite","OUMNH",NA,"Paignton, Devon, England",50.4377018,-3.5632704
"IGproject1019","Nomada","flava","male",1914,4,25,"England","Devon","Chudleigh","Ugbrooke",2.232,1.404,7.367,1.932,"Apidae","kleptoparasite","OUMNH",NA,"Ugbrooke, Chudleigh, Devon, England",50.5914631,-3.5899397
"IGproject1020","Nomada","flava","male",1915,5,31,"England","Devon","Newton Abbot","",2.757,1.87,9.134,2.495,"Apidae","kleptoparasite","OUMNH",NA,"Newton Abbot, Devon, England",50.5296441,-3.6112097
"IGproject1021","Nomada","flava","male",1918,5,19,"England","Devon","Brixham","Churston Ferrers",2.709,1.814,8.921,2.37,"Apidae","kleptoparasite","OUMNH",NA,"Churston Ferrers, Brixham, Devon, England",50.3945707,-3.565572
"IGproject1022","Nomada","flava","male",1897,5,NA,"Wales","Monmouthshire","Raglan","",2.958,1.988,9.583,2.657,"Apidae","kleptoparasite","OUMNH",NA,"Raglan, Monmouthshire, Wales",51.7650543,-2.8540602
"IGproject1023","Nomada","flava","male",1914,4,25,"England","Devon","Chudleigh","Ugbrooke",2.694,1.823,9.146,2.451,"Apidae","kleptoparasite","OUMNH",NA,"Ugbrooke, Chudleigh, Devon, England",50.5914631,-3.5899397
"IGproject1024","Nomada","flava","male",1916,5,NA,"England","Devon","Paignton","",2.347,1.486,7.379,2.013,"Apidae","kleptoparasite","OUMNH",NA,"Paignton, Devon, England",50.4377018,-3.5632704
"IGproject1025","Nomada","flava","male",1913,5,13,"England","Devon","Newton Abbot","",2.738,1.844,8.974,2.403,"Apidae","kleptoparasite","OUMNH",NA,"Newton Abbot, Devon, England",50.5296441,-3.6112097
"IGproject1026","Nomada","flava","male",1897,5,NA,"Wales","Monmouthshire","Raglan","",2.912,1.937,9.408,2.526,"Apidae","kleptoparasite","OUMNH",NA,"Raglan, Monmouthshire, Wales",51.7650543,-2.8540602
"IGproject1027","Nomada","flava","female",1914,5,20,"England","Devon","Bovey Tracey","",2.557,1.782,8.76,2.592,"Apidae","kleptoparasite","OUMNH",NA,"Bovey Tracey, Devon, England",50.6046632,-3.6856762
"IGproject1028","Nomada","flava","male",1992,5,13,"England","Oxfordshire","Oxford","Wolfson College",2.46,1.601,8.051,2.271,"Apidae","kleptoparasite","OUMNH",NA,"Wolfson College, Oxford, Oxfordshire, England",51.7711141,-1.2543347
"IGproject1029","Nomada","flava","male",1992,5,13,"England","Oxfordshire","Oxford","Wolfson College",2.926,1.949,9.483,2.551,"Apidae","kleptoparasite","OUMNH",NA,"Wolfson College, Oxford, Oxfordshire, England",51.7711141,-1.2543347
"IGproject1030","Nomada","flava","female",2002,5,16,"England","Oxfordshire","Oxford","Shotover",2.782,2.018,9.386,2.609,"Apidae","kleptoparasite","OUMNH",NA,"Shotover, Oxford, Oxfordshire, England",51.7561128,-1.1551229
"IGproject1031","Nomada","flava","male",1992,4,29,"England","Oxfordshire","Oxford","Wolfson College",2.818,1.896,8.989,2.456,"Apidae","kleptoparasite","OUMNH",NA,"Wolfson College, Oxford, Oxfordshire, England",51.7711141,-1.2543347
"IGproject1032","Nomada","flava","female",1963,6,13,"Wales","Gwynedd","Conwy","",2.794,1.929,9.525,2.678,"Apidae","kleptoparasite","OUMNH",NA,"Conwy, Gwynedd, Wales",53.2882223,-3.9786546
"IGproject1033","Nomada","flava","female",1999,5,29,"England","Oxfordshire","Eynsham","",2.867,2.074,9.2,2.762,"Apidae","kleptoparasite","OUMNH",NA,"Eynsham, Oxfordshire, England",51.7815319,-1.3826102
"IGproject1034","Nomada","flava","female",1999,5,26,"England","Worcestershire","Droitwich","Porters Mill",2.876,1.968,9.515,2.789,"Apidae","kleptoparasite","OUMNH",NA,"Porters Mill, Droitwich, Worcestershire, England",52.24610873,-2.202578135
"IGproject1035","Nomada","flava","female",1948,5,15,"England","Devon","Woodbury","",2.14,1.31,7.252,2.032,"Apidae","kleptoparasite","OUMNH",NA,"Woodbury, Devon, England",50.6759768,-3.4061001
"IGproject1036","Nomada","flava","male",1950,5,12,"England","Devon","Woodbury","",2.383,1.511,7.838,2.015,"Apidae","kleptoparasite","OUMNH",NA,"Woodbury, Devon, England",50.6759768,-3.4061001
"IGproject1037","Nomada","flava","female",1950,5,6,"England","Devon","Exeter","Exwick",2.811,1.945,9.548,2.84,"Apidae","kleptoparasite","OUMNH",NA,"Exwick, Exeter, Devon, England",50.7321721,-3.5501132
"IGproject1038","Nomada","flava","male",1950,5,6,"England","Devon","Exeter","Exwick",2.814,1.947,9.168,2.544,"Apidae","kleptoparasite","OUMNH",NA,"Exwick, Exeter, Devon, England",50.7321721,-3.5501132
"IGproject1039","Nomada","flava","female",1950,5,6,"England","Devon","Exeter","Exwick",2.673,1.836,9.051,2.572,"Apidae","kleptoparasite","OUMNH",NA,"Exwick, Exeter, Devon, England",50.7321721,-3.5501132
"IGproject1040","Nomada","flava","female",1949,5,7,"England","Devon","Bovey Tracey","Chudleigh Knighton Heath",2.789,1.894,9.295,2.721,"Apidae","kleptoparasite","OUMNH",NA,"Chudleigh Knighton Heath, Bovey Tracey, Devon, England",50.58100978,-3.64619059
"IGproject1041","Nomada","flava","female",1955,5,22,"England","Devon","Torquay","Coast Path",2.872,2.046,9.542,2.708,"Apidae","kleptoparasite","OUMNH",NA,"Coast Path, Torquay, Devon, England",50.46942104,-3.493802538
"IGproject1042","Nomada","flava","female",1978,8,19,"England","Oxfordshire","Abingdon","Dry Sandford Pit",2.892,2.099,9.718,2.791,"Apidae","kleptoparasite","OUMNH",NA,"Dry Sandford Pit, Abingdon, Oxfordshire, England",51.69478825,-1.32635399
"IGproject1043","Nomada","flava","female",1972,6,3,"England","Oxfordshire","Cumnor","Hill End",2.859,1.944,9.196,2.634,"Apidae","kleptoparasite","OUMNH",NA,"Hill End, Cumnor, Oxfordshire, England",51.756618,-1.3254981
"IGproject1044","Nomada","flava","female",1955,5,20,"England","Devon","Dawlish Warren","",2.302,1.483,7.801,2.28,"Apidae","kleptoparasite","OUMNH",NA,"Dawlish Warren, Devon, England",50.5986475,-3.4437159
"IGproject1045","Nomada","flava","female",1915,5,7,"England","Surrey","Cobham","",2.089,1.298,7.009,2.083,"Apidae","kleptoparasite","OUMNH",NA,"Cobham, Surrey, England",51.3300079,-0.4120821
"IGproject1046","Nomada","flava","female",1961,5,3,"England","Bristol","Bristol","Coombe Dingle",2.803,1.905,9.305,2.754,"Apidae","kleptoparasite","OUMNH",NA,"Coombe Dingle, Bristol, Bristol, England",51.4921891,-2.6400554
"IGproject1047","Nomada","flava","female",1982,5,13,"England","Oxfordshire","","Bernwood Forest",2.527,1.671,8.251,2.45,"Apidae","kleptoparasite","OUMNH",NA,"Bernwood Forest, Oxfordshire, England",51.80063858,-1.114713435
"IGproject1048","Nomada","flava","female",1982,5,13,"England","Oxfordshire","","Bernwood Forest",2.537,1.711,8.671,2.418,"Apidae","kleptoparasite","OUMNH",NA,"Bernwood Forest, Oxfordshire, England",51.80063858,-1.114713435
"IGproject1049","Nomada","flava","female",1982,5,13,"England","Oxfordshire","","Bernwood Forest",2.435,1.659,8.085,2.377,"Apidae","kleptoparasite","OUMNH",NA,"Bernwood Forest, Oxfordshire, England",51.80063858,-1.114713435
"IGproject1050","Nomada","flava","female",1982,5,13,"England","Oxfordshire","","Bernwood Forest",2.264,1.511,7.535,2.158,"Apidae","kleptoparasite","OUMNH",NA,"Bernwood Forest, Oxfordshire, England",51.80063858,-1.114713435
"IGproject1051","Nomada","flava","female",1982,5,13,"England","Oxfordshire","","Bernwood Forest",2.618,1.822,8.701,2.505,"Apidae","kleptoparasite","OUMNH",NA,"Bernwood Forest, Oxfordshire, England",51.80063858,-1.114713435
"IGproject1052","Nomada","flava","female",1982,5,13,"England","Oxfordshire","","Bernwood Forest",2.706,1.923,9.055,2.63,"Apidae","kleptoparasite","OUMNH",NA,"Bernwood Forest, Oxfordshire, England",51.80063858,-1.114713435
"IGproject1053","Nomada","flava","female",1982,5,13,"England","Oxfordshire","","Bernwood Forest",2.663,1.83,8.845,2.617,"Apidae","kleptoparasite","OUMNH",NA,"Bernwood Forest, Oxfordshire, England",51.80063858,-1.114713435
"IGproject1054","Nomada","flava","female",1982,5,13,"England","Oxfordshire","","Bernwood Forest",2.584,1.762,8.426,2.401,"Apidae","kleptoparasite","OUMNH",NA,"Bernwood Forest, Oxfordshire, England",51.80063858,-1.114713435
"IGproject1055","Nomada","flava","female",1949,5,1,"England","Devon","Sheepstor","",2.443,1.633,7.95,2.301,"Apidae","kleptoparasite","OUMNH",NA,"Sheepstor, Devon, England",50.4908765,-4.0318718
"IGproject1056","Nomada","flava","female",1947,5,11,"England","Devon","Sheepstor","",2.34,1.645,7.648,2.272,"Apidae","kleptoparasite","OUMNH",NA,"Sheepstor, Devon, England",50.4908765,-4.0318718
"IGproject1057","Nomada","flava","female",1949,5,1,"England","Devon","Sheepstor","",2.414,1.655,8.059,2.349,"Apidae","kleptoparasite","OUMNH",NA,"Sheepstor, Devon, England",50.4908765,-4.0318718
"IGproject1058","Nomada","flava","female",1947,5,11,"England","Devon","Sheepstor","",2.442,1.642,8.132,2.319,"Apidae","kleptoparasite","OUMNH",NA,"Sheepstor, Devon, England",50.4908765,-4.0318718
"IGproject1059","Nomada","flava","female",1949,5,1,"England","Devon","Sheepstor","",2.519,1.731,8.136,2.396,"Apidae","kleptoparasite","OUMNH",NA,"Sheepstor, Devon, England",50.4908765,-4.0318718
"IGproject1060","Nomada","flava","male",1947,5,11,"England","Devon","Sheepstor","",2.602,1.797,8.316,2.265,"Apidae","kleptoparasite","OUMNH",NA,"Sheepstor, Devon, England",50.4908765,-4.0318718
"IGproject1061","Nomada","flava","male",1949,5,1,"England","Devon","Sheepstor","",2.573,1.834,8.064,2.189,"Apidae","kleptoparasite","OUMNH",NA,"Sheepstor, Devon, England",50.4908765,-4.0318718
"IGproject1062","Nomada","flava","male",1930,4,25,"England","Devon","Plymouth","Shaugh Bridge",2.414,1.679,8.004,2.154,"Apidae","kleptoparasite","OUMNH",NA,"Shaugh Bridge, Plymouth, Devon, England",50.45393915,-4.067759274
"IGproject1063","Nomada","flava","male",1947,5,11,"England","Devon","Sheepstor","",2.472,1.696,8.147,2.055,"Apidae","kleptoparasite","OUMNH",NA,"Sheepstor, Devon, England",50.4908765,-4.0318718
"IGproject1064","Nomada","flava","male",1955,5,23,"England","Devon","Sheepstor","",2.213,1.479,7.228,1.949,"Apidae","kleptoparasite","OUMNH",NA,"Sheepstor, Devon, England",50.4908765,-4.0318718
"IGproject1065","Nomada","flava","male",1949,4,24,"England","Devon","Dartmoor","",2.159,1.341,7.093,1.82,"Apidae","kleptoparasite","OUMNH",NA,"Dartmoor, Devon, England",50.5657349,-3.9009713
"IGproject1066","Nomada","flava","male",1949,5,1,"England","Devon","Sheepstor","",2.235,1.507,7.498,2.03,"Apidae","kleptoparasite","OUMNH",NA,"Sheepstor, Devon, England",50.4908765,-4.0318718
"IGproject1067","Nomada","flava","male",1948,4,24,"England","Devon","Sheepstor","",2.466,1.743,7.977,2.089,"Apidae","kleptoparasite","OUMNH",NA,"Sheepstor, Devon, England",50.4908765,-4.0318718
"IGproject1068","Nomada","flava","female",1941,6,2,"England","Hampshire","Burley","",2.54,1.664,8.665,2.556,"Apidae","kleptoparasite","OUMNH",NA,"Burley, Hampshire, England",50.8266,-1.70164
"IGproject1069","Nomada","flava","female",1941,6,2,"England","Hampshire","Burley","",2.64,1.744,8.46,2.449,"Apidae","kleptoparasite","OUMNH",NA,"Burley, Hampshire, England",50.8266,-1.70164
"IGproject1070","Nomada","flava","female",1941,6,2,"England","Hampshire","Burley","",2.634,1.8,8.81,2.617,"Apidae","kleptoparasite","OUMNH",NA,"Burley, Hampshire, England",50.8266,-1.70164
"IGproject1071","Nomada","flava","female",1941,6,2,"England","Hampshire","Burley","",2.563,1.683,8.562,2.382,"Apidae","kleptoparasite","OUMNH",NA,"Burley, Hampshire, England",50.8266,-1.70164
"IGproject1072","Nomada","flava","male",1904,6,5,"England","Hampshire","Tadley","Pamber Forest",2.443,1.623,8.035,2.186,"Apidae","kleptoparasite","OUMNH",NA,"Pamber Forest, Tadley, Hampshire, England",51.3445805,-1.1172286
"IGproject1073","Nomada","flava","female",1893,NA,NA,"England","Hampshire","","New Forest",2.68,1.765,8.818,2.475,"Apidae","kleptoparasite","OUMNH",NA,"New Forest, Hampshire, England",50.8557268,-1.5956844
"IGproject1074","Nomada","flava","male",1906,5,27,"England","Hampshire","Headley","",2.888,1.938,9.486,2.658,"Apidae","kleptoparasite","OUMNH",NA,"Headley, Hampshire, England",51.11925764,-0.827247927
"IGproject1075","Nomada","flava","female",1893,NA,NA,"England","Hampshire","","New Forest",2.589,1.668,8.539,2.569,"Apidae","kleptoparasite","OUMNH",NA,"New Forest, Hampshire, England",50.8557268,-1.5956844
"IGproject1076","Nomada","flava","female",1892,NA,NA,"England","Hampshire","","New Forest",2.87,1.997,9.729,2.894,"Apidae","kleptoparasite","OUMNH",NA,"New Forest, Hampshire, England",50.8557268,-1.5956844
"IGproject1077","Nomada","flava","female",1892,NA,NA,"England","Hampshire","","New Forest",2.762,1.817,9.333,2.696,"Apidae","kleptoparasite","OUMNH",NA,"New Forest, Hampshire, England",50.8557268,-1.5956844
