"label_no","genus","species","sex","year","month","day","country","county","city_town_village","specific_location","HW_mm","intertegular_distance_mm","FW_length_mm","tibia_length_mm","family","ecology","Source","interocular_distance_mm","location_string","latitude","longitude","full_name","mean_preflight_temp","sd_preflight_temp","max_preflight_monthly_mean","max_preflight_temp"
"IGproject0004","Nomada","ruficornis","female",1917,5,3,"England","Surrey","Guildford","Merrow",2.777,1.779,8.348,2.236,"Apidae","kleptoparasite","OUMNH",1.749,"Merrow, Guildford, Surrey, England",51.2443481,-0.5335147,"Nomada ruficornis",10.8861728503237,2.00241851938988,12.3012583791799,17.8309641379801
"IGproject0005","Nomada","ruficornis","female",1980,6,NA,"England","Oxfordshire","","Bernwood Forest",2.652,1.789,7.628,2.105,"Apidae","kleptoparasite","OUMNH",1.661,"Bernwood Forest, Oxfordshire, England",51.80063858,-1.114713435,"Nomada ruficornis",10.6597091585526,3.08262371959949,13.9439846676238,18.4983749956471
"IGproject0006","Nomada","ruficornis","male",1915,5,5,"England","Surrey","Tadworth","Box Hill",2.435,1.636,7.572,1.875,"Apidae","kleptoparasite","OUMNH",1.611,"Box Hill, Tadworth, Surrey, England",51.2543699,-0.2776725,"Nomada ruficornis",11.9154526267,2.56784556331286,14.7394820346105,20.596061574449
"IGproject0012","Nomada","ruficornis","female",1901,7,14,"Wales","Gwynedd","Criccieth","",2.717,1.895,8.34,2.321,"Apidae","kleptoparasite","OUMNH",1.722,"Criccieth, Gwynedd, Wales",52.9206106,-4.2332414,"Nomada ruficornis",9.87794418567597,2.74634110433528,12.9618859065763,16.6824140180934
"IGproject0013","Nomada","ruficornis","female",1919,4,NA,"England","West Yorkshire","Leeds","Roundhay Park",2.493,1.621,7.15,2.077,"Apidae","kleptoparasite","OUMNH",1.65,"Roundhay Park, Leeds, West Yorkshire, England",53.8393511,-1.4978422,"Nomada ruficornis",10.3420233574613,3.4530357256541,12.4465360289044,17.6560458806408
"IGproject0015","Nomada","ruficornis","female",1925,5,15,"England","Devon","Brixham","",2.582,1.694,8.029,2.186,"Apidae","kleptoparasite","OUMNH",1.63,"Brixham, Devon, England",50.3952404,-3.514544,"Nomada ruficornis",11.0528232776594,3.03104384939004,14.0152021488619,17.7510218329343
"IGproject0016","Nomada","ruficornis","female",1919,4,21,"England","Devon","Bovey Tracey","Chudleigh Knighton Heath",2.192,1.377,6.509,1.803,"Apidae","kleptoparasite","OUMNH",1.438,"Chudleigh Knighton Heath, Bovey Tracey, Devon, England",50.58100978,-3.64619059,"Nomada ruficornis",11.1192923685198,3.09261755358956,13.402564888518,18.5614589985636
"IGproject0018","Nomada","ruficornis","male",1907,5,19,"England","Oxfordshire","Tubney","",2.281,1.525,7.185,1.894,"Apidae","kleptoparasite","OUMNH",1.444,"Tubney, Oxfordshire, England",51.6852443,-1.3699399,"Nomada ruficornis",10.358508088944,3.39686774972162,13.7356273608234,19.5216189534757
"IGproject0019","Nomada","ruficornis","female",1981,5,20,"England","Oxfordshire","","Bernwood Forest",2.307,1.443,6.856,1.809,"Apidae","kleptoparasite","OUMNH",1.467,"Bernwood Forest, Oxfordshire, England",51.80063858,-1.114713435,"Nomada ruficornis",11.1092048944052,2.80800375666833,14.049954657607,18.7074824129319
"IGproject0021","Andrena","wilkella","male",1959,5,23,"England","Devon","Chudleigh","",2.748,1.685,6.699,1.859,"Andrenidae","excavator","OUMNH",1.879,"Chudleigh, Devon, England",50.6156543,-3.5869448,"Andrena wilkella",10.5740228947228,2.93863708151554,13.3478858473517,17.295680117351
"IGproject0022","Andrena","wilkella","female",1900,6,5,"England","Oxfordshire","Oxford","University Parks",3.466,2.246,8.5,2.523,"Andrenidae","excavator","OUMNH",2.145,"University Parks, Oxford, Oxfordshire, England",51.7623666,-1.2544132,"Andrena wilkella",11.0223924137269,3.79317000802107,15.2324001726487,21.5464029569547
"IGproject0023","Andrena","wilkella","female",1906,5,19,"Wales","Bridgend","Porthcawl","",3.419,2.254,8.12,2.776,"Andrenidae","excavator","OUMNH",2.174,"Porthcawl, Bridgend, Wales",51.4795563,-3.7040704,"Andrena wilkella",10.7734627767114,3.21567142910282,14.1637520834188,18.223681206989
"IGproject0024","Andrena","wilkella","male",1898,NA,NA,"England","Kent","Doddington","",3.314,2.235,8.256,2.337,"Andrenidae","excavator","OUMNH",2.171,"Doddington, Kent, England",51.2792113,0.7717749,"Andrena wilkella",11.085322633081,4.00852094227808,15.4612404362677,20.3210287389514
"IGproject0025","Andrena","wilkella","male",1955,4,13,"England","Devon","Bovey Tracey","Bovey Heathfield",2.725,1.772,6.594,1.793,"Andrenidae","excavator","OUMNH",1.89,"Bovey Heathfield, Bovey Tracey, Devon, England",50.5778633,-3.6644648,"Andrena wilkella",10.5363105577518,2.73552478987937,13.0968683057288,16.6927043983277
"IGproject0026","Andrena","wilkella","female",1935,6,18,"England","Warwickshie","Hatton","",3.409,2.276,7.964,2.718,"Andrenidae","excavator","OUMNH",2.142,"Hatton, Warwickshie, England",52.30064811,-1.646222116,"Andrena wilkella",11.2390756480835,3.66318538621876,14.9311628586522,20.5217507013445
"IGproject0027","Andrena","wilkella","female",1903,3,24,"England","Surrey","Woking","",3.421,2.389,7.71,2.374,"Andrenidae","excavator","OUMNH",2.17,"Woking, Surrey, England",51.3201891,-0.5564726,"Andrena wilkella",10.3262064727149,3.26488123457574,14.0233173049772,18.9013461405226
"IGproject0028","Andrena","wilkella","male",1900,6,5,"England","Oxfordshire","Oxford","University Parks",3.077,1.985,7.618,2.121,"Andrenidae","excavator","OUMNH",1.985,"University Parks, Oxford, Oxfordshire, England",51.7623666,-1.2544132,"Andrena wilkella",11.0223924137269,3.79317000802107,15.2324001726487,21.5464029569547
"IGproject0029","Andrena","wilkella","female",1905,5,24,"England","Oxfordshire","Oxford","University Parks",3.277,2.084,7.946,2.391,"Andrenidae","excavator","OUMNH",2.094,"University Parks, Oxford, Oxfordshire, England",51.7623666,-1.2544132,"Andrena wilkella",10.8809549214227,2.18455279644156,13.1463540458804,18.4727861474474
"IGproject0030","Andrena","wilkella","male",1954,6,18,"England","Devon","Bovey Tracey","Chudleigh Knighton Heath",2.898,1.903,7.268,2.056,"Andrenidae","excavator","OUMNH",1.965,"Chudleigh Knighton Heath, Bovey Tracey, Devon, England",50.58100978,-3.64619059,"Andrena wilkella",11.3310131629587,3.11198643390664,14.0238649068289,18.2958643394167
"IGproject0031","Andrena","wilkella","female",1900,7,8,"England","Oxfordshire","Tubney","",3.497,2.226,8.568,2.635,"Andrenidae","excavator","OUMNH",2.274,"Tubney, Oxfordshire, England",51.6852443,-1.3699399,"Andrena wilkella",10.9939555452536,3.83122558901953,15.2438048310446,21.5126947814025
"IGproject0032","Andrena","wilkella","male",1902,5,25,"England","Kent","Faversham","Huntingfield",2.955,1.903,8.009,2.163,"Andrenidae","excavator","OUMNH",1.983,"Huntingfield, Faversham, Kent, England",51.25792226,0.822018012,"Andrena wilkella",11.2194117530854,2.89384328805229,14.2158110729171,19.4942022336775
"IGproject0033","Andrena","wilkella","male",1977,7,2,"England","Oxfordshire","Oxford","Sydlings Copse",3.038,1.845,7.453,2.012,"Andrenidae","excavator","OUMNH",2.037,"Sydlings Copse, Oxford, Oxfordshire, England",51.78219916,-1.192042059,"Andrena wilkella",12.5286891227429,4.89016349688388,17.5521691434141,23.9304483877965
"IGproject0034","Andrena","wilkella","male",1949,5,7,"England","Devon","Bovey Tracey","Chudleigh Knighton Heath",2.833,1.936,7.427,2.03,"Andrenidae","excavator","OUMNH",1.919,"Chudleigh Knighton Heath, Bovey Tracey, Devon, England",50.58100978,-3.64619059,"Andrena wilkella",11.3673850866751,2.46444398050513,13.6652609560617,17.5034795361665
"IGproject0035","Andrena","wilkella","male",1990,5,26,"England","Wiltshire","Wroughton","Clouts Wood",3.313,1.965,7.984,2.175,"Andrenidae","excavator","OUMNH",2.248,"Clouts Wood, Wroughton, Wiltshire, England",51.51489206,-1.804044057,"Andrena wilkella",11.4911624146337,4.39875872794521,14.664167917127,20.3366862168796
"IGproject0036","Andrena","wilkella","male",1900,5,23,"England","Devon","Newton Abbot","",2.957,1.81,7.395,2.092,"Andrenidae","excavator","OUMNH",2,"Newton Abbot, Devon, England",50.5296441,-3.6112097,"Andrena wilkella",11.2312747631395,3.6898904238628,15.3264023478339,20.5876871421293
"IGproject0037","Andrena","wilkella","female",1905,7,31,"England","Kent","Faversham","Huntingfield",3.494,2.341,7.973,2.495,"Andrenidae","excavator","OUMNH",2.211,"Huntingfield, Faversham, Kent, England",51.25792226,0.822018012,"Andrena wilkella",11.3561999537336,2.35082196074098,13.7301189074374,18.392924121186
"IGproject0038","Andrena","wilkella","female",1900,6,5,"England","Oxfordshire","Oxford","University Parks",3.524,2.291,8.27,2.576,"Andrenidae","excavator","OUMNH",2.241,"University Parks, Oxford, Oxfordshire, England",51.7623666,-1.2544132,"Andrena wilkella",11.0223924137269,3.79317000802107,15.2324001726487,21.5464029569547
"IGproject0039","Andrena","wilkella","female",1922,7,20,"England","Devon","Newton Abbot","",3.227,2.194,7.067,2.227,"Andrenidae","excavator","OUMNH",2,"Newton Abbot, Devon, England",50.5296441,-3.6112097,"Andrena wilkella",11.9752616489411,3.2600042978813,15.3582388864032,20.6497194800883
"IGproject0040","Andrena","wilkella","female",1900,5,24,"England","Oxfordshire","Oxford","University Parks",3.434,2.225,8.227,2.644,"Andrenidae","excavator","OUMNH",2.168,"University Parks, Oxford, Oxfordshire, England",51.7623666,-1.2544132,"Andrena wilkella",11.0223924137269,3.79317000802107,15.2324001726487,21.5464029569547
"IGproject0041","Andrena","wilkella","female",1910,7,18,"England","Devon","Budleigh Salterton","",3.031,1.939,7.038,1.95,"Andrenidae","excavator","OUMNH",2.008,"Budleigh Salterton, Devon, England",50.6310504,-3.3299844,"Andrena wilkella",10.9978212437901,1.73067208804214,12.6933562465752,16.7750681628536
"IGproject0042","Andrena","wilkella","male",1904,5,29,"England","Greater London","London","Wimbledon",2.937,1.879,7.288,2.05,"Andrenidae","excavator","OUMNH",1.969,"Wimbledon, London, Greater London, England",51.4214787,-0.2064027,"Andrena wilkella",10.4822120102316,3.38176063652242,13.0600055723104,17.8416579648037
"IGproject0043","Andrena","wilkella","female",1977,6,12,"England","Oxfordshire","Hook Norton","",3.529,2.268,8.264,2.656,"Andrenidae","excavator","OUMNH",2.251,"Hook Norton, Oxfordshire, England",51.9939848,-1.4822644,"Andrena wilkella",11.9047793225422,4.71275853344275,16.7958609423149,23.1969160207424
"IGproject0044","Andrena","wilkella","male",1915,4,20,"England","Gloucestershire","Wotton-under-Edge","",2.849,1.745,7.235,1.837,"Andrenidae","excavator","OUMNH",1.943,"Wotton-under-Edge, Gloucestershire, England",51.6378241,-2.3547251,"Andrena wilkella",11.9630390491139,2.57203285281756,14.8611099175124,20.2101649571598
"IGproject0045","Andrena","wilkella","female",1903,6,26,"England","Surrey","Chobham","",3.261,2.127,7.532,2.403,"Andrenidae","excavator","OUMNH",2.086,"Chobham, Surrey, England",51.3477705,-0.6010128,"Andrena wilkella",10.3249036357329,3.26937455604266,14.0264626144714,18.8968106577104
"IGproject0046","Hylaeus","communis","female",1904,7,NA,"England","Dorset","Lyme Regis","",1.642,1.318,5.086,1.049,"Colletidae","cavity nester","OUMNH",1.091,"Lyme Regis, Dorset, England",50.7252897,-2.934559,"Hylaeus communis",14.2441211867508,1.26279249642224,15.3581638166614,20.0051358635326
"IGproject0047","Hylaeus","communis","female",1979,7,12,"England","Devon","Newton Abbot","Teign Valley",1.671,1.24,4.948,1.037,"Colletidae","cavity nester","OUMNH",1.101,"Teign Valley, Newton Abbot, Devon, England",50.61515132,-3.623629783,"Hylaeus communis",14.3265683904918,0.734718982081698,14.9500498563436,19.1172816520098
"IGproject0048","Hylaeus","communis","female",1948,7,26,"England","Oxfordshire","Coleshill","",1.581,1.191,4.648,0.987,"Colletidae","cavity nester","OUMNH",1.038,"Coleshill, Oxfordshire, England",51.6427615,-1.659708,"Hylaeus communis",17.0665942755978,1.70856270075756,18.7848237793455,25.5470990566121
"IGproject0049","Hylaeus","communis","male",1905,7,8,"England","Dorset","Lyme Regis","",1.504,1.152,4.342,0.939,"Colletidae","cavity nester","OUMNH",0.953,"Lyme Regis, Dorset, England",50.7252897,-2.934559,"Hylaeus communis",15.1568190997891,1.70310785499216,16.8189131056436,21.4640346214003
"IGproject0050","Hylaeus","communis","male",1978,6,16,"England","Devon","Diptford","",1.437,1.073,4.011,0.897,"Colletidae","cavity nester","OUMNH",0.968,"Diptford, Devon, England",50.3840452,-3.7629722,"Hylaeus communis",14.4586704300015,1.95567863134041,15.9231897645785,19.8370083677507
"IGproject0051","Hylaeus","communis","male",1980,6,24,"England","Devon","Milton Combe","",1.567,1.244,4.406,0.988,"Colletidae","cavity nester","OUMNH",1.02,"Milton Combe, Devon, England",50.4745875,-4.131055,"Hylaeus communis",14.2138018450674,1.38010608492735,15.5791907252355,19.8009478350864
"IGproject0052","Hylaeus","communis","female",1902,9,6,"England","Kent","Faversham","Huntingfield",1.499,1.138,4.476,0.941,"Colletidae","cavity nester","OUMNH",0.996,"Huntingfield, Faversham, Kent, England",51.25792226,0.822018012,"Hylaeus communis",16.1774827653116,1.7221298340726,17.4404786615628,23.0645475654834
"IGproject0053","Hylaeus","communis","male",1902,8,12,"England","Kent","Faversham","Huntingfield",1.592,1.144,4.608,0.986,"Colletidae","cavity nester","OUMNH",1.011,"Huntingfield, Faversham, Kent, England",51.25792226,0.822018012,"Hylaeus communis",16.1774827653116,1.7221298340726,17.4404786615628,23.0645475654834
"IGproject0054","Hylaeus","communis","female",1968,7,18,"England","Hertfordshire","Harpenden","Hatching Green",1.657,1.248,4.919,0.993,"Colletidae","cavity nester","OUMNH",1.085,"Hatching Green, Harpenden, Hertfordshire, England",51.8034314,-0.3580286,"Hylaeus communis",15.6716461947874,1.74531670698786,17.3073325321605,22.4005398593622
"IGproject0055","Hylaeus","communis","male",2005,7,19,"England","Surrey","Richmond","Ham House",1.49,1.154,4.241,0.92,"Colletidae","cavity nester","OUMNH",0.95,"Ham House, Richmond, Surrey, England",51.44419259,-0.313872304,"Hylaeus communis",17.4869991418382,1.20238039125254,18.8052011574295,23.4275548000658
"IGproject0056","Hylaeus","communis","male",1949,6,7,"England","Devon","Axminster","",1.538,1.126,4.444,0.963,"Colletidae","cavity nester","OUMNH",0.981,"Axminster, Devon, England",50.7820966,-2.9979915,"Hylaeus communis",14.8974095859723,0.740843111600995,15.545345852579,20.0444475050494
"IGproject0057","Hylaeus","communis","female",1897,7,11,"England","Berkshire","Reading","Sulhamstead Park",1.737,1.309,5.222,1.008,"Colletidae","cavity nester","OUMNH",1.112,"Sulhamstead Park, Reading, Berkshire, England",51.41681285,-1.09530783,"Hylaeus communis",15.8106859685235,1.16404901091015,16.8152283631874,22.858915645173
"IGproject0058","Nomada","goodeniana","female",1990,7,18,"England","Devon","Salcombe Regis","",3.032,2.048,9.062,2.414,"Apidae","kleptoparasite","OUMNH",1.997,"Salcombe Regis, Devon, England",50.6935703,-3.2066743,"Nomada goodeniana",11.5536327996962,4.38378955030878,14.5468228203633,19.5243441244641
"IGproject0059","Nomada","goodeniana","female",1903,5,18,"Wales","Gwynedd","Criccieth","",3.222,2.284,9.782,2.835,"Apidae","kleptoparasite","OUMNH",2.103,"Criccieth, Gwynedd, Wales",52.9206106,-4.2332414,"Nomada goodeniana",9.1335562710576,3.14939484821545,12.7034640483659,16.6106919695149
"IGproject0060","Nomada","goodeniana","male",1916,4,22,"England","Oxfordshire","Tubney","",2.843,1.916,8.883,2.403,"Apidae","kleptoparasite","OUMNH",1.905,"Tubney, Oxfordshire, England",51.6852443,-1.3699399,"Nomada goodeniana",10.9532852481764,3.47015810862873,14.3485357026408,20.4079070884106
"IGproject0061","Nomada","goodeniana","male",1896,NA,NA,"England","Kent","Doddington","",3.029,1.985,9.415,2.566,"Apidae","kleptoparasite","OUMNH",2.055,"Doddington, Kent, England",51.2792113,0.7717749,"Nomada goodeniana",11.2332955283324,3.24491934989487,14.4184371464713,19.6913942830095
"IGproject0062","Nomada","goodeniana","male",1917,5,3,"England","Devon","Brixham","",2.314,1.534,7.09,1.983,"Apidae","kleptoparasite","OUMNH",1.635,"Brixham, Devon, England",50.3952404,-3.514544,"Nomada goodeniana",10.6892345408197,1.74379555004273,11.8674348841717,15.9676672197704
"IGproject0063","Nomada","goodeniana","female",1910,6,1,"England","Devon","Littleham","",3.257,2.219,10.096,2.832,"Apidae","kleptoparasite","OUMNH",2.183,"Littleham, Devon, England",50.9930461,-4.2236852,"Nomada goodeniana",10.6456618775868,1.61029380967903,12.0464120343471,15.8742819176471
"IGproject0064","Nomada","goodeniana","female",1928,4,21,"England","Devon","Newton Abbot","",3.185,2.372,9.971,2.638,"Apidae","kleptoparasite","OUMNH",2.151,"Newton Abbot, Devon, England",50.5296441,-3.6112097,"Nomada goodeniana",11.3935365886955,2.47771375237421,13.1754472990331,17.3649350352075
"IGproject0065","Nomada","goodeniana","female",1991,4,26,"England","Devon","Croyde","",3.347,2.367,10.436,2.807,"Apidae","kleptoparasite","OUMNH",2.208,"Croyde, Devon, England",51.1303398,-4.2215393,"Nomada goodeniana",10.6926454124302,2.98422097599359,12.4474630887723,17.3099616837055
"IGproject0066","Nomada","goodeniana","male",1949,4,18,"England","Oxfordshire","Chastleton","",2.36,1.486,7.029,1.959,"Apidae","kleptoparasite","OUMNH",1.666,"Chastleton, Oxfordshire, England",51.9599665,-1.6409204,"Nomada goodeniana",10.8404976798613,2.33430414533773,13.1688573315139,17.5614931827509
"IGproject0067","Nomada","goodeniana","female",1937,5,28,"England","Greater London","London","Wimbledon",3.011,2.124,9.116,2.515,"Apidae","kleptoparasite","OUMNH",1.958,"Wimbledon, London, Greater London, England",51.4214787,-0.2064027,"Nomada goodeniana",11.5360527179648,4.55126937864574,15.7370740791601,20.4870993215106
"IGproject0068","Nomada","goodeniana","female",1954,4,16,"England","Devon","Torquay","",3.168,2.243,9.924,2.765,"Apidae","kleptoparasite","OUMNH",2.086,"Torquay, Devon, England",50.4652392,-3.5211361,"Nomada goodeniana",11.6580356135701,3.11017195185164,14.3729763575452,18.484349437936
"IGproject0069","Nomada","goodeniana","male",1954,4,29,"England","Devon","Lustleigh","",2.715,1.755,8.14,2.184,"Apidae","kleptoparasite","OUMNH",1.857,"Lustleigh, Devon, England",50.6228301,-3.7304463,"Nomada goodeniana",11.0067745262881,3.10527327624903,13.6708224958465,17.9162520377593
"IGproject0070","Nomada","goodeniana","female",1949,4,29,"England","Devon","Exeter","",2.962,1.859,8.801,2.482,"Apidae","kleptoparasite","OUMNH",2.006,"Exeter, Devon, England",50.7256138,-3.5269209,"Nomada goodeniana",11.4156822051284,2.47034188916025,13.7377793645651,17.6331588097592
"IGproject0071","Nomada","goodeniana","female",1936,5,27,"England","Berkshire","Slough","",2.93,1.906,9.047,2.397,"Apidae","kleptoparasite","OUMNH",1.938,"Slough, Berkshire, England",51.512103,-0.591276,"Nomada goodeniana",11.2738106849403,3.73947595719339,15.3979253524431,20.1780500369617
"IGproject0072","Nomada","goodeniana","male",1903,5,18,"Wales","Gwynedd","Criccieth","",2.774,1.864,8.704,2.284,"Apidae","kleptoparasite","OUMNH",1.934,"Criccieth, Gwynedd, Wales",52.9206106,-4.2332414,"Nomada goodeniana",9.1335562710576,3.14939484821545,12.7034640483659,16.6106919695149
"IGproject0073","Nomada","goodeniana","female",1914,4,20,"England","Devon","Budleigh Salterton","",2.936,1.91,8.907,2.471,"Apidae","kleptoparasite","OUMNH",1.935,"Budleigh Salterton, Devon, England",50.6310504,-3.3299844,"Nomada goodeniana",11.0621386383457,2.76530318593404,13.6047644286693,18.1819017774177
"IGproject0074","Nomada","goodeniana","male",1915,4,30,"England","Devon","Brixham","",3.223,2.197,10.305,2.826,"Apidae","kleptoparasite","OUMNH",2.215,"Brixham, Devon, England",50.3952404,-3.514544,"Nomada goodeniana",12.2090842776414,2.43388138236681,14.9124896089952,19.6507270811532
"IGproject0075","Nomada","goodeniana","male",1902,5,18,"England","Kent","Faversham","Huntingfield",2.952,1.963,8.989,2.407,"Apidae","kleptoparasite","OUMNH",1.938,"Huntingfield, Faversham, Kent, England",51.25792226,0.822018012,"Nomada goodeniana",11.2194117530854,2.89384328805229,14.2158110729171,19.4942022336775
"IGproject0076","Nomada","goodeniana","male",1909,5,9,"England","Oxfordshire","Oxford","Shotover",2.933,2.01,8.812,2.442,"Apidae","kleptoparasite","OUMNH",1.954,"Shotover, Oxford, Oxfordshire, England",51.7561128,-1.1551229,"Nomada goodeniana",10.8760514143258,4.58825544701606,14.4114493276011,20.3378949298317
"IGproject0077","Nomada","goodeniana","female",1953,8,10,"England","Devon","Dawlish","",2.844,1.86,8.422,2.384,"Apidae","kleptoparasite","OUMNH",1.879,"Dawlish, Devon, England",50.5797391,-3.468931,"Nomada goodeniana",11.8740427606278,2.54581588073602,14.071671132975,18.8228172596706
"IGproject0078","Nomada","goodeniana","female",1910,6,8,"England","Devon","Budleigh Salterton","",3.196,2.103,9.852,2.829,"Apidae","kleptoparasite","OUMNH",2.114,"Budleigh Salterton, Devon, England",50.6310504,-3.3299844,"Nomada goodeniana",10.9978212437901,1.73067208804214,12.6933562465752,16.7750681628536
"IGproject0079","Nomada","goodeniana","male",1900,4,21,"England","Surrey","Woking","",3.108,2.203,9.466,2.564,"Apidae","kleptoparasite","OUMNH",2.095,"Woking, Surrey, England",51.3201891,-0.5564726,"Nomada goodeniana",11.504423986092,3.80180064108157,15.7281531791456,21.9211167462561
"IGproject0080","Nomada","goodeniana","female",1941,6,2,"England","Hampshire","Burley","",3.167,2.167,9.681,2.769,"Apidae","kleptoparasite","OUMNH",2.034,"Burley, Hampshire, England",50.8266,-1.70164,"Nomada goodeniana",12.8167854081861,3.87003451874353,16.6964627922419,22.7761729465753
"IGproject0081","Nomada","goodeniana","female",1900,6,3,"England","Oxfordshire","Oxford","Shotover",2.715,1.731,8.141,2.39,"Apidae","kleptoparasite","OUMNH",1.853,"Shotover, Oxford, Oxfordshire, England",51.7561128,-1.1551229,"Nomada goodeniana",11.0145367200259,3.76945004840713,15.1989571952593,21.5762240700907
"IGproject0082","Nomada","goodeniana","female",1983,1,28,"England","Berkshire","Slough","Langley",2.705,1.74,8.177,2.325,"Apidae","kleptoparasite","OUMNH",1.85,"Langley, Slough, Berkshire, England",51.507818,-0.5409049,"Nomada goodeniana",12.380258777515,3.75296571310664,16.3172429425739,20.7841736905843
"IGproject0083","Nomada","goodeniana","female",1991,5,22,"England","Hampshire","Bramshaw","",2.716,1.763,8.231,2.365,"Apidae","kleptoparasite","OUMNH",1.763,"Bramshaw, Hampshire, England",50.9407584,-1.617454,"Nomada goodeniana",11.8513748548097,2.87797847605315,13.729872766017,19.4032077951848
"IGproject0084","Nomada","goodeniana","female",1917,5,3,"England","Surrey","Guildford","Merrow",2.925,1.973,8.945,2.55,"Apidae","kleptoparasite","OUMNH",1.97,"Merrow, Guildford, Surrey, England",51.2443481,-0.5335147,"Nomada goodeniana",10.8861728503237,2.00241851938988,12.3012583791799,17.8309641379801
"IGproject0085","Nomada","goodeniana","female",1954,4,16,"England","Devon","Torquay","",3.161,2.145,9.751,2.706,"Apidae","kleptoparasite","OUMNH",2.187,"Torquay, Devon, England",50.4652392,-3.5211361,"Nomada goodeniana",11.6580356135701,3.11017195185164,14.3729763575452,18.484349437936
"IGproject0086","Nomada","goodeniana","female",1955,5,20,"England","Devon","Dawlish","",3.21,2.232,9.795,2.634,"Apidae","kleptoparasite","OUMNH",2.145,"Dawlish, Devon, England",50.5797391,-3.468931,"Nomada goodeniana",10.7313196658828,2.78439787080302,13.3489756290435,16.9694921066324
"IGproject0087","Nomada","goodeniana","female",1977,6,12,"England","Oxfordshire","Hook Norton","",3.011,2.014,9.361,2.579,"Apidae","kleptoparasite","OUMNH",2.025,"Hook Norton, Oxfordshire, England",51.9939848,-1.4822644,"Nomada goodeniana",11.9047793225422,4.71275853344275,16.7958609423149,23.1969160207424
"IGproject0090","Lasioglossum","fulvicorne","female",1998,5,21,"England","Devon","Salcombe","Coast Path",1.836,1.324,5.315,1.331,"Halictidae","excavator","OUMNH",1.15,"Coast Path, Salcombe, Devon, England",50.2375257,-3.769493274,"Lasioglossum fulvicorne",13.4899445469068,3.37724204643071,17.7155521098683,21.1775937960372
"IGproject0091","Lasioglossum","fulvicorne","female",1991,6,9,"England","Cambridgeshire","Barnack","Barnack Hills and Holes",1.815,1.355,5.386,1.43,"Halictidae","excavator","OUMNH",1.143,"Barnack Hills and Holes, Barnack, Cambridgeshire, England",52.62910152,-0.412116287,"Lasioglossum fulvicorne",13.8592745018834,4.21297138714256,18.7445114725992,25.1413932597518
"IGproject0092","Lasioglossum","fulvicorne","male",1998,7,28,"England","Gloucestershire","Wotton-under-Edge","Newark Park",1.79,1.396,5.295,1.221,"Halictidae","excavator","OUMNH",1.056,"Newark Park, Wotton-under-Edge, Gloucestershire, England",51.6363693,-2.3176907,"Lasioglossum fulvicorne",14.1000259949549,3.93164165110487,18.898722840638,23.3589870171466
"IGproject0093","Lasioglossum","fulvicorne","female",1956,6,26,"England","Dorset","Wimborne","",1.827,1.347,5.357,1.432,"Halictidae","excavator","OUMNH",1.126,"Wimborne, Dorset, England",50.7995189,-1.987339,"Lasioglossum fulvicorne",13.6699629988943,4.26730893897284,17.9668336221488,23.5183474976572
"IGproject0094","Lasioglossum","fulvicorne","male",1902,8,4,"England","Kent","Faversham","Huntingfield",1.731,1.291,5.377,1.195,"Halictidae","excavator","OUMNH",1.066,"Huntingfield, Faversham, Kent, England",51.25792226,0.822018012,"Lasioglossum fulvicorne",13.5949744964548,3.84813669673188,17.4404786615628,23.0645475654834
"IGproject0095","Lasioglossum","fulvicorne","male",1968,9,2,"England","Bedfordshire","Hitchin","",1.85,1.315,5.44,1.265,"Halictidae","excavator","OUMNH",1.141,"Hitchin, Bedfordshire, England",52.0085422,-0.3034,"Lasioglossum fulvicorne",13.0801987057633,4.02995828861133,17.4210461767421,22.7219372558627
"IGproject0096","Lasioglossum","fulvicorne","female",1956,9,26,"England","Dorset","Wimborne","",1.77,1.305,5.037,1.28,"Halictidae","excavator","OUMNH",1.096,"Wimborne, Dorset, England",50.7995189,-1.987339,"Lasioglossum fulvicorne",13.6699629988943,4.26730893897284,17.9668336221488,23.5183474976572
"IGproject0097","Lasioglossum","fulvicorne","male",1998,7,28,"England","Gloucestershire","Wotton-under-Edge","Newark Park",1.792,1.284,5.254,1.168,"Halictidae","excavator","OUMNH",1.051,"Newark Park, Wotton-under-Edge, Gloucestershire, England",51.6363693,-2.3176907,"Lasioglossum fulvicorne",14.1000259949549,3.93164165110487,18.898722840638,23.3589870171466
"IGproject0098","Lasioglossum","fulvicorne","male",1914,8,NA,"England","Gloucestershire","Wotton-under-Edge","",1.86,1.443,5.744,1.276,"Halictidae","excavator","OUMNH",1.149,"Wotton-under-Edge, Gloucestershire, England",51.6378241,-2.3547251,"Lasioglossum fulvicorne",13.018384266225,3.22054574386124,15.757763890925,20.6930014776936
"IGproject0099","Lasioglossum","fulvicorne","male",1899,8,20,"England","Worcestershire","Malvern","",1.102,1.314,5.138,1.296,"Halictidae","excavator","OUMNH",1.81,"Malvern, Worcestershire, England",52.1159559,-2.3258985,"Lasioglossum fulvicorne",13.0221691787091,3.52917187462045,16.6676490889162,21.7758158087001
"IGproject0100","Lasioglossum","fulvicorne","female",1977,9,13,"England","Oxfordshire","Hook Norton","",1.759,1.269,5.155,1.296,"Halictidae","excavator","OUMNH",1.088,"Hook Norton, Oxfordshire, England",51.9939848,-1.4822644,"Lasioglossum fulvicorne",14.2183397099947,4.6124475170216,18.205540960078,24.8290018492997
"IGproject0101","Lasioglossum","fulvicorne","male",1915,7,15,"England","Devon","Brixham","",1.787,1.305,5.33,1.241,"Halictidae","excavator","OUMNH",1.096,"Brixham, Devon, England",50.3952404,-3.514544,"Lasioglossum fulvicorne",13.7631079881502,2.73980897477307,16.2761229620172,20.1038644598181
"IGproject0102","Lasioglossum","fulvicorne","male",1968,9,7,"England","Bedfordshire","Whipsnade","Bison Hill",1.727,1.222,5.031,1.178,"Halictidae","excavator","OUMNH",1.037,"Bison Hill, Whipsnade, Bedfordshire, England",51.854781,-0.5482012,"Lasioglossum fulvicorne",12.944757111063,3.98684669213628,17.2071966457106,22.3738452922006
"IGproject0103","Lasioglossum","fulvicorne","male",1902,6,8,"England","Kent","Faversham","Huntingfield",1.784,1.311,5.297,1.23,"Halictidae","excavator","OUMNH",1.094,"Huntingfield, Faversham, Kent, England",51.25792226,0.822018012,"Lasioglossum fulvicorne",13.5949744964548,3.84813669673188,17.4404786615628,23.0645475654834
"IGproject0104","Lasioglossum","fulvicorne","female",1917,5,3,"England","Devon","Brixham","",1.925,1.469,5.977,1.472,"Halictidae","excavator","OUMNH",1.189,"Brixham, Devon, England",50.3952404,-3.514544,"Lasioglossum fulvicorne",12.9740502906084,3.39333689705699,17.0433108178128,21.0770005934844
"IGproject0105","Lasioglossum","fulvicorne","male",1919,8,19,"England","Worcestershire","Malvern","",1.681,1.228,5.194,1.193,"Halictidae","excavator","OUMNH",1.057,"Malvern, Worcestershire, England",52.1159559,-2.3258985,"Lasioglossum fulvicorne",13.1225118068141,3.75132868544709,16.2465827375554,21.3315781916807
"IGproject0106","Lasioglossum","fulvicorne","male",1919,8,19,"England","Worcestershire","Malvern","",1.815,1.296,5.372,1.133,"Halictidae","excavator","OUMNH",1.107,"Malvern, Worcestershire, England",52.1159559,-2.3258985,"Lasioglossum fulvicorne",13.1225118068141,3.75132868544709,16.2465827375554,21.3315781916807
"IGproject0107","Lasioglossum","fulvicorne","female",2004,9,1,"England","Surrey","Seale","",1.818,1.263,5.396,1.359,"Halictidae","excavator","OUMNH",1.097,"Seale, Surrey, England",51.2223512,-0.7187413,"Lasioglossum fulvicorne",15.0428143934135,4.08988583594299,19.2410721140804,25.5591024627797
"IGproject0108","Lasioglossum","fulvicorne","female",1974,5,7,"England","Oxfordshire","Oxford","Wytham",1.854,1.34,5.52,1.384,"Halictidae","excavator","OUMNH",1.134,"Wytham, Oxford, Oxfordshire, England",51.7535169,-1.2131856,"Lasioglossum fulvicorne",13.1193117384145,3.95542724237377,16.9098087977846,22.264250961407
"IGproject0109","Lasioglossum","fulvicorne","female",1974,5,7,"England","Oxfordshire","Oxford","Wytham",1.792,1.298,5.29,1.423,"Halictidae","excavator","OUMNH",1.079,"Wytham, Oxford, Oxfordshire, England",51.7535169,-1.2131856,"Lasioglossum fulvicorne",13.1193117384145,3.95542724237377,16.9098087977846,22.264250961407
"IGproject0110","Lasioglossum","fulvicorne","female",1949,4,17,"England","Oxfordshire","Cumnor","",1.757,1.252,5.331,1.372,"Halictidae","excavator","OUMNH",1.099,"Cumnor, Oxfordshire, England",51.7349255,-1.3331621,"Lasioglossum fulvicorne",12.8406446256261,2.83612972942684,15.6823077488215,20.5207298767438
"IGproject0111","Lasioglossum","fulvicorne","male",1988,8,6,"England","Wiltshire","Wroughton","Clouts Wood",1.767,1.23,5.442,1.095,"Halictidae","excavator","OUMNH",1.057,"Clouts Wood, Wroughton, Wiltshire, England",51.51489206,-1.804044057,"Lasioglossum fulvicorne",12.9971270098203,2.9173284905327,15.9000581978711,20.7748858059561
"IGproject0112","Lasioglossum","fulvicorne","male",1903,7,22,"England","Dorset","Lyme Regis","",1.665,1.179,4.918,1.264,"Halictidae","excavator","OUMNH",0.996,"Lyme Regis, Dorset, England",50.7252897,-2.934559,"Lasioglossum fulvicorne",12.1150204286511,3.33156873055963,15.0947042552986,19.9216911273388
"IGproject0113","Lasioglossum","fulvicorne","female",1925,5,NA,"England","Sussex","Brighton","Devil's Dyke",1.733,1.269,5.315,1.416,"Halictidae","excavator","OUMNH",1.062,"Devil's Dyke, Brighton, Sussex, England",50.8849935,-0.2123306,"Lasioglossum fulvicorne",12.7877623241337,3.29602169788569,15.5167182882523,20.2398904673564
"IGproject0114","Lasioglossum","fulvicorne","male",1905,7,10,"England","Kent","Faversham","",1.846,1.357,5.683,1.277,"Halictidae","excavator","OUMNH",1.114,"Faversham, Kent, England",51.3158434,0.8911283,"Lasioglossum fulvicorne",13.6656676439635,3.50954848247579,17.6901995169375,22.8537178992446
"IGproject0115","Lasioglossum","fulvicorne","male",1968,9,2,"England","Bedfordshire","Hitchin","Pegsdon",1.766,1.259,5.341,1.245,"Halictidae","excavator","OUMNH",1.139,"Pegsdon, Hitchin, Bedfordshire, England",51.96253534,-0.36842034,"Lasioglossum fulvicorne",13.0666160558635,4.01551559331607,17.3864884287521,22.6376382416027
"IGproject0116","Lasioglossum","fulvicorne","female",1956,9,26,"England","Dorset","Wimborne","",1.801,1.347,5.375,1.401,"Halictidae","excavator","OUMNH",1.117,"Wimborne, Dorset, England",50.7995189,-1.987339,"Lasioglossum fulvicorne",13.6699629988943,4.26730893897284,17.9668336221488,23.5183474976572
"IGproject0117","Lasioglossum","fulvicorne","male",1904,8,NA,"England","Kent","Faversham","Huntingfield",1.774,1.282,5.147,1.223,"Halictidae","excavator","OUMNH",1.067,"Huntingfield, Faversham, Kent, England",51.25792226,0.822018012,"Lasioglossum fulvicorne",12.3525715829226,3.78277168559955,15.9902648236762,20.9138155808248
"IGproject0118","Lasioglossum","fulvicorne","male",1905,9,3,"England","Kent","Charing","",1.783,1.276,5.555,1.242,"Halictidae","excavator","OUMNH",1.073,"Charing, Kent, England",51.2142039,0.7886033,"Lasioglossum fulvicorne",13.5266717326692,3.48963827560025,17.5229575479628,22.8223101728681
"IGproject0119","Lasioglossum","fulvicorne","female",1914,8,18,"England","Surrey","Gomshall","",1.814,1.305,5.416,1.505,"Halictidae","excavator","OUMNH",1.108,"Gomshall, Surrey, England",51.2192418,-0.4422487,"Lasioglossum fulvicorne",12.9260014121469,3.05928970034174,15.4918286661136,20.6751696963689
"IGproject0120","Lasioglossum","fulvicorne","female",1905,9,14,"England","Kent","Faversham","Huntingfield",1.967,1.366,5.646,1.514,"Halictidae","excavator","OUMNH",1.268,"Huntingfield, Faversham, Kent, England",51.25792226,0.822018012,"Lasioglossum fulvicorne",13.5767900672086,3.49859758439813,17.5878807422322,22.8246373810369
"IGproject0121","Lasioglossum","fulvicorne","female",1905,9,10,"England","Kent","Faversham","Huntingfield",1.909,1.286,5.475,1.356,"Halictidae","excavator","OUMNH",1.267,"Huntingfield, Faversham, Kent, England",51.25792226,0.822018012,"Lasioglossum fulvicorne",13.5767900672086,3.49859758439813,17.5878807422322,22.8246373810369
"IGproject0122","Lasioglossum","fulvicorne","female",1948,8,15,"England","Oxfordshire","Oxford","Hinksey",1.857,1.384,5.493,1.437,"Halictidae","excavator","OUMNH",1.175,"Hinksey, Oxford, Oxfordshire, England",51.7363525,-1.2575581,"Lasioglossum fulvicorne",14.6156040120181,4.0230563361938,18.7963233787449,25.7049225303313
"IGproject0123","Lasioglossum","fulvicorne","male",1905,9,14,"England","Kent","Faversham","Huntingfield",1.912,1.42,6.007,1.295,"Halictidae","excavator","OUMNH",1.186,"Huntingfield, Faversham, Kent, England",51.25792226,0.822018012,"Lasioglossum fulvicorne",13.5767900672086,3.49859758439813,17.5878807422322,22.8246373810369
"IGproject0124","Lasioglossum","fulvicorne","male",1915,7,15,"England","Devon","Brixham","",1.811,1.309,5.357,1.258,"Halictidae","excavator","OUMNH",1.111,"Brixham, Devon, England",50.3952404,-3.514544,"Lasioglossum fulvicorne",13.7631079881502,2.73980897477307,16.2761229620172,20.1038644598181
"IGproject0125","Nomada","ruficornis","male",1904,5,18,"England","Greater London","London","Hampstead",2.075,1.294,6.697,1.795,"Apidae","kleptoparasite","OUMNH",1.367,"Hampstead, London, Greater London, England",51.55653,-0.1783011,"Nomada ruficornis",10.7350276624537,3.40720208001198,13.3309755424107,18.0300560890146
"IGproject0126","Nomada","ruficornis","female",1915,5,7,"England","Surrey","Cobham","",2.761,1.909,9.264,2.617,"Apidae","kleptoparasite","OUMNH",1.722,"Cobham, Surrey, England",51.3300079,-0.4120821,"Nomada ruficornis",12.0802041237259,2.63788170929983,14.9791666226397,20.8472473636116
"IGproject0127","Nomada","ruficornis","female",1915,4,20,"England","Devon","Dartmoor","East Dartmoor",2.838,1.949,8.544,2.479,"Apidae","kleptoparasite","OUMNH",1.819,"East Dartmoor, Dartmoor, Devon, England",50.486085,-3.9856305,"Nomada ruficornis",11.2321221550398,2.31865240406904,13.8276493042044,18.6385197597494
"IGproject0128","Nomada","ruficornis","male",1992,4,25,"England","Devon","","",2.615,1.899,8.209,1.936,"Apidae","kleptoparasite","OUMNH",1.745,"Devon, England",50.7241405,-3.6607788,"Nomada ruficornis",10.2984412456135,2.38486811487139,12.0267420470086,15.7966275356298
"IGproject0129","Nomada","ruficornis","female",1927,5,1,"England","Cheshire","Wilmslow","Bollin Valley",2.353,1.59,7.263,2.013,"Apidae","kleptoparasite","OUMNH",1.527,"Bollin Valley, Wilmslow, Cheshire, England",53.3299342,-2.2281098,"Nomada ruficornis",10.6729927058275,2.31623416645056,13.3263257365822,17.9343415828981
"IGproject0130","Nomada","ruficornis","female",1917,5,13,"England","Surrey","Cobham","",2.712,1.773,8.264,2.208,"Apidae","kleptoparasite","OUMNH",1.739,"Cobham, Surrey, England",51.3300079,-0.4120821,"Nomada ruficornis",11.1160369784675,2.03105072474498,12.5481262890304,18.0338814853766
"IGproject0131","Nomada","ruficornis","male",1953,4,24,"England","Devon","Newton Abbot","Teigngrace",2.685,1.869,8.35,2.278,"Apidae","kleptoparasite","OUMNH",1.801,"Teigngrace, Newton Abbot, Devon, England",50.55245864,-3.624364846,"Nomada ruficornis",11.8282622124445,2.52939084880137,13.999701017731,18.7303255884305
"IGproject0132","Nomada","ruficornis","male",1904,5,18,"England","Greater London","London","Hampstead",2.297,1.45,7.115,1.823,"Apidae","kleptoparasite","OUMNH",1.496,"Hampstead, London, Greater London, England",51.55653,-0.1783011,"Nomada ruficornis",10.7350276624537,3.40720208001198,13.3309755424107,18.0300560890146
"IGproject0133","Nomada","ruficornis","female",1953,4,24,"England","Devon","Newton Abbot","Teigngrace",2.767,1.835,8.638,2.263,"Apidae","kleptoparasite","OUMNH",1.742,"Teigngrace, Newton Abbot, Devon, England",50.55245864,-3.624364846,"Nomada ruficornis",11.8282622124445,2.52939084880137,13.999701017731,18.7303255884305
"IGproject0134","Nomada","ruficornis","male",1904,5,18,"England","Greater London","London","Hampstead",2.56,1.817,8.269,2.079,"Apidae","kleptoparasite","OUMNH",1.681,"Hampstead, London, Greater London, England",51.55653,-0.1783011,"Nomada ruficornis",10.7350276624537,3.40720208001198,13.3309755424107,18.0300560890146
"IGproject0135","Nomada","ruficornis","male",1901,5,19,"England","Gloucestershire","Horsley","",2.816,1.898,9.399,2.743,"Apidae","kleptoparasite","OUMNH",1.727,"Horsley, Gloucestershire, England",51.6780946,-2.2329134,"Nomada ruficornis",10.774554066891,3.17108584296159,14.263378163862,18.9299007459592
"IGproject0136","Nomada","ruficornis","female",1902,5,24,"England","Hampshire","","New Forest",2.771,1.9,8.399,2.295,"Apidae","kleptoparasite","OUMNH",1.731,"New Forest, Hampshire, England",50.8557268,-1.5956844,"Nomada ruficornis",11.7472460538813,2.79257700468495,14.4191710550997,19.7310750232066
"IGproject0137","Nomada","ruficornis","male",1929,4,27,"England","Dorset","Wimborne","Badbury Rings",2.186,1.533,6.937,1.807,"Apidae","kleptoparasite","OUMNH",1.484,"Badbury Rings, Wimborne, Dorset, England",50.82687682,-2.052082813,"Nomada ruficornis",10.8926787688782,2.45556097000678,13.157606191972,17.7468447632454
"IGproject0138","Nomada","ruficornis","male",1936,5,27,"England","Berkshire","Windsor","",1.942,1.182,6.203,1.624,"Apidae","kleptoparasite","OUMNH",1.252,"Windsor, Berkshire, England",51.4837886,-0.6040419,"Nomada ruficornis",11.2678161314487,3.73301309866079,15.3807374240535,20.1544400671658
"IGproject0139","Nomada","ruficornis","male",1933,5,NA,"England","Oxfordshire","Tubney","",2.108,1.368,6.666,1.742,"Apidae","kleptoparasite","OUMNH",1.33,"Tubney, Oxfordshire, England",51.6852443,-1.3699399,"Nomada ruficornis",10.1352498020544,3.50829893745941,13.6593976789803,19.0893744242689
"IGproject0140","Nomada","ruficornis","male",1904,5,15,"England","Greater London","Northwood","",1.811,1.065,5.844,1.579,"Apidae","kleptoparasite","OUMNH",1.224,"Northwood, Greater London, England",51.6051713,-0.4205812,"Nomada ruficornis",10.3680803931032,3.37642029994531,12.9310001104367,17.6315441681466
"IGproject0141","Nomada","ruficornis","female",1901,7,14,"Wales","Gwynedd","Criccieth","",2.832,1.883,8.31,2.469,"Apidae","kleptoparasite","OUMNH",1.807,"Criccieth, Gwynedd, Wales",52.9206106,-4.2332414,"Nomada ruficornis",9.87794418567597,2.74634110433528,12.9618859065763,16.6824140180934
"IGproject0142","Nomada","ruficornis","male",1917,5,31,"England","Devon","Brixham","",2.361,1.502,7.182,1.926,"Apidae","kleptoparasite","OUMNH",1.542,"Brixham, Devon, England",50.3952404,-3.514544,"Nomada ruficornis",10.6892345408197,1.74379555004273,11.8674348841717,15.9676672197704
"IGproject0143","Nomada","ruficornis","male",1900,5,1,"England","Dorset","Swanage","",2.387,1.598,7.565,2.022,"Apidae","kleptoparasite","OUMNH",1.543,"Swanage, Dorset, England",50.6086976,-1.9571971,"Nomada ruficornis",11.9330407566512,4.02116953649893,16.3439723659782,21.5577057774443
"IGproject0144","Nomada","ruficornis","male",1991,NA,NA,"England","Northamptonshire","Oundle","Ashton Pond",2.739,1.855,8.332,2.213,"Apidae","kleptoparasite","OUMNH",1.78,"Ashton Pond, Oundle, Northamptonshire, England",52.47975966,-0.452349151,"Nomada ruficornis",11.2667342215557,3.08532265032523,13.6978954147549,18.6501518243395
"IGproject0145","Nomada","ruficornis","female",1911,5,19,"England","Oxfordshire","Oxford","",2.593,1.85,8.871,2.312,"Apidae","kleptoparasite","OUMNH",1.679,"Oxford, Oxfordshire, England",51.7520131,-1.2578499,"Nomada ruficornis",11.1772806361946,3.77568662401213,14.9188624606181,19.7713617648263
"IGproject0146","Nomada","ruficornis","female",2003,6,13,"England","Oxfordshire","Stratton Audley","",2.73,1.82,8.651,2.27,"Apidae","kleptoparasite","OUMNH",1.709,"Stratton Audley, Oxfordshire, England",51.9336182,-1.109515,"Nomada ruficornis",11.681187177649,2.51190952721861,14.2024145490425,19.1700627435244
"IGproject0147","Nomada","ruficornis","male",1990,5,16,"England","Cornwall","Camborne","",2.586,1.778,8.24,2.172,"Apidae","kleptoparasite","OUMNH",1.732,"Camborne, Cornwall, England",50.2138828,-5.2990347,"Nomada ruficornis",11.6494337488676,3.86067311256097,14.425120215652,18.5563279933289
"IGproject0148","Nomada","ruficornis","female",1982,5,14,"England","Devon","Tavistock","",2.437,1.572,7.559,2.01,"Apidae","kleptoparasite","OUMNH",1.563,"Tavistock, Devon, England",50.5496154,-4.1446358,"Nomada ruficornis",10.1658079429881,2.40973866819875,12.5711079664401,16.2288838653682
"IGproject0149","Nomada","ruficornis","male",1976,4,21,"England","Devon","Lifton","",2.497,1.746,8.1,2.045,"Apidae","kleptoparasite","OUMNH",1.595,"Lifton, Devon, England",50.6429503,-4.2988119,"Nomada ruficornis",10.9293561977908,3.13898931698827,14.2649433805531,19.9289262981698
"IGproject0150","Nomada","ruficornis","female",1989,5,21,"England","Wiltshire","Wroughton","Clouts Wood",2.672,1.802,7.999,2.345,"Apidae","kleptoparasite","OUMNH",1.746,"Clouts Wood, Wroughton, Wiltshire, England",51.51489206,-1.804044057,"Nomada ruficornis",11.2915237830902,3.19526997905678,14.2248350325919,18.7889933257928
"IGproject0151","Nomada","ruficornis","male",1989,5,7,"England","Wiltshire","Swindon","Coate Water Country Park",2.576,1.675,8.02,2.041,"Apidae","kleptoparasite","OUMNH",1.682,"Coate Water Country Park, Swindon, Wiltshire, England",51.53925894,-1.74822582,"Nomada ruficornis",11.3053664828685,3.19292691861184,14.2372778590579,18.7957077673835
"IGproject0152","Nomada","ruficornis","male",1941,6,4,"England","Berkshire","Padworth","",2.648,1.709,8.311,2.233,"Apidae","kleptoparasite","OUMNH",1.735,"Padworth, Berkshire, England",51.3916205,-1.1187515,"Nomada ruficornis",12.6590999220318,3.87303505760171,16.5111037119936,22.8854493447013
"IGproject0153","Nomada","ruficornis","female",1911,5,13,"England","West Yorkshire","Keighley","",2.774,1.902,8.397,2.274,"Apidae","kleptoparasite","OUMNH",1.81,"Keighley, West Yorkshire, England",53.8684021,-1.9020456,"Nomada ruficornis",9.37409340144026,3.82897777916889,13.1048680553566,17.5548786717541
"IGproject0154","Nomada","ruficornis","male",1917,5,5,"England","Surrey","Tadworth","Box Hill",2.653,1.911,8.324,2.238,"Apidae","kleptoparasite","OUMNH",1.773,"Box Hill, Tadworth, Surrey, England",51.2543699,-0.2776725,"Nomada ruficornis",10.9483592305194,2.00523065358506,12.3771672774994,17.8346478886816
"IGproject0155","Hylaeus","hyalinatus","male",1904,7,NA,"England","Dorset","Lyme Regis","",1.674,1.226,4.253,1.008,"Colletidae","cavity nester","OUMNH",1.103,"Lyme Regis, Dorset, England",50.7252897,-2.934559,"Hylaeus hyalinatus",14.2441211867508,1.26279249642224,15.3581638166614,20.0051358635326
"IGproject0156","Hylaeus","hyalinatus","male",1904,7,NA,"England","Dorset","Lyme Regis","",1.608,1.116,4.138,0.941,"Colletidae","cavity nester","OUMNH",1.078,"Lyme Regis, Dorset, England",50.7252897,-2.934559,"Hylaeus hyalinatus",14.2441211867508,1.26279249642224,15.3581638166614,20.0051358635326
"IGproject0157","Hylaeus","hyalinatus","male",1972,7,11,"England","Cornwall","East Cornwall","",1.624,1.253,4.194,1.036,"Colletidae","cavity nester","OUMNH",1.051,"East Cornwall, Cornwall, England",50.5041841,-4.2790642,"Hylaeus hyalinatus",15.0954768285182,2.30593511513633,16.9361388939625,21.817232563639
"IGproject0158","Hylaeus","hyalinatus","female",1952,8,14,"England","Oxfordshire","Tubney","",1.675,1.279,4.507,1.071,"Colletidae","cavity nester","OUMNH",1.127,"Tubney, Oxfordshire, England",51.6852443,-1.3699399,"Hylaeus hyalinatus",14.9342625987286,1.33280005749689,16.3145239379303,21.7596685132218
"IGproject0159","Hylaeus","hyalinatus","female",1949,6,30,"England","Devon","Plymouth","Plymouth Hoe",1.718,1.334,4.751,1.111,"Colletidae","cavity nester","OUMNH",1.128,"Plymouth Hoe, Plymouth, Devon, England",50.36584396,-4.142166636,"Hylaeus hyalinatus",14.3723309130022,0.937575627927444,14.9958629820926,18.8773829594941
"IGproject0160","Hylaeus","hyalinatus","female",1939,7,1,"England","Dorset","Swanage","South Haven Point",1.55,1.198,4.142,1.018,"Colletidae","cavity nester","OUMNH",1.023,"South Haven Point, Swanage, Dorset, England",50.6787269,-1.94390688,"Hylaeus hyalinatus",15.4794455346303,1.01418013589831,16.6168119325781,21.34797353269
"IGproject0161","Hylaeus","hyalinatus","female",1934,6,16,"England","Dorset","Swanage","South Haven Point",1.621,1.324,4.492,1.074,"Colletidae","cavity nester","OUMNH",1.077,"South Haven Point, Swanage, Dorset, England",50.6787269,-1.94390688,"Hylaeus hyalinatus",17.0612551097983,1.16356141471681,17.7831293117563,23.0774450350817
"IGproject0162","Hylaeus","hyalinatus","female",1974,7,1,"England","Devon","Saunton","",1.689,1.295,4.37,1.031,"Colletidae","cavity nester","OUMNH",1.116,"Saunton, Devon, England",51.1167185,-4.2093963,"Hylaeus hyalinatus",14.3372422600503,1.21881190458776,15.6816604271769,19.3566747727672
"IGproject0163","Hylaeus","hyalinatus","female",1928,7,17,"England","Dorset","Portland","",1.582,1.199,4.345,1.024,"Colletidae","cavity nester","OUMNH",1.073,"Portland, Dorset, England",50.5672516,-2.4472529,"Hylaeus hyalinatus",14.5461416389443,1.48751129566764,15.4145367253201,19.2343636318368
"IGproject0164","Hylaeus","hyalinatus","female",1908,8,14,"England","East Sussex","Hellingly","",1.53,1.172,4.18,1.027,"Colletidae","cavity nester","OUMNH",1.046,"Hellingly, East Sussex, England",50.895456,0.2499944,"Hylaeus hyalinatus",13.7894985527833,1.1095295194225,14.8451776798288,19.2605417919141
"IGproject0165","Hylaeus","hyalinatus","female",2002,7,28,"England","Oxfordshire","Oxford","Shotover",1.758,1.351,4.848,1.085,"Colletidae","cavity nester","OUMNH",1.151,"Shotover, Oxford, Oxfordshire, England",51.7561128,-1.1551229,"Hylaeus hyalinatus",16.4588242958463,1.6310806273709,17.5669400326839,22.8684311382265
"IGproject0166","Hylaeus","hyalinatus","male",1992,6,19,"England","Oxfordshire","","Hitchcopse Pit",1.49,1.137,3.945,0.945,"Colletidae","cavity nester","OUMNH",0.999,"Hitchcopse Pit, Oxfordshire, England",51.69442627,-1.347413049,"Hylaeus hyalinatus",15.5874189140076,3.00050939553625,17.3961007527573,22.8033509199924
"IGproject0167","Hylaeus","hyalinatus","female",1904,7,9,"England","Kent","Walmer","",1.596,1.204,4.398,1.035,"Colletidae","cavity nester","OUMNH",1.026,"Walmer, Kent, England",51.2068884,1.3999154,"Hylaeus hyalinatus",14.6501608857757,1.62776676268879,15.8940285485088,20.7311397389211
"IGproject0168","Hylaeus","hyalinatus","female",1898,7,NA,"Wales","Gwynedd","Criccieth","",1.648,1.27,4.516,1.004,"Colletidae","cavity nester","OUMNH",1.087,"Criccieth, Gwynedd, Wales",52.9206106,-4.2332414,"Hylaeus hyalinatus",14.3296419247885,0.883112070430358,14.8613244449756,18.905247948327
"IGproject0169","Hylaeus","hyalinatus","female",1904,7,8,"England","Dorset","Lyme Regis","",1.743,1.403,4.714,1.135,"Colletidae","cavity nester","OUMNH",1.162,"Lyme Regis, Dorset, England",50.7252897,-2.934559,"Hylaeus hyalinatus",14.2441211867508,1.26279249642224,15.3581638166614,20.0051358635326
"IGproject0170","Hylaeus","hyalinatus","female",1984,7,13,"England","Kent","","Lydd Ranges",1.627,1.252,4.49,1.076,"Colletidae","cavity nester","OUMNH",1.078,"Lydd Ranges, Kent, England",50.9298725,0.8684773,"Hylaeus hyalinatus",17.5404177946865,2.00808733617153,19.2798116764238,24.222639109374
"IGproject0171","Anthidium","manicatum","male",1901,7,NA,"England","Cornwall","Newquay","",4.546,4.087,11.732,3.824,"Megachilidae","cavity nester","OUMNH",2.574,"Newquay, Cornwall, England",50.4134414,-5.0848836,"Anthidium manicatum",15.2108034669739,1.18389605586744,16.3166671385488,20.0533931728464
"IGproject0172","Anthidium","manicatum","female",1898,7,NA,"Wales","Gwynedd","Criccieth","",4.115,3.401,9.179,2.756,"Megachilidae","cavity nester","OUMNH",2.497,"Criccieth, Gwynedd, Wales",52.9206106,-4.2332414,"Anthidium manicatum",14.3296419247885,0.883112070430358,14.8613244449756,18.905247948327
"IGproject0173","Anthidium","manicatum","male",1948,8,5,"England","Oxfordshire","Farmoor","",4.483,3.898,11.304,3.562,"Megachilidae","cavity nester","OUMNH",2.613,"Farmoor, Oxfordshire, England",51.7600964,-1.3487839,"Anthidium manicatum",17.1640032635308,1.68083412686629,18.825445463468,25.6179124870687
"IGproject0174","Anthidium","manicatum","female",1908,6,27,"England","Merseyside","Wallasey","",4.038,3.499,9.087,2.778,"Megachilidae","cavity nester","OUMNH",2.454,"Wallasey, Merseyside, England",53.42722649,-3.067881383,"Anthidium manicatum",13.7183046316474,1.03433104626574,14.3816168924876,17.9296000925576
"IGproject0175","Anthidium","manicatum","male",1914,7,13,"England","Surrey","Woking","",4.659,4.139,12.203,3.699,"Megachilidae","cavity nester","OUMNH",2.556,"Woking, Surrey, England",51.3201891,-0.5564726,"Anthidium manicatum",15.0494935502833,0.557540180291504,15.6649367138378,20.8038829752595
"IGproject0176","Anthidium","manicatum","female",1914,7,13,"England","Surrey","Woking","",4.093,3.327,8.853,2.505,"Megachilidae","cavity nester","OUMNH",2.501,"Woking, Surrey, England",51.3201891,-0.5564726,"Anthidium manicatum",15.0494935502833,0.557540180291504,15.6649367138378,20.8038829752595
"IGproject0177","Anthidium","manicatum","male",1953,7,27,"England","Devon","Torquay","",4.145,3.473,9.686,2.942,"Megachilidae","cavity nester","OUMNH",2.33,"Torquay, Devon, England",50.4652392,-3.5211361,"Anthidium manicatum",15.7819387353253,1.38301006090397,16.8569663110205,21.1969850924832
"IGproject0178","Anthidium","manicatum","female",1915,7,15,"England","Devon","Brixham","",4.012,3.55,9.019,2.673,"Megachilidae","cavity nester","OUMNH",2.495,"Brixham, Devon, England",50.3952404,-3.514544,"Anthidium manicatum",15.7002589056074,0.706082044444861,16.2761229620172,20.1038644598181
"IGproject0179","Anthidium","manicatum","male",1961,7,17,"England","Cheshire","Hoylake","",4.422,3.889,11.114,3.413,"Megachilidae","cavity nester","OUMNH",2.477,"Hoylake, Cheshire, England",53.3931186,-3.176757221,"Anthidium manicatum",15.2795003080967,0.552644648931907,15.9045844641354,20.509994205453
"IGproject0180","Anthidium","manicatum","female",1926,7,NA,"England","Devon","Newton Abbot","",4.138,3.526,9.218,2.795,"Megachilidae","cavity nester","OUMNH",2.52,"Newton Abbot, Devon, England",50.5296441,-3.6112097,"Anthidium manicatum",15.9999866570983,0.300861755798847,16.3212146838882,21.2032965932478
"IGproject0181","Anthidium","manicatum","male",1902,7,NA,"England","Leicestershire","Market Bosworth","",4.527,3.952,10.985,3.58,"Megachilidae","cavity nester","OUMNH",2.519,"Market Bosworth, Leicestershire, England",52.6217051,-1.4149268,"Anthidium manicatum",15.7773243580424,2.18411753800603,17.9332536418777,23.6583888278847
"IGproject0182","Anthidium","manicatum","female",1906,7,16,"England","Hampshire","","New Forest",4.1,3.475,9.287,2.838,"Megachilidae","cavity nester","OUMNH",2.489,"New Forest, Hampshire, England",50.8557268,-1.5956844,"Anthidium manicatum",16.39148695046,1.67553276899087,18.2885110269219,23.4280409829518
"IGproject0183","Anthidium","manicatum","male",1897,7,18,"England","Oxfordshire","Oxford","Shotover",4.311,3.517,10.236,3.559,"Megachilidae","cavity nester","OUMNH",2.46,"Shotover, Oxford, Oxfordshire, England",51.7561128,-1.1551229,"Anthidium manicatum",15.6489421746397,1.17984501231362,16.59739957393,22.5986572089602
"IGproject0184","Anthidium","manicatum","female",1914,6,17,"England","Surrey","Woking","",4.368,3.712,10.076,3.047,"Megachilidae","cavity nester","OUMNH",2.692,"Woking, Surrey, England",51.3201891,-0.5564726,"Anthidium manicatum",15.0494935502833,0.557540180291504,15.6649367138378,20.8038829752595
"IGproject0185","Anthidium","manicatum","male",1897,7,NA,"Wales","Gwynedd","Criccieth","",4.207,3.779,10.59,3.314,"Megachilidae","cavity nester","OUMNH",2.393,"Criccieth, Gwynedd, Wales",52.9206106,-4.2332414,"Anthidium manicatum",14.0889778693856,0.723228831847784,14.5435199350073,18.9583348188941
"IGproject0186","Anthidium","manicatum","female",1989,6,15,"England","Cornwall","Saint Austell","Old Inn Cottage",4.029,3.581,8.944,2.712,"Megachilidae","cavity nester","OUMNH",2.335,"Old Inn Cottage, Saint Austell, Cornwall, England",50.29371098,-4.780971796,"Anthidium manicatum",14.461417447554,0.312441968089066,14.7409751175799,18.4397931594911
"IGproject0187","Anthidium","manicatum","male",1900,7,16,"Wales","Gwynedd","Criccieth","",4.199,3.677,10.022,3.029,"Megachilidae","cavity nester","OUMNH",2.349,"Criccieth, Gwynedd, Wales",52.9206106,-4.2332414,"Anthidium manicatum",15.0660171669286,1.2967823754291,16.4925869961121,20.9296529151234
"IGproject0188","Anthidium","manicatum","female",1954,7,19,"England","Devon","Torquay","Manor Garden",3.931,3.258,8.792,2.688,"Megachilidae","cavity nester","OUMNH",2.352,"Manor Garden, Torquay, Devon, England",50.4611174,-3.507932,"Anthidium manicatum",15.5219810428161,1.0038600576508,16.2624675079808,20.6308237853386
"IGproject0189","Anthidium","manicatum","male",1898,7,NA,"Wales","Gwynedd","Criccieth","",4.505,3.812,11.282,3.613,"Megachilidae","cavity nester","OUMNH",2.612,"Criccieth, Gwynedd, Wales",52.9206106,-4.2332414,"Anthidium manicatum",14.3296419247885,0.883112070430358,14.8613244449756,18.905247948327
"IGproject0190","Anthidium","manicatum","female",1936,8,25,"England","Oxfordshire","Oxford","74 Islip Road, Sunnymead",4.165,3.683,9.299,2.826,"Megachilidae","cavity nester","OUMNH",2.533,"74 Islip Road, Sunnymead, Oxford, Oxfordshire, England",51.7844434,-1.2616549,"Anthidium manicatum",16.5247472523167,1.37415882224634,17.6366156977671,23.6482975490922
"IGproject0191","Anthidium","manicatum","male",1897,7,18,"England","Oxfordshire","Oxford","Shotover",4.47,3.968,11.554,3.698,"Megachilidae","cavity nester","OUMNH",2.59,"Shotover, Oxford, Oxfordshire, England",51.7561128,-1.1551229,"Anthidium manicatum",15.6489421746397,1.17984501231362,16.59739957393,22.5986572089602
"IGproject0192","Anthidium","manicatum","female",1998,7,NA,"Wales","Gwynedd","Criccieth","",4.101,3.605,8.931,2.825,"Megachilidae","cavity nester","OUMNH",2.477,"Criccieth, Gwynedd, Wales",52.9206106,-4.2332414,"Anthidium manicatum",14.9800681981726,2.15890028124461,17.131624676061,20.7332599619954
"IGproject0193","Anthidium","manicatum","male",1908,7,15,"England","Oxfordshire","Oxford","Lye Valley",4.248,3.75,10.682,3.254,"Megachilidae","cavity nester","OUMNH",2.4,"Lye Valley, Oxford, Oxfordshire, England",51.7455776,-1.2056501,"Anthidium manicatum",13.7191923864349,1.03219475739155,14.5418171502803,19.3757402836736
"IGproject0194","Anthidium","manicatum","female",1948,8,22,"England","Oxfordshire","Oxford","Hinksey",4.018,3.586,8.963,2.791,"Megachilidae","cavity nester","OUMNH",2.482,"Hinksey, Oxford, Oxfordshire, England",51.7363525,-1.2575581,"Anthidium manicatum",17.1625015832209,1.66583374921906,18.7963233787449,25.7049225303313
"IGproject0195","Anthidium","manicatum","male",1936,7,26,"England","Oxfordshire","Oxford","Sunnymead",4.2,3.606,10.468,3.131,"Megachilidae","cavity nester","OUMNH",2.37,"Sunnymead, Oxford, Oxfordshire, England",51.7838335,-1.2642666,"Anthidium manicatum",16.5237589447151,1.37412077169847,17.6357898632574,23.6457734739532
"IGproject0196","Anthidium","manicatum","female",1914,6,20,"England","Surrey","Woking","",4.074,3.293,8.741,2.673,"Megachilidae","cavity nester","OUMNH",2.444,"Woking, Surrey, England",51.3201891,-0.5564726,"Anthidium manicatum",15.0494935502833,0.557540180291504,15.6649367138378,20.8038829752595
"IGproject0197","Anthidium","manicatum","male",1897,7,18,"England","Oxfordshire","Oxford","Shotover",4.487,3.858,11.692,3.59,"Megachilidae","cavity nester","OUMNH",2.519,"Shotover, Oxford, Oxfordshire, England",51.7561128,-1.1551229,"Anthidium manicatum",15.6489421746397,1.17984501231362,16.59739957393,22.5986572089602
"IGproject0198","Anthidium","manicatum","female",1914,6,20,"England","Surrey","Woking","",3.818,3.185,8.37,2.61,"Megachilidae","cavity nester","OUMNH",2.291,"Woking, Surrey, England",51.3201891,-0.5564726,"Anthidium manicatum",15.0494935502833,0.557540180291504,15.6649367138378,20.8038829752595
"IGproject0199","Anthidium","manicatum","male",1897,7,18,"England","Oxfordshire","Oxford","Shotover",4.201,3.695,10.591,3.412,"Megachilidae","cavity nester","OUMNH",2.413,"Shotover, Oxford, Oxfordshire, England",51.7561128,-1.1551229,"Anthidium manicatum",15.6489421746397,1.17984501231362,16.59739957393,22.5986572089602
"IGproject0200","Anthidium","manicatum","female",1906,7,25,"England","Hampshire","","New Forest",4.187,3.488,9.191,2.809,"Megachilidae","cavity nester","OUMNH",2.486,"New Forest, Hampshire, England",50.8557268,-1.5956844,"Anthidium manicatum",16.39148695046,1.67553276899087,18.2885110269219,23.4280409829518
"IGproject0201","Sphecodes","geoffrellus","female",1992,6,19,"England","Oxfordshire","","Hitchcopse Pit",1.579,1.059,3.859,1.007,"Halictidae","kleptoparasite","OUMNH",1.086,"Hitchcopse Pit, Oxfordshire, England",51.69442627,-1.347413049,"Sphecodes geoffrellus",13.0215869158964,4.23384054875391,17.3961007527573,22.8033509199924
"IGproject0202","Sphecodes","geoffrellus","male",1992,7,18,"England","Somerset","Weston-super-Mare","Sand Point",1.674,1.144,4.584,1.081,"Halictidae","kleptoparasite","OUMNH",1.107,"Sand Point, Weston-super-Mare, Somerset, England",51.3659434,-2.9342983,"Sphecodes geoffrellus",13.3706068721185,3.82299950093137,17.3122802180541,21.877384901114
"IGproject0203","Sphecodes","geoffrellus","female",1948,7,2,"England","Devon","Lydford","",1.677,1.114,4.447,1.169,"Halictidae","kleptoparasite","OUMNH",1.083,"Lydford, Devon, England",50.6459989,-4.0827936,"Sphecodes geoffrellus",12.9739554712622,3.81788526045927,17.8305044021857,23.1491287460106
"IGproject0204","Sphecodes","geoffrellus","female",1952,8,2,"England","Northamptonshire","Aynho","",1.392,0.851,3.927,0.944,"Halictidae","kleptoparasite","OUMNH",0.917,"Aynho, Northamptonshire, England",51.9948605,-1.2520728,"Sphecodes geoffrellus",11.9069294618388,3.93023417030962,15.9461289280075,21.4111839247411
"IGproject0205","Sphecodes","geoffrellus","female",1901,7,NA,"England","Cornwall","Newquay","",1.425,0.908,3.886,0.9,"Halictidae","kleptoparasite","OUMNH",0.932,"Newquay, Cornwall, England",50.4134414,-5.0848836,"Sphecodes geoffrellus",12.9317435537197,3.27279123772263,16.3166671385488,20.0533931728464
"IGproject0206","Sphecodes","geoffrellus","male",1919,8,19,"England","Worcestershire","Malvern","",1.465,1.072,4.186,0.937,"Halictidae","kleptoparasite","OUMNH",0.971,"Malvern, Worcestershire, England",52.1159559,-2.3258985,"Sphecodes geoffrellus",13.1225118068141,3.75132868544709,16.2465827375554,21.3315781916807
"IGproject0207","Sphecodes","geoffrellus","male",1900,8,NA,"Wales","Gwynedd","Criccieth","",1.528,1.021,4.246,0.952,"Halictidae","kleptoparasite","OUMNH",1.002,"Criccieth, Gwynedd, Wales",52.9206106,-4.2332414,"Sphecodes geoffrellus",12.2321622563414,4.03759438764423,16.4925869961121,20.9296529151234
"IGproject0208","Sphecodes","geoffrellus","female",1978,6,14,"England","Oxfordshire","Abingdon","Dry Sandford Pit",1.625,1.022,4.293,1.03,"Halictidae","kleptoparasite","OUMNH",1.005,"Dry Sandford Pit, Abingdon, Oxfordshire, England",51.69478825,-1.32635399,"Sphecodes geoffrellus",11.9785480217738,3.63063347311662,15.763028329546,20.7001837650183
"IGproject0209","Sphecodes","geoffrellus","male",1904,8,24,"England","Surrey","Reigate","",1.459,0.961,3.787,0.942,"Halictidae","kleptoparasite","OUMNH",0.96,"Reigate, Surrey, England",51.2376557,-0.2057067,"Sphecodes geoffrellus",12.2863687100361,3.68269971683091,15.8093200668993,20.7921699934039
"IGproject0210","Sphecodes","geoffrellus","female",1992,6,19,"England","Oxfordshire","","Hitchcopse Pit",1.782,1.17,4.724,1.148,"Halictidae","kleptoparasite","OUMNH",1.182,"Hitchcopse Pit, Oxfordshire, England",51.69442627,-1.347413049,"Sphecodes geoffrellus",13.0215869158964,4.23384054875391,17.3961007527573,22.8033509199924
"IGproject0211","Colletes","succintus","female",1940,8,4,"England","Devon","Meavy","",3.424,2.71,8.684,2.339,"Colletidae","excavator","OUMNH",NA,"Meavy, Devon, England",50.4796082,-4.0590464,"Colletes succintus",14.48736386423,1.00527047786408,15.646284760656,19.5147311365402
"IGproject0212","Colletes","succintus","male",1937,8,2,"England","Dorset","Swanage","",2.965,2.34,7.114,1.932,"Colletidae","excavator","OUMNH",NA,"Swanage, Dorset, England",50.6086976,-1.9571971,"Colletes succintus",15.4600493398888,0.828127227560827,16.3654703994625,21.3606085716747
"IGproject0213","Colletes","succintus","male",1953,8,10,"England","Devon","Dawlish Warren","",3.128,2.433,7.125,1.929,"Colletidae","excavator","OUMNH",NA,"Dawlish Warren, Devon, England",50.5986475,-3.4437159,"Colletes succintus",14.786366068357,2.72863733143522,16.6896230480539,21.2022405029474
"IGproject0214","Colletes","succintus","male",1906,8,6,"England","Surrey","Woking","",2.795,2.168,6.334,1.658,"Colletidae","excavator","OUMNH",NA,"Woking, Surrey, England",51.3201891,-0.5564726,"Colletes succintus",15.47161233931,2.7085600773111,18.2704326691033,23.6111528077535
"IGproject0215","Colletes","succintus","male",1953,8,12,"England","Devon","Bovey Tracey","Bovey Heathfield",3.238,2.605,7.729,2.017,"Colletidae","excavator","OUMNH",NA,"Bovey Heathfield, Bovey Tracey, Devon, England",50.5778633,-3.6644648,"Colletes succintus",14.5746276030812,2.70220844893775,16.4439563889878,20.8059522122318
"IGproject0216","Colletes","succintus","female",1927,8,25,"England","Dorset","Warmwell","Warmwell Heath",3.178,2.599,7.95,2.05,"Colletidae","excavator","OUMNH",NA,"Warmwell Heath, Warmwell, Dorset, England",50.68094,-2.35113,"Colletes succintus",16.1528144405536,0.68949906965484,16.6758592600117,21.1010745364445
"IGproject0217","Colletes","succintus","male",1926,8,25,"England","Dorset","Warmwell","Warmwell Heath",2.851,2.184,6.73,1.639,"Colletidae","excavator","OUMNH",NA,"Warmwell Heath, Warmwell, Dorset, England",50.68094,-2.35113,"Colletes succintus",14.5862005231617,2.10419597906676,16.2094103806911,20.9136150719617
"IGproject0218","Colletes","succintus","male",1969,9,4,"England","Devon","Brixham","",3.051,2.401,7.343,1.936,"Colletidae","excavator","OUMNH",NA,"Brixham, Devon, England",50.3952404,-3.514544,"Colletes succintus",15.2409125167184,0.892397824958044,16.0185571897674,19.4471674075915
"IGproject0219","Colletes","succintus","female",1919,8,NA,"England","Devon","South Brent","",3.387,2.804,8.543,2.282,"Colletidae","excavator","OUMNH",NA,"South Brent, Devon, England",50.4427744,-3.847493,"Colletes succintus",14.2733177628584,1.83845633683794,15.4357460012028,19.31412304468
"IGproject0220","Colletes","succintus","male",1913,8,5,"England","Devon","Bovey Tracey","",3.255,2.461,7.746,2.115,"Colletidae","excavator","OUMNH",NA,"Bovey Tracey, Devon, England",50.6046632,-3.6856762,"Colletes succintus",13.4284742620272,2.09785807020194,15.8049515085339,19.4183761744954
"IGproject0221","Colletes","succintus","female",1913,8,13,"England","Devon","Bovey Tracey","",3.323,2.732,8.452,2.15,"Colletidae","excavator","OUMNH",NA,"Bovey Tracey, Devon, England",50.6046632,-3.6856762,"Colletes succintus",13.4284742620272,2.09785807020194,15.8049515085339,19.4183761744954
"IGproject0222","Colletes","succintus","male",1899,7,NA,"Wales","Conwy","Abergele","",3.23,2.497,7.661,1.988,"Colletidae","excavator","OUMNH",NA,"Abergele, Conwy, Wales",53.2840692,-3.5810655,"Colletes succintus",14.4338337244476,0.629161208181037,15.1538962804449,19.5409911949158
"IGproject0223","Colletes","succintus","male",1953,8,10,"England","Devon","Dawlish Warren","",3.071,2.311,7.295,1.9,"Colletidae","excavator","OUMNH",NA,"Dawlish Warren, Devon, England",50.5986475,-3.4437159,"Colletes succintus",14.786366068357,2.72863733143522,16.6896230480539,21.2022405029474
"IGproject0224","Colletes","succintus","female",1927,8,15,"England","Dorset","Warmwell","",3.308,2.608,8.184,2.137,"Colletidae","excavator","OUMNH",NA,"Warmwell, Dorset, England",50.6749172,-2.3553494,"Colletes succintus",16.148616258762,0.68925937184009,16.6716420632056,21.0983611488534
"IGproject0225","Colletes","succintus","male",1968,8,3,"England","Cornwall","Millook","",3.113,2.501,6.938,1.89,"Colletidae","excavator","OUMNH",NA,"Millook, Cornwall, England",50.7710435,-4.5756142,"Colletes succintus",14.4067864467827,1.0703302561514,15.2467329253612,18.9487456667952
"IGproject0226","Colletes","succintus","female",1900,NA,NA,"England","Gloucestershire","Horsley","",3.256,2.543,8.071,2.109,"Colletidae","excavator","OUMNH",NA,"Horsley, Gloucestershire, England",51.6780946,-2.2329134,"Colletes succintus",16.5919836803631,2.47889725733031,18.4855307265915,24.7416036959267
"IGproject0227","Colletes","succintus","female",1973,9,15,"Wales","Pembrokeshire","St David's","St David's Head",3.708,3.091,9.292,2.429,"Colletidae","excavator","OUMNH",NA,"St David's Head, St David's, Pembrokeshire, Wales",51.9030217,-5.3127212,"Colletes succintus",13.5988862856565,1.26335146906795,14.6145923027029,18.0891694818318
"IGproject0228","Colletes","succintus","male",1927,8,15,"England","Dorset","Warmwell","Warmwell Heath",2.734,2.054,6.628,1.687,"Colletidae","excavator","OUMNH",NA,"Warmwell Heath, Warmwell, Dorset, England",50.68094,-2.35113,"Colletes succintus",16.1528144405536,0.68949906965484,16.6758592600117,21.1010745364445
"IGproject0229","Colletes","succintus","male",1934,8,17,"England","Dorset","Swanage","South Haven Point",2.965,2.096,6.8,1.791,"Colletidae","excavator","OUMNH",NA,"South Haven Point, Swanage, Dorset, England",50.6787269,-1.94390688,"Colletes succintus",17.0021709099534,1.26580880204911,17.7831293117563,23.0774450350817
"IGproject0230","Colletes","succintus","male",1934,8,17,"England","Dorset","Swanage","South Haven Point",3.024,2.284,7.074,1.933,"Colletidae","excavator","OUMNH",NA,"South Haven Point, Swanage, Dorset, England",50.6787269,-1.94390688,"Colletes succintus",17.0021709099534,1.26580880204911,17.7831293117563,23.0774450350817
"IGproject0231","Colletes","succintus","male",1933,7,24,"England","Dorset","Swanage","South Haven, S. Boundary",3.086,2.342,7.233,1.901,"Colletidae","excavator","OUMNH",NA,"South Haven, S. Boundary, Swanage, Dorset, England",50.61205076,-1.957719924,"Colletes succintus",15.7962986907364,1.74303924700155,17.5389643662596,22.183332226511
"IGproject0233","Colletes","succintus","male",1905,7,31,"Scotland","Narinshire","Nairn","",3.064,2.142,7.553,1.848,"Colletidae","excavator","OUMNH",NA,"Nairn, Narinshire, Scotland",57.58733776,-3.864928973,"Colletes succintus",12.5993429509953,1.49693318811085,13.8508675199966,18.6512587454115
"IGproject0234","Colletes","succintus","female",1901,NA,NA,"England","Hampshire","Lyndhurst","",3.448,3.006,8.373,2.269,"Colletidae","excavator","OUMNH",NA,"Lyndhurst, Hampshire, England",50.8727657,-1.5748436,"Colletes succintus",16.2798255708432,1.84681123908822,18.1776340813112,23.6165129394172
"IGproject0235","Colletes","succintus","female",1953,8,18,"England","Devon","Bovey Tracey","Bovey Heathfield",3.462,2.804,8.427,2.283,"Colletidae","excavator","OUMNH",NA,"Bovey Heathfield, Bovey Tracey, Devon, England",50.5778633,-3.6644648,"Colletes succintus",14.5746276030812,2.70220844893775,16.4439563889878,20.8059522122318
"IGproject0236","Colletes","succintus","male",1905,8,4,"England","Hampshire","","New Forest",2.642,1.887,6.178,1.483,"Colletidae","excavator","OUMNH",NA,"New Forest, Hampshire, England",50.8557268,-1.5956844,"Colletes succintus",15.6090081149564,2.18125384933892,17.5490191613762,22.5159037542707
"IGproject0237","Colletes","succintus","female",1915,9,3,"England","Devon","Bovey Tracey","",3.458,2.773,8.436,2.207,"Colletidae","excavator","OUMNH",NA,"Bovey Tracey, Devon, England",50.6046632,-3.6856762,"Colletes succintus",14.9591787309689,1.12238130002882,15.7984903641635,19.9076442675878
"IGproject0238","Colletes","succintus","female",1892,9,NA,"Scotland","Moray","Forres","",3.279,2.638,8.31,2.289,"Colletidae","excavator","OUMNH",NA,"Forres, Moray, Scotland",57.609864,-3.613215,"Colletes succintus",12.6562150696418,0.615382726180519,13.3297902995766,17.0137824222523
"IGproject0239","Colletes","succintus","male",1905,8,14,"England","Hampshire","","New Forest",2.952,2.232,7.011,1.798,"Colletidae","excavator","OUMNH",NA,"New Forest, Hampshire, England",50.8557268,-1.5956844,"Colletes succintus",15.6090081149564,2.18125384933892,17.5490191613762,22.5159037542707
"IGproject0240","Colletes","succintus","male",1909,8,13,"England","Hampshire","","New Forest",2.74,2.11,6.235,1.608,"Colletidae","excavator","OUMNH",NA,"New Forest, Hampshire, England",50.8557268,-1.5956844,"Colletes succintus",15.0724023084834,1.82308745164546,16.5840288417875,21.5465356019879
"IGproject0241","Sphecodes","geoffrellus","male",2011,7,30,"England","Oxfordshire","Oxford","Shotover",1.544,1.041,4.223,0.965,"Halictidae","kleptoparasite","OUMNH",NA,"Shotover, Oxford, Oxfordshire, England",51.7561128,-1.1551229,"Sphecodes geoffrellus",13.9882520547476,3.69328826023331,18.0816656525564,23.240977938123
"IGproject0242","Sphecodes","geoffrellus","female",1955,8,1,"England","Oxfordshire","Abingdon","Cothill",1.545,1.123,4.219,1.053,"Halictidae","kleptoparasite","OUMNH",NA,"Cothill, Abingdon, Oxfordshire, England",51.69591033,-1.3292552,"Sphecodes geoffrellus",11.9926681886446,3.08151741523804,14.5736645861591,18.827735304097
"IGproject0243","Sphecodes","geoffrellus","male",1989,7,3,"England","Wiltshire","Wroughton","Clouts Wood",1.694,1.146,4.543,1.126,"Halictidae","kleptoparasite","OUMNH",NA,"Clouts Wood, Wroughton, Wiltshire, England",51.51489206,-1.804044057,"Sphecodes geoffrellus",12.6647562953006,2.94538855951223,14.9877571997088,19.6889810168837
"IGproject0244","Sphecodes","geoffrellus","female",1960,7,20,"England","Devon","Dawlish","",1.677,1.059,4.487,1.126,"Halictidae","kleptoparasite","OUMNH",NA,"Dawlish, Devon, England",50.5797391,-3.468931,"Sphecodes geoffrellus",13.9427874245062,3.17026666373577,16.7607819800943,21.4485911471843
"IGproject0245","Sphecodes","geoffrellus","female",1990,8,29,"England","Wiltshire","Swindon","Coate Water Country Park",1.379,0.931,3.693,0.906,"Halictidae","kleptoparasite","OUMNH",NA,"Coate Water Country Park, Swindon, Wiltshire, England",51.53925894,-1.74822582,"Sphecodes geoffrellus",13.9799426715454,4.64760718714529,18.6214292620046,24.6616243795375
"IGproject0246","Sphecodes","geoffrellus","female",1901,7,NA,"England","Cornwall","Newquay","",1.438,0.919,3.889,1.009,"Halictidae","kleptoparasite","OUMNH",NA,"Newquay, Cornwall, England",50.4134414,-5.0848836,"Sphecodes geoffrellus",12.9317435537197,3.27279123772263,16.3166671385488,20.0533931728464
"IGproject0247","Sphecodes","geoffrellus","female",1905,7,23,"England","Hampshire","","New Forest",1.533,1.021,4.136,1.022,"Halictidae","kleptoparasite","OUMNH",NA,"New Forest, Hampshire, England",50.8557268,-1.5956844,"Sphecodes geoffrellus",13.7041255469162,3.31136679500699,17.5490191613762,22.5159037542707
"IGproject0248","Sphecodes","geoffrellus","male",1983,8,6,"England","Warwickshie","Coventry","Coombe",1.461,0.954,3.858,0.938,"Halictidae","kleptoparasite","OUMNH",NA,"Coombe, Coventry, Warwickshie, England",52.41011936,-1.407566014,"Sphecodes geoffrellus",13.3305161878436,3.49746681334733,16.2327324162523,21.309563890013
"IGproject0249","Sphecodes","geoffrellus","male",1953,8,12,"England","Devon","Bovey Tracey","Bovey Heathfield",1.514,1.083,4.215,0.958,"Halictidae","kleptoparasite","OUMNH",NA,"Bovey Heathfield, Bovey Tracey, Devon, England",50.5778633,-3.6644648,"Sphecodes geoffrellus",13.4636017686568,3.02029546112591,16.4439563889878,20.8059522122318
"IGproject0250","Sphecodes","geoffrellus","female",1902,9,6,"England","Kent","Faversham","Huntingfield",1.667,1.014,4.534,1.114,"Halictidae","kleptoparasite","OUMNH",NA,"Huntingfield, Faversham, Kent, England",51.25792226,0.822018012,"Sphecodes geoffrellus",13.5949744964548,3.84813669673188,17.4404786615628,23.0645475654834
"IGproject0251","Andrena","chrysosceles","female",1915,6,15,"England","Devon","Brixham","",2.978,1.829,8.135,2.275,"Andrenidae","excavator","OUMNH",NA,"Brixham, Devon, England",50.3952404,-3.514544,"Andrena chrysosceles",12.2090842776414,2.43388138236681,14.9124896089952,19.6507270811532
"IGproject0252","Andrena","chrysosceles","male",1912,5,NA,"England","Hampshire","","New Forest",2.513,1.324,6.822,1.678,"Andrenidae","excavator","OUMNH",NA,"New Forest, Hampshire, England",50.8557268,-1.5956844,"Andrena chrysosceles",11.9136258653228,4.0028136666717,15.0635229246704,20.1130922964226
"IGproject0253","Andrena","chrysosceles","male",1898,6,2,"England","Buckinghamshire","Great Missenden","",2.61,1.531,7.013,1.859,"Andrenidae","excavator","OUMNH",NA,"Great Missenden, Buckinghamshire, England",51.7046508,-0.7086592,"Andrena chrysosceles",10.7033660835934,4.0734367379301,15.1045457111888,20.2129772730422
"IGproject0254","Andrena","chrysosceles","female",1902,8,NA,"England","Berkshire","Crowthorne","Wellington College",2.38,1.569,6.624,2.332,"Andrenidae","excavator","OUMNH",NA,"Wellington College, Crowthorne, Berkshire, England",51.3624135,-0.8080941,"Andrena chrysosceles",11.2716929646491,2.87569406898349,14.1725046710228,19.9177677074844
"IGproject0255","Andrena","chrysosceles","female",1949,5,14,"England","Devon","Woodbury","",2.94,1.864,8.134,2.284,"Andrenidae","excavator","OUMNH",NA,"Woodbury, Devon, England",50.6759768,-3.4061001,"Andrena chrysosceles",11.5458219660698,2.46691195202865,13.8836751023523,17.6606102363212
"IGproject0256","Andrena","chrysosceles","male",1949,4,18,"England","Oxfordshire","Chastleton","",2.484,1.515,6.265,1.686,"Andrenidae","excavator","OUMNH",NA,"Chastleton, Oxfordshire, England",51.9599665,-1.6409204,"Andrena chrysosceles",10.8404976798613,2.33430414533773,13.1688573315139,17.5614931827509
"IGproject0257","Andrena","chrysosceles","male",1916,4,29,"England","Devon","Newton Abbot","",2.403,1.411,6.552,1.764,"Andrenidae","excavator","OUMNH",NA,"Newton Abbot, Devon, England",50.5296441,-3.6112097,"Andrena chrysosceles",11.442383331846,2.68360829315404,13.8108900485977,17.982090308394
"IGproject0258","Andrena","chrysosceles","female",1913,6,10,"England","Dorset","Swanage","",2.817,1.778,7.545,2.191,"Andrenidae","excavator","OUMNH",NA,"Swanage, Dorset, England",50.6086976,-1.9571971,"Andrena chrysosceles",12.0045495848517,2.38037325653173,13.99385156735,17.8791624208704
"IGproject0259","Andrena","chrysosceles","female",1913,5,17,"England","Devon","Bovey Tracey","",2.762,1.761,7.625,1.966,"Andrenidae","excavator","OUMNH",NA,"Bovey Tracey, Devon, England",50.6046632,-3.6856762,"Andrena chrysosceles",11.3730486307506,1.93606836985145,13.1330166867671,17.0076395780808
"IGproject0260","Andrena","chrysosceles","female",1915,5,20,"England","Gloucestershire","Wotton-under-Edge","",3.004,1.897,8.482,2.249,"Andrenidae","excavator","OUMNH",NA,"Wotton-under-Edge, Gloucestershire, England",51.6378241,-2.3547251,"Andrena chrysosceles",11.9630390491139,2.57203285281756,14.8611099175124,20.2101649571598
"IGproject0261","Andrena","chrysosceles","female",1977,6,22,"England","Hampshire","Odiham","",2.832,1.705,7.739,2.16,"Andrenidae","excavator","OUMNH",NA,"Odiham, Hampshire, England",51.2496285,-0.9346917,"Andrena chrysosceles",12.569752882024,4.85608022375177,17.5319827801362,23.8518748199164
"IGproject0262","Andrena","chrysosceles","male",1929,5,3,"England","Greater London","London","Wimbledon",2.513,1.41,6.672,1.729,"Andrenidae","excavator","OUMNH",NA,"Wimbledon, London, Greater London, England",51.4214787,-0.2064027,"Andrena chrysosceles",11.1474803821349,2.64143515904898,13.7814120533793,18.6357717781314
"IGproject0263","Andrena","chrysosceles","female",1929,6,12,"England","Oxfordshire","Oxford","Waterperry Wood",2.649,1.603,7.3,2.058,"Andrenidae","excavator","OUMNH",NA,"Waterperry Wood, Oxford, Oxfordshire, England",51.77601288,-1.127008027,"Andrena chrysosceles",10.5477059190078,2.50303875917645,12.9967540697782,18.2166121678748
"IGproject0264","Andrena","chrysosceles","male",1968,6,12,"England","Oxfordshire","Oxford","Waterperry Wood",2.337,1.31,6.071,1.632,"Andrenidae","excavator","OUMNH",NA,"Waterperry Wood, Oxford, Oxfordshire, England",51.77601288,-1.127008027,"Andrena chrysosceles",10.7137818263805,3.15771826559435,13.9354772461064,19.3627285788918
"IGproject0265","Andrena","chrysosceles","female",1978,5,7,"England","Oxfordshire","Oxford","Hinksey",2.931,1.817,7.893,2.268,"Andrenidae","excavator","OUMNH",NA,"Hinksey, Oxford, Oxfordshire, England",51.7363525,-1.2575581,"Andrena chrysosceles",9.6979248665817,2.49566514865152,11.8500817118216,16.1284108369933
"IGproject0266","Andrena","chrysosceles","male",1980,5,1,"England","Buckinghamshire","Gerrards Cross","",2.913,1.706,7.457,1.987,"Andrenidae","excavator","OUMNH",NA,"Gerrards Cross, Buckinghamshire, England",51.5878131,-0.5537126,"Andrena chrysosceles",11.0630911645074,3.10609740556008,14.3239513735168,18.6299348953662
"IGproject0267","Andrena","chrysosceles","male",1917,4,22,"England","Devon","Newton Abbot","",2.503,1.454,6.777,1.746,"Andrenidae","excavator","OUMNH",NA,"Newton Abbot, Devon, England",50.5296441,-3.6112097,"Andrena chrysosceles",10.5652281429616,1.7535601959461,11.7323394558388,15.9410445235663
"IGproject0268","Andrena","chrysosceles","male",1983,5,17,"England","Buckinghamshire","Hedgerley","",2.478,1.373,6.362,1.728,"Andrenidae","excavator","OUMNH",NA,"Hedgerley, Buckinghamshire, England",51.5763466,-0.6040853,"Andrena chrysosceles",12.2868817609476,3.74270173309492,16.2231900498687,20.6936325713241
"IGproject0269","Andrena","chrysosceles","female",1984,5,9,"England","Greater London","London","Devonshire Road",2.774,1.836,7.639,2.123,"Andrenidae","excavator","OUMNH",NA,"Devonshire Road, London, Greater London, England",51.500887,-0.3132598,"Andrena chrysosceles",11.4503342171808,3.97635654672269,15.5918640261152,20.1538904015259
"IGproject0270","Andrena","chrysosceles","female",1990,5,29,"England","Wiltshire","Swindon","Coate Water Country Park",3.044,1.945,8.306,2.321,"Andrenidae","excavator","OUMNH",NA,"Coate Water Country Park, Swindon, Wiltshire, England",51.53925894,-1.74822582,"Andrena chrysosceles",11.5059469182139,4.40252561371382,14.685874194313,20.3716931921464
"IGproject0271","Andrena","chrysosceles","female",1907,6,22,"England","Hampshire","","New Forest",3.088,2.007,8.587,2.301,"Andrenidae","excavator","OUMNH",NA,"New Forest, Hampshire, England",50.8557268,-1.5956844,"Andrena chrysosceles",10.939645115863,3.18374990217948,14.0795058220816,19.5387427288085
"IGproject0272","Andrena","chrysosceles","female",1904,5,22,"England","Hampshire","","New Forest",2.768,1.659,7.557,2.135,"Andrenidae","excavator","OUMNH",NA,"New Forest, Hampshire, England",50.8557268,-1.5956844,"Andrena chrysosceles",10.8057187978591,3.16160577280286,13.2884942861329,18.2165057635153
"IGproject0273","Andrena","chrysosceles","male",1906,5,19,"Wales","Bridgend","Porthcawl","",2.556,1.436,6.687,1.776,"Andrenidae","excavator","OUMNH",NA,"Porthcawl, Bridgend, Wales",51.4795563,-3.7040704,"Andrena chrysosceles",10.7734627767114,3.21567142910282,14.1637520834188,18.223681206989
"IGproject0274","Andrena","chrysosceles","male",1935,5,3,"England","Cambridgeshire","Hardwick","Hardwick Wood",2.782,1.636,7.377,1.953,"Andrenidae","excavator","OUMNH",NA,"Hardwick Wood, Hardwick, Cambridgeshire, England",52.2002801,-0.0205034,"Andrena chrysosceles",11.61849118535,3.34842328317194,15.001484315192,20.5580766332457
"IGproject0275","Andrena","chrysosceles","male",1996,4,27,"England","Northamptonshire","Marston St Lawrence","",2.534,1.397,6.95,1.814,"Andrenidae","excavator","OUMNH",NA,"Marston St Lawrence, Northamptonshire, England",52.0766064,-1.2171139,"Andrena chrysosceles",11.1999027366811,2.55309278773829,13.7170089563582,18.8290139233036
"IGproject0276","Andrena","chrysosceles","male",1996,4,27,"England","Northamptonshire","Marston St Lawrence","",2.467,1.33,6.535,1.719,"Andrenidae","excavator","OUMNH",NA,"Marston St Lawrence, Northamptonshire, England",52.0766064,-1.2171139,"Andrena chrysosceles",11.1999027366811,2.55309278773829,13.7170089563582,18.8290139233036
"IGproject0277","Andrena","chrysosceles","female",1984,5,9,"England","Greater London","London","Devonshire Road",3.013,1.882,8.09,2.27,"Andrenidae","excavator","OUMNH",NA,"Devonshire Road, London, Greater London, England",51.500887,-0.3132598,"Andrena chrysosceles",11.4503342171808,3.97635654672269,15.5918640261152,20.1538904015259
"IGproject0278","Andrena","chrysosceles","male",1996,4,27,"England","Northamptonshire","Brackley","",2.681,1.46,7.05,1.948,"Andrenidae","excavator","OUMNH",NA,"Brackley, Northamptonshire, England",52.0278975,-1.1484657,"Andrena chrysosceles",11.2159478301682,2.53727138600304,13.7118328966197,18.8270992075558
"IGproject0279","Andrena","chrysosceles","female",1990,5,29,"England","Wiltshire","Swindon","Coate Water Country Park",3.097,1.952,8.394,2.26,"Andrenidae","excavator","OUMNH",NA,"Coate Water Country Park, Swindon, Wiltshire, England",51.53925894,-1.74822582,"Andrena chrysosceles",11.5059469182139,4.40252561371382,14.685874194313,20.3716931921464
"IGproject0280","Andrena","chrysosceles","female",1990,5,11,"England","Oxfordshire","North Leigh","North Leigh Common",2.377,1.552,7.16,1.958,"Andrenidae","excavator","OUMNH",NA,"North Leigh Common, North Leigh, Oxfordshire, England",51.8203059,-1.4197065,"Andrena chrysosceles",11.4637691232942,4.39851635779617,14.6885854565977,20.3925437185051
"IGproject0281","Hylaeus","communis","female",1950,4,2,"England","Devon","Topsham","",1.701,1.333,4.966,1.054,"Colletidae","cavity nester","OUMNH",NA,"Topsham, Devon, England",50.6850732,-3.4658063,"Hylaeus communis",16.1606255481038,1.1518737385273,17.1154056718256,22.2622239784478
"IGproject0282","Hylaeus","communis","male",1948,7,17,"England","Dorset","Witchampton","",1.495,1.046,4.214,0.894,"Colletidae","cavity nester","OUMNH",NA,"Witchampton, Dorset, England",50.8579978,-2.0168718,"Hylaeus communis",16.988433032735,1.97027827248221,19.045591659168,25.5556714921175
"IGproject0283","Hylaeus","communis","female",1952,8,22,"England","Devon","Dawlish Warren","",1.538,1.116,4.121,0.933,"Colletidae","cavity nester","OUMNH",NA,"Dawlish Warren, Devon, England",50.5986475,-3.4437159,"Hylaeus communis",14.7667895814762,1.279967398938,16.1195778349582,20.9983382507825
"IGproject0284","Hylaeus","communis","female",1949,7,9,"England","Devon","Exeter","",1.65,1.298,4.978,1.051,"Colletidae","cavity nester","OUMNH",NA,"Exeter, Devon, England",50.7256138,-3.5269209,"Hylaeus communis",14.6659138230927,0.838336163592521,15.3681665753365,19.7875531783547
"IGproject0285","Hylaeus","communis","male",1897,7,8,"England","Berkshire","Sulhamstead","",1.473,1.088,3.947,0.965,"Colletidae","cavity nester","OUMNH",NA,"Sulhamstead, Berkshire, England",51.4140897,-1.0929427,"Hylaeus communis",15.8166438504617,1.16482149590966,16.8225633637431,22.865400061434
"IGproject0286","Hylaeus","communis","male",1904,7,NA,"England","Dorset","Lyme Regis","",1.758,1.44,4.82,1.046,"Colletidae","cavity nester","OUMNH",NA,"Lyme Regis, Dorset, England",50.7252897,-2.934559,"Hylaeus communis",14.2441211867508,1.26279249642224,15.3581638166614,20.0051358635326
"IGproject0287","Hylaeus","communis","female",1914,6,18,"England","Cambridgeshire","Wicken","",1.604,1.277,4.932,1.097,"Colletidae","cavity nester","OUMNH",NA,"Wicken, Cambridgeshire, England",52.3126328,0.2994755,"Hylaeus communis",14.7438267247406,0.606017694747805,15.4141529077985,20.8474315817463
"IGproject0288","Hylaeus","communis","male",1903,7,23,"England","Dorset","Lyme Regis","",1.423,0.99,3.996,0.809,"Colletidae","cavity nester","OUMNH",NA,"Lyme Regis, Dorset, England",50.7252897,-2.934559,"Hylaeus communis",14.4494839403844,1.02630178390367,15.0947042552986,19.9216911273388
"IGproject0289","Hylaeus","communis","male",1953,8,12,"England","Devon","Bovey Tracey","Bovey Heathfield",1.489,1.108,4.254,0.924,"Colletidae","cavity nester","OUMNH",NA,"Bovey Heathfield, Bovey Tracey, Devon, England",50.5778633,-3.6644648,"Hylaeus communis",15.3604983741486,1.3602270245886,16.4439563889878,20.8059522122318
"IGproject0290","Hylaeus","communis","male",1948,7,17,"England","Dorset","Witchampton","",1.561,1.221,4.356,0.984,"Colletidae","cavity nester","OUMNH",NA,"Witchampton, Dorset, England",50.8579978,-2.0168718,"Hylaeus communis",16.988433032735,1.97027827248221,19.045591659168,25.5556714921175
"IGproject0291","Hylaeus","communis","male",1976,6,26,"England","Devon","Yelverton","Five Oaks",1.566,1.202,4.384,0.928,"Colletidae","cavity nester","OUMNH",NA,"Five Oaks, Yelverton, Devon, England",50.4934281,-4.085997565,"Hylaeus communis",15.8839188162865,1.33203710492552,16.9443608761244,20.8997469311082
"IGproject0292","Hylaeus","communis","male",1977,8,11,"England","Devon","Hawkchurch","",1.444,1.083,4.091,0.9,"Colletidae","cavity nester","OUMNH",NA,"Hawkchurch, Devon, England",50.800438,-2.9354622,"Hylaeus communis",17.5277459412298,0.709662709249558,18.1079929117484,23.8935858834829
"IGproject0293","Hylaeus","communis","male",1982,7,5,"England","Devon","Tavistock","Whitchurch Down",1.519,1.158,4.406,0.979,"Colletidae","cavity nester","OUMNH",NA,"Whitchurch Down, Tavistock, Devon, England",50.5427342,-4.1150225,"Hylaeus communis",14.47535415715,1.75532035131093,15.9724347515609,20.4609607415527
"IGproject0294","Hylaeus","communis","male",1963,6,22,"England","Dorset","Weymouth","",1.565,1.21,4.497,0.972,"Colletidae","cavity nester","OUMNH",NA,"Weymouth, Dorset, England",50.6096257,-2.4543424,"Hylaeus communis",14.0845153770385,0.836542944603973,14.6389932841636,18.8918139548128
"IGproject0295","Hylaeus","communis","male",1951,8,14,"England","Gloucestershire","Chipping Campden","",1.413,1.057,4.079,0.886,"Colletidae","cavity nester","OUMNH",NA,"Chipping Campden, Gloucestershire, England",52.0496652,-1.7813927,"Hylaeus communis",15.5388958349076,0.327352889845954,15.890787530881,21.1851355556487
"IGproject0296","Hylaeus","communis","female",1974,6,NA,"England","Devon","Saunton","",1.609,1.219,4.725,1.021,"Colletidae","cavity nester","OUMNH",NA,"Saunton, Devon, England",51.1167185,-4.2093963,"Hylaeus communis",14.3372422600503,1.21881190458776,15.6816604271769,19.3566747727672
"IGproject0297","Hylaeus","communis","female",1977,7,30,"England","Devon","","South Devon - Buckland Down",1.649,1.263,4.679,1.03,"Colletidae","cavity nester","OUMNH",NA,"South Devon - Buckland Down, Devon, England",50.54448152,-3.807963495,"Hylaeus communis",16.8532140685285,0.748512790512334,17.3221571287438,22.7676449775268
"IGproject0298","Hylaeus","communis","male",1974,6,NA,"England","Devon","Saunton","",1.551,1.116,4.397,0.956,"Colletidae","cavity nester","OUMNH",NA,"Saunton, Devon, England",51.1167185,-4.2093963,"Hylaeus communis",14.3372422600503,1.21881190458776,15.6816604271769,19.3566747727672
"IGproject0299","Hylaeus","communis","female",1906,7,21,"England","Kent","Faversham","",1.584,1.263,4.714,0.948,"Colletidae","cavity nester","OUMNH",NA,"Faversham, Kent, England",51.3158434,0.8911283,"Hylaeus communis",16.3021119950636,1.6370069510059,18.1226281439798,23.1827953392665
"IGproject0300","Hylaeus","communis","female",1954,8,3,"England","Dorset","Warmwell","Warmwell Heath",1.708,1.315,5.013,1.076,"Colletidae","cavity nester","OUMNH",NA,"Warmwell Heath, Warmwell, Dorset, England",50.68094,-2.35113,"Hylaeus communis",15.2733557462841,0.933010743467249,16.1897882003502,20.984643689337
"IGproject0301","Hylaeus","communis","female",1902,8,18,"England","Kent","Faversham","Huntingfield",1.544,1.202,4.572,0.97,"Colletidae","cavity nester","OUMNH",NA,"Huntingfield, Faversham, Kent, England",51.25792226,0.822018012,"Hylaeus communis",16.1774827653116,1.7221298340726,17.4404786615628,23.0645475654834
"IGproject0302","Hylaeus","communis","female",1953,8,12,"England","Devon","Bovey Tracey","Bovey Heathfield",1.76,1.368,5.11,1.104,"Colletidae","cavity nester","OUMNH",NA,"Bovey Heathfield, Bovey Tracey, Devon, England",50.5778633,-3.6644648,"Hylaeus communis",15.3604983741486,1.3602270245886,16.4439563889878,20.8059522122318
"IGproject0303","Hylaeus","communis","male",1909,7,12,"England","Hampshire","","New Forest",1.475,0.998,3.977,0.909,"Colletidae","cavity nester","OUMNH",NA,"New Forest, Hampshire, England",50.8557268,-1.5956844,"Hylaeus communis",15.7239051949821,0.799916278979163,16.5840288417875,21.5465356019879
"IGproject0304","Hylaeus","communis","female",1974,7,9,"England","Devon","Saunton","",1.482,1.124,4.484,0.923,"Colletidae","cavity nester","OUMNH",NA,"Saunton, Devon, England",51.1167185,-4.2093963,"Hylaeus communis",14.3372422600503,1.21881190458776,15.6816604271769,19.3566747727672
"IGproject0305","Hylaeus","communis","male",1902,8,18,"England","Kent","Faversham","Huntingfield",1.506,1.069,4.219,0.878,"Colletidae","cavity nester","OUMNH",NA,"Huntingfield, Faversham, Kent, England",51.25792226,0.822018012,"Hylaeus communis",16.1774827653116,1.7221298340726,17.4404786615628,23.0645475654834
"IGproject0306","Hylaeus","communis","female",1978,7,16,"England","Cornwall","North Petherwin","",1.676,1.301,4.879,1.021,"Colletidae","cavity nester","OUMNH",NA,"North Petherwin, Cornwall, England",50.6931922,-4.4613253,"Hylaeus communis",14.0556680660952,1.93640206259012,15.4842000639904,19.3580819283972
"IGproject0307","Hylaeus","communis","male",1986,7,15,"England","Kent","Higham","",1.437,1.11,4.096,0.903,"Colletidae","cavity nester","OUMNH",NA,"Higham, Kent, England",51.4310457,0.4709558,"Hylaeus communis",15.302352609899,1.80834604318125,17.0985893942518,21.8789201953666
"IGproject0308","Hylaeus","communis","female",1909,7,15,"England","Hampshire","","New Forest",1.528,1.188,4.634,0.97,"Colletidae","cavity nester","OUMNH",NA,"New Forest, Hampshire, England",50.8557268,-1.5956844,"Hylaeus communis",15.7239051949821,0.799916278979163,16.5840288417875,21.5465356019879
"IGproject0309","Hylaeus","communis","female",1909,7,13,"England","Hampshire","","New Forest",1.681,1.33,5.002,1.047,"Colletidae","cavity nester","OUMNH",NA,"New Forest, Hampshire, England",50.8557268,-1.5956844,"Hylaeus communis",15.7239051949821,0.799916278979163,16.5840288417875,21.5465356019879
"IGproject0310","Hylaeus","communis","female",1903,7,23,"England","Dorset","Lyme Regis","",1.626,1.29,4.753,1.011,"Colletidae","cavity nester","OUMNH",NA,"Lyme Regis, Dorset, England",50.7252897,-2.934559,"Hylaeus communis",14.4494839403844,1.02630178390367,15.0947042552986,19.9216911273388
"IGproject0311","Nomada","flava","female",1947,5,11,"England","Devon","Sheepstor","",2.576,1.767,8.392,2.263,"Apidae","kleptoparasite","OUMNH",NA,"Sheepstor, Devon, England",50.4908765,-4.0318718,"Nomada flava",10.4618608404014,1.37743631742811,11.8662313220683,15.5462890797593
"IGproject0312","Nomada","flava","female",1949,5,1,"England","Devon","Sheepstor","",2.416,1.704,7.891,2.08,"Apidae","kleptoparasite","OUMNH",NA,"Sheepstor, Devon, England",50.4908765,-4.0318718,"Nomada flava",10.9491388598028,2.35063162898903,13.0196945572881,16.7205618622418
"IGproject0313","Nomada","flava","female",1915,5,17,"England","Gloucestershire","Wotton-under-Edge","",2.929,1.995,9.868,2.781,"Apidae","kleptoparasite","OUMNH",NA,"Wotton-under-Edge, Gloucestershire, England",51.6378241,-2.3547251,"Nomada flava",11.9630390491139,2.57203285281756,14.8611099175124,20.2101649571598
"IGproject0314","Nomada","flava","female",1980,5,13,"England","Devon","","Fernworthy Reservoir",2.56,1.829,8.387,2.348,"Apidae","kleptoparasite","OUMNH",NA,"Fernworthy Reservoir, Devon, England",50.6408514,-3.8883035,"Nomada flava",9.17328596290289,2.76307083679689,12.2654160792941,16.1013965690719
"IGproject0315","Nomada","flava","male",1977,5,24,"England","Devon","Newton Abbot","Holne Wood",2.246,1.444,7.386,2.008,"Apidae","kleptoparasite","OUMNH",NA,"Holne Wood, Newton Abbot, Devon, England",50.52062012,-3.836495937,"Nomada flava",11.4126355990795,4.26707257156517,15.95175521445,20.7062713425189
"IGproject0316","Nomada","flava","male",1961,5,13,"England","Devon","Bovey Tracey","Bovey Heathfield",1.919,1.141,6.348,1.59,"Apidae","kleptoparasite","OUMNH",NA,"Bovey Heathfield, Bovey Tracey, Devon, England",50.5778633,-3.6644648,"Nomada flava",12.1873750493827,3.14451234269744,15.2956884348045,19.8224805708032
"IGproject0317","Nomada","flava","female",1916,5,NA,"England","Devon","Paignton","",2.73,1.873,9.219,2.565,"Apidae","kleptoparasite","OUMNH",NA,"Paignton, Devon, England",50.4377018,-3.5632704,"Nomada flava",11.5414307453326,2.62078529160031,13.856507227226,17.7838912756004
"IGproject0318","Nomada","flava","female",1921,4,30,"England","Devon","Newton Abbot","",2.24,1.438,7.468,2.083,"Apidae","kleptoparasite","OUMNH",NA,"Newton Abbot, Devon, England",50.5296441,-3.6112097,"Nomada flava",11.6451473145224,2.63274567908629,14.2684035648929,18.379552135648
"IGproject0319","Nomada","flava","female",1897,5,NA,"Wales","Monmouthshire","Raglan","",2.884,2.03,9.332,2.411,"Apidae","kleptoparasite","OUMNH",NA,"Raglan, Monmouthshire, Wales",51.7650543,-2.8540602,"Nomada flava",12.6200629416188,3.42764479274952,16.1700012712746,21.8134622249382
"IGproject0320","Nomada","flava","female",1982,4,15,"England","Devon","Clapham","Haldon Forest",2.536,1.872,8.508,2.35,"Apidae","kleptoparasite","OUMNH",NA,"Haldon Forest, Clapham, Devon, England",50.6703299,-3.565771,"Nomada flava",10.6657133457192,2.61411509435996,13.2902850543214,17.2160627515384
"IGproject0321","Nomada","flava","female",1946,5,4,"England","Devon","Plymouth","Dewerstone Forest, Near Shaugh Prior",2.399,1.631,7.924,2.32,"Apidae","kleptoparasite","OUMNH",NA,"Dewerstone Forest, Near Shaugh Prior, Plymouth, Devon, England",50.45504038,-4.059848681,"Nomada flava",11.5517479673589,1.65145386162973,13.2440949054275,16.8617710165473
"IGproject0322","Nomada","flava","male",1916,5,NA,"England","Devon","Paignton","",2.404,1.567,7.621,2.111,"Apidae","kleptoparasite","OUMNH",NA,"Paignton, Devon, England",50.4377018,-3.5632704,"Nomada flava",11.5414307453326,2.62078529160031,13.856507227226,17.7838912756004
"IGproject0323","Nomada","flava","female",1955,5,22,"England","Devon","Torquay","Coast Path",2.82,1.986,9.609,2.728,"Apidae","kleptoparasite","OUMNH",NA,"Coast Path, Torquay, Devon, England",50.46942104,-3.493802538,"Nomada flava",10.910570928944,2.76784542102176,13.5097229474144,17.0136214303748
"IGproject0324","Nomada","flava","male",1955,5,29,"England","Devon","Bovey Tracey","Bovey Heathfield",2.626,1.861,8.622,2.269,"Apidae","kleptoparasite","OUMNH",NA,"Bovey Heathfield, Bovey Tracey, Devon, England",50.5778633,-3.6644648,"Nomada flava",10.5363105577518,2.73552478987937,13.0968683057288,16.6927043983277
"IGproject0325","Nomada","flava","female",1950,5,6,"England","Devon","Exeter","Exwick",2.458,1.628,8.068,2.412,"Apidae","kleptoparasite","OUMNH",NA,"Exwick, Exeter, Devon, England",50.7321721,-3.5501132,"Nomada flava",11.7205092976523,2.79366417065213,14.8818217951041,20.1499136447659
"IGproject0326","Nomada","flava","female",1950,5,6,"England","Devon","Exeter","Exwick",2.289,1.407,7.209,1.881,"Apidae","kleptoparasite","OUMNH",NA,"Exwick, Exeter, Devon, England",50.7321721,-3.5501132,"Nomada flava",11.7205092976523,2.79366417065213,14.8818217951041,20.1499136447659
"IGproject0327","Nomada","flava","female",1952,5,10,"England","Devon","Newton Abbot","Bradley Woods",2.128,1.313,6.967,1.958,"Apidae","kleptoparasite","OUMNH",NA,"Bradley Woods, Newton Abbot, Devon, England",50.525335,-3.627007989,"Nomada flava",10.2460269021921,3.14825463918155,13.5950254725796,18.0318027596052
"IGproject0328","Nomada","flava","male",1992,5,24,"England","Wiltshire","Swindon","Coate Water Country Park",2.468,1.562,7.929,2.141,"Apidae","kleptoparasite","OUMNH",NA,"Coate Water Country Park, Swindon, Wiltshire, England",51.53925894,-1.74822582,"Nomada flava",10.1867117798895,2.2870777572754,12.0921045506559,16.1303542021863
"IGproject0329","Nomada","flava","female",1915,5,7,"England","Surrey","Cobham","",2.324,1.569,7.69,2.16,"Apidae","kleptoparasite","OUMNH",NA,"Cobham, Surrey, England",51.3300079,-0.4120821,"Nomada flava",12.0802041237259,2.63788170929983,14.9791666226397,20.8472473636116
"IGproject0330","Nomada","flava","female",1973,6,3,"England","Northamptonshire","","Salcey Forest",2.434,1.606,8.017,2.229,"Apidae","kleptoparasite","OUMNH",NA,"Salcey Forest, Northamptonshire, England",52.154843,-0.8391565,"Nomada flava",9.99135021571262,1.82657820973912,11.6349872945211,16.053197439948
"IGproject0331","Nomada","flava","male",1948,5,10,"England","Devon","Barnstaple","",2.814,1.959,9.039,2.373,"Apidae","kleptoparasite","OUMNH",NA,"Barnstaple, Devon, England",51.0804057,-4.0600467,"Nomada flava",10.896632000181,2.95928495104862,13.5326180023491,17.3577158733837
"IGproject0332","Nomada","flava","male",1949,5,7,"England","Devon","Chudleigh","",2.417,1.54,7.725,2.157,"Apidae","kleptoparasite","OUMNH",NA,"Chudleigh, Devon, England",50.6156543,-3.5869448,"Nomada flava",11.4974170385593,2.4747551780639,13.8234909210554,17.726223101548
"IGproject0333","Nomada","flava","male",1950,5,6,"England","Devon","Exeter","Exwick",2.891,2.015,9.235,2.518,"Apidae","kleptoparasite","OUMNH",NA,"Exwick, Exeter, Devon, England",50.7321721,-3.5501132,"Nomada flava",11.7205092976523,2.79366417065213,14.8818217951041,20.1499136447659
"IGproject0334","Nomada","flava","female",1916,5,NA,"England","Devon","Paignton","",2.66,1.834,9.054,2.589,"Apidae","kleptoparasite","OUMNH",NA,"Paignton, Devon, England",50.4377018,-3.5632704,"Nomada flava",11.5414307453326,2.62078529160031,13.856507227226,17.7838912756004
"IGproject0335","Nomada","flava","male",1972,5,14,"England","Devon","Lydford","High Down",2.667,1.955,8.611,2.353,"Apidae","kleptoparasite","OUMNH",NA,"High Down, Lydford, Devon, England",50.64381702,-4.112981204,"Nomada flava",9.89359889811983,2.51072111238432,11.8686599773424,15.8733577089741
"IGproject0336","Nomada","flava","male",1949,5,14,"England","Devon","Woodbury","",2.441,1.486,7.536,2.051,"Apidae","kleptoparasite","OUMNH",NA,"Woodbury, Devon, England",50.6759768,-3.4061001,"Nomada flava",11.5458219660698,2.46691195202865,13.8836751023523,17.6606102363212
"IGproject0337","Nomada","flava","male",1949,5,2,"England","Devon","Instow","",2.916,1.856,9.425,2.499,"Apidae","kleptoparasite","OUMNH",NA,"Instow, Devon, England",51.0564265,-4.1694841,"Nomada flava",10.4838008762777,2.38108330990922,12.5879920895274,15.9147567667504
"IGproject0338","Nomada","flava","male",1949,5,7,"England","Devon","Chudleigh","",2.845,1.982,9.186,2.531,"Apidae","kleptoparasite","OUMNH",NA,"Chudleigh, Devon, England",50.6156543,-3.5869448,"Nomada flava",11.4974170385593,2.4747551780639,13.8234909210554,17.726223101548
"IGproject0339","Nomada","flava","male",1952,4,26,"England","Devon","Sheepstor","Gutter Tor",2.511,1.752,8.071,2.138,"Apidae","kleptoparasite","OUMNH",NA,"Gutter Tor, Sheepstor, Devon, England",50.4883193,-4.0047507,"Nomada flava",9.69824091490575,3.21254899026947,13.0958268312146,17.2263303641727
"IGproject0340","Nomada","flava","male",1921,4,26,"England","Devon","Newton Abbot","",2.775,1.749,8.878,2.321,"Apidae","kleptoparasite","OUMNH",NA,"Newton Abbot, Devon, England",50.5296441,-3.6112097,"Nomada flava",11.6451473145224,2.63274567908629,14.2684035648929,18.379552135648
"IGproject0341","Andrena","wilkella","female",1910,6,18,"England","Devon","Budleigh Salterton","",3.384,2.245,7.848,2.548,"Andrenidae","excavator","OUMNH",NA,"Budleigh Salterton, Devon, England",50.6310504,-3.3299844,"Andrena wilkella",10.9978212437901,1.73067208804214,12.6933562465752,16.7750681628536
"IGproject0342","Andrena","wilkella","male",1910,6,14,"England","Devon","Budleigh Salterton","",2.896,1.828,7.377,2.006,"Andrenidae","excavator","OUMNH",NA,"Budleigh Salterton, Devon, England",50.6310504,-3.3299844,"Andrena wilkella",10.9978212437901,1.73067208804214,12.6933562465752,16.7750681628536
"IGproject0343","Andrena","wilkella","male",1922,5,14,"England","Devon","Newton Abbot","",3.001,2.005,7.557,2.041,"Andrenidae","excavator","OUMNH",NA,"Newton Abbot, Devon, England",50.5296441,-3.6112097,"Andrena wilkella",11.9752616489411,3.2600042978813,15.3582388864032,20.6497194800883
"IGproject0344","Andrena","wilkella","female",1907,5,9,"England","Surrey","Oxshott","",3.422,2.344,7.812,2.514,"Andrenidae","excavator","OUMNH",NA,"Oxshott, Surrey, England",51.3361004,-0.3625418,"Andrena wilkella",10.9649247577528,3.37302095413715,14.1859038187241,19.8389254199159
"IGproject0345","Andrena","wilkella","male",1900,5,28,"England","Berkshire","Newbury","",3.083,2.036,7.732,2.175,"Andrenidae","excavator","OUMNH",NA,"Newbury, Berkshire, England",51.4020243,-1.3242212,"Andrena wilkella",11.0429466170098,3.86503853927045,15.3255121742239,21.5494196045524
"IGproject0346","Andrena","wilkella","male",1898,6,2,"England","Buckinghamshire","Great Missenden","",2.95,1.847,7.546,2.091,"Andrenidae","excavator","OUMNH",NA,"Great Missenden, Buckinghamshire, England",51.7046508,-0.7086592,"Andrena wilkella",10.7033660835934,4.0734367379301,15.1045457111888,20.2129772730422
"IGproject0347","Andrena","wilkella","female",1915,5,24,"England","Devon","Brixham","",3.491,2.257,8.321,2.661,"Andrenidae","excavator","OUMNH",NA,"Brixham, Devon, England",50.3952404,-3.514544,"Andrena wilkella",12.2090842776414,2.43388138236681,14.9124896089952,19.6507270811532
"IGproject0348","Andrena","wilkella","female",1915,5,20,"England","Gloucestershire","Wotton-under-Edge","",3.621,2.375,8.266,2.769,"Andrenidae","excavator","OUMNH",NA,"Wotton-under-Edge, Gloucestershire, England",51.6378241,-2.3547251,"Andrena wilkella",11.9630390491139,2.57203285281756,14.8611099175124,20.2101649571598
"IGproject0349","Andrena","wilkella","female",1910,6,14,"England","Devon","Budleigh Salterton","",3.302,2.161,7.79,2.48,"Andrenidae","excavator","OUMNH",NA,"Budleigh Salterton, Devon, England",50.6310504,-3.3299844,"Andrena wilkella",10.9978212437901,1.73067208804214,12.6933562465752,16.7750681628536
"IGproject0350","Andrena","wilkella","female",1908,6,14,"England","Greater Manchester","Sale","",3.348,2.151,7.925,2.698,"Andrenidae","excavator","OUMNH",NA,"Sale, Greater Manchester, England",53.4244939,-2.318415,"Andrena wilkella",9.69268300404894,2.34812525085645,11.8663071671842,15.4858329061068
"IGproject0351","Andrena","wilkella","male",1904,5,15,"England","Greater London","Northwood","",2.982,1.925,7.512,2.081,"Andrenidae","excavator","OUMNH",NA,"Northwood, Greater London, England",51.6051713,-0.4205812,"Andrena wilkella",10.3680803931032,3.37642029994531,12.9310001104367,17.6315441681466
"IGproject0352","Andrena","wilkella","male",1900,5,29,"England","Hampshire","","New Forest",3.025,1.92,7.764,2.167,"Andrenidae","excavator","OUMNH",NA,"New Forest, Hampshire, England",50.8557268,-1.5956844,"Andrena wilkella",11.9010365623935,3.92850558829467,16.2186339945976,22.011018724964
"IGproject0353","Andrena","wilkella","female",1900,5,29,"England","Berkshire","Newbury","",3.438,2.254,8.13,2.697,"Andrenidae","excavator","OUMNH",NA,"Newbury, Berkshire, England",51.4020243,-1.3242212,"Andrena wilkella",11.0429466170098,3.86503853927045,15.3255121742239,21.5494196045524
"IGproject0354","Andrena","wilkella","male",1904,5,22,"England","Hampshire","","New Forest",2.907,1.632,7.256,2.072,"Andrenidae","excavator","OUMNH",NA,"New Forest, Hampshire, England",50.8557268,-1.5956844,"Andrena wilkella",10.8057187978591,3.16160577280286,13.2884942861329,18.2165057635153
"IGproject0355","Andrena","wilkella","female",1953,6,1,"England","Oxfordshire","Abingdon","Cothill",3.335,2.1,8.033,2.612,"Andrenidae","excavator","OUMNH",NA,"Cothill, Abingdon, Oxfordshire, England",51.69591033,-1.3292552,"Andrena wilkella",12.3825273834779,2.58194275578575,14.467960613586,19.7274549730171
"IGproject0356","Andrena","wilkella","male",1900,5,15,"England","Essex","Theydon Bois","",2.876,1.712,7.125,2.049,"Andrenidae","excavator","OUMNH",NA,"Theydon Bois, Essex, England",51.6717759,0.1033213,"Andrena wilkella",11.5420655674987,3.73411694368083,15.6852871817841,21.7281496788728
"IGproject0357","Andrena","wilkella","male",1899,6,NA,"England","Cambridgeshire","Wicken","",2.994,1.879,7.477,2.124,"Andrenidae","excavator","OUMNH",NA,"Wicken, Cambridgeshire, England",52.3126328,0.2994755,"Andrena wilkella",11.1814064979497,2.71397258116078,13.5869610223845,18.6292882420844
"IGproject0358","Andrena","wilkella","male",1900,5,18,"England","Berkshire","Newbury","",2.942,1.787,7.384,2.046,"Andrenidae","excavator","OUMNH",NA,"Newbury, Berkshire, England",51.4020243,-1.3242212,"Andrena wilkella",11.0429466170098,3.86503853927045,15.3255121742239,21.5494196045524
"IGproject0359","Andrena","wilkella","female",1905,5,24,"Wales","Gwynedd","Criccieth","",3.538,2.451,8.438,2.8,"Andrenidae","excavator","OUMNH",NA,"Criccieth, Gwynedd, Wales",52.9206106,-4.2332414,"Andrena wilkella",9.94365759098759,2.28854825104356,12.384334947237,16.0232056064975
"IGproject0360","Andrena","wilkella","male",1949,6,7,"England","Devon","Exminster","",2.996,1.898,7.395,2.088,"Andrenidae","excavator","OUMNH",NA,"Exminster, Devon, England",50.6785394,-3.4955657,"Andrena wilkella",11.4854837486596,2.46342851825334,13.8089078602742,17.6808917593438
"IGproject0361","Andrena","wilkella","female",1915,6,2,"England","Devon","Paignton","",3.411,2.174,8.255,2.524,"Andrenidae","excavator","OUMNH",NA,"Paignton, Devon, England",50.4377018,-3.5632704,"Andrena wilkella",12.2090842776414,2.43388138236681,14.9124896089952,19.6507270811532
"IGproject0362","Andrena","wilkella","female",1923,6,5,"England","Devon","Newton Abbot","",3.416,2.257,8.073,2.517,"Andrenidae","excavator","OUMNH",NA,"Newton Abbot, Devon, England",50.5296441,-3.6112097,"Andrena wilkella",11.2046326604981,4.00813499211876,14.4000368944794,18.9039679455291
"IGproject0363","Andrena","wilkella","female",1923,6,15,"England","Devon","Newton Abbot","",3.44,2.202,8.124,2.584,"Andrenidae","excavator","OUMNH",NA,"Newton Abbot, Devon, England",50.5296441,-3.6112097,"Andrena wilkella",11.2046326604981,4.00813499211876,14.4000368944794,18.9039679455291
"IGproject0364","Andrena","wilkella","female",1896,5,5,"England","Wiltshire","Sopworth","",3.21,2.048,7.793,2.475,"Andrenidae","excavator","OUMNH",NA,"Sopworth, Wiltshire, England",51.5806236,-2.2507317,"Andrena wilkella",11.9965541999219,3.3632810908019,15.0113678926468,21.2164120941405
"IGproject0365","Andrena","wilkella","male",1900,5,28,"England","Berkshire","Newbury","",2.991,1.896,7.565,2.091,"Andrenidae","excavator","OUMNH",NA,"Newbury, Berkshire, England",51.4020243,-1.3242212,"Andrena wilkella",11.0429466170098,3.86503853927045,15.3255121742239,21.5494196045524
"IGproject0366","Andrena","wilkella","male",1900,5,25,"England","Berkshire","Newbury","",2.834,1.841,7.293,2.015,"Andrenidae","excavator","OUMNH",NA,"Newbury, Berkshire, England",51.4020243,-1.3242212,"Andrena wilkella",11.0429466170098,3.86503853927045,15.3255121742239,21.5494196045524
"IGproject0367","Andrena","wilkella","female",1918,5,NA,"England","Devon","Paignton","",3.32,2.21,8.361,2.477,"Andrenidae","excavator","OUMNH",NA,"Paignton, Devon, England",50.4377018,-3.5632704,"Andrena wilkella",11.1935926202778,4.11375755337829,14.6830037211274,18.6624175575405
"IGproject0368","Andrena","wilkella","female",1905,6,22,"England","Surrey","Oxshott","",3.396,2.176,7.967,2.486,"Andrenidae","excavator","OUMNH",NA,"Oxshott, Surrey, England",51.3361004,-0.3625418,"Andrena wilkella",11.717595431713,2.3873828886638,14.0950602881159,19.1789595441112
"IGproject0369","Andrena","wilkella","female",1899,6,NA,"England","Cambridgeshire","Wicken","",3.51,2.322,8.217,2.667,"Andrenidae","excavator","OUMNH",NA,"Wicken, Cambridgeshire, England",52.3126328,0.2994755,"Andrena wilkella",11.1814064979497,2.71397258116078,13.5869610223845,18.6292882420844
"IGproject0370","Andrena","wilkella","female",1905,6,4,"England","Surrey","Chobham","",3.448,2.146,8.211,2.618,"Andrenidae","excavator","OUMNH",NA,"Chobham, Surrey, England",51.3477705,-0.6010128,"Andrena wilkella",11.5243958359764,2.34946406218338,13.8502724023662,19.0348892779135
"IGproject0371","Andrena","wilkella","female",1904,6,17,"England","Surrey","Chobham","",3.353,2.241,8.014,2.624,"Andrenidae","excavator","OUMNH",NA,"Chobham, Surrey, England",51.3477705,-0.6010128,"Andrena wilkella",10.325678710006,3.36316332712179,12.9180449402146,17.9129997632474
"IGproject0372","Anthidium","manicatum","female",1946,7,29,"England","Greater London","Osterley","",4.309,3.729,10.167,3.087,"Megachilidae","cavity nester","OUMNH",NA,"Osterley, Greater London, England",51.4815507,-0.3518348,"Anthidium manicatum",16.3703156649425,1.09344137146757,17.4101628746365,22.3818344465811
"IGproject0373","Anthidium","manicatum","female",1905,7,15,"England","Oxfordshire","Oxford","Lye Valley",3.927,3.302,9.067,2.782,"Megachilidae","cavity nester","OUMNH",NA,"Lye Valley, Oxford, Oxfordshire, England",51.7455776,-1.2056501,"Anthidium manicatum",15.1243981449428,2.05592500224747,17.2390982787438,22.9284215066351
"IGproject0374","Anthidium","manicatum","male",1900,7,20,"Wales","Gwynedd","Criccieth","",4.407,3.705,11.012,3.491,"Megachilidae","cavity nester","OUMNH",NA,"Criccieth, Gwynedd, Wales",52.9206106,-4.2332414,"Anthidium manicatum",15.0660171669286,1.2967823754291,16.4925869961121,20.9296529151234
"IGproject0375","Anthidium","manicatum","male",1938,7,29,"England","Oxfordshire","Oxford","Sunnymead",4.392,3.506,10.723,3.361,"Megachilidae","cavity nester","OUMNH",NA,"Sunnymead, Oxford, Oxfordshire, England",51.7838335,-1.2642666,"Anthidium manicatum",15.8002804771121,1.57585406282445,17.2670432149809,23.0622942939074
"IGproject0376","Anthidium","manicatum","female",1966,6,16,"England","Devon","Paignton","",4.242,3.537,9.42,2.942,"Megachilidae","cavity nester","OUMNH",NA,"Paignton, Devon, England",50.4377018,-3.5632704,"Anthidium manicatum",14.6446341556962,0.768618562970931,15.3689427531217,19.1412577340886
"IGproject0377","Anthidium","manicatum","female",1909,6,NA,"England","Gloucestershire","Wotton-under-Edge","Alderley",4.128,3.397,9.155,2.774,"Megachilidae","cavity nester","OUMNH",NA,"Alderley, Wotton-under-Edge, Gloucestershire, England",51.615194,-2.332701286,"Anthidium manicatum",15.1646091537796,1.01319568531937,16.2923319332991,21.2338036736336
"IGproject0378","Anthidium","manicatum","female",1905,7,22,"England","Dorset","Lyme Regis","",4.047,3.509,9.149,2.889,"Megachilidae","cavity nester","OUMNH",NA,"Lyme Regis, Dorset, England",50.7252897,-2.934559,"Anthidium manicatum",15.1568190997891,1.70310785499216,16.8189131056436,21.4640346214003
"IGproject0379","Anthidium","manicatum","male",1952,7,30,"England","Northamptonshire","Aynho","",4.712,4.154,11.624,3.776,"Megachilidae","cavity nester","OUMNH",NA,"Aynho, Northamptonshire, England",51.9948605,-1.2520728,"Anthidium manicatum",14.5851483798565,1.37176970295757,15.9461289280075,21.4111839247411
"IGproject0380","Anthidium","manicatum","male",1915,7,25,"England","Devon","Dartmoor","East Dartmoor",4.67,4.288,12.267,3.802,"Megachilidae","cavity nester","OUMNH",NA,"East Dartmoor, Dartmoor, Devon, England",50.486085,-3.9856305,"Anthidium manicatum",14.6005413555511,0.716446689223682,15.2424756710214,19.1741537779747
"IGproject0381","Anthidium","manicatum","male",1904,7,9,"England","Hampshire","","New Forest",4.321,3.721,10.444,3.306,"Megachilidae","cavity nester","OUMNH",NA,"New Forest, Hampshire, England",50.8557268,-1.5956844,"Anthidium manicatum",14.7792564569801,1.36618035662437,15.9714818993161,20.7231965819342
"IGproject0382","Anthidium","manicatum","female",1898,7,NA,"Wales","Gwynedd","Criccieth","",4.074,3.449,9.005,2.745,"Megachilidae","cavity nester","OUMNH",NA,"Criccieth, Gwynedd, Wales",52.9206106,-4.2332414,"Anthidium manicatum",14.3296419247885,0.883112070430358,14.8613244449756,18.905247948327
"IGproject0383","Anthidium","manicatum","male",1897,7,18,"England","Oxfordshire","Oxford","Shotover",4.442,3.8,11.711,3.86,"Megachilidae","cavity nester","OUMNH",NA,"Shotover, Oxford, Oxfordshire, England",51.7561128,-1.1551229,"Anthidium manicatum",15.6489421746397,1.17984501231362,16.59739957393,22.5986572089602
"IGproject0384","Anthidium","manicatum","female",1907,7,21,"England","Hampshire","","New Forest",3.77,3.115,8.28,2.429,"Megachilidae","cavity nester","OUMNH",NA,"New Forest, Hampshire, England",50.8557268,-1.5956844,"Anthidium manicatum",15.9192952799299,1.6629214792246,17.31530859614,22.2923361187544
"IGproject0385","Anthidium","manicatum","male",1897,7,18,"England","Oxfordshire","Oxford","Shotover",4.36,3.866,10.791,3.459,"Megachilidae","cavity nester","OUMNH",NA,"Shotover, Oxford, Oxfordshire, England",51.7561128,-1.1551229,"Anthidium manicatum",15.6489421746397,1.17984501231362,16.59739957393,22.5986572089602
"IGproject0386","Anthidium","manicatum","male",1897,7,18,"England","Oxfordshire","Oxford","Shotover",4.549,3.899,11.597,3.865,"Megachilidae","cavity nester","OUMNH",NA,"Shotover, Oxford, Oxfordshire, England",51.7561128,-1.1551229,"Anthidium manicatum",15.6489421746397,1.17984501231362,16.59739957393,22.5986572089602
"IGproject0387","Anthidium","manicatum","male",1950,7,27,"England","Northamptonshire","Aynho","",4.246,3.463,9.911,3.022,"Megachilidae","cavity nester","OUMNH",NA,"Aynho, Northamptonshire, England",51.9948605,-1.2520728,"Anthidium manicatum",16.2197109641654,1.43046660339993,17.2862041070616,23.5991502957942
"IGproject0388","Anthidium","manicatum","male",1898,7,NA,"Wales","Gwynedd","Criccieth","",4.543,3.916,11.497,3.54,"Megachilidae","cavity nester","OUMNH",NA,"Criccieth, Gwynedd, Wales",52.9206106,-4.2332414,"Anthidium manicatum",14.3296419247885,0.883112070430358,14.8613244449756,18.905247948327
"IGproject0389","Anthidium","manicatum","female",1906,7,20,"England","Hampshire","","New Forest",4.178,3.54,9.448,2.802,"Megachilidae","cavity nester","OUMNH",NA,"New Forest, Hampshire, England",50.8557268,-1.5956844,"Anthidium manicatum",16.39148695046,1.67553276899087,18.2885110269219,23.4280409829518
"IGproject0390","Anthidium","manicatum","female",1930,9,10,"England","Devon","Newton Abbot","",3.813,3.189,8.536,2.554,"Megachilidae","cavity nester","OUMNH",NA,"Newton Abbot, Devon, England",50.5296441,-3.6112097,"Anthidium manicatum",14.8956148950706,1.3411452841876,15.8739021155001,20.6692526865473
"IGproject0391","Anthidium","manicatum","female",1977,9,5,"England","Oxfordshire","Abingdon","Dry Sandford Pit",4.086,3.384,9.102,2.751,"Megachilidae","cavity nester","OUMNH",NA,"Dry Sandford Pit, Abingdon, Oxfordshire, England",51.69478825,-1.32635399,"Anthidium manicatum",17.8580854094549,0.737476464819977,18.7088285359205,25.330712527283
"IGproject0392","Anthidium","manicatum","female",1897,7,NA,"Wales","Gwynedd","Criccieth","",4.103,3.463,9.061,2.867,"Megachilidae","cavity nester","OUMNH",NA,"Criccieth, Gwynedd, Wales",52.9206106,-4.2332414,"Anthidium manicatum",14.0889778693856,0.723228831847784,14.5435199350073,18.9583348188941
"IGproject0393","Anthidium","manicatum","female",1904,7,NA,"England","Dorset","Lyme Regis","",4.251,3.596,9.597,3.077,"Megachilidae","cavity nester","OUMNH",NA,"Lyme Regis, Dorset, England",50.7252897,-2.934559,"Anthidium manicatum",14.2441211867508,1.26279249642224,15.3581638166614,20.0051358635326
"IGproject0394","Anthidium","manicatum","female",1905,7,20,"England","Dorset","Lyme Regis","",4.123,3.495,8.984,2.866,"Megachilidae","cavity nester","OUMNH",NA,"Lyme Regis, Dorset, England",50.7252897,-2.934559,"Anthidium manicatum",15.1568190997891,1.70310785499216,16.8189131056436,21.4640346214003
"IGproject0395","Anthidium","manicatum","female",1900,7,7,"Wales","Gwynedd","Criccieth","",4.136,3.532,9.245,2.781,"Megachilidae","cavity nester","OUMNH",NA,"Criccieth, Gwynedd, Wales",52.9206106,-4.2332414,"Anthidium manicatum",15.0660171669286,1.2967823754291,16.4925869961121,20.9296529151234
"IGproject0396","Anthidium","manicatum","female",1914,6,24,"England","Devon","Paignton","",4.116,3.434,9.068,2.72,"Megachilidae","cavity nester","OUMNH",NA,"Paignton, Devon, England",50.4377018,-3.5632704,"Anthidium manicatum",15.3460222483951,1.55679891144814,16.6814895384853,20.890580987378
"IGproject0397","Anthidium","manicatum","male",1919,8,NA,"England","Surrey","Guildford","",4.651,4.018,11.979,3.863,"Megachilidae","cavity nester","OUMNH",NA,"Guildford, Surrey, England",51.2356068,-0.5732063,"Anthidium manicatum",15.0981607510534,1.57967922842663,16.1372701584383,21.3266225578194
"IGproject0398","Anthidium","manicatum","male",1926,7,NA,"England","Devon","Newton Abbot","",3.825,3.24,8.764,2.892,"Megachilidae","cavity nester","OUMNH",NA,"Newton Abbot, Devon, England",50.5296441,-3.6112097,"Anthidium manicatum",15.9999866570983,0.300861755798847,16.3212146838882,21.2032965932478
"IGproject0399","Anthidium","manicatum","male",1898,7,NA,"Wales","Gwynedd","Criccieth","",4.537,3.9,11.407,3.609,"Megachilidae","cavity nester","OUMNH",NA,"Criccieth, Gwynedd, Wales",52.9206106,-4.2332414,"Anthidium manicatum",14.3296419247885,0.883112070430358,14.8613244449756,18.905247948327
"IGproject0400","Anthidium","manicatum","male",1948,8,1,"England","Oxfordshire","Oxford","Hinksey",4.228,3.554,10.311,3.302,"Megachilidae","cavity nester","OUMNH",NA,"Hinksey, Oxford, Oxfordshire, England",51.7363525,-1.2575581,"Anthidium manicatum",17.1625015832209,1.66583374921906,18.7963233787449,25.7049225303313
"IGproject0401","Anthidium","manicatum","male",1900,7,NA,"England","Worcestershire","Kidderminster","Wyre Forest",4.247,3.659,10.322,3.106,"Megachilidae","cavity nester","OUMNH",NA,"Wyre Forest, Kidderminster, Worcestershire, England",52.396247,-2.2469773,"Anthidium manicatum",16.6081924806285,1.37329070627288,17.7811038522703,24.4877672192934
"IGproject0402","Anthidium","manicatum","male",1916,6,16,"England","Devon","Paignton","",4.599,3.844,11.377,3.679,"Megachilidae","cavity nester","OUMNH",NA,"Paignton, Devon, England",50.4377018,-3.5632704,"Anthidium manicatum",14.8686691098082,1.07630595012602,15.9993144920199,20.0048532561324
"IGproject0403","Anthidium","manicatum","male",1914,7,10,"England","Devon","Bovey Tracey","",4.607,3.842,11.268,3.508,"Megachilidae","cavity nester","OUMNH",NA,"Bovey Tracey, Devon, England",50.6046632,-3.6856762,"Anthidium manicatum",14.831319300025,1.47685735121044,16.0739633026653,20.599456955669
"IGproject0404","Anthidium","manicatum","male",1902,NA,NA,"England","Hertfordshire","Berkhamsted","",4.396,3.995,11.201,3.593,"Megachilidae","cavity nester","OUMNH",NA,"Berkhamsted, Hertfordshire, England",51.7607271,-0.5652554,"Anthidium manicatum",15.9443415840761,1.81138347799576,17.6588971610744,23.6171240079794
"IGproject0405","Anthidium","manicatum","male",1926,7,NA,"England","Devon","Newton Abbot","",4.185,3.691,10.746,3.451,"Megachilidae","cavity nester","OUMNH",NA,"Newton Abbot, Devon, England",50.5296441,-3.6112097,"Anthidium manicatum",15.9999866570983,0.300861755798847,16.3212146838882,21.2032965932478
"IGproject0406","Anthidium","manicatum","male",1910,7,11,"England","Oxfordshire","Oxford","Wykeham House (garden)",4.381,3.921,10.896,3.365,"Megachilidae","cavity nester","OUMNH",NA,"Wykeham House (garden), Oxford, Oxfordshire, England",51.76345691,-1.260193951,"Anthidium manicatum",14.1150285777976,2.12142714489395,15.7545106039197,21.1953402966041
"IGproject0407","Anthidium","manicatum","male",1897,7,NA,"England","Oxfordshire","Oxford","Shotover",4.431,3.732,11.177,3.342,"Megachilidae","cavity nester","OUMNH",NA,"Shotover, Oxford, Oxfordshire, England",51.7561128,-1.1551229,"Anthidium manicatum",15.6489421746397,1.17984501231362,16.59739957393,22.5986572089602
"IGproject0408","Anthidium","manicatum","male",1897,7,NA,"England","Oxfordshire","Oxford","Shotover",4.513,3.982,11.366,3.582,"Megachilidae","cavity nester","OUMNH",NA,"Shotover, Oxford, Oxfordshire, England",51.7561128,-1.1551229,"Anthidium manicatum",15.6489421746397,1.17984501231362,16.59739957393,22.5986572089602
"IGproject0409","Anthidium","manicatum","male",1897,7,NA,"England","Oxfordshire","Oxford","Shotover",4.218,3.736,10.535,3.326,"Megachilidae","cavity nester","OUMNH",NA,"Shotover, Oxford, Oxfordshire, England",51.7561128,-1.1551229,"Anthidium manicatum",15.6489421746397,1.17984501231362,16.59739957393,22.5986572089602
"IGproject0410","Anthidium","manicatum","male",1905,7,15,"England","Oxfordshire","Oxford","Lye Valley",4.245,3.824,10.413,3.333,"Megachilidae","cavity nester","OUMNH",NA,"Lye Valley, Oxford, Oxfordshire, England",51.7455776,-1.2056501,"Anthidium manicatum",15.1243981449428,2.05592500224747,17.2390982787438,22.9284215066351
"IGproject0411","Anthidium","manicatum","male",1905,7,15,"England","Oxfordshire","Oxford","Lye Valley",3.885,3.257,9.226,2.798,"Megachilidae","cavity nester","OUMNH",NA,"Lye Valley, Oxford, Oxfordshire, England",51.7455776,-1.2056501,"Anthidium manicatum",15.1243981449428,2.05592500224747,17.2390982787438,22.9284215066351
"IGproject0412","Anthidium","manicatum","male",1897,7,NA,"England","Oxfordshire","Oxford","Shotover",4.566,3.949,11.608,3.947,"Megachilidae","cavity nester","OUMNH",NA,"Shotover, Oxford, Oxfordshire, England",51.7561128,-1.1551229,"Anthidium manicatum",15.6489421746397,1.17984501231362,16.59739957393,22.5986572089602
"IGproject0413","Anthidium","manicatum","female",1948,8,1,"England","Oxfordshire","Oxford","Hinksey",4.01,3.382,9.262,2.833,"Megachilidae","cavity nester","OUMNH",NA,"Hinksey, Oxford, Oxfordshire, England",51.7363525,-1.2575581,"Anthidium manicatum",17.1625015832209,1.66583374921906,18.7963233787449,25.7049225303313
"IGproject0414","Anthidium","manicatum","female",1929,5,22,"England","Devon","Bovey Tracey","",3.982,3.295,9.058,2.792,"Megachilidae","cavity nester","OUMNH",NA,"Bovey Tracey, Devon, England",50.6046632,-3.6856762,"Anthidium manicatum",14.8321550614397,1.57712211140209,16.1980274676589,21.1731979133284
"IGproject0415","Anthidium","manicatum","female",1914,6,20,"England","Surrey","Woking","",4.194,3.461,9.354,2.929,"Megachilidae","cavity nester","OUMNH",NA,"Woking, Surrey, England",51.3201891,-0.5564726,"Anthidium manicatum",15.0494935502833,0.557540180291504,15.6649367138378,20.8038829752595
"IGproject0416","Anthidium","manicatum","female",1914,6,20,"England","Surrey","Woking","",4.258,3.556,9.425,2.899,"Megachilidae","cavity nester","OUMNH",NA,"Woking, Surrey, England",51.3201891,-0.5564726,"Anthidium manicatum",15.0494935502833,0.557540180291504,15.6649367138378,20.8038829752595
"IGproject0417","Anthidium","manicatum","female",1899,6,27,"England","Oxfordshire","Oxford","OUMNH",3.983,3.345,8.858,2.846,"Megachilidae","cavity nester","OUMNH",NA,"OUMNH, Oxford, Oxfordshire, England",51.75883255,-1.255506952,"Anthidium manicatum",15.1018292526844,1.70085155884672,16.6509737556219,22.1358520867684
"IGproject0418","Anthidium","manicatum","female",1897,7,18,"England","Oxfordshire","Oxford","Shotover",3.988,3.459,8.974,2.797,"Megachilidae","cavity nester","OUMNH",NA,"Shotover, Oxford, Oxfordshire, England",51.7561128,-1.1551229,"Anthidium manicatum",15.6489421746397,1.17984501231362,16.59739957393,22.5986572089602
"IGproject0419","Anthidium","manicatum","female",1908,6,NA,"England","Kent","Chattenden","",4.092,3.385,8.712,2.71,"Megachilidae","cavity nester","OUMNH",NA,"Chattenden, Kent, England",51.2849241,0.5329214,"Anthidium manicatum",14.1602698279741,0.999630547070396,15.1354931639373,20.0318109313013
"IGproject0420","Anthidium","manicatum","female",1902,7,27,"England","Oxfordshire","Tubney","Tubney Wood",4.068,3.594,9.253,2.809,"Megachilidae","cavity nester","OUMNH",NA,"Tubney Wood, Tubney, Oxfordshire, England",51.6982536,-1.3620453,"Anthidium manicatum",15.6623914097683,1.86999997724229,17.5301370912805,23.2499023830176
"IGproject0421","Anthidium","manicatum","female",1984,6,30,"England","Greater London","Woolwich","Spray Street",3.507,2.868,7.295,2.22,"Megachilidae","cavity nester","OUMNH",NA,"Spray Street, Woolwich, Greater London, England",51.4904779,0.0697472,"Anthidium manicatum",18.1986160898163,2.49182313906267,20.5834464571732,26.4429785208813
"IGproject0422","Anthidium","manicatum","female",1897,7,18,"England","Oxfordshire","Oxford","Shotover",3.961,3.283,8.704,2.724,"Megachilidae","cavity nester","OUMNH",NA,"Shotover, Oxford, Oxfordshire, England",51.7561128,-1.1551229,"Anthidium manicatum",15.6489421746397,1.17984501231362,16.59739957393,22.5986572089602
"IGproject0423","Anthidium","manicatum","female",1897,6,22,"England","Berkshire","Sulhamstead","",4.203,3.552,9.162,2.847,"Megachilidae","cavity nester","OUMNH",NA,"Sulhamstead, Berkshire, England",51.4140897,-1.0929427,"Anthidium manicatum",15.8166438504617,1.16482149590966,16.8225633637431,22.865400061434
"IGproject0424","Anthidium","manicatum","male",1897,6,22,"England","Berkshire","Sulhamstead","",4.196,3.499,10.116,3.172,"Apidae","kleptoparasite","OUMNH",NA,"Sulhamstead, Berkshire, England",51.4140897,-1.0929427,"Anthidium manicatum",15.8166438504617,1.16482149590966,16.8225633637431,22.865400061434
"IGproject0425","Nomada","ruficornis","female",1918,4,NA,"England","Cumbria","Carlisle","",2.42,1.543,7.501,2.026,"Apidae","kleptoparasite","OUMNH",NA,"Carlisle, Cumbria, England",54.89388457,-2.93695408,"Nomada ruficornis",9.27136403423626,4.58641554915929,12.8761473507816,18.1741607531515
"IGproject0426","Nomada","ruficornis","female",1915,5,21,"England","Devon","Brixham","Churston Ferrers",2.772,1.823,8.434,2.369,"Apidae","kleptoparasite","OUMNH",NA,"Churston Ferrers, Brixham, Devon, England",50.3945707,-3.565572,"Nomada ruficornis",12.2090842776414,2.43388138236681,14.9124896089952,19.6507270811532
"IGproject0427","Nomada","ruficornis","female",1920,5,25,"England","West Yorkshire","Leeds","Meanwood",2.651,1.743,7.959,2.24,"Apidae","kleptoparasite","OUMNH",NA,"Meanwood, Leeds, West Yorkshire, England",53.8281685,-1.5682466,"Nomada ruficornis",10.798862449354,3.68708540297026,13.5121858937513,18.5465543342786
"IGproject0428","Nomada","ruficornis","female",1915,5,7,"England","Devon","Bovey Tracey","",2.812,1.929,8.587,2.415,"Apidae","kleptoparasite","OUMNH",NA,"Bovey Tracey, Devon, England",50.6046632,-3.6856762,"Nomada ruficornis",11.7063231307788,2.40288623704799,14.3868110131633,19.3007914169142
"IGproject0429","Nomada","ruficornis","female",1915,5,7,"England","Devon","Bovey Tracey","",2.835,1.884,8.565,2.265,"Apidae","kleptoparasite","OUMNH",NA,"Bovey Tracey, Devon, England",50.6046632,-3.6856762,"Nomada ruficornis",11.7063231307788,2.40288623704799,14.3868110131633,19.3007914169142
"IGproject0430","Nomada","ruficornis","female",1915,5,24,"England","South Yorkshire","Sheffield","",2.76,1.817,8.428,2.21,"Apidae","kleptoparasite","OUMNH",NA,"Sheffield, South Yorkshire, England",53.3806626,-1.4702278,"Nomada ruficornis",10.7742949816342,2.54918277609386,13.6894678991116,18.9556783364701
"IGproject0431","Nomada","ruficornis","male",1975,5,3,"England","Devon","","South Devon - Buckland Down",2.344,1.54,7.277,1.959,"Apidae","kleptoparasite","OUMNH",NA,"South Devon - Buckland Down, Devon, England",50.54448152,-3.807963495,"Nomada ruficornis",10.3981213698304,2.62332837087743,13.2217629606749,17.0077532597079
"IGproject0432","Nomada","ruficornis","female",1982,5,10,"England","Devon","Plymouth","Plym Bridge",2.758,1.831,8.377,2.286,"Apidae","kleptoparasite","OUMNH",NA,"Plym Bridge, Plymouth, Devon, England",50.40595042,-4.077171658,"Nomada ruficornis",10.3051110981688,2.41589865343935,12.7456853262588,16.3083194601439
"IGproject0433","Nomada","ruficornis","male",1978,5,7,"England","Devon","Tavistock","Whitchurch Down",2.777,1.83,8.507,2.412,"Apidae","kleptoparasite","OUMNH",NA,"Whitchurch Down, Tavistock, Devon, England",50.5427342,-4.1150225,"Nomada ruficornis",9.5698196884527,2.56979092159363,11.7935121670674,15.5078368762892
"IGproject0434","Nomada","ruficornis","male",1982,5,10,"England","Devon","Plymouth","Plym Bridge",2.334,1.428,7.228,1.935,"Apidae","kleptoparasite","OUMNH",NA,"Plym Bridge, Plymouth, Devon, England",50.40595042,-4.077171658,"Nomada ruficornis",10.3051110981688,2.41589865343935,12.7456853262588,16.3083194601439
"IGproject0435","Nomada","ruficornis","male",1974,4,21,"England","Devon","Lifton","",2.772,1.964,8.722,2.311,"Apidae","kleptoparasite","OUMNH",NA,"Lifton, Devon, England",50.6429503,-4.2988119,"Nomada ruficornis",10.6405397962535,3.34852139080148,13.8422859939182,18.5406023757
"IGproject0436","Nomada","ruficornis","male",1982,4,20,"England","Devon","Dartmoor","Burrator Reservoir",2.304,1.548,7.555,1.915,"Apidae","kleptoparasite","OUMNH",NA,"Burrator Reservoir, Dartmoor, Devon, England",50.49923423,-4.040083663,"Nomada ruficornis",10.104592839325,2.440291600341,12.5566273876084,16.1249552624078
"IGproject0437","Nomada","ruficornis","male",1975,5,6,"England","Devon","Tavistock","Whitchurch Down",2.291,1.47,7.229,1.933,"Apidae","kleptoparasite","OUMNH",NA,"Whitchurch Down, Tavistock, Devon, England",50.5427342,-4.1150225,"Nomada ruficornis",10.374853108822,2.53960785851598,13.1274000945588,16.9878396676448
"IGproject0438","Nomada","ruficornis","male",1918,4,NA,"England","Oxfordshire","Oxford","",2.683,1.901,8.353,2.225,"Apidae","kleptoparasite","OUMNH",NA,"Oxford, Oxfordshire, England",51.7520131,-1.2578499,"Nomada ruficornis",11.3205021745639,5.33842376714042,15.4667513625837,21.1894427987712
"IGproject0439","Nomada","ruficornis","male",1901,4,25,"England","Oxfordshire","Oxford","University Parks",2.834,2.06,8.468,2.282,"Apidae","kleptoparasite","OUMNH",NA,"University Parks, Oxford, Oxfordshire, England",51.7623666,-1.2544132,"Nomada ruficornis",10.7301460372648,3.21899219672932,14.2662861826751,19.2153586676698
"IGproject0440","Nomada","ruficornis","male",1917,5,3,"England","Devon","Brixham","",2.393,1.543,7.445,1.973,"Apidae","kleptoparasite","OUMNH",NA,"Brixham, Devon, England",50.3952404,-3.514544,"Nomada ruficornis",10.6892345408197,1.74379555004273,11.8674348841717,15.9676672197704
"IGproject0441","Nomada","ruficornis","male",1918,4,NA,"England","Oxfordshire","Oxford","",2.66,1.747,8.188,2.237,"Apidae","kleptoparasite","OUMNH",NA,"Oxford, Oxfordshire, England",51.7520131,-1.2578499,"Nomada ruficornis",11.3205021745639,5.33842376714042,15.4667513625837,21.1894427987712
"IGproject0442","Nomada","ruficornis","male",1914,4,14,"England","Devon","Dartmoor","East Dartmoor",2.62,1.779,8.487,2.272,"Apidae","kleptoparasite","OUMNH",NA,"East Dartmoor, Dartmoor, Devon, England",50.486085,-3.9856305,"Nomada ruficornis",10.2277643751527,2.69126339292399,12.5709164813364,16.7289013114589
"IGproject0443","Nomada","ruficornis","male",1918,4,27,"England","Devon","Paignton","",2.575,1.66,7.685,2.032,"Apidae","kleptoparasite","OUMNH",NA,"Paignton, Devon, England",50.4377018,-3.5632704,"Nomada ruficornis",11.1935926202778,4.11375755337829,14.6830037211274,18.6624175575405
"IGproject0444","Nomada","ruficornis","female",1920,5,15,"England","West Yorkshire","Leeds","Roundhay",2.815,1.996,8.539,2.362,"Apidae","kleptoparasite","OUMNH",NA,"Roundhay, Leeds, West Yorkshire, England",53.8439954,-1.507852,"Nomada ruficornis",10.9004175849276,3.66884077164389,13.6188564140393,18.7722156667448
"IGproject0445","Nomada","ruficornis","male",1901,4,25,"England","Oxfordshire","Oxford","University Parks",2.58,1.779,8.063,2.056,"Apidae","kleptoparasite","OUMNH",NA,"University Parks, Oxford, Oxfordshire, England",51.7623666,-1.2544132,"Nomada ruficornis",10.7301460372648,3.21899219672932,14.2662861826751,19.2153586676698
"IGproject0446","Nomada","ruficornis","male",1935,4,28,"England","Dorset","Swanage","South Haven Point",2.642,1.824,7.939,2.146,"Apidae","kleptoparasite","OUMNH",NA,"South Haven Point, Swanage, Dorset, England",50.6787269,-1.94390688,"Nomada ruficornis",12.0218445744568,3.58228671765898,15.5761869898599,20.6921551487651
"IGproject0447","Nomada","ruficornis","female",1984,6,8,"England","Devon","Tavistock","Whitchurch Down",2.752,1.88,8.652,2.247,"Apidae","kleptoparasite","OUMNH",NA,"Whitchurch Down, Tavistock, Devon, England",50.5427342,-4.1150225,"Nomada ruficornis",9.92782086455246,3.6498333274342,13.767580570917,17.856851836903
"IGproject0448","Nomada","ruficornis","male",1901,7,14,"Wales","Gwynedd","Criccieth","",2.652,1.778,8.218,2.13,"Apidae","kleptoparasite","OUMNH",NA,"Criccieth, Gwynedd, Wales",52.9206106,-4.2332414,"Nomada ruficornis",9.87794418567597,2.74634110433528,12.9618859065763,16.6824140180934
"IGproject0449","Nomada","ruficornis","female",1989,5,19,"England","Wiltshire","Swindon","Coate Water Country Park",2.788,1.898,8.464,2.269,"Apidae","kleptoparasite","OUMNH",NA,"Coate Water Country Park, Swindon, Wiltshire, England",51.53925894,-1.74822582,"Nomada ruficornis",11.3053664828685,3.19292691861184,14.2372778590579,18.7957077673835
"IGproject0450","Nomada","ruficornis","female",1989,5,19,"England","Wiltshire","Swindon","Coate Water Country Park",2.752,1.843,8.603,2.294,"Apidae","kleptoparasite","OUMNH",NA,"Coate Water Country Park, Swindon, Wiltshire, England",51.53925894,-1.74822582,"Nomada ruficornis",11.3053664828685,3.19292691861184,14.2372778590579,18.7957077673835
"IGproject0451","Nomada","ruficornis","female",1976,4,21,"England","Devon","Lifton","",2.907,1.918,8.973,2.48,"Apidae","kleptoparasite","OUMNH",NA,"Lifton, Devon, England",50.6429503,-4.2988119,"Nomada ruficornis",10.9293561977908,3.13898931698827,14.2649433805531,19.9289262981698
"IGproject0452","Nomada","ruficornis","male",1983,5,4,"England","Devon","Dartmoor","Leather Tor",2.738,1.827,8.648,2.2,"Apidae","kleptoparasite","OUMNH",NA,"Leather Tor, Dartmoor, Devon, England",50.51314752,-4.028640519,"Nomada ruficornis",10.9970948645548,2.93512900523791,14.1348830910769,18.1483155220287
"IGproject0453","Nomada","ruficornis","female",1976,5,7,"England","Devon","Harford","",2.761,1.808,8.46,2.287,"Apidae","kleptoparasite","OUMNH",NA,"Harford, Devon, England",50.4188928,-3.9179257,"Nomada ruficornis",10.861579550111,3.32722487821031,14.4454209277643,19.5607685774248
"IGproject0454","Nomada","ruficornis","male",1904,5,18,"England","Greater London","London","Hampstead",2.46,1.633,7.525,2.035,"Apidae","kleptoparasite","OUMNH",NA,"Hampstead, London, Greater London, England",51.55653,-0.1783011,"Nomada ruficornis",10.7350276624537,3.40720208001198,13.3309755424107,18.0300560890146
"IGproject0455","Nomada","ruficornis","male",1941,5,17,"England","Hampshire","Tadley","Pamber Forest",2.631,1.729,7.858,2.039,"Apidae","kleptoparasite","OUMNH",NA,"Pamber Forest, Tadley, Hampshire, England",51.3445805,-1.1172286,"Nomada ruficornis",12.6907230268318,3.88758290131945,16.5576122689373,22.9132068838181
"IGproject0456","Nomada","ruficornis","female",1953,5,24,"England","Devon","Lustleigh","",2.641,1.789,8.026,2.235,"Apidae","kleptoparasite","OUMNH",NA,"Lustleigh, Devon, England",50.6228301,-3.7304463,"Nomada ruficornis",11.4345354357121,2.50151571080436,13.5303372080237,18.2072993229687
"IGproject0457","Nomada","ruficornis","male",1954,4,12,"England","Devon","Teignbridge","",2.718,1.805,8.442,2.224,"Apidae","kleptoparasite","OUMNH",NA,"Teignbridge, Devon, England",50.6125551,-3.6559493,"Nomada ruficornis",11.2506773239376,3.11464685630602,13.9400319905217,18.2527082517447
"IGproject0458","Nomada","ruficornis","female",1921,5,27,"England","Hertfordshire","Tring","",2.626,1.774,8.229,2.299,"Apidae","kleptoparasite","OUMNH",NA,"Tring, Hertfordshire, England",51.7940357,-0.6609205,"Nomada ruficornis",11.5631284481675,3.04816595879715,14.3551429365282,19.475731090168
"IGproject0459","Nomada","ruficornis","female",1902,5,19,"England","Hampshire","","New Forest",2.649,1.773,8.346,2.382,"Apidae","kleptoparasite","OUMNH",NA,"New Forest, Hampshire, England",50.8557268,-1.5956844,"Nomada ruficornis",11.7472460538813,2.79257700468495,14.4191710550997,19.7310750232066
"IGproject0460","Nomada","ruficornis","male",1917,5,3,"England","Surrey","Guildford","Merrow",2.373,1.573,7.071,1.939,"Apidae","kleptoparasite","OUMNH",NA,"Merrow, Guildford, Surrey, England",51.2443481,-0.5335147,"Nomada ruficornis",10.8861728503237,2.00241851938988,12.3012583791799,17.8309641379801
"IGproject0461","Nomada","ruficornis","male",1917,5,5,"England","Surrey","Tadworth","Box Hill",2.808,1.958,8.498,2.332,"Apidae","kleptoparasite","OUMNH",NA,"Box Hill, Tadworth, Surrey, England",51.2543699,-0.2776725,"Nomada ruficornis",10.9483592305194,2.00523065358506,12.3771672774994,17.8346478886816
"IGproject0462","Nomada","ruficornis","female",1931,5,25,"England","North Yorkshire","Rainton","",2.568,1.664,7.699,2.152,"Apidae","kleptoparasite","OUMNH",NA,"Rainton, North Yorkshire, England",54.1715744,-1.4343499,"Nomada ruficornis",10.3083334183831,3.49239811638427,14.1417067262265,19.1924399992324
"IGproject0463","Nomada","ruficornis","female",1945,3,25,"England","Devon","Lydford","",2.529,1.573,7.65,2.073,"Apidae","kleptoparasite","OUMNH",NA,"Lydford, Devon, England",50.6459989,-4.0827936,"Nomada ruficornis",10.826514674203,1.96118870169129,12.9761045607071,17.0733652521277
"IGproject0464","Nomada","ruficornis","male",1925,5,15,"England","Devon","Brixham","",2.345,1.561,7.142,1.94,"Apidae","kleptoparasite","OUMNH",NA,"Brixham, Devon, England",50.3952404,-3.514544,"Nomada ruficornis",11.0528232776594,3.03104384939004,14.0152021488619,17.7510218329343
"IGproject0465","Nomada","ruficornis","male",1915,4,14,"England","Devon","Dartmoor","East Dartmoor",2.723,1.9,8.303,2.291,"Apidae","kleptoparasite","OUMNH",NA,"East Dartmoor, Dartmoor, Devon, England",50.486085,-3.9856305,"Nomada ruficornis",11.2321221550398,2.31865240406904,13.8276493042044,18.6385197597494
"IGproject0466","Andrena","chrysosceles","female",1899,6,18,"England","East Sussex","Polegate","",2.805,1.673,7.764,2.116,"Andrenidae","excavator","OUMNH",NA,"Polegate, East Sussex, England",50.8276836,0.2446652,"Andrena chrysosceles",10.7139054383206,2.68762979521988,13.3771395717124,17.6352739517662
"IGproject0467","Andrena","chrysosceles","male",1907,5,23,"England","Hampshire","","New Forest",2.969,1.832,8.182,2.32,"Andrenidae","excavator","OUMNH",NA,"New Forest, Hampshire, England",50.8557268,-1.5956844,"Andrena chrysosceles",10.939645115863,3.18374990217948,14.0795058220816,19.5387427288085
"IGproject0468","Andrena","chrysosceles","female",1899,5,NA,"Wales","Monmouthshire","Raglan","",2.973,1.815,8.224,2.256,"Andrenidae","excavator","OUMNH",NA,"Raglan, Monmouthshire, Wales",51.7650543,-2.8540602,"Andrena chrysosceles",10.6389747896357,2.62432424029325,13.5333606280024,18.8142859427754
"IGproject0469","Andrena","chrysosceles","female",1913,5,23,"England","Dorset","Cerne Abbas","",2.853,1.782,7.849,2.203,"Andrenidae","excavator","OUMNH",NA,"Cerne Abbas, Dorset, England",50.8079558,-2.4793386,"Andrena chrysosceles",11.4064697434378,2.30899172616293,13.4353020392284,17.5861505633392
"IGproject0470","Andrena","chrysosceles","female",1914,4,NA,"England","Devon","Newton Abbot","",2.968,1.816,8.119,2.184,"Andrenidae","excavator","OUMNH",NA,"Newton Abbot, Devon, England",50.5296441,-3.6112097,"Andrena chrysosceles",11.0719093210326,2.71764592634701,13.5235312643496,17.9287019624933
"IGproject0471","Andrena","chrysosceles","female",1899,5,NA,"Wales","Monmouthshire","Raglan","",2.945,1.822,8.128,2.283,"Andrenidae","excavator","OUMNH",NA,"Raglan, Monmouthshire, Wales",51.7650543,-2.8540602,"Andrena chrysosceles",10.6389747896357,2.62432424029325,13.5333606280024,18.8142859427754
"IGproject0472","Andrena","chrysosceles","female",1899,6,5,"England","Cambridgeshire","Sawtry","Monks Wood",2.864,1.851,7.811,2.258,"Andrenidae","excavator","OUMNH",NA,"Monks Wood, Sawtry, Cambridgeshire, England",52.4055181,-0.2396955,"Andrena chrysosceles",11.006836613176,2.62927008565962,13.6274707816139,18.9140980631707
"IGproject0473","Andrena","chrysosceles","male",1923,4,21,"England","Devon","Newton Abbot","Bradley Woods",2.54,1.541,6.724,1.777,"Andrenidae","excavator","OUMNH",NA,"Bradley Woods, Newton Abbot, Devon, England",50.525335,-3.627007989,"Andrena chrysosceles",11.1649136097411,4.00417802056131,14.3521194501549,18.8328726663858
"IGproject0474","Andrena","chrysosceles","male",1912,5,NA,"England","Hampshire","","New Forest",2.505,1.473,6.712,1.805,"Andrenidae","excavator","OUMNH",NA,"New Forest, Hampshire, England",50.8557268,-1.5956844,"Andrena chrysosceles",11.9136258653228,4.0028136666717,15.0635229246704,20.1130922964226
"IGproject0475","Andrena","chrysosceles","male",1912,5,NA,"England","Hampshire","","New Forest",2.481,1.461,6.566,1.755,"Andrenidae","excavator","OUMNH",NA,"New Forest, Hampshire, England",50.8557268,-1.5956844,"Andrena chrysosceles",11.9136258653228,4.0028136666717,15.0635229246704,20.1130922964226
"IGproject0476","Andrena","chrysosceles","female",1899,6,NA,"England","Cambridgeshire","Wicken","",2.785,1.736,7.62,2.152,"Andrenidae","excavator","OUMNH",NA,"Wicken, Cambridgeshire, England",52.3126328,0.2994755,"Andrena chrysosceles",11.1814064979497,2.71397258116078,13.5869610223845,18.6292882420844
"IGproject0477","Andrena","chrysosceles","female",1906,5,28,"Wales","Bridgend","Porthcawl","",2.824,1.72,7.786,2.26,"Andrenidae","excavator","OUMNH",NA,"Porthcawl, Bridgend, Wales",51.4795563,-3.7040704,"Andrena chrysosceles",10.7734627767114,3.21567142910282,14.1637520834188,18.223681206989
"IGproject0478","Andrena","chrysosceles","female",1990,5,26,"England","Wiltshire","Wroughton","Clouts Wood",3.285,2.098,7.831,2.487,"Andrenidae","excavator","OUMNH",NA,"Clouts Wood, Wroughton, Wiltshire, England",51.51489206,-1.804044057,"Andrena chrysosceles",11.4911624146337,4.39875872794521,14.664167917127,20.3366862168796
"IGproject0479","Andrena","chrysosceles","male",1990,4,28,"England","Wiltshire","Swindon","Coate Water Country Park",2.658,1.447,6.921,1.928,"Andrenidae","excavator","OUMNH",NA,"Coate Water Country Park, Swindon, Wiltshire, England",51.53925894,-1.74822582,"Andrena chrysosceles",11.5059469182139,4.40252561371382,14.685874194313,20.3716931921464
"IGproject0480","Andrena","chrysosceles","male",1990,3,31,"England","Wiltshire","Swindon","Coate Water Country Park",2.43,1.382,6.546,1.763,"Andrenidae","excavator","OUMNH",NA,"Coate Water Country Park, Swindon, Wiltshire, England",51.53925894,-1.74822582,"Andrena chrysosceles",11.5059469182139,4.40252561371382,14.685874194313,20.3716931921464
"IGproject0481","Andrena","chrysosceles","male",2004,5,19,"England","Surrey","Guildford","Pewley Down",2.461,1.366,6.81,1.78,"Andrenidae","excavator","OUMNH",NA,"Pewley Down, Guildford, Surrey, England",51.230904,-0.557229,"Andrena chrysosceles",12.7705701877485,3.50268293394198,16.4951133437264,22.0249091635272
"IGproject0482","Andrena","chrysosceles","male",2007,4,17,"England","Surrey","Godalming","Mare Hill",2.551,1.427,6.773,1.812,"Andrenidae","excavator","OUMNH",NA,"Mare Hill, Godalming, Surrey, England",51.15338723,-0.662571471,"Andrena chrysosceles",12.5369301444053,3.65377938374626,16.2151466507996,22.4270766586558
"IGproject0483","Andrena","chrysosceles","female",1981,6,29,"England","Oxfordshire","Wendlebury","",2.769,1.683,7.341,2.113,"Andrenidae","excavator","OUMNH",NA,"Wendlebury, Oxfordshire, England",51.872327,-1.186175,"Andrena chrysosceles",10.9380052782941,2.7974766303236,13.875138076133,18.5097706544956
"IGproject0484","Andrena","chrysosceles","male",2003,4,5,"England","Oxfordshire","Oxford","Shotover",2.556,1.481,6.933,1.785,"Andrenidae","excavator","OUMNH",NA,"Shotover, Oxford, Oxfordshire, England",51.7561128,-1.1551229,"Andrena chrysosceles",11.906284783008,2.4885683440882,14.4012905670801,19.2539423401596
"IGproject0485","Andrena","chrysosceles","female",2003,4,5,"England","Oxfordshire","Oxford","Shotover",2.799,1.782,7.554,2.198,"Andrenidae","excavator","OUMNH",NA,"Shotover, Oxford, Oxfordshire, England",51.7561128,-1.1551229,"Andrena chrysosceles",11.906284783008,2.4885683440882,14.4012905670801,19.2539423401596
"IGproject0486","Andrena","chrysosceles","female",2007,6,6,"England","Surrey","Grayswood","Holmens Grove",2.906,1.873,8.188,2.111,"Andrenidae","excavator","OUMNH",NA,"Holmens Grove, Grayswood, Surrey, England",51.10405232,-0.691504886,"Andrena chrysosceles",12.4968742720879,3.63748188205069,16.1632390015636,22.3277784717204
"IGproject0487","Andrena","chrysosceles","female",2002,4,20,"England","Oxfordshire","Oxford","Shotover",2.964,1.861,8.011,2.318,"Andrenidae","excavator","OUMNH",NA,"Shotover, Oxford, Oxfordshire, England",51.7561128,-1.1551229,"Andrena chrysosceles",11.6621647716763,3.3828034795648,14.5858715687241,19.9561520600392
"IGproject0488","Andrena","chrysosceles","female",2005,6,21,"England","Surrey","Wrecclesham","",3.058,1.849,8.339,2.418,"Andrenidae","excavator","OUMNH",NA,"Wrecclesham, Surrey, England",51.1979493,-0.8159703,"Andrena chrysosceles",12.4365249178295,3.29511589092725,15.7694852295734,21.2343989518245
"IGproject0489","Andrena","chrysosceles","female",1926,6,13,"England","Greater London","London","South Norwood",2.972,1.775,8.065,2.255,"Andrenidae","excavator","OUMNH",NA,"South Norwood, London, Greater London, England",51.3980951,-0.0768216,"Andrena chrysosceles",11.8954320635344,3.86154308789652,15.538654236688,21.3362654766637
"IGproject0490","Andrena","chrysosceles","male",1984,4,26,"England","Greater London","London","Lewisham",2.268,1.279,6.25,1.714,"Andrenidae","excavator","OUMNH",NA,"Lewisham, London, Greater London, England",51.4624292,-0.0101787,"Andrena chrysosceles",11.4990994848775,3.94967110331179,15.6236313365389,20.1011907802908
"IGproject0491","Andrena","chrysosceles","male",1984,5,9,"England","Greater London","London","Lewisham",2.476,1.442,6.648,1.744,"Andrenidae","excavator","OUMNH",NA,"Lewisham, London, Greater London, England",51.4624292,-0.0101787,"Andrena chrysosceles",11.4990994848775,3.94967110331179,15.6236313365389,20.1011907802908
"IGproject0492","Andrena","chrysosceles","male",1996,4,27,"England","Northamptonshire","Marston St Lawrence","",2.641,1.488,7.017,1.899,"Andrenidae","excavator","OUMNH",NA,"Marston St Lawrence, Northamptonshire, England",52.0766064,-1.2171139,"Andrena chrysosceles",11.1999027366811,2.55309278773829,13.7170089563582,18.8290139233036
"IGproject0493","Andrena","chrysosceles","male",1996,4,27,"England","Northamptonshire","Marston St Lawrence","",2.138,1.206,5.317,1.482,"Andrenidae","excavator","OUMNH",NA,"Marston St Lawrence, Northamptonshire, England",52.0766064,-1.2171139,"Andrena chrysosceles",11.1999027366811,2.55309278773829,13.7170089563582,18.8290139233036
"IGproject0494","Andrena","chrysosceles","male",1996,4,27,"England","Northamptonshire","Marston St Lawrence","",2.484,1.332,6.637,1.779,"Andrenidae","excavator","OUMNH",NA,"Marston St Lawrence, Northamptonshire, England",52.0766064,-1.2171139,"Andrena chrysosceles",11.1999027366811,2.55309278773829,13.7170089563582,18.8290139233036
"IGproject0495","Andrena","chrysosceles","male",1996,4,27,"England","Northamptonshire","Marston St Lawrence","",2.946,1.682,7.737,2.023,"Andrenidae","excavator","OUMNH",NA,"Marston St Lawrence, Northamptonshire, England",52.0766064,-1.2171139,"Andrena chrysosceles",11.1999027366811,2.55309278773829,13.7170089563582,18.8290139233036
"IGproject0496","Andrena","chrysosceles","male",1996,4,27,"England","Northamptonshire","Marston St Lawrence","",2.393,1.291,6.193,1.691,"Andrenidae","excavator","OUMNH",NA,"Marston St Lawrence, Northamptonshire, England",52.0766064,-1.2171139,"Andrena chrysosceles",11.1999027366811,2.55309278773829,13.7170089563582,18.8290139233036
"IGproject0497","Andrena","chrysosceles","male",1996,4,27,"England","Northamptonshire","Marston St Lawrence","",2.2,1.23,6.04,1.655,"Andrenidae","excavator","OUMNH",NA,"Marston St Lawrence, Northamptonshire, England",52.0766064,-1.2171139,"Andrena chrysosceles",11.1999027366811,2.55309278773829,13.7170089563582,18.8290139233036
"IGproject0498","Andrena","chrysosceles","male",1996,4,27,"England","Northamptonshire","Brackley","",2.412,1.336,6.623,1.738,"Andrenidae","excavator","OUMNH",NA,"Brackley, Northamptonshire, England",52.0278975,-1.1484657,"Andrena chrysosceles",11.2159478301682,2.53727138600304,13.7118328966197,18.8270992075558
"IGproject0499","Andrena","chrysosceles","male",1996,4,27,"England","Northamptonshire","Brackley","",2.467,1.475,6.675,1.781,"Andrenidae","excavator","OUMNH",NA,"Brackley, Northamptonshire, England",52.0278975,-1.1484657,"Andrena chrysosceles",11.2159478301682,2.53727138600304,13.7118328966197,18.8270992075558
"IGproject0500","Andrena","chrysosceles","male",1996,4,27,"England","Northamptonshire","Brackley","",2.38,1.364,6.569,1.716,"Andrenidae","excavator","OUMNH",NA,"Brackley, Northamptonshire, England",52.0278975,-1.1484657,"Andrena chrysosceles",11.2159478301682,2.53727138600304,13.7118328966197,18.8270992075558
"IGproject0501","Andrena","chrysosceles","female",1901,5,27,"England","Kent","Faversham","Huntingfield",2.515,1.497,7.319,1.927,"Andrenidae","excavator","OUMNH",NA,"Huntingfield, Faversham, Kent, England",51.25792226,0.822018012,"Andrena chrysosceles",11.1290171241566,3.40800580440396,14.7376845666856,19.5598419896663
"IGproject0502","Andrena","chrysosceles","female",1901,6,1,"England","Kent","Faversham","Huntingfield",2.591,1.593,7.399,2.05,"Andrenidae","excavator","OUMNH",NA,"Huntingfield, Faversham, Kent, England",51.25792226,0.822018012,"Andrena chrysosceles",11.1290171241566,3.40800580440396,14.7376845666856,19.5598419896663
"IGproject0503","Andrena","chrysosceles","female",1901,6,1,"England","Kent","Faversham","Huntingfield",2.844,1.702,7.953,2.15,"Andrenidae","excavator","OUMNH",NA,"Huntingfield, Faversham, Kent, England",51.25792226,0.822018012,"Andrena chrysosceles",11.1290171241566,3.40800580440396,14.7376845666856,19.5598419896663
"IGproject0504","Andrena","chrysosceles","female",1901,6,1,"England","Kent","Faversham","Huntingfield",2.526,1.546,7.354,2.027,"Andrenidae","excavator","OUMNH",NA,"Huntingfield, Faversham, Kent, England",51.25792226,0.822018012,"Andrena chrysosceles",11.1290171241566,3.40800580440396,14.7376845666856,19.5598419896663
"IGproject0505","Andrena","chrysosceles","female",1901,6,1,"England","Kent","Faversham","Huntingfield",2.701,1.718,7.545,2.164,"Andrenidae","excavator","OUMNH",NA,"Huntingfield, Faversham, Kent, England",51.25792226,0.822018012,"Andrena chrysosceles",11.1290171241566,3.40800580440396,14.7376845666856,19.5598419896663
"IGproject0506","Andrena","chrysosceles","female",1900,NA,NA,"England","Kent","Faversham","",2.859,1.772,7.867,2.213,"Andrenidae","excavator","OUMNH",NA,"Faversham, Kent, England",51.3158434,0.8911283,"Andrena chrysosceles",11.0565027354291,3.46500778579317,14.8598186999277,20.1479614578795
"IGproject0507","Andrena","chrysosceles","female",1900,3,8,"England","Kent","Faversham","Huntingfield",2.861,1.714,7.959,2.19,"Andrenidae","excavator","OUMNH",NA,"Huntingfield, Faversham, Kent, England",51.25792226,0.822018012,"Andrena chrysosceles",11.0660187851573,3.47977083077217,14.8874257239805,20.1933633111544
"IGproject0508","Andrena","chrysosceles","female",1897,NA,NA,"England","Hampshire","","New Forest",2.887,1.702,8.001,2.235,"Andrenidae","excavator","OUMNH",NA,"New Forest, Hampshire, England",50.8557268,-1.5956844,"Andrena chrysosceles",13.0593364493015,3.35533646682332,16.5453521121638,21.8174038634881
"IGproject0509","Andrena","chrysosceles","female",1893,NA,NA,"England","Hampshire","","New Forest",2.817,1.664,7.753,2.214,"Andrenidae","excavator","OUMNH",NA,"New Forest, Hampshire, England",50.8557268,-1.5956844,"Andrena chrysosceles",11.510780118605,2.89383848085134,14.2149698364423,18.8025837192034
"IGproject0510","Andrena","chrysosceles","female",1901,5,6,"England","Kent","Faversham","",2.545,1.431,7.474,2.026,"Andrenidae","excavator","OUMNH",NA,"Faversham, Kent, England",51.3158434,0.8911283,"Andrena chrysosceles",11.1341893136084,3.39663916589133,14.7318706927912,19.5886287089588
"IGproject0511","Andrena","chrysosceles","female",1900,NA,NA,"England","Kent","Faversham","Huntingfield",2.888,1.692,7.808,2.28,"Andrenidae","excavator","OUMNH",NA,"Huntingfield, Faversham, Kent, England",51.25792226,0.822018012,"Andrena chrysosceles",11.0660187851573,3.47977083077217,14.8874257239805,20.1933633111544
"IGproject0512","Andrena","chrysosceles","female",1901,6,2,"England","Kent","Faversham","Huntingfield",2.852,1.671,7.713,2.133,"Andrenidae","excavator","OUMNH",NA,"Huntingfield, Faversham, Kent, England",51.25792226,0.822018012,"Andrena chrysosceles",11.1290171241566,3.40800580440396,14.7376845666856,19.5598419896663
"IGproject0513","Hylaeus","communis","female",1948,7,17,"England","Dorset","Witchampton","",1.69,1.35,5.013,1.048,"Colletidae","cavity nester","OUMNH",NA,"Witchampton, Dorset, England",50.8579978,-2.0168718,"Hylaeus communis",16.988433032735,1.97027827248221,19.045591659168,25.5556714921175
"IGproject0514","Hylaeus","communis","female",1952,8,22,"England","Devon","Dawlish Warren","",1.616,1.19,4.419,0.965,"Colletidae","cavity nester","OUMNH",NA,"Dawlish Warren, Devon, England",50.5986475,-3.4437159,"Hylaeus communis",14.7667895814762,1.279967398938,16.1195778349582,20.9983382507825
"IGproject0515","Hylaeus","communis","female",1953,8,6,"England","Devon","Bovey Tracey","Chudleigh Knighton Heath",1.597,1.223,4.682,1.001,"Colletidae","cavity nester","OUMNH",NA,"Chudleigh Knighton Heath, Bovey Tracey, Devon, England",50.58100978,-3.64619059,"Hylaeus communis",15.4171875031297,1.36199566393929,16.5047666333239,20.8981680728883
"IGproject0516","Hylaeus","communis","female",1953,8,6,"England","Devon","Bovey Tracey","Chudleigh Knighton Heath",1.69,1.356,5.126,1.07,"Colletidae","cavity nester","OUMNH",NA,"Chudleigh Knighton Heath, Bovey Tracey, Devon, England",50.58100978,-3.64619059,"Hylaeus communis",15.4171875031297,1.36199566393929,16.5047666333239,20.8981680728883
"IGproject0517","Hylaeus","communis","female",1949,7,7,"England","Devon","Bideford","",1.696,1.32,5.272,1.133,"Colletidae","cavity nester","OUMNH",NA,"Bideford, Devon, England",51.0181448,-4.2064223,"Hylaeus communis",13.7748699301628,0.949739926708677,14.3831173632414,17.9023191170316
"IGproject0518","Hylaeus","communis","male",1949,6,18,"England","Devon","Ottery Saint Mary","",1.491,1.071,4.291,0.978,"Colletidae","cavity nester","OUMNH",NA,"Ottery Saint Mary, Devon, England",50.75134852,-3.280071864,"Hylaeus communis",14.7537705374188,0.768059227327717,15.4359361210884,19.7809055364522
"IGproject0519","Hylaeus","communis","male",1952,7,21,"England","Devon","Kenton","",1.598,1.202,4.529,1.015,"Colletidae","cavity nester","OUMNH",NA,"Kenton, Devon, England",50.6341028,-3.4920314,"Hylaeus communis",14.7173044491794,1.2732323490577,16.0680432870822,20.9698340833237
"IGproject0520","Hylaeus","communis","female",1962,8,18,"England","Dorset","Morden","",1.469,1.139,4.425,0.961,"Colletidae","cavity nester","OUMNH",NA,"Morden, Dorset, England",50.7627893,-2.1325452,"Hylaeus communis",15.278047574715,0.883617589893448,15.8616717735883,20.8275228872459
"IGproject0521","Hylaeus","communis","female",1971,7,11,"England","Cornwall","Morwenstow","",1.525,1.145,4.51,0.955,"Colletidae","cavity nester","OUMNH",NA,"Morwenstow, Cornwall, England",50.9031662,-4.524249,"Hylaeus communis",14.8655179560201,0.430809216084107,15.1582401496048,19.5113013422526
"IGproject0522","Hylaeus","communis","male",1940,6,19,"England","Dorset","Weymouth","",1.402,0.998,4.054,0.907,"Colletidae","cavity nester","OUMNH",NA,"Weymouth, Dorset, England",50.6096257,-2.4543424,"Hylaeus communis",14.7956759103821,0.931159071864864,15.8697193204069,20.3317266609689
"IGproject0523","Hylaeus","communis","male",1928,6,13,"England","Dorset","Weymouth","Cranford Ave",1.409,1.044,4.241,0.927,"Colletidae","cavity nester","OUMNH",NA,"Cranford Ave, Weymouth, Dorset, England",50.6234113,-2.4511577,"Hylaeus communis",14.5432381000827,1.48706285955215,15.4118051525354,19.2325114300158
"IGproject0524","Hylaeus","communis","male",1970,6,21,"England","Oxfordshire","Oxford","Holywell Road",1.378,1.008,4.005,0.874,"Colletidae","cavity nester","OUMNH",NA,"Holywell Road, Oxford, Oxfordshire, England",51.7482606,-1.2781435,"Hylaeus communis",15.7417649762321,1.81629352719654,17.1473300254645,22.7469511679194
"IGproject0525","Hylaeus","communis","male",1968,6,23,"England","Devon","Paignton","",1.539,1.167,4.336,0.936,"Colletidae","cavity nester","OUMNH",NA,"Paignton, Devon, England",50.4377018,-3.5632704,"Hylaeus communis",15.4010077796895,0.872844362946226,16.0657682378667,20.1811914842662
"IGproject0526","Hylaeus","communis","female",1977,9,3,"England","Devon","Kelly","",1.661,1.26,4.765,1.03,"Colletidae","cavity nester","OUMNH",NA,"Kelly, Devon, England",50.6140691,-4.2571527,"Hylaeus communis",16.6652460547786,0.803757232129423,17.2966674219075,23.1573223902159
"IGproject0527","Hylaeus","communis","female",1981,8,2,"England","Devon","Chudleigh","",1.569,1.202,4.659,1.009,"Colletidae","cavity nester","OUMNH",NA,"Chudleigh, Devon, England",50.6156543,-3.5869448,"Hylaeus communis",14.4788462564005,1.20734264226067,15.755397922492,19.6855661287861
"IGproject0528","Hylaeus","communis","male",1973,7,9,"England","Devon","Meavy","",1.462,1.122,4.317,0.905,"Colletidae","cavity nester","OUMNH",NA,"Meavy, Devon, England",50.4796082,-4.0590464,"Hylaeus communis",13.2966545029406,2.49039095904608,14.8735505917213,18.8701192321545
"IGproject0529","Hylaeus","communis","female",1962,7,23,"England","Devon","Wembury","",1.6,1.244,4.802,1.042,"Colletidae","cavity nester","OUMNH",NA,"Wembury, Devon, England",50.3287157,-4.0840935,"Hylaeus communis",14.6624345944744,0.852593350428319,15.1651015199552,19.2703745879884
"IGproject0530","Hylaeus","communis","male",1940,6,19,"England","Dorset","Weymouth","",1.358,0.948,3.764,0.857,"Colletidae","cavity nester","OUMNH",NA,"Weymouth, Dorset, England",50.6096257,-2.4543424,"Hylaeus communis",14.7956759103821,0.931159071864864,15.8697193204069,20.3317266609689
"IGproject0531","Hylaeus","communis","female",1937,7,25,"England","Dorset","Bexington","",1.666,1.263,5.008,1.046,"Colletidae","cavity nester","OUMNH",NA,"Bexington, Dorset, England",50.6802203,-2.6614154,"Hylaeus communis",14.8034180841641,0.835281915980171,15.7298557114051,20.5224607323288
"IGproject0532","Hylaeus","communis","female",1939,8,13,"England","Dorset","Morden","",1.537,1.221,4.673,1.036,"Colletidae","cavity nester","OUMNH",NA,"Morden, Dorset, England",50.7627893,-2.1325452,"Hylaeus communis",15.1131050519445,0.958676997167665,16.1864864913785,20.9894606844804
"IGproject0533","Hylaeus","communis","female",1935,8,9,"England","Devon","Braunton","Braunton Burrows",1.629,1.264,4.89,1.075,"Colletidae","cavity nester","OUMNH",NA,"Braunton Burrows, Braunton, Devon, England",51.0930822,-4.2087025,"Hylaeus communis",15.4007253231128,1.54238789086238,17.1809959237598,21.7027842034361
"IGproject0534","Hylaeus","communis","female",1935,7,16,"England","Devon","Plymouth","Elfordleigh",1.614,1.285,4.789,1.053,"Colletidae","cavity nester","OUMNH",NA,"Elfordleigh, Plymouth, Devon, England",50.4069908,-4.0491626,"Hylaeus communis",15.7157444345544,1.64325008772494,17.584404582773,22.1503776736716
"IGproject0535","Hylaeus","communis","female",1938,8,12,"England","Dorset","Chamouth","Charmouth Cliffs",1.613,1.259,4.712,1.024,"Colletidae","cavity nester","OUMNH",NA,"Charmouth Cliffs, Chamouth, Dorset, England",50.7390555,-2.90104243,"Hylaeus communis",15.4935803919144,1.22198082412468,16.6423975728824,21.6960318706996
"IGproject0536","Hylaeus","communis","female",1935,7,16,"England","Devon","Plymouth","Elfordleigh",1.608,1.206,4.662,0.995,"Colletidae","cavity nester","OUMNH",NA,"Elfordleigh, Plymouth, Devon, England",50.4069908,-4.0491626,"Hylaeus communis",15.7157444345544,1.64325008772494,17.584404582773,22.1503776736716
"IGproject0537","Hylaeus","communis","female",1935,8,9,"England","Devon","Braunton","Braunton Burrows",1.635,1.268,4.88,1.052,"Colletidae","cavity nester","OUMNH",NA,"Braunton Burrows, Braunton, Devon, England",51.0930822,-4.2087025,"Hylaeus communis",15.4007253231128,1.54238789086238,17.1809959237598,21.7027842034361
"IGproject0538","Hylaeus","communis","female",1935,8,9,"England","Devon","Braunton","Braunton Burrows",1.729,1.371,5.059,1.147,"Colletidae","cavity nester","OUMNH",NA,"Braunton Burrows, Braunton, Devon, England",51.0930822,-4.2087025,"Hylaeus communis",15.4007253231128,1.54238789086238,17.1809959237598,21.7027842034361
"IGproject0539","Hylaeus","communis","female",1939,7,23,"England","Dorset","Weymouth","Two Mile Coppice",1.525,1.131,4.403,0.986,"Colletidae","cavity nester","OUMNH",NA,"Two Mile Coppice, Weymouth, Dorset, England",50.6386572,-2.4610685,"Hylaeus communis",14.669428188021,0.960025676329439,15.7381684443243,20.311132418799
"IGproject0540","Hylaeus","communis","female",1988,8,6,"England","Wiltshire","Swindon","",1.528,1.164,4.532,0.973,"Colletidae","cavity nester","OUMNH",NA,"Swindon, Wiltshire, England",51.6057801,-1.841922,"Hylaeus communis",15.0603565975095,1.56529947605715,15.9912936213783,20.7711497204183
"IGproject0541","Hylaeus","communis","female",1984,6,24,"England","Kent","Farningham","Farningham Woods",1.471,1.114,4.332,0.961,"Colletidae","cavity nester","OUMNH",NA,"Farningham Woods, Farningham, Kent, England",51.3916478,0.2121137,"Hylaeus communis",17.7050156811434,2.40633086833294,20.0135137923893,25.9406161781954
"IGproject0542","Hylaeus","communis","female",1984,8,14,"England","Greater London","London","Lesnes Abbey Woods",1.716,1.423,5.057,1.146,"Colletidae","cavity nester","OUMNH",NA,"Lesnes Abbey Woods, London, Greater London, England",51.4859646,0.1341078,"Hylaeus communis",18.0778019279828,2.46155614651631,20.4319231581352,26.3186481415829
"IGproject0543","Nomada","goodeniana","male",1900,4,24,"England","Essex","Theydon Bois","",2.593,1.568,8.153,2.22,"Apidae","kleptoparasite","OUMNH",NA,"Theydon Bois, Essex, England",51.6717759,0.1033213,"Nomada goodeniana",11.5420655674987,3.73411694368083,15.6852871817841,21.7281496788728
"IGproject0544","Nomada","goodeniana","male",1903,5,18,"Wales","Gwynedd","Criccieth","",2.673,1.673,8.172,2.262,"Apidae","kleptoparasite","OUMNH",NA,"Criccieth, Gwynedd, Wales",52.9206106,-4.2332414,"Nomada goodeniana",9.1335562710576,3.14939484821545,12.7034640483659,16.6106919695149
"IGproject0545","Nomada","goodeniana","male",1900,5,6,"England","Essex","Theydon Bois","",2.441,1.559,7.665,2.143,"Apidae","kleptoparasite","OUMNH",NA,"Theydon Bois, Essex, England",51.6717759,0.1033213,"Nomada goodeniana",11.5420655674987,3.73411694368083,15.6852871817841,21.7281496788728
"IGproject0546","Nomada","goodeniana","male",1903,7,20,"England","Dorset","Lyme Regis","",2.649,1.703,8.201,2.313,"Apidae","kleptoparasite","OUMNH",NA,"Lyme Regis, Dorset, England",50.7252897,-2.934559,"Nomada goodeniana",10.1642245684631,2.81510610784406,13.2660233832873,17.1215398865659
"IGproject0547","Nomada","goodeniana","male",1950,5,12,"England","Devon","Woodbury","",2.492,1.535,7.668,2.279,"Apidae","kleptoparasite","OUMNH",NA,"Woodbury, Devon, England",50.6759768,-3.4061001,"Nomada goodeniana",11.7420353154822,2.76651286563494,14.8750538513717,19.9276149195159
"IGproject0548","Nomada","goodeniana","female",1949,4,24,"England","Devon","Exeter","",3.108,2.085,9.593,2.786,"Apidae","kleptoparasite","OUMNH",NA,"Exeter, Devon, England",50.7256138,-3.5269209,"Nomada goodeniana",11.4156822051284,2.47034188916025,13.7377793645651,17.6331588097592
"IGproject0549","Nomada","goodeniana","female",1953,5,8,"England","Devon","Chudleigh","",2.77,1.68,8.42,2.376,"Apidae","kleptoparasite","OUMNH",NA,"Chudleigh, Devon, England",50.6156543,-3.5869448,"Nomada goodeniana",11.8487920894667,2.53635275468801,14.034652902631,18.8614482289866
"IGproject0550","Nomada","goodeniana","male",1950,5,13,"England","Devon","Dartmoor","Mardon Down",2.734,1.679,8.362,2.315,"Apidae","kleptoparasite","OUMNH",NA,"Mardon Down, Dartmoor, Devon, England",50.67620946,-3.744863051,"Nomada goodeniana",11.2538205244445,2.81500300309775,14.434430634925,19.5624476207321
"IGproject0551","Nomada","goodeniana","male",1900,5,16,"England","Essex","Theydon Bois","",3.053,2.198,9.636,2.666,"Apidae","kleptoparasite","OUMNH",NA,"Theydon Bois, Essex, England",51.6717759,0.1033213,"Nomada goodeniana",11.5420655674987,3.73411694368083,15.6852871817841,21.7281496788728
"IGproject0552","Nomada","goodeniana","male",1900,4,26,"England","East Sussex","Polegate","",2.664,1.73,8.214,2.253,"Apidae","kleptoparasite","OUMNH",NA,"Polegate, East Sussex, England",50.8276836,0.2446652,"Nomada goodeniana",11.0251831789198,3.6508031322745,15.0734287528818,20.2599193126607
"IGproject0553","Nomada","goodeniana","female",1903,5,18,"Wales","Gwynedd","Criccieth","",3.094,1.948,9.252,2.564,"Apidae","kleptoparasite","OUMNH",NA,"Criccieth, Gwynedd, Wales",52.9206106,-4.2332414,"Nomada goodeniana",9.1335562710576,3.14939484821545,12.7034640483659,16.6106919695149
"IGproject0554","Nomada","goodeniana","female",1898,5,22,"England","Surrey","Godstone","",3.206,2.12,9.706,2.772,"Apidae","kleptoparasite","OUMNH",NA,"Godstone, Surrey, England",51.221863,-0.0565382,"Nomada goodeniana",10.9537865505724,4.01591109963324,15.2971701137221,20.5497596984852
"IGproject0555","Nomada","goodeniana","male",1900,5,16,"England","Essex","Theydon Bois","",3.019,1.966,9.067,2.565,"Apidae","kleptoparasite","OUMNH",NA,"Theydon Bois, Essex, England",51.6717759,0.1033213,"Nomada goodeniana",11.5420655674987,3.73411694368083,15.6852871817841,21.7281496788728
"IGproject0556","Nomada","goodeniana","female",1961,4,5,"England","Bristol","Bristol","Westbury on Trym",3.075,2.069,9.262,2.76,"Apidae","kleptoparasite","OUMNH",NA,"Westbury on Trym, Bristol, Bristol, England",51.4936347,-2.6179454,"Nomada goodeniana",12.7354954632514,3.59223087979848,16.1624786959544,21.0697522951401
"IGproject0557","Nomada","goodeniana","male",1911,5,13,"England","Oxfordshire","Enslow","",2.946,1.94,9.09,2.377,"Apidae","kleptoparasite","OUMNH",NA,"Enslow, Oxfordshire, England",51.860764,-1.303454,"Nomada goodeniana",11.0912761291817,3.77951633431334,14.843764242865,19.7384066915324
"IGproject0558","Nomada","goodeniana","female",1912,5,20,"England","Oxfordshire","Wolvercote","",3.075,2.123,9.55,2.82,"Apidae","kleptoparasite","OUMNH",NA,"Wolvercote, Oxfordshire, England",51.7849516,-1.2862119,"Nomada goodeniana",11.6690427738409,3.73828320833741,14.7023581815379,20.0268781934447
"IGproject0559","Nomada","goodeniana","female",1922,8,17,"England","Oxfordshire","Tubney","",3.149,2.139,8.972,2.625,"Apidae","kleptoparasite","OUMNH",NA,"Tubney, Oxfordshire, England",51.6852443,-1.3699399,"Nomada goodeniana",11.4512138307257,3.27784950470614,14.7351498073919,21.123253257288
"IGproject0560","Nomada","goodeniana","male",1932,5,1,"England","Oxfordshire","Wolvercote","",2.8,1.818,9.078,2.385,"Apidae","kleptoparasite","OUMNH",NA,"Wolvercote, Oxfordshire, England",51.7849516,-1.2862119,"Nomada goodeniana",11.0578544699075,3.51357985301814,14.5695204826083,19.1428538043278
"IGproject0561","Nomada","goodeniana","male",1930,5,4,"England","Oxfordshire","Yarnton","",2.544,1.648,8.045,2.074,"Apidae","kleptoparasite","OUMNH",NA,"Yarnton, Oxfordshire, England",51.8046148,-1.308937,"Nomada goodeniana",10.1977031713716,3.36994132436193,13.0799173168652,18.3856412960089
"IGproject0562","Nomada","goodeniana","female",1926,5,21,"England","Oxfordshire","Yarnton","",2.905,1.957,9.046,2.686,"Apidae","kleptoparasite","OUMNH",NA,"Yarnton, Oxfordshire, England",51.8046148,-1.308937,"Nomada goodeniana",11.2889329762679,3.85192989755208,14.9793365000779,21.1433181306531
"IGproject0563","Nomada","goodeniana","male",1922,8,14,"England","Oxfordshire","Tubney","",2.904,1.779,8.473,2.471,"Apidae","kleptoparasite","OUMNH",NA,"Tubney, Oxfordshire, England",51.6852443,-1.3699399,"Nomada goodeniana",11.4512138307257,3.27784950470614,14.7351498073919,21.123253257288
"IGproject0564","Nomada","goodeniana","female",1926,4,18,"England","Oxfordshire","Tubney","",2.656,1.686,8.078,2.26,"Apidae","kleptoparasite","OUMNH",NA,"Tubney, Oxfordshire, England",51.6852443,-1.3699399,"Nomada goodeniana",11.1693940021514,3.88289979010513,14.9243861975203,21.2066091690068
"IGproject0565","Nomada","goodeniana","female",1927,5,25,"England","Oxfordshire","Yarnton","",2.856,1.927,9.057,2.686,"Apidae","kleptoparasite","OUMNH",NA,"Yarnton, Oxfordshire, England",51.8046148,-1.308937,"Nomada goodeniana",10.8361122434986,2.28888603032422,13.3933424034124,18.3773184251801
"IGproject0566","Nomada","goodeniana","female",1936,6,8,"England","Oxfordshire","Oxford","Wytham",3.064,2.21,9.647,2.829,"Apidae","kleptoparasite","OUMNH",NA,"Wytham, Oxford, Oxfordshire, England",51.7535169,-1.2131856,"Nomada goodeniana",10.8631019834352,3.68081519495191,14.9591300548985,19.7622956541429
"IGproject0567","Nomada","goodeniana","male",1930,5,4,"England","Oxfordshire","Yarnton","",3.017,2.067,9.268,2.383,"Apidae","kleptoparasite","OUMNH",NA,"Yarnton, Oxfordshire, England",51.8046148,-1.308937,"Nomada goodeniana",10.1977031713716,3.36994132436193,13.0799173168652,18.3856412960089
"IGproject0568","Nomada","goodeniana","female",1910,5,22,"England","Oxfordshire","Enslow","",2.908,2.047,8.965,2.584,"Apidae","kleptoparasite","OUMNH",NA,"Enslow, Oxfordshire, England",51.860764,-1.303454,"Nomada goodeniana",10.2502642490363,1.5375440720536,11.6145175700261,17.0372989424939
"IGproject0569","Nomada","goodeniana","female",1926,6,6,"England","Oxfordshire","Oxford","Waterperry Wood",2.776,1.909,8.539,2.513,"Apidae","kleptoparasite","OUMNH",NA,"Waterperry Wood, Oxford, Oxfordshire, England",51.77601288,-1.127008027,"Nomada goodeniana",11.2990845000061,3.84866466262667,14.9612922180515,21.2470883700654
"IGproject0570","Nomada","goodeniana","male",1930,4,NA,"England","Oxfordshire","Yarnton","",2.94,2.095,9.329,2.567,"Apidae","kleptoparasite","OUMNH",NA,"Yarnton, Oxfordshire, England",51.8046148,-1.308937,"Nomada goodeniana",10.1977031713716,3.36994132436193,13.0799173168652,18.3856412960089
"IGproject0571","Nomada","goodeniana","female",1926,4,18,"England","Oxfordshire","Tubney","",2.899,1.885,8.753,2.464,"Apidae","kleptoparasite","OUMNH",NA,"Tubney, Oxfordshire, England",51.6852443,-1.3699399,"Nomada goodeniana",11.1693940021514,3.88289979010513,14.9243861975203,21.2066091690068
"IGproject0572","Nomada","goodeniana","female",1983,6,22,"England","Oxfordshire","Ardley","",3.105,2.089,9.685,2.8,"Apidae","kleptoparasite","OUMNH",NA,"Ardley, Oxfordshire, England",51.9428336,-1.2117153,"Nomada goodeniana",11.6530512649847,3.74363449165302,15.6227655863427,20.3661786568477
"IGproject0573","Nomada","goodeniana","male",1997,5,13,"England","Kent","Westwood","",2.777,1.81,8.721,2.375,"Apidae","kleptoparasite","OUMNH",NA,"Westwood, Kent, England",51.3611657,1.3945309,"Nomada goodeniana",11.3146981848188,3.38422883779238,15.1911751829665,20.0302764047021
"IGproject0574","Nomada","goodeniana","female",1949,5,29,"England","Devon","Exeter","",2.999,1.915,8.594,2.603,"Apidae","kleptoparasite","OUMNH",NA,"Exeter, Devon, England",50.7256138,-3.5269209,"Nomada goodeniana",11.4156822051284,2.47034188916025,13.7377793645651,17.6331588097592
"IGproject0575","Nomada","goodeniana","male",1929,5,19,"England","Cambridgeshire","Wicken","",2.731,1.767,8.544,2.444,"Apidae","kleptoparasite","OUMNH",NA,"Wicken, Cambridgeshire, England",52.3126328,0.2994755,"Nomada goodeniana",10.6025469905159,2.6416555534726,13.3510552846288,18.6735937371216
"IGproject0576","Nomada","goodeniana","male",1918,4,27,"England","Devon","Paignton","",2.505,1.609,7.672,2.194,"Apidae","kleptoparasite","OUMNH",NA,"Paignton, Devon, England",50.4377018,-3.5632704,"Nomada goodeniana",11.1935926202778,4.11375755337829,14.6830037211274,18.6624175575405
"IGproject0577","Nomada","goodeniana","male",1918,4,NA,"England","Oxfordshire","Oxford","",2.839,2.063,8.945,2.549,"Apidae","kleptoparasite","OUMNH",NA,"Oxford, Oxfordshire, England",51.7520131,-1.2578499,"Nomada goodeniana",11.3205021745639,5.33842376714042,15.4667513625837,21.1894427987712
"IGproject0578","Nomada","goodeniana","male",1914,4,4,"England","Devon","Dawlish Warren","",2.567,1.731,8.044,2.193,"Apidae","kleptoparasite","OUMNH",NA,"Dawlish Warren, Devon, England",50.5986475,-3.4437159,"Nomada goodeniana",11.0894789325865,2.74628085347602,13.5959798029965,18.1373935044842
"IGproject0579","Nomada","goodeniana","male",1930,7,17,"England","Devon","Sidmouth","",2.665,1.906,7.941,2.235,"Apidae","kleptoparasite","OUMNH",NA,"Sidmouth, Devon, England",50.6790033,-3.237657,"Nomada goodeniana",10.4037027959628,3.04027254789155,13.142829938021,17.70837911421
"IGproject0580","Nomada","goodeniana","male",1918,4,27,"England","Devon","Paignton","",2.464,1.553,7.69,2.123,"Apidae","kleptoparasite","OUMNH",NA,"Paignton, Devon, England",50.4377018,-3.5632704,"Nomada goodeniana",11.1935926202778,4.11375755337829,14.6830037211274,18.6624175575405
"IGproject0581","Colletes","succintus","female",1927,8,15,"England","Dorset","Warmwell","Warmwell Heath",3.268,2.661,8.2,2.117,"Colletidae","excavator","OUMNH",NA,"Warmwell Heath, Warmwell, Dorset, England",50.68094,-2.35113,"Colletes succintus",16.1528144405536,0.68949906965484,16.6758592600117,21.1010745364445
"IGproject0582","Colletes","succintus","male",1928,8,31,"England","Cornwall","The Lizard","",2.967,2.009,7.219,1.813,"Colletidae","excavator","OUMNH",NA,"The Lizard, Cornwall, England",50.02964889,-5.195961501,"Colletes succintus",14.5739208869591,1.47541729209371,15.5068762454868,18.4608116440176
"IGproject0583","Colletes","succintus","male",1961,8,6,"Wales","Gwynedd","Criccieth","",3.106,2.516,7.483,1.942,"Colletidae","excavator","OUMNH",NA,"Criccieth, Gwynedd, Wales",52.9206106,-4.2332414,"Colletes succintus",13.2910789602501,0.837793363543457,13.8780246133386,17.0628111569719
"IGproject0584","Colletes","succintus","male",1989,6,16,"England","Cornwall","","Holywell Beach",2.836,1.849,5.866,1.651,"Colletidae","excavator","OUMNH",NA,"Holywell Beach, Cornwall, England",50.3935678,-5.1460548,"Colletes succintus",14.2350137753882,0.628709139245644,14.8910239507636,18.33988898338
"IGproject0585","Colletes","succintus","male",1934,8,17,"England","Dorset","Swanage","South Haven Point",2.848,1.923,6.356,1.809,"Colletidae","excavator","OUMNH",NA,"South Haven Point, Swanage, Dorset, England",50.6787269,-1.94390688,"Colletes succintus",17.0021709099534,1.26580880204911,17.7831293117563,23.0774450350817
"IGproject0586","Colletes","succintus","male",1971,8,20,"England","Devon","South Brent","Shipley Bridge",3.197,2.564,7.62,1.997,"Colletidae","excavator","OUMNH",NA,"Shipley Bridge, South Brent, Devon, England",50.4508303,-3.8593753,"Colletes succintus",14.5353925903815,0.614581662074349,15.1402328659981,18.8726870874166
"IGproject0587","Colletes","succintus","female",1975,7,30,"England","Devon","Throwleigh","Shilstone Tor",3.491,2.804,8.744,2.288,"Colletidae","excavator","OUMNH",NA,"Shilstone Tor, Throwleigh, Devon, England",50.69539973,-3.900621165,"Colletes succintus",12.8463446520173,1.72577340544008,13.84585260538,17.7159114579542
"IGproject0588","Colletes","succintus","female",1972,9,20,"England","Devon","Belstone","",3.625,3.038,8.971,2.363,"Colletidae","excavator","OUMNH",NA,"Belstone, Devon, England",50.7251852,-3.9570494,"Colletes succintus",15.0031312894708,1.03974809430253,16.0470216546213,20.7699616171178
"IGproject0589","Colletes","succintus","male",1934,8,17,"England","Dorset","Swanage","South Haven Point",3.393,2.556,7.866,2.062,"Colletidae","excavator","OUMNH",NA,"South Haven Point, Swanage, Dorset, England",50.6787269,-1.94390688,"Colletes succintus",17.0021709099534,1.26580880204911,17.7831293117563,23.0774450350817
"IGproject0590","Colletes","succintus","female",1934,9,8,"England","Dorset","Swanage","South Haven Point",3.236,2.526,7.77,2.16,"Colletidae","excavator","OUMNH",NA,"South Haven Point, Swanage, Dorset, England",50.6787269,-1.94390688,"Colletes succintus",17.0021709099534,1.26580880204911,17.7831293117563,23.0774450350817
"IGproject0591","Colletes","succintus","male",1907,8,28,"England","Dorset","Bournemouth","",3.139,2.401,7.593,2.023,"Colletidae","excavator","OUMNH",NA,"Bournemouth, Dorset, England",50.8346583,-2.1412149,"Colletes succintus",15.6068766111916,1.18742191419428,16.7247725091882,21.5767159576385
"IGproject0592","Colletes","succintus","female",1914,8,10,"England","Devon","Bovey Tracey","",3.368,2.76,8.734,2.249,"Colletidae","excavator","OUMNH",NA,"Bovey Tracey, Devon, England",50.6046632,-3.6856762,"Colletes succintus",15.1435689024915,0.971664248577717,16.0739633026653,20.599456955669
"IGproject0593","Colletes","succintus","female",1919,8,NA,"England","Devon","Dartmoor","",3.492,2.814,8.67,2.29,"Colletidae","excavator","OUMNH",NA,"Dartmoor, Devon, England",50.5657349,-3.9009713,"Colletes succintus",13.828923705093,1.84631602653357,15.0281599648966,18.8495160654296
"IGproject0594","Colletes","succintus","female",1917,8,9,"England","Cumbria","Port Carlisle","",3.508,2.898,8.802,2.484,"Colletidae","excavator","OUMNH",NA,"Port Carlisle, Cumbria, England",54.94599961,-3.183912362,"Colletes succintus",14.0763070863327,1.58917147633406,15.3344405558114,20.0208156683043
"IGproject0595","Colletes","succintus","male",1917,8,9,"England","Cumbria","Port Carlisle","",3.072,2.272,7.274,2.023,"Colletidae","excavator","OUMNH",NA,"Port Carlisle, Cumbria, England",54.94599961,-3.183912362,"Colletes succintus",14.0763070863327,1.58917147633406,15.3344405558114,20.0208156683043
"IGproject0596","Colletes","succintus","male",1900,7,31,"England","Surrey","Oxshott","",2.892,2.143,6.829,1.746,"Colletidae","excavator","OUMNH",NA,"Oxshott, Surrey, England",51.3361004,-0.3625418,"Colletes succintus",17.3494917575821,2.5165355830648,18.9244034452944,25.034221835601
"IGproject0597","Colletes","succintus","female",1934,9,8,"England","Dorset","Swanage","South Haven Point",3.178,2.541,7.77,2.119,"Colletidae","excavator","OUMNH",NA,"South Haven Point, Swanage, Dorset, England",50.6787269,-1.94390688,"Colletes succintus",17.0021709099534,1.26580880204911,17.7831293117563,23.0774450350817
"IGproject0598","Colletes","succintus","female",1914,8,10,"England","Devon","Bovey Tracey","",3.134,2.394,7.784,2.084,"Colletidae","excavator","OUMNH",NA,"Bovey Tracey, Devon, England",50.6046632,-3.6856762,"Colletes succintus",15.1435689024915,0.971664248577717,16.0739633026653,20.599456955669
"IGproject0599","Colletes","succintus","female",1939,8,15,"England","Devon","Meavy","",3.315,2.576,8.234,2.263,"Colletidae","excavator","OUMNH",NA,"Meavy, Devon, England",50.4796082,-4.0590464,"Colletes succintus",14.1388200720139,1.02524076184469,15.2786864752135,19.0418881111312
"IGproject0600","Colletes","succintus","female",1968,9,2,"England","Devon","Mary Tavy","",3.412,2.729,8.275,2.318,"Colletidae","excavator","OUMNH",NA,"Mary Tavy, Devon, England",50.5995789,-4.1107209,"Colletes succintus",14.1696363620029,1.11533657194841,15.0142252225826,18.913371646568
"IGproject0601","Colletes","succintus","male",1937,8,2,"England","Dorset","Swanage","South Haven Point",3.095,2.345,7.06,1.966,"Colletidae","excavator","OUMNH",NA,"South Haven Point, Swanage, Dorset, England",50.6787269,-1.94390688,"Colletes succintus",15.4773132252258,0.831906366630461,16.386208044994,21.3778833600708
"IGproject0602","Colletes","succintus","male",1937,8,2,"England","Dorset","Swanage","South Haven Point",3.117,2.36,7.359,1.964,"Colletidae","excavator","OUMNH",NA,"South Haven Point, Swanage, Dorset, England",50.6787269,-1.94390688,"Colletes succintus",15.4773132252258,0.831906366630461,16.386208044994,21.3778833600708
"IGproject0603","Colletes","succintus","male",1981,8,11,"England","Devon","Dartmoor","Burrator Reservoir",2.954,2.337,6.644,1.806,"Colletidae","excavator","OUMNH",NA,"Burrator Reservoir, Dartmoor, Devon, England",50.49923423,-4.040083663,"Colletes succintus",14.1119314437611,0.710621685765192,14.9147948537453,18.4097326195533
"IGproject0604","Colletes","succintus","male",1935,8,31,"England","Dorset","Swanage","South Haven Point",2.925,1.996,6.767,1.823,"Colletidae","excavator","OUMNH",NA,"South Haven Point, Swanage, Dorset, England",50.6787269,-1.94390688,"Colletes succintus",16.3306221881056,1.86621585419843,18.4461012930156,23.6608029695128
"IGproject0605","Colletes","succintus","male",1933,7,24,"England","Dorset","Swanage","South Haven Point",3.051,2.218,7.201,1.918,"Colletidae","excavator","OUMNH",NA,"South Haven Point, Swanage, Dorset, England",50.6787269,-1.94390688,"Colletes succintus",15.8134375330333,1.74830781864938,17.5601410009418,22.202590324789
"IGproject0606","Colletes","succintus","female",1936,8,31,"England","Dorset","Warmwell","Warmwell Heath",3.186,2.554,8.083,2.139,"Colletidae","excavator","OUMNH",NA,"Warmwell Heath, Warmwell, Dorset, England",50.68094,-2.35113,"Colletes succintus",15.8657101876371,1.52710537188816,17.2564634389282,22.2454563567842
"IGproject0607","Colletes","succintus","male",1928,8,31,"England","Cornwall","The Lizard","",3.122,2.429,7.4,1.939,"Colletidae","excavator","OUMNH",NA,"The Lizard, Cornwall, England",50.02964889,-5.195961501,"Colletes succintus",14.5739208869591,1.47541729209371,15.5068762454868,18.4608116440176
"IGproject0608","Colletes","succintus","female",1988,7,20,"Wales","Pembrokeshire","Stackpole","",3.407,2.337,7.018,2.102,"Colletidae","excavator","OUMNH",NA,"Stackpole, Pembrokeshire, Wales",51.6304465,-4.9147282,"Colletes succintus",14.4151288692373,0.871270574633934,14.9872771735776,18.677514331837
"IGproject0609","Colletes","succintus","female",1926,8,NA,"England","Dorset","Warmwell","Warmwell Heath",3.133,2.453,7.786,2.085,"Colletidae","excavator","OUMNH",NA,"Warmwell Heath, Warmwell, Dorset, England",50.68094,-2.35113,"Colletes succintus",14.5862005231617,2.10419597906676,16.2094103806911,20.9136150719617
"IGproject0610","Colletes","succintus","male",1962,8,20,"England","Norfolk","Thetford","Ringmere",3.025,2.4,7.312,1.945,"Colletidae","excavator","OUMNH",NA,"Ringmere, Thetford, Norfolk, England",52.4563431,0.8082252,"Colletes succintus",15.3880009625276,0.255384486570269,15.6794868386211,21.0295384488974
"IGproject0611","Colletes","succintus","male",1979,8,28,"England","Devon","Lydford","",3.163,2.48,7.38,1.925,"Colletidae","excavator","OUMNH",NA,"Lydford, Devon, England",50.6459989,-4.0827936,"Colletes succintus",13.4816264813096,0.553138356212877,14.0707693377536,17.9002170544965
"IGproject0612","Colletes","succintus","male",1935,7,27,"England","Dorset","Swanage","South Haven Point",2.901,2.159,6.905,1.847,"Colletidae","excavator","OUMNH",NA,"South Haven Point, Swanage, Dorset, England",50.6787269,-1.94390688,"Colletes succintus",16.3306221881056,1.86621585419843,18.4461012930156,23.6608029695128
"IGproject0613","Colletes","succintus","male",1927,8,17,"England","Dorset","Moreton","",3.09,2.324,6.997,1.879,"Colletidae","excavator","OUMNH",NA,"Moreton, Dorset, England",50.7006001,-2.2916836,"Colletes succintus",16.2012355355476,0.70039875095419,16.7316359969308,21.1541012106234
"IGproject0614","Colletes","succintus","male",1927,8,17,"England","Dorset","Moreton","",2.951,2.172,6.691,1.738,"Colletidae","excavator","OUMNH",NA,"Moreton, Dorset, England",50.7006001,-2.2916836,"Colletes succintus",16.2012355355476,0.70039875095419,16.7316359969308,21.1541012106234
"IGproject0615","Colletes","succintus","female",1920,7,NA,"England","Devon","Chudleigh","",3.467,2.803,9.111,2.446,"Colletidae","excavator","OUMNH",NA,"Chudleigh, Devon, England",50.6156543,-3.5869448,"Colletes succintus",14.9965307877859,1.73711169546568,16.8244419259368,21.640113016339
"IGproject0616","Colletes","succintus","female",1973,9,17,"Wales","Pembrokeshire","St David's","St David's Head",3.587,2.927,9.119,2.479,"Colletidae","excavator","OUMNH",NA,"St David's Head, St David's, Pembrokeshire, Wales",51.9030217,-5.3127212,"Colletes succintus",13.5988862856565,1.26335146906795,14.6145923027029,18.0891694818318
"IGproject0617","Colletes","succintus","male",1953,8,10,"England","Devon","Dawlish Warren","",2.94,2.13,6.946,1.826,"Colletidae","excavator","OUMNH",NA,"Dawlish Warren, Devon, England",50.5986475,-3.4437159,"Colletes succintus",14.786366068357,2.72863733143522,16.6896230480539,21.2022405029474
"IGproject0618","Colletes","succintus","male",1977,8,13,"England","Suffolk","Lakenheath","",2.954,2.228,6.674,1.77,"Colletidae","excavator","OUMNH",NA,"Lakenheath, Suffolk, England",52.4175635,0.5180418,"Colletes succintus",16.4628187402958,2.38769114971309,18.47486764283,25.2444134755181
"IGproject0619","Colletes","succintus","male",1953,8,10,"England","Devon","Dawlish Warren","",3.002,2.129,7.072,1.913,"Colletidae","excavator","OUMNH",NA,"Dawlish Warren, Devon, England",50.5986475,-3.4437159,"Colletes succintus",14.786366068357,2.72863733143522,16.6896230480539,21.2022405029474
"IGproject0620","Colletes","succintus","female",1917,9,22,"England","Oxfordshire","Tubney","",3.337,2.548,8.145,2.197,"Colletidae","excavator","OUMNH",NA,"Tubney, Oxfordshire, England",51.6852443,-1.3699399,"Colletes succintus",14.8471320931639,1.8954798762568,16.5856221768892,21.7022067902987
"IGproject0621","Colletes","succintus","male",1945,9,7,"England","Devon","Lydford","",3.038,2.378,7.246,1.908,"Colletidae","excavator","OUMNH",NA,"Lydford, Devon, England",50.6459989,-4.0827936,"Colletes succintus",14.2603681117786,2.08313462020938,16.0774896602054,20.3557720172707
"IGproject0622","Colletes","succintus","female",1927,8,NA,"England","Devon","Bovey Tracey","",3.411,2.797,8.436,2.168,"Colletidae","excavator","OUMNH",NA,"Bovey Tracey, Devon, England",50.6046632,-3.6856762,"Colletes succintus",16.2822058500498,0.768284466415798,16.8724080759199,20.9751103374606
"IGproject0623","Colletes","succintus","male",2001,7,26,"England","Oxfordshire","Oxford","Shotover",2.839,2.004,6.693,1.769,"Colletidae","excavator","OUMNH",NA,"Shotover, Oxford, Oxfordshire, England",51.7561128,-1.1551229,"Colletes succintus",15.8703586236911,1.08468395985582,17.0782792093923,22.3690369766815
"IGproject0624","Colletes","succintus","male",2007,9,6,"England","Surrey","Frensham","",2.988,2.131,7.044,1.853,"Colletidae","excavator","OUMNH",NA,"Frensham, Surrey, England",51.1598756,-0.7774027,"Colletes succintus",17.9922816938251,1.84231490572836,20.1102124210985,26.5869310892587
"IGproject0625","Colletes","succintus","male",1989,7,11,"England","Cornwall","Crackington Haven","",2.957,2.118,6.724,1.837,"Colletidae","excavator","OUMNH",NA,"Crackington Haven, Cornwall, England",50.7403071,-4.6319668,"Colletes succintus",13.64380102731,0.618431198833191,14.2826311697052,17.8613071887931
"IGproject0626","Colletes","succintus","female",2006,8,17,"England","Surrey","","Witley and Milford Commons",3.377,2.306,8.284,2.244,"Colletidae","excavator","OUMNH",NA,"Witley and Milford Commons, Surrey, England",51.15672477,-0.667927939,"Colletes succintus",16.3670755194975,0.908404666399416,17.2370931853514,22.4899589245185
"IGproject0627","Colletes","succintus","male",1906,8,13,"England","Suffolk","","Tuddenham Fen",3.026,2.195,7.028,1.846,"Colletidae","excavator","OUMNH",NA,"Tuddenham Fen, Suffolk, England",52.33137083,0.542032024,"Colletes succintus",15.5364559547477,2.56655653978379,18.1660335219929,23.8025850888133
"IGproject0628","Hylaeus","hyalinatus","female",1937,7,25,"England","Dorset","Bexington","",1.706,1.286,4.642,1.137,"Colletidae","cavity nester","OUMNH",NA,"Bexington, Dorset, England",50.6802203,-2.6614154,"Hylaeus hyalinatus",14.8034180841641,0.835281915980171,15.7298557114051,20.5224607323288
"IGproject0629","Hylaeus","hyalinatus","female",1939,5,21,"England","Dorset","Swanage","South Haven Point",1.487,1.108,4.072,0.965,"Colletidae","cavity nester","OUMNH",NA,"South Haven Point, Swanage, Dorset, England",50.6787269,-1.94390688,"Hylaeus hyalinatus",15.4794455346303,1.01418013589831,16.6168119325781,21.34797353269
"IGproject0630","Hylaeus","hyalinatus","female",1941,8,10,"England","Dorset","Weymouth","Radipole Lake",1.659,1.29,4.42,1.076,"Colletidae","cavity nester","OUMNH",NA,"Radipole Lake, Weymouth, Dorset, England",50.6222916,-2.4616947,"Hylaeus hyalinatus",15.3530059575518,0.660214207069063,15.8693534731193,21.228934080998
"IGproject0631","Hylaeus","hyalinatus","female",1937,8,2,"England","Dorset","Swanage","South Haven Point",1.518,1.176,4.196,1.013,"Colletidae","cavity nester","OUMNH",NA,"South Haven Point, Swanage, Dorset, England",50.6787269,-1.94390688,"Hylaeus hyalinatus",15.4738689248577,0.836410059616091,16.386208044994,21.3778833600708
"IGproject0632","Hylaeus","hyalinatus","male",1939,7,19,"England","Cornwall","Looe","West Looe",1.513,1.109,3.926,0.957,"Colletidae","cavity nester","OUMNH",NA,"West Looe, Looe, Cornwall, England",50.3531094,-4.4583049,"Hylaeus hyalinatus",14.465860227217,1.17378886592857,15.7337733190102,19.3493824321895
"IGproject0633","Hylaeus","hyalinatus","male",1934,6,13,"England","Dorset","Swanage","South Haven Point",1.511,1.147,3.914,0.94,"Colletidae","cavity nester","OUMNH",NA,"South Haven Point, Swanage, Dorset, England",50.6787269,-1.94390688,"Hylaeus hyalinatus",17.0612551097983,1.16356141471681,17.7831293117563,23.0774450350817
"IGproject0634","Hylaeus","hyalinatus","female",1946,7,9,"England","Devon","Plymouth","",1.732,1.384,4.786,1.153,"Colletidae","cavity nester","OUMNH",NA,"Plymouth, Devon, England",50.4323453,-3.7065512,"Hylaeus hyalinatus",14.9071144133571,1.10368376721896,15.697010877953,19.858394074029
"IGproject0635","Hylaeus","hyalinatus","female",1939,7,30,"England","Cornwall","St Blazey","",1.694,1.277,4.606,1.103,"Colletidae","cavity nester","OUMNH",NA,"St Blazey, Cornwall, England",50.3630055,-4.7156518,"Hylaeus hyalinatus",14.5733220083915,1.12115482990135,15.7969130049422,19.231301836239
"IGproject0636","Hylaeus","hyalinatus","male",1984,8,7,"England","Greater London","Woolwich","Spray Street",1.427,0.993,3.648,0.898,"Colletidae","cavity nester","OUMNH",NA,"Spray Street, Woolwich, Greater London, England",51.4904779,0.0697472,"Hylaeus hyalinatus",18.1986160898163,2.49182313906267,20.5834464571732,26.4429785208813
"IGproject0637","Hylaeus","hyalinatus","male",1937,7,25,"England","Dorset","Abbotsbury","Abbotsbury Hillfort",1.625,1.237,4.164,1.072,"Colletidae","cavity nester","OUMNH",NA,"Abbotsbury Hillfort, Abbotsbury, Dorset, England",50.67704479,-2.629853948,"Hylaeus hyalinatus",14.7737395295386,0.827691797514323,15.6911357139716,20.5000752349902
"IGproject0638","Hylaeus","hyalinatus","male",1964,7,10,"England","Cornwall","Tintagel","",1.644,1.286,4.389,1.034,"Colletidae","cavity nester","OUMNH",NA,"Tintagel, Cornwall, England",50.6642063,-4.7526181,"Hylaeus hyalinatus",13.8877958499171,0.224320754649581,14.0209406119064,17.4161162325311
"IGproject0639","Hylaeus","hyalinatus","male",1971,6,22,"England","Devon","Wembury","",1.419,0.958,3.649,0.896,"Colletidae","cavity nester","OUMNH",NA,"Wembury, Devon, England",50.3287157,-4.0840935,"Hylaeus hyalinatus",14.9993724962642,0.402918732720765,15.294986014991,19.3798562978295
"IGproject0640","Hylaeus","hyalinatus","female",1959,7,5,"England","Somerset","Minehead","",1.709,1.322,4.76,1.116,"Colletidae","cavity nester","OUMNH",NA,"Minehead, Somerset, England",51.2057511,-3.4783542,"Hylaeus hyalinatus",14.3987189237547,1.18797832796291,15.1638396153238,18.4755724364659
"IGproject0641","Hylaeus","hyalinatus","female",1939,7,9,"England","Cornwall","Rame","",1.533,1.169,4.152,1.012,"Colletidae","cavity nester","OUMNH",NA,"Rame, Cornwall, England",50.3223827,-4.2122729,"Hylaeus hyalinatus",14.3605319119533,1.14249964254281,15.5977957824684,19.3432179078279
"IGproject0642","Hylaeus","hyalinatus","female",1939,7,9,"England","Cornwall","Rame","",1.594,1.201,4.404,1.045,"Colletidae","cavity nester","OUMNH",NA,"Rame, Cornwall, England",50.3223827,-4.2122729,"Hylaeus hyalinatus",14.3605319119533,1.14249964254281,15.5977957824684,19.3432179078279
"IGproject0643","Hylaeus","hyalinatus","male",1939,5,27,"England","Cornwall","Rame","",1.491,1.067,3.868,0.963,"Colletidae","cavity nester","OUMNH",NA,"Rame, Cornwall, England",50.3223827,-4.2122729,"Hylaeus hyalinatus",14.3605319119533,1.14249964254281,15.5977957824684,19.3432179078279
"IGproject0644","Hylaeus","hyalinatus","male",1939,7,19,"England","Cornwall","Looe","",1.582,1.139,3.997,1.008,"Colletidae","cavity nester","OUMNH",NA,"Looe, Cornwall, England",50.3522702,-4.454196,"Hylaeus hyalinatus",14.4653810286069,1.17355814830755,15.7330195864543,19.3515868863748
"IGproject0645","Hylaeus","hyalinatus","male",1904,6,24,"England","Kent","Walmer","",1.515,1.154,4.019,1.004,"Colletidae","cavity nester","OUMNH",NA,"Walmer, Kent, England",51.2068884,1.3999154,"Hylaeus hyalinatus",14.6501608857757,1.62776676268879,15.8940285485088,20.7311397389211
"IGproject0646","Hylaeus","hyalinatus","male",1904,6,24,"England","Kent","Walmer","",1.616,1.218,4.125,1.01,"Colletidae","cavity nester","OUMNH",NA,"Walmer, Kent, England",51.2068884,1.3999154,"Hylaeus hyalinatus",14.6501608857757,1.62776676268879,15.8940285485088,20.7311397389211
"IGproject0647","Hylaeus","hyalinatus","male",1900,7,3,"England","Oxfordshire","Oxford","",1.587,1.148,4.258,1.013,"Colletidae","cavity nester","OUMNH",NA,"Oxford, Oxfordshire, England",51.7520131,-1.2578499,"Hylaeus hyalinatus",16.9626889641283,1.50773665414444,17.9663721054654,24.6921813968923
"IGproject0648","Hylaeus","hyalinatus","male",1904,6,11,"England","Kent","Charing","",1.542,1.188,4.726,1.06,"Colletidae","cavity nester","OUMNH",NA,"Charing, Kent, England",51.2142039,0.7886033,"Hylaeus hyalinatus",14.6506629028626,1.60503138248687,15.9406355409332,20.9184180043376
"IGproject0649","Hylaeus","hyalinatus","female",1906,7,29,"England","Sussex","Pevensey","",1.654,1.285,4.304,1.064,"Colletidae","cavity nester","OUMNH",NA,"Pevensey, Sussex, England",50.8318123,0.3415459,"Hylaeus hyalinatus",15.7576014970839,1.31602524799691,17.2196757359975,21.8726309327658
"IGproject0650","Hylaeus","hyalinatus","female",1906,7,29,"England","Sussex","Pevensey","",1.613,1.238,4.062,1.008,"Colletidae","cavity nester","OUMNH",NA,"Pevensey, Sussex, England",50.8318123,0.3415459,"Hylaeus hyalinatus",15.7576014970839,1.31602524799691,17.2196757359975,21.8726309327658
"IGproject0651","Hylaeus","hyalinatus","female",1901,7,27,"England","Kent","Faversham","",1.612,1.26,4.357,1.066,"Colletidae","cavity nester","OUMNH",NA,"Faversham, Kent, England",51.3158434,0.8911283,"Hylaeus hyalinatus",16.4484426831843,1.92813582390625,18.5346306316243,24.2384620276186
"IGproject0652","Hylaeus","hyalinatus","female",1900,8,13,"England","Kent","Faversham","Huntingfield",1.667,1.31,4.428,1.137,"Colletidae","cavity nester","OUMNH",NA,"Huntingfield, Faversham, Kent, England",51.25792226,0.822018012,"Hylaeus hyalinatus",17.0968349877737,1.92800200931468,18.4383407529445,23.7293926086591
"IGproject0653","Hylaeus","hyalinatus","female",1906,8,14,"England","Wiltshire","Chippenham","",1.825,1.287,5.538,1.218,"Colletidae","cavity nester","OUMNH",NA,"Chippenham, Wiltshire, England",51.4587621,-2.1159032,"Hylaeus hyalinatus",15.4214853844381,1.66946613378877,17.3489871984223,22.5725279500953
"IGproject0654","Hylaeus","hyalinatus","male",1905,7,27,"England","Dorset","Lyme Regis","",1.661,1.258,4.02,1.042,"Colletidae","cavity nester","OUMNH",NA,"Lyme Regis, Dorset, England",50.7252897,-2.934559,"Hylaeus hyalinatus",15.1568190997891,1.70310785499216,16.8189131056436,21.4640346214003
"IGproject0655","Hylaeus","hyalinatus","male",1904,7,9,"England","Kent","Walmer","",1.531,1.1,3.918,1.012,"Colletidae","cavity nester","OUMNH",NA,"Walmer, Kent, England",51.2068884,1.3999154,"Hylaeus hyalinatus",14.6501608857757,1.62776676268879,15.8940285485088,20.7311397389211
"IGproject0656","Hylaeus","hyalinatus","male",1904,7,9,"England","Kent","Walmer","",1.516,1.036,3.76,0.924,"Colletidae","cavity nester","OUMNH",NA,"Walmer, Kent, England",51.2068884,1.3999154,"Hylaeus hyalinatus",14.6501608857757,1.62776676268879,15.8940285485088,20.7311397389211
"IGproject0657","Hylaeus","hyalinatus","male",1910,6,18,"England","Devon","Budleigh Salterton","",1.574,1.205,4.198,0.983,"Colletidae","cavity nester","OUMNH",NA,"Budleigh Salterton, Devon, England",50.6310504,-3.3299844,"Hylaeus hyalinatus",14.826906573726,1.94060195935236,16.486900260089,21.5880594831602
"IGproject0658","Hylaeus","hyalinatus","male",1910,6,19,"England","Devon","Budleigh Salterton","",1.642,1.217,4.342,1.055,"Colletidae","cavity nester","OUMNH",NA,"Budleigh Salterton, Devon, England",50.6310504,-3.3299844,"Hylaeus hyalinatus",14.826906573726,1.94060195935236,16.486900260089,21.5880594831602
"IGproject0659","Hylaeus","hyalinatus","male",1910,6,3,"England","Devon","Budleigh Salterton","",1.609,1.218,4.326,1.026,"Colletidae","cavity nester","OUMNH",NA,"Budleigh Salterton, Devon, England",50.6310504,-3.3299844,"Hylaeus hyalinatus",14.826906573726,1.94060195935236,16.486900260089,21.5880594831602
"IGproject0660","Hylaeus","hyalinatus","male",1910,6,3,"England","Devon","Budleigh Salterton","",1.49,1.117,4.014,0.957,"Colletidae","cavity nester","OUMNH",NA,"Budleigh Salterton, Devon, England",50.6310504,-3.3299844,"Hylaeus hyalinatus",14.826906573726,1.94060195935236,16.486900260089,21.5880594831602
"IGproject0661","Hylaeus","hyalinatus","male",1910,6,12,"England","Devon","Budleigh Salterton","",1.609,1.153,4.198,1.061,"Colletidae","cavity nester","OUMNH",NA,"Budleigh Salterton, Devon, England",50.6310504,-3.3299844,"Hylaeus hyalinatus",14.826906573726,1.94060195935236,16.486900260089,21.5880594831602
"IGproject0662","Hylaeus","hyalinatus","female",1908,8,12,"England","East Sussex","Polegate","",1.712,1.292,4.578,1.125,"Colletidae","cavity nester","OUMNH",NA,"Polegate, East Sussex, England",50.8276836,0.2446652,"Hylaeus hyalinatus",13.7860134205063,1.11064173422412,14.8435942068352,19.2474112122025
"IGproject0663","Hylaeus","hyalinatus","male",1910,6,14,"England","Devon","Budleigh Salterton","",1.724,1.269,4.622,1.124,"Colletidae","cavity nester","OUMNH",NA,"Budleigh Salterton, Devon, England",50.6310504,-3.3299844,"Hylaeus hyalinatus",14.826906573726,1.94060195935236,16.486900260089,21.5880594831602
"IGproject0664","Hylaeus","hyalinatus","male",1954,6,14,"England","Devon","Torquay","123 Abbey Road",1.604,1.198,4.246,1.003,"Colletidae","cavity nester","OUMNH",NA,"123 Abbey Road, Torquay, Devon, England",50.465228,-3.5279,"Hylaeus hyalinatus",15.5143304523526,1.00283020376227,16.2542219239282,20.6278159361877
"IGproject0665","Hylaeus","hyalinatus","male",1908,6,14,"England","Greater Manchester","Sale","",1.473,1.042,3.916,0.92,"Colletidae","cavity nester","OUMNH",NA,"Sale, Greater Manchester, England",53.4244939,-2.318415,"Hylaeus hyalinatus",13.0821450040542,1.05464323480801,13.7498645792818,17.825860991362
"IGproject0666","Hylaeus","hyalinatus","female",1910,6,12,"England","Devon","Budleigh Salterton","",1.54,1.165,4.344,0.984,"Colletidae","cavity nester","OUMNH",NA,"Budleigh Salterton, Devon, England",50.6310504,-3.3299844,"Hylaeus hyalinatus",14.826906573726,1.94060195935236,16.486900260089,21.5880594831602
"IGproject0667","Hylaeus","hyalinatus","female",1906,8,20,"England","Merseyside","Wallasey","",1.639,1.239,4.516,1.056,"Colletidae","cavity nester","OUMNH",NA,"Wallasey, Merseyside, England",53.42722649,-3.067881383,"Hylaeus hyalinatus",15.3589832835349,1.0736832226603,16.5982947111217,20.446591972554
"IGproject0668","Sphecodes","geoffrellus","male",1976,NA,NA,"England","Oxfordshire","Oxford","30 Cope Close",1.443,0.976,3.816,0.927,"Halictidae","kleptoparasite","OUMNH",NA,"30 Cope Close, Oxford, Oxfordshire, England",51.74787238,-1.298262636,"Sphecodes geoffrellus",13.8030693706009,4.65665110391714,18.7558146191642,24.6624041246884
"IGproject0669","Sphecodes","geoffrellus","female",1989,7,3,"England","Wiltshire","Wroughton","Clouts Wood",1.755,1.121,4.638,1.215,"Halictidae","kleptoparasite","OUMNH",NA,"Clouts Wood, Wroughton, Wiltshire, England",51.51489206,-1.804044057,"Sphecodes geoffrellus",12.6647562953006,2.94538855951223,14.9877571997088,19.6889810168837
"IGproject0670","Sphecodes","geoffrellus","female",1919,5,NA,"England","Surrey","Woking","",1.517,1.021,4.033,1,"Halictidae","kleptoparasite","OUMNH",NA,"Woking, Surrey, England",51.3201891,-0.5564726,"Sphecodes geoffrellus",13.153660611176,3.86684736583874,16.3202522350923,21.4760692614458
"IGproject0671","Sphecodes","geoffrellus","female",1907,6,9,"England","Merseyside","Wallasey","",1.495,0.97,4.074,0.987,"Halictidae","kleptoparasite","OUMNH",NA,"Wallasey, Merseyside, England",53.42722649,-3.067881383,"Sphecodes geoffrellus",12.8435535205244,3.87043960456067,16.6977957290536,20.4343381424266
"IGproject0672","Sphecodes","geoffrellus","female",1915,5,9,"England","Devon","Bovey Tracey","",1.881,1.243,4.832,1.274,"Halictidae","kleptoparasite","OUMNH",NA,"Bovey Tracey, Devon, England",50.6046632,-3.6856762,"Sphecodes geoffrellus",13.2624411797429,2.72903392256803,15.7984903641635,19.9076442675878
"IGproject0673","Sphecodes","geoffrellus","male",1952,8,2,"England","Northamptonshire","Aynho","",1.602,1.095,4.259,0.986,"Halictidae","kleptoparasite","OUMNH",NA,"Aynho, Northamptonshire, England",51.9948605,-1.2520728,"Sphecodes geoffrellus",11.9069294618388,3.93023417030962,15.9461289280075,21.4111839247411
"IGproject0674","Sphecodes","geoffrellus","male",1948,8,6,"England","Oxfordshire","Oxford","Hinksey",1.436,0.908,3.958,0.922,"Halictidae","kleptoparasite","OUMNH",NA,"Hinksey, Oxford, Oxfordshire, England",51.7363525,-1.2575581,"Sphecodes geoffrellus",14.6156040120181,4.0230563361938,18.7963233787449,25.7049225303313
"IGproject0675","Sphecodes","geoffrellus","female",1921,9,NA,"England","Devon","Dartmoor","",1.566,0.986,4.283,1.023,"Halictidae","kleptoparasite","OUMNH",NA,"Dartmoor, Devon, England",50.5657349,-3.9009713,"Sphecodes geoffrellus",11.645550604255,2.31513421393957,13.3203959262676,17.3614717006244
"IGproject0676","Sphecodes","geoffrellus","female",1925,6,7,"England","Cornwall","Trethevy","Rocky Valley",1.671,1.092,4.655,1.092,"Halictidae","kleptoparasite","OUMNH",NA,"Rocky Valley, Trethevy, Cornwall, England",50.6732613,-4.7293504,"Sphecodes geoffrellus",11.7173546404499,2.94512857649899,14.156859849663,16.9967707927134
"IGproject0677","Sphecodes","geoffrellus","male",1898,7,NA,"Wales","Gwynedd","Criccieth","",1.544,1.038,4.221,0.963,"Halictidae","kleptoparasite","OUMNH",NA,"Criccieth, Gwynedd, Wales",52.9206106,-4.2332414,"Sphecodes geoffrellus",11.6674252303997,3.81798729809335,14.8613244449756,18.905247948327
"IGproject0678","Sphecodes","geoffrellus","male",1898,7,NA,"Wales","Gwynedd","Criccieth","",1.555,1.069,4.12,0.999,"Halictidae","kleptoparasite","OUMNH",NA,"Criccieth, Gwynedd, Wales",52.9206106,-4.2332414,"Sphecodes geoffrellus",11.6674252303997,3.81798729809335,14.8613244449756,18.905247948327
"IGproject0679","Sphecodes","geoffrellus","female",1919,5,NA,"England","Surrey","Woking","",1.645,1.092,4.404,1.157,"Halictidae","kleptoparasite","OUMNH",NA,"Woking, Surrey, England",51.3201891,-0.5564726,"Sphecodes geoffrellus",13.153660611176,3.86684736583874,16.3202522350923,21.4760692614458
"IGproject0680","Sphecodes","geoffrellus","female",1915,5,20,"England","Gloucestershire","Wotton-under-Edge","",1.73,1.123,4.784,1.158,"Halictidae","kleptoparasite","OUMNH",NA,"Wotton-under-Edge, Gloucestershire, England",51.6378241,-2.3547251,"Sphecodes geoffrellus",13.5763396077748,2.86365913350559,16.155865420898,20.9978352296252
"IGproject0681","Sphecodes","geoffrellus","female",1914,5,19,"England","Devon","Bovey Tracey","",1.282,0.817,3.354,0.851,"Halictidae","kleptoparasite","OUMNH",NA,"Bovey Tracey, Devon, England",50.6046632,-3.6856762,"Sphecodes geoffrellus",12.7039585604305,3.32349037932675,16.0739633026653,20.599456955669
"IGproject0682","Sphecodes","geoffrellus","female",1920,8,10,"Scotland","Argyll and Bute","","Loch Sween",1.73,1.127,4.919,1.155,"Halictidae","kleptoparasite","OUMNH",NA,"Loch Sween, Argyll and Bute, Scotland",55.9835849,-5.6317791,"Sphecodes geoffrellus",10.4049495271191,2.67059822030471,12.270836368501,16.458847284864
"IGproject0683","Sphecodes","geoffrellus","female",1919,5,NA,"England","Surrey","Woking","",1.605,1.019,4.24,0.749,"Halictidae","kleptoparasite","OUMNH",NA,"Woking, Surrey, England",51.3201891,-0.5564726,"Sphecodes geoffrellus",13.153660611176,3.86684736583874,16.3202522350923,21.4760692614458
"IGproject0684","Sphecodes","geoffrellus","female",1915,7,14,"England","Devon","Bovey Tracey","",1.63,1.077,4.371,1.069,"Halictidae","kleptoparasite","OUMNH",NA,"Bovey Tracey, Devon, England",50.6046632,-3.6856762,"Sphecodes geoffrellus",13.2624411797429,2.72903392256803,15.7984903641635,19.9076442675878
"IGproject0685","Sphecodes","geoffrellus","female",1917,6,NA,"England","Devon","Bovey Tracey","",1.652,1.109,4.527,1.089,"Halictidae","kleptoparasite","OUMNH",NA,"Bovey Tracey, Devon, England",50.6046632,-3.6856762,"Sphecodes geoffrellus",12.4902526730055,3.3179151477957,16.4106953149593,20.7594912747299
"IGproject0686","Sphecodes","geoffrellus","female",1915,5,24,"England","Devon","Lustleigh","",1.697,1.076,4.572,1.166,"Halictidae","kleptoparasite","OUMNH",NA,"Lustleigh, Devon, England",50.6228301,-3.7304463,"Sphecodes geoffrellus",13.0775749716229,2.72384595982943,15.6305627164039,19.725704562823
"IGproject0687","Sphecodes","geoffrellus","female",1900,5,15,"England","Essex","Theydon Bois","",1.513,0.983,4.079,1.022,"Halictidae","kleptoparasite","OUMNH",NA,"Theydon Bois, Essex, England",51.6717759,0.1033213,"Sphecodes geoffrellus",14.3845777475158,4.70392752343459,18.7518150543173,24.883772941836
"IGproject0688","Sphecodes","geoffrellus","female",1912,9,NA,"England","Devon","Bovey Tracey","",1.564,0.989,4.204,1.046,"Halictidae","kleptoparasite","OUMNH",NA,"Bovey Tracey, Devon, England",50.6046632,-3.6856762,"Sphecodes geoffrellus",13.9442505607527,4.36654466642638,17.8257103425755,23.2711769048485
"IGproject0689","Sphecodes","geoffrellus","female",1911,5,17,"England","Devon","Newton Abbot","",1.633,1.026,4.377,1.092,"Halictidae","kleptoparasite","OUMNH",NA,"Newton Abbot, Devon, England",50.5296441,-3.6112097,"Sphecodes geoffrellus",12.5978199582023,3.19626272453321,15.4489092237117,19.0536739946742
"IGproject0690","Sphecodes","geoffrellus","female",1911,8,NA,"England","Devon","Dawlish Warren","",1.707,1.165,4.685,1.114,"Halictidae","kleptoparasite","OUMNH",NA,"Dawlish Warren, Devon, England",50.5986475,-3.4437159,"Sphecodes geoffrellus",12.6373730681499,3.21323599939104,15.4692040417634,19.1767729130675
"IGproject0691","Sphecodes","geoffrellus","female",1919,6,3,"England","Devon","Chudleigh","",1.641,1.086,4.539,1.126,"Halictidae","kleptoparasite","OUMNH",NA,"Chudleigh, Devon, England",50.6156543,-3.5869448,"Sphecodes geoffrellus",13.1062577785974,3.35917502368227,16.0191861883267,20.2058024712083
"IGproject0692","Sphecodes","geoffrellus","male",1914,8,NA,"England","Gloucestershire","Wotton-under-Edge","",1.564,1.103,4.23,1.009,"Halictidae","kleptoparasite","OUMNH",NA,"Wotton-under-Edge, Gloucestershire, England",51.6378241,-2.3547251,"Sphecodes geoffrellus",13.018384266225,3.22054574386124,15.757763890925,20.6930014776936
"IGproject0693","Sphecodes","geoffrellus","female",1901,7,NA,"England","Cornwall","Newquay","",1.586,1.041,4.303,1.041,"Halictidae","kleptoparasite","OUMNH",NA,"Newquay, Cornwall, England",50.4134414,-5.0848836,"Sphecodes geoffrellus",12.9317435537197,3.27279123772263,16.3166671385488,20.0533931728464
"IGproject0694","Sphecodes","geoffrellus","female",1900,8,NA,"Wales","Gwynedd","Criccieth","",1.474,0.979,4.038,0.982,"Halictidae","kleptoparasite","OUMNH",NA,"Criccieth, Gwynedd, Wales",52.9206106,-4.2332414,"Sphecodes geoffrellus",12.2321622563414,4.03759438764423,16.4925869961121,20.9296529151234
"IGproject0695","Sphecodes","geoffrellus","female",1898,7,NA,"Wales","Gwynedd","Criccieth","",1.574,1.063,4.233,1.035,"Halictidae","kleptoparasite","OUMNH",NA,"Criccieth, Gwynedd, Wales",52.9206106,-4.2332414,"Sphecodes geoffrellus",11.6674252303997,3.81798729809335,14.8613244449756,18.905247948327
"IGproject0696","Sphecodes","geoffrellus","female",1898,7,NA,"Wales","Gwynedd","Criccieth","",1.573,1.14,4.358,1.068,"Halictidae","kleptoparasite","OUMNH",NA,"Criccieth, Gwynedd, Wales",52.9206106,-4.2332414,"Sphecodes geoffrellus",11.6674252303997,3.81798729809335,14.8613244449756,18.905247948327
"IGproject0697","Sphecodes","geoffrellus","male",1897,7,19,"England","Berkshire","Reading","Sulhamstead Park",1.47,1.002,3.775,0.928,"Halictidae","kleptoparasite","OUMNH",NA,"Sulhamstead Park, Reading, Berkshire, England",51.41681285,-1.09530783,"Sphecodes geoffrellus",13.6285264738727,3.25435370967965,16.8152283631874,22.858915645173
"IGproject0698","Sphecodes","geoffrellus","female",1912,14,NA,"England","Devon","Dawlish Warren","",1.381,0.833,3.663,0.927,"Halictidae","kleptoparasite","OUMNH",NA,"Dawlish Warren, Devon, England",50.5986475,-3.4437159,"Sphecodes geoffrellus",14.3009957483142,4.4046862771379,18.2219247073052,23.7591337549471
"IGproject0699","Sphecodes","geoffrellus","male",1976,NA,NA,"England","Oxfordshire","Oxford","30 Cope Close",1.462,1.043,3.777,0.919,"Halictidae","kleptoparasite","OUMNH",NA,"30 Cope Close, Oxford, Oxfordshire, England",51.74787238,-1.298262636,"Sphecodes geoffrellus",13.8030693706009,4.65665110391714,18.7558146191642,24.6624041246884
"IGproject0700","Sphecodes","geoffrellus","male",1991,10,4,"England","Wiltshire","Swindon","",1.397,1.003,3.966,0.915,"Halictidae","kleptoparasite","OUMNH",NA,"Swindon, Wiltshire, England",51.6057801,-1.841922,"Sphecodes geoffrellus",13.9749435903342,4.17263854607072,18.3293515465818,23.9799648955834
"IGproject0701","Sphecodes","geoffrellus","female",2002,6,2,"England","Oxfordshire","Oxford","Shotover",1.398,0.839,3.663,0.948,"Halictidae","kleptoparasite","OUMNH",NA,"Shotover, Oxford, Oxfordshire, England",51.7561128,-1.1551229,"Sphecodes geoffrellus",13.9554191267688,3.94931182107269,17.5669400326839,22.8684311382265
"IGproject0702","Sphecodes","geoffrellus","female",1990,6,10,"England","Devon","Bovey Tracey","Bovey Heathfield",1.524,0.958,4.078,1.085,"Halictidae","kleptoparasite","OUMNH",NA,"Bovey Heathfield, Bovey Tracey, Devon, England",50.5778633,-3.6644648,"Sphecodes geoffrellus",13.8929454747242,4.58324842208219,18.4347473330242,23.5066908598234
"IGproject0703","Sphecodes","geoffrellus","female",1978,6,19,"England","Oxfordshire","Abingdon","Dry Sandford Pit",1.466,0.938,4.043,0.994,"Halictidae","kleptoparasite","OUMNH",NA,"Dry Sandford Pit, Abingdon, Oxfordshire, England",51.69478825,-1.32635399,"Sphecodes geoffrellus",11.9785480217738,3.63063347311662,15.763028329546,20.7001837650183
"IGproject0704","Sphecodes","geoffrellus","male",1919,7,NA,"England","Dorset","Lyme Regis","",1.732,1.209,4.551,1.071,"Halictidae","kleptoparasite","OUMNH",NA,"Lyme Regis, Dorset, England",50.7252897,-2.934559,"Sphecodes geoffrellus",13.0063413294578,3.39561467111399,15.8479668708884,20.1110187456048
"IGproject0705","Sphecodes","geoffrellus","male",1914,8,NA,"England","Gloucestershire","Wotton-under-Edge","",1.791,1.221,4.677,1.152,"Halictidae","kleptoparasite","OUMNH",NA,"Wotton-under-Edge, Gloucestershire, England",51.6378241,-2.3547251,"Sphecodes geoffrellus",13.018384266225,3.22054574386124,15.757763890925,20.6930014776936
"IGproject0706","Sphecodes","geoffrellus","male",1913,7,13,"England","Devon","Dawlish Warren","",1.595,1.171,4.206,1.053,"Halictidae","kleptoparasite","OUMNH",NA,"Dawlish Warren, Devon, England",50.5986475,-3.4437159,"Sphecodes geoffrellus",12.8632653391459,2.38336611173933,16.1506469771029,19.8232161821698
"IGproject0707","Sphecodes","geoffrellus","male",1914,8,12,"England","Devon","Dawlish Warren","",1.482,1.009,4.041,0.965,"Halictidae","kleptoparasite","OUMNH",NA,"Dawlish Warren, Devon, England",50.5986475,-3.4437159,"Sphecodes geoffrellus",13.0383067072418,3.31274568233487,16.3668544612497,20.9846278989094
"IGproject0708","Sphecodes","geoffrellus","male",1913,8,4,"England","Devon","Bovey Tracey","",1.552,1.129,4.258,1.011,"Halictidae","kleptoparasite","OUMNH",NA,"Bovey Tracey, Devon, England",50.6046632,-3.6856762,"Sphecodes geoffrellus",12.5141747637976,2.35849649154368,15.8049515085339,19.4183761744954
"IGproject0709","Sphecodes","geoffrellus","male",1913,7,24,"England","Devon","Bovey Tracey","",1.505,1.024,4.112,0.964,"Halictidae","kleptoparasite","OUMNH",NA,"Bovey Tracey, Devon, England",50.6046632,-3.6856762,"Sphecodes geoffrellus",12.5141747637976,2.35849649154368,15.8049515085339,19.4183761744954
"IGproject0710","Sphecodes","geoffrellus","male",1913,8,2,"England","Devon","Bovey Tracey","",1.575,1.109,4.395,0.99,"Halictidae","kleptoparasite","OUMNH",NA,"Bovey Tracey, Devon, England",50.6046632,-3.6856762,"Sphecodes geoffrellus",12.5141747637976,2.35849649154368,15.8049515085339,19.4183761744954
"IGproject0711","Sphecodes","geoffrellus","male",1904,5,15,"England","Greater London","London","Wimbledon",1.504,1.052,4.061,1.002,"Halictidae","kleptoparasite","OUMNH",NA,"Wimbledon, London, Greater London, England",51.4214787,-0.2064027,"Sphecodes geoffrellus",12.5476023146538,3.71968975088392,16.1345533171426,20.948508790115
"IGproject0712","Sphecodes","geoffrellus","male",1920,7,24,"England","Devon","Trusham","",1.41,0.936,3.818,0.883,"Halictidae","kleptoparasite","OUMNH",NA,"Trusham, Devon, England",50.6260489,-3.6285152,"Sphecodes geoffrellus",13.0256981275485,3.4480888338881,16.6641341487907,21.445085740133
"IGproject0713","Sphecodes","geoffrellus","male",1919,7,23,"England","Dorset","Lyme Regis","",1.564,1.143,4.328,1.005,"Halictidae","kleptoparasite","OUMNH",NA,"Lyme Regis, Dorset, England",50.7252897,-2.934559,"Sphecodes geoffrellus",13.0063413294578,3.39561467111399,15.8479668708884,20.1110187456048
"IGproject0714","Sphecodes","geoffrellus","female",1915,5,25,"England","Devon","Brixham","",1.625,1.095,4.496,1.102,"Halictidae","kleptoparasite","OUMNH",NA,"Brixham, Devon, England",50.3952404,-3.514544,"Sphecodes geoffrellus",13.7631079881502,2.73980897477307,16.2761229620172,20.1038644598181
"IGproject0715","Sphecodes","geoffrellus","male",1914,7,3,"England","Devon","Dawlish Warren","",1.54,1.059,4.075,0.984,"Halictidae","kleptoparasite","OUMNH",NA,"Dawlish Warren, Devon, England",50.5986475,-3.4437159,"Sphecodes geoffrellus",13.0383067072418,3.31274568233487,16.3668544612497,20.9846278989094
"IGproject0716","Sphecodes","geoffrellus","male",1907,7,NA,"England","Hampshire","","New Forest",1.545,1.059,4.156,0.965,"Halictidae","kleptoparasite","OUMNH",NA,"New Forest, Hampshire, England",50.8557268,-1.5956844,"Sphecodes geoffrellus",13.2994630730594,3.95257702742385,17.31530859614,22.2923361187544
"IGproject0717","Sphecodes","geoffrellus","female",1907,7,NA,"England","Hampshire","","New Forest",1.523,0.942,4.039,1.06,"Halictidae","kleptoparasite","OUMNH",NA,"New Forest, Hampshire, England",50.8557268,-1.5956844,"Sphecodes geoffrellus",13.2994630730594,3.95257702742385,17.31530859614,22.2923361187544
"IGproject0718","Sphecodes","geoffrellus","male",1913,7,24,"England","Devon","Bovey Tracey","",1.546,1.075,4.049,1.009,"Halictidae","kleptoparasite","OUMNH",NA,"Bovey Tracey, Devon, England",50.6046632,-3.6856762,"Sphecodes geoffrellus",12.5141747637976,2.35849649154368,15.8049515085339,19.4183761744954
"IGproject0719","Sphecodes","geoffrellus","male",1913,7,10,"England","Devon","Dawlish Warren","",1.372,0.868,3.699,0.891,"Halictidae","kleptoparasite","OUMNH",NA,"Dawlish Warren, Devon, England",50.5986475,-3.4437159,"Sphecodes geoffrellus",12.8632653391459,2.38336611173933,16.1506469771029,19.8232161821698
"IGproject0720","Sphecodes","geoffrellus","male",1913,7,24,"England","Devon","Bovey Tracey","",1.495,1.057,4.083,1.015,"Halictidae","kleptoparasite","OUMNH",NA,"Bovey Tracey, Devon, England",50.6046632,-3.6856762,"Sphecodes geoffrellus",12.5141747637976,2.35849649154368,15.8049515085339,19.4183761744954
"IGproject0721","Sphecodes","geoffrellus","female",1914,7,24,"England","Devon","Bovey Tracey","",1.717,1.176,4.5,1.152,"Halictidae","kleptoparasite","OUMNH",NA,"Bovey Tracey, Devon, England",50.6046632,-3.6856762,"Sphecodes geoffrellus",12.7039585604305,3.32349037932675,16.0739633026653,20.599456955669
"IGproject0722","Lasioglossum","fulvicorne","male",1927,9,NA,"England","Gloucestershire","Wotton-under-Edge","",1.688,1.191,5.193,1.215,"Halictidae","excavator","OUMNH",NA,"Wotton-under-Edge, Gloucestershire, England",51.6378241,-2.3547251,"Lasioglossum fulvicorne",13.2292144740872,3.59821914621071,16.9102947334068,21.3040390854233
"IGproject0723","Lasioglossum","fulvicorne","male",1907,9,NA,"England","Gloucestershire","Wotton-under-Edge","Alderley",1.714,1.238,5.2,1.242,"Halictidae","excavator","OUMNH",NA,"Alderley, Wotton-under-Edge, Gloucestershire, England",51.615194,-2.332701286,"Lasioglossum fulvicorne",12.8157949757934,4.04496076586776,16.9701227351268,22.1309534742476
"IGproject0724","Lasioglossum","fulvicorne","male",1907,9,NA,"England","Gloucestershire","Wotton-under-Edge","Alderley",1.719,1.23,5.047,1.21,"Halictidae","excavator","OUMNH",NA,"Alderley, Wotton-under-Edge, Gloucestershire, England",51.615194,-2.332701286,"Lasioglossum fulvicorne",12.8157949757934,4.04496076586776,16.9701227351268,22.1309534742476
"IGproject0725","Lasioglossum","fulvicorne","male",1920,8,NA,"England","Staffordshire","Peak Distict","Dovedale",1.846,1.342,5.511,1.325,"Halictidae","excavator","OUMNH",NA,"Dovedale, Peak Distict, Staffordshire, England",53.06663409,-1.783354532,"Lasioglossum fulvicorne",11.5211955853669,3.22679024258156,14.1577124157715,18.6072743314976
"IGproject0726","Lasioglossum","fulvicorne","male",1914,8,NA,"England","Gloucestershire","Wotton-under-Edge","",1.891,1.336,5.565,1.289,"Halictidae","excavator","OUMNH",NA,"Wotton-under-Edge, Gloucestershire, England",51.6378241,-2.3547251,"Lasioglossum fulvicorne",13.018384266225,3.22054574386124,15.757763890925,20.6930014776936
"IGproject0727","Lasioglossum","fulvicorne","male",1977,9,13,"England","Oxfordshire","Hook Norton","",1.743,1.245,5.233,1.235,"Halictidae","excavator","OUMNH",NA,"Hook Norton, Oxfordshire, England",51.9939848,-1.4822644,"Lasioglossum fulvicorne",14.2183397099947,4.6124475170216,18.205540960078,24.8290018492997
"IGproject0728","Lasioglossum","fulvicorne","male",1977,9,13,"England","Oxfordshire","Hook Norton","",1.742,1.245,5.255,1.263,"Halictidae","excavator","OUMNH",NA,"Hook Norton, Oxfordshire, England",51.9939848,-1.4822644,"Lasioglossum fulvicorne",14.2183397099947,4.6124475170216,18.205540960078,24.8290018492997
"IGproject0729","Lasioglossum","fulvicorne","male",1904,8,24,"England","Surrey","Reigate","",1.698,1.201,5.317,1.262,"Halictidae","excavator","OUMNH",NA,"Reigate, Surrey, England",51.2376557,-0.2057067,"Lasioglossum fulvicorne",12.2863687100361,3.68269971683091,15.8093200668993,20.7921699934039
"IGproject0730","Lasioglossum","fulvicorne","male",1904,8,24,"England","Surrey","Reigate","",1.709,1.154,5.046,1.157,"Halictidae","excavator","OUMNH",NA,"Reigate, Surrey, England",51.2376557,-0.2057067,"Lasioglossum fulvicorne",12.2863687100361,3.68269971683091,15.8093200668993,20.7921699934039
"IGproject0731","Lasioglossum","fulvicorne","male",1927,9,NA,"England","Gloucestershire","Wotton-under-Edge","",1.761,1.267,5.473,1.292,"Halictidae","excavator","OUMNH",NA,"Wotton-under-Edge, Gloucestershire, England",51.6378241,-2.3547251,"Lasioglossum fulvicorne",13.2292144740872,3.59821914621071,16.9102947334068,21.3040390854233
"IGproject0732","Lasioglossum","fulvicorne","male",1977,9,13,"England","Oxfordshire","Hook Norton","",1.635,1.124,4.766,1.187,"Halictidae","excavator","OUMNH",NA,"Hook Norton, Oxfordshire, England",51.9939848,-1.4822644,"Lasioglossum fulvicorne",14.2183397099947,4.6124475170216,18.205540960078,24.8290018492997
"IGproject0733","Lasioglossum","fulvicorne","male",1977,9,13,"England","Oxfordshire","Hook Norton","",1.751,1.239,5.205,1.254,"Halictidae","excavator","OUMNH",NA,"Hook Norton, Oxfordshire, England",51.9939848,-1.4822644,"Lasioglossum fulvicorne",14.2183397099947,4.6124475170216,18.205540960078,24.8290018492997
"IGproject0734","Lasioglossum","fulvicorne","male",1948,8,9,"England","Oxfordshire","Cumnor","",1.706,1.257,5.012,1.22,"Halictidae","excavator","OUMNH",NA,"Cumnor, Oxfordshire, England",51.7349255,-1.3331621,"Lasioglossum fulvicorne",14.5958570758027,4.03122815051065,18.8093379161013,25.6501712722632
"IGproject0735","Lasioglossum","fulvicorne","male",1914,9,NA,"England","Gloucestershire","Wotton-under-Edge","",1.768,1.316,5.421,1.246,"Halictidae","excavator","OUMNH",NA,"Wotton-under-Edge, Gloucestershire, England",51.6378241,-2.3547251,"Lasioglossum fulvicorne",13.018384266225,3.22054574386124,15.757763890925,20.6930014776936
"IGproject0736","Lasioglossum","fulvicorne","male",1948,8,9,"England","Oxfordshire","Cumnor","",1.733,1.274,5.319,1.301,"Halictidae","excavator","OUMNH",NA,"Cumnor, Oxfordshire, England",51.7349255,-1.3331621,"Lasioglossum fulvicorne",14.5958570758027,4.03122815051065,18.8093379161013,25.6501712722632
"IGproject0737","Lasioglossum","fulvicorne","female",1900,8,10,"England","Kent","Faversham","Huntingfield",1.784,1.299,5.334,1.452,"Halictidae","excavator","OUMNH",NA,"Huntingfield, Faversham, Kent, England",51.25792226,0.822018012,"Lasioglossum fulvicorne",13.9202271189625,4.62137827705518,18.4383407529445,23.7293926086591
"IGproject0738","Lasioglossum","fulvicorne","male",1998,8,18,"England","Somerset","Draycott","",1.852,1.265,5.309,1.287,"Halictidae","excavator","OUMNH",NA,"Draycott, Somerset, England",51.2556653,-2.7509388,"Lasioglossum fulvicorne",14.2849311616335,3.77475998869623,18.8797171846928,23.0526794229344
"IGproject0739","Lasioglossum","fulvicorne","female",1896,NA,NA,"England","Kent","Doddington","",1.763,1.2,5.305,1.39,"Halictidae","excavator","OUMNH",NA,"Doddington, Kent, England",51.2792113,0.7717749,"Lasioglossum fulvicorne",13.2041073310827,3.5422988080267,16.1901284980694,20.7987941780545
"IGproject0740","Lasioglossum","fulvicorne","female",1896,NA,NA,"England","Kent","Doddington","",1.931,1.392,5.662,1.463,"Halictidae","excavator","OUMNH",NA,"Doddington, Kent, England",51.2792113,0.7717749,"Lasioglossum fulvicorne",13.2041073310827,3.5422988080267,16.1901284980694,20.7987941780545
"IGproject0741","Lasioglossum","fulvicorne","male",1991,8,31,"England","Wiltshire","Wroughton","Clouts Wood",1.735,1.258,5.107,1.308,"Halictidae","excavator","OUMNH",NA,"Clouts Wood, Wroughton, Wiltshire, England",51.51489206,-1.804044057,"Lasioglossum fulvicorne",13.8571020026911,4.14078577648315,18.1808275107687,23.9192422469357
"IGproject0742","Lasioglossum","fulvicorne","female",1896,NA,NA,"England","Kent","Doddington","",1.758,1.288,5.258,1.421,"Halictidae","excavator","OUMNH",NA,"Doddington, Kent, England",51.2792113,0.7717749,"Lasioglossum fulvicorne",13.2041073310827,3.5422988080267,16.1901284980694,20.7987941780545
"IGproject0743","Lasioglossum","fulvicorne","female",1900,8,11,"England","Kent","Faversham","Huntingfield",1.649,1.161,4.843,1.331,"Halictidae","excavator","OUMNH",NA,"Huntingfield, Faversham, Kent, England",51.25792226,0.822018012,"Lasioglossum fulvicorne",13.9202271189625,4.62137827705518,18.4383407529445,23.7293926086591
"IGproject0744","Lasioglossum","fulvicorne","male",1933,7,25,"England","Warwickshie","Harbury","",1.909,1.364,5.708,1.369,"Halictidae","excavator","OUMNH",NA,"Harbury, Warwickshie, England",52.23694424,-1.457095592,"Lasioglossum fulvicorne",12.5918687433828,4.45657654461959,17.2376790616538,22.2234691287237
"IGproject0745","Lasioglossum","fulvicorne","female",1893,5,7,"England","Greater London","London","Purley",1.829,1.338,5.327,1.43,"Halictidae","excavator","OUMNH",NA,"Purley, London, Greater London, England",51.3388112,-0.1158589,"Lasioglossum fulvicorne",12.6302688412972,3.22889284191066,15.8496573614609,20.7071234989729
"IGproject0746","Lasioglossum","fulvicorne","female",1896,NA,NA,"England","Kent","Doddington","",1.706,1.226,5.126,1.342,"Halictidae","excavator","OUMNH",NA,"Doddington, Kent, England",51.2792113,0.7717749,"Lasioglossum fulvicorne",13.2041073310827,3.5422988080267,16.1901284980694,20.7987941780545
"IGproject0747","Lasioglossum","fulvicorne","female",1896,NA,NA,"England","Kent","Doddington","",1.651,1.161,4.78,1.294,"Halictidae","excavator","OUMNH",NA,"Doddington, Kent, England",51.2792113,0.7717749,"Lasioglossum fulvicorne",13.2041073310827,3.5422988080267,16.1901284980694,20.7987941780545
"IGproject0748","Lasioglossum","fulvicorne","female",1899,NA,NA,"England","Kent","Faversham","Huntingfield",1.707,1.135,5.051,1.358,"Halictidae","excavator","OUMNH",NA,"Huntingfield, Faversham, Kent, England",51.25792226,0.822018012,"Lasioglossum fulvicorne",13.1675265005648,3.53757735652158,17.066300331027,21.9857227750083
"IGproject0749","Lasioglossum","fulvicorne","female",1897,NA,NA,"England","Kent","Doddington","",1.924,1.425,5.663,1.515,"Halictidae","excavator","OUMNH",NA,"Doddington, Kent, England",51.2792113,0.7717749,"Lasioglossum fulvicorne",13.5282308953983,3.66847259030079,17.1065960564636,22.5110426215342
"IGproject0750","Lasioglossum","fulvicorne","female",1896,NA,NA,"England","Kent","Doddington","",1.881,1.429,5.403,1.422,"Halictidae","excavator","OUMNH",NA,"Doddington, Kent, England",51.2792113,0.7717749,"Lasioglossum fulvicorne",13.2041073310827,3.5422988080267,16.1901284980694,20.7987941780545
"IGproject0751","Lasioglossum","fulvicorne","female",1894,NA,NA,"England","Kent","Doddington","",1.732,1.207,4.993,1.388,"Halictidae","excavator","OUMNH",NA,"Doddington, Kent, England",51.2792113,0.7717749,"Lasioglossum fulvicorne",14.345468500201,3.2720280918381,17.7101024156299,23.050732618354
"IGproject0752","Lasioglossum","fulvicorne","female",1896,NA,NA,"England","Kent","Doddington","",1.819,1.318,5.446,1.4,"Halictidae","excavator","OUMNH",NA,"Doddington, Kent, England",51.2792113,0.7717749,"Lasioglossum fulvicorne",13.2041073310827,3.5422988080267,16.1901284980694,20.7987941780545
"IGproject0753","Anthidium","manicatum","female",1966,6,28,"Wales","Gwynedd","Ynys Llanddwyn","",4.026,3.511,9.181,2.862,"Megachilidae","cavity nester","OUMNH",NA,"Ynys Llanddwyn, Gwynedd, Wales",53.14000714,-4.409892831,"Anthidium manicatum",12.3571310632592,0.696628723416453,13.1536735518597,16.0987386176997
"IGproject0754","Anthidium","manicatum","male",1977,NA,NA,"England","Oxfordshire","Oxford","30 Cope Close",4.643,3.948,12.059,3.829,"Megachilidae","cavity nester","OUMNH",NA,"30 Cope Close, Oxford, Oxfordshire, England",51.74787238,-1.298262636,"Anthidium manicatum",17.8988538759613,0.746780212165594,18.7604973490387,25.3743942247108
"IGproject0755","Anthidium","manicatum","male",1976,NA,NA,"England","Oxfordshire","Oxford","30 Cope Close",4.503,3.836,11.256,3.721,"Megachilidae","cavity nester","OUMNH",NA,"30 Cope Close, Oxford, Oxfordshire, England",51.74787238,-1.298262636,"Anthidium manicatum",16.9963397242423,2.14808737928331,18.7558146191642,24.6624041246884
"IGproject0756","Anthidium","manicatum","male",1976,NA,NA,"England","Oxfordshire","Oxford","30 Cope Close",4.257,3.636,10.569,3.384,"Megachilidae","cavity nester","OUMNH",NA,"30 Cope Close, Oxford, Oxfordshire, England",51.74787238,-1.298262636,"Anthidium manicatum",16.9963397242423,2.14808737928331,18.7558146191642,24.6624041246884
"IGproject0757","Anthidium","manicatum","male",1976,NA,NA,"England","Oxfordshire","Oxford","30 Cope Close",4.469,3.81,11.012,3.721,"Megachilidae","cavity nester","OUMNH",NA,"30 Cope Close, Oxford, Oxfordshire, England",51.74787238,-1.298262636,"Anthidium manicatum",16.9963397242423,2.14808737928331,18.7558146191642,24.6624041246884
"IGproject0758","Anthidium","manicatum","male",1976,NA,NA,"England","Oxfordshire","Oxford","30 Cope Close",4.534,4.036,11.778,3.868,"Megachilidae","cavity nester","OUMNH",NA,"30 Cope Close, Oxford, Oxfordshire, England",51.74787238,-1.298262636,"Anthidium manicatum",16.9963397242423,2.14808737928331,18.7558146191642,24.6624041246884
"IGproject0759","Anthidium","manicatum","female",2014,7,27,"England","Surrey","Dorking","Juniper Hall",4.139,3.434,9.104,2.895,"Megachilidae","cavity nester","OUMNH",NA,"Juniper Hall, Dorking, Surrey, England",51.2615107,-0.3208984,"Anthidium manicatum",17.0983375877552,2.46614707476808,19.1563578311108,25.4250768420505
"IGproject0760","Anthidium","manicatum","male",1926,7,12,"England","Surrey","Woking","",4.339,3.709,10.39,3.412,"Megachilidae","cavity nester","OUMNH",NA,"Woking, Surrey, England",51.3201891,-0.5564726,"Anthidium manicatum",16.1468052267575,0.985951647313818,17.2758615014157,22.6793570222346
"IGproject0761","Anthidium","manicatum","male",1976,NA,NA,"England","Oxfordshire","Oxford","30 Cope Close",4.356,3.661,10.97,3.652,"Megachilidae","cavity nester","OUMNH",NA,"30 Cope Close, Oxford, Oxfordshire, England",51.74787238,-1.298262636,"Anthidium manicatum",16.9963397242423,2.14808737928331,18.7558146191642,24.6624041246884
"IGproject0762","Anthidium","manicatum","male",1976,NA,NA,"England","Oxfordshire","Oxford","30 Cope Close",4.315,3.695,10.672,3.404,"Megachilidae","cavity nester","OUMNH",NA,"30 Cope Close, Oxford, Oxfordshire, England",51.74787238,-1.298262636,"Anthidium manicatum",16.9963397242423,2.14808737928331,18.7558146191642,24.6624041246884
"IGproject0763","Anthidium","manicatum","male",1976,NA,NA,"England","Oxfordshire","Oxford","30 Cope Close",4.305,3.817,11.136,3.572,"Megachilidae","cavity nester","OUMNH",NA,"30 Cope Close, Oxford, Oxfordshire, England",51.74787238,-1.298262636,"Anthidium manicatum",16.9963397242423,2.14808737928331,18.7558146191642,24.6624041246884
"IGproject0764","Anthidium","manicatum","male",1977,NA,NA,"England","Oxfordshire","Oxford","30 Cope Close",4.336,3.701,10.843,3.534,"Megachilidae","cavity nester","OUMNH",NA,"30 Cope Close, Oxford, Oxfordshire, England",51.74787238,-1.298262636,"Anthidium manicatum",17.8988538759613,0.746780212165594,18.7604973490387,25.3743942247108
"IGproject0765","Anthidium","manicatum","male",1977,NA,NA,"England","Oxfordshire","Oxford","30 Cope Close",3.766,3.089,8.713,2.852,"Megachilidae","cavity nester","OUMNH",NA,"30 Cope Close, Oxford, Oxfordshire, England",51.74787238,-1.298262636,"Anthidium manicatum",17.8988538759613,0.746780212165594,18.7604973490387,25.3743942247108
"IGproject0766","Anthidium","manicatum","male",1976,NA,NA,"England","Oxfordshire","Oxford","30 Cope Close",3.621,2.992,8.444,2.624,"Megachilidae","cavity nester","OUMNH",NA,"30 Cope Close, Oxford, Oxfordshire, England",51.74787238,-1.298262636,"Anthidium manicatum",16.9963397242423,2.14808737928331,18.7558146191642,24.6624041246884
"IGproject0767","Anthidium","manicatum","male",1976,NA,NA,"England","Oxfordshire","Oxford","30 Cope Close",3.811,3.178,8.804,2.742,"Megachilidae","cavity nester","OUMNH",NA,"30 Cope Close, Oxford, Oxfordshire, England",51.74787238,-1.298262636,"Anthidium manicatum",16.9963397242423,2.14808737928331,18.7558146191642,24.6624041246884
"IGproject0768","Anthidium","manicatum","male",1976,NA,NA,"England","Oxfordshire","Oxford","30 Cope Close",3.853,3.285,8.689,2.788,"Megachilidae","cavity nester","OUMNH",NA,"30 Cope Close, Oxford, Oxfordshire, England",51.74787238,-1.298262636,"Anthidium manicatum",16.9963397242423,2.14808737928331,18.7558146191642,24.6624041246884
"IGproject0769","Anthidium","manicatum","male",1976,NA,NA,"England","Oxfordshire","Oxford","30 Cope Close",3.99,3.396,9.086,2.917,"Megachilidae","cavity nester","OUMNH",NA,"30 Cope Close, Oxford, Oxfordshire, England",51.74787238,-1.298262636,"Anthidium manicatum",16.9963397242423,2.14808737928331,18.7558146191642,24.6624041246884
"IGproject0770","Anthidium","manicatum","male",1931,8,NA,"England","Warwickshie","Rugby","",4.674,3.881,11.579,3.864,"Megachilidae","cavity nester","OUMNH",NA,"Rugby, Warwickshie, England",52.3697958,-1.263870764,"Anthidium manicatum",15.0902568697826,0.395955279888528,15.5402135566505,20.6272796427017
"IGproject0771","Anthidium","manicatum","male",1940,6,19,"England","Dorset","Weymouth","",3.645,3.103,8.284,2.485,"Megachilidae","cavity nester","OUMNH",NA,"Weymouth, Dorset, England",50.6096257,-2.4543424,"Anthidium manicatum",14.7956759103821,0.931159071864864,15.8697193204069,20.3317266609689
"IGproject0772","Anthidium","manicatum","male",1939,7,30,"England","Northamptonshire","Oundle","Ashton Wold",4.553,3.838,11.689,3.692,"Megachilidae","cavity nester","OUMNH",NA,"Ashton Wold, Oundle, Northamptonshire, England",52.48037933,-0.410800547,"Anthidium manicatum",15.4558531653443,0.668602611376172,16.1642826913543,21.1221065940903
"IGproject0773","Anthidium","manicatum","male",1946,7,28,"England","Dorset","Morden","",3.955,3.448,9.688,3.115,"Megachilidae","cavity nester","OUMNH",NA,"Morden, Dorset, England",50.7627893,-2.1325452,"Anthidium manicatum",15.4626804242502,1.16841329844633,16.1859254212324,20.8931255986383
"IGproject0774","Anthidium","manicatum","female",1927,8,14,"England","Dorset","Weymouth","",4.202,3.604,9.63,2.997,"Megachilidae","cavity nester","OUMNH",NA,"Weymouth, Dorset, England",50.6096257,-2.4543424,"Anthidium manicatum",15.3825448881714,1.83210117782854,16.5731204351194,21.0349713249043
"IGproject0775","Anthidium","manicatum","male",1927,8,14,"England","Dorset","Weymouth","",4.449,3.759,11,3.585,"Megachilidae","cavity nester","OUMNH",NA,"Weymouth, Dorset, England",50.6096257,-2.4543424,"Anthidium manicatum",15.3825448881714,1.83210117782854,16.5731204351194,21.0349713249043
"IGproject0776","Anthidium","manicatum","female",1927,8,14,"England","Dorset","Weymouth","",3.746,3.089,8.235,2.568,"Megachilidae","cavity nester","OUMNH",NA,"Weymouth, Dorset, England",50.6096257,-2.4543424,"Anthidium manicatum",15.3825448881714,1.83210117782854,16.5731204351194,21.0349713249043
"IGproject0777","Andrena","chrysosceles","female",1939,4,10,"England","Dorset","Dorchester","Yellowham Wood",1.815,1.179,4.871,1.486,"Andrenidae","excavator","OUMNH",NA,"Yellowham Wood, Dorchester, Dorset, England",50.74223361,-2.378909966,"Andrena chrysosceles",10.652950488139,3.1753661184463,14.0281188920259,18.5716837850509
"IGproject0778","Andrena","chrysosceles","female",1947,8,22,"England","Devon","Dartmoor","Burrator Reservoir",2.108,1.439,5.694,1.62,"Andrenidae","excavator","OUMNH",NA,"Burrator Reservoir, Dartmoor, Devon, England",50.49923423,-4.040083663,"Andrena chrysosceles",10.4545739708422,1.37323828152535,11.8539557575639,15.5377904232187
"IGproject0779","Andrena","wilkella","male",1976,4,22,"England","Devon","Tavistock","Whitchurch Down",3.481,2.048,10.049,2.682,"Andrenidae","excavator","OUMNH",NA,"Whitchurch Down, Tavistock, Devon, England",50.5427342,-4.1150225,"Andrena wilkella",10.8003009187996,3.23809671201389,14.2687812346589,19.6142742345801
"IGproject0780","Andrena","wilkella","male",1978,4,27,"England","Devon","Buckland Monachorum","",3.05,1.696,9.012,2.366,"Andrenidae","excavator","OUMNH",NA,"Buckland Monachorum, Devon, England",50.4848244,-4.1221901,"Andrena wilkella",9.73049535555594,2.56552984419489,11.9498681644065,15.607742697385
"IGproject0781","Andrena","wilkella","male",1953,4,26,"England","Devon","Yelverton","Five Oaks",2.574,1.514,6.527,1.92,"Andrenidae","excavator","OUMNH",NA,"Five Oaks, Yelverton, Devon, England",50.4934281,-4.085997565,"Andrena wilkella",11.4551470839867,2.44140826408282,13.3820344846037,17.8540635693784
"IGproject0782","Andrena","wilkella","male",1977,6,4,"England","Devon","Tavistock","Whitchurch Down",2.882,1.707,7.39,2.1,"Andrenidae","excavator","OUMNH",NA,"Whitchurch Down, Tavistock, Devon, England",50.5427342,-4.1150225,"Andrena wilkella",11.3107142325238,4.17706478020584,15.7367548477224,20.5507273382805
"IGproject0783","Andrena","wilkella","male",1958,6,12,"England","Devon","Bickleigh","",2.823,1.619,6.969,1.972,"Andrenidae","excavator","OUMNH",NA,"Bickleigh, Devon, England",50.8427425,-3.502667,"Andrena wilkella",11.5262234147934,3.11042310090477,14.9820882271483,20.686908431078
"IGproject0784","Andrena","wilkella","male",1950,6,7,"England","Devon","Yelverton","Five Oaks",2.978,1.851,7.58,2.158,"Andrenidae","excavator","OUMNH",NA,"Five Oaks, Yelverton, Devon, England",50.4934281,-4.085997565,"Andrena wilkella",11.3716099742682,2.8370930524926,14.5632737062864,19.4616334683015
"IGproject0785","Andrena","wilkella","male",1977,6,4,"England","Devon","Tavistock","Whitchurch Down",2.918,1.948,7.331,2.06,"Andrenidae","excavator","OUMNH",NA,"Whitchurch Down, Tavistock, Devon, England",50.5427342,-4.1150225,"Andrena wilkella",11.3107142325238,4.17706478020584,15.7367548477224,20.5507273382805
"IGproject0786","Andrena","wilkella","male",1977,6,4,"England","Devon","Tavistock","Whitchurch Down",3.375,2.2,8.496,2.35,"Andrenidae","excavator","OUMNH",NA,"Whitchurch Down, Tavistock, Devon, England",50.5427342,-4.1150225,"Andrena wilkella",11.3107142325238,4.17706478020584,15.7367548477224,20.5507273382805
"IGproject0787","Megachile","centuncularis","male",1927,6,22,"England","Dorset","Weymouth","",3.494,2.71,7.67,2.166,"Megachilidae","cavity nester","OUMNH",NA,"Weymouth, Dorset, England",50.6096257,-2.4543424,"Megachile centuncularis",15.3825448881714,1.83210117782854,16.5731204351194,21.0349713249043
"IGproject0788","Megachile","centuncularis","female",1927,8,10,"England","Dorset","Weymouth","",3.827,3.38,8.751,2.312,"Megachilidae","cavity nester","OUMNH",NA,"Weymouth, Dorset, England",50.6096257,-2.4543424,"Megachile centuncularis",15.3825448881714,1.83210117782854,16.5731204351194,21.0349713249043
"IGproject0789","Megachile","centuncularis","female",1927,8,5,"England","Dorset","Weymouth","",3.857,3.291,8.883,2.426,"Megachilidae","cavity nester","OUMNH",NA,"Weymouth, Dorset, England",50.6096257,-2.4543424,"Megachile centuncularis",15.3825448881714,1.83210117782854,16.5731204351194,21.0349713249043
"IGproject0790","Megachile","centuncularis","male",1927,6,22,"England","Dorset","Weymouth","",3.601,2.761,8.363,2.242,"Megachilidae","cavity nester","OUMNH",NA,"Weymouth, Dorset, England",50.6096257,-2.4543424,"Megachile centuncularis",15.3825448881714,1.83210117782854,16.5731204351194,21.0349713249043
"IGproject0791","Megachile","centuncularis","male",1928,6,13,"England","Suffolk","Barton Mills","",3.439,2.674,7.825,2.12,"Megachilidae","cavity nester","OUMNH",NA,"Barton Mills, Suffolk, England",52.3335174,0.5200357,"Megachile centuncularis",14.8389450572565,1.72756399069042,16.1782672504707,20.8192625377306
"IGproject0792","Megachile","centuncularis","female",1927,8,27,"England","Dorset","Weymouth","",3.882,3.08,8.817,2.391,"Megachilidae","cavity nester","OUMNH",NA,"Weymouth, Dorset, England",50.6096257,-2.4543424,"Megachile centuncularis",15.3825448881714,1.83210117782854,16.5731204351194,21.0349713249043
"IGproject0793","Megachile","centuncularis","male",1957,6,22,"England","Devon","","Hartland Cliffs",3.201,2.378,7.132,1.95,"Megachilidae","cavity nester","OUMNH",NA,"Hartland Cliffs, Devon, England",51.00707424,-4.529508417,"Megachile centuncularis",13.733229632695,1.10235018947467,14.9327851302448,18.5979873798504
"IGproject0794","Megachile","centuncularis","male",1962,7,28,"England","Devon","Wembury","",3.588,2.691,8.059,2.272,"Megachilidae","cavity nester","OUMNH",NA,"Wembury, Devon, England",50.3287157,-4.0840935,"Megachile centuncularis",14.6624345944744,0.852593350428319,15.1651015199552,19.2703745879884
"IGproject0795","Megachile","centuncularis","female",1953,7,5,"England","Devon","Yelverton","Five Oaks",3.79,3.301,8.652,2.447,"Megachilidae","cavity nester","OUMNH",NA,"Five Oaks, Yelverton, Devon, England",50.4934281,-4.085997565,"Megachile centuncularis",14.8837444403902,1.33736075897762,15.9463432332532,19.920464982321
"IGproject0796","Megachile","centuncularis","male",1927,7,3,"England","Dorset","Moreton","",3.284,2.419,7.393,2.092,"Megachilidae","cavity nester","OUMNH",NA,"Moreton, Dorset, England",50.7006001,-2.2916836,"Megachile centuncularis",15.5296174398789,1.85565159961089,16.7316359969308,21.1541012106234
"IGproject0797","Megachile","centuncularis","male",1969,6,24,"England","Devon","Wembury","",3.579,2.739,7.768,2.173,"Megachilidae","cavity nester","OUMNH",NA,"Wembury, Devon, England",50.3287157,-4.0840935,"Megachile centuncularis",14.6919200899635,0.851128461731431,15.5433064146934,19.170343553386
"IGproject0798","Megachile","centuncularis","male",1957,6,22,"England","Devon","","Hartland Cliffs",3.258,2.484,7.596,2.04,"Megachilidae","cavity nester","OUMNH",NA,"Hartland Cliffs, Devon, England",51.00707424,-4.529508417,"Megachile centuncularis",13.733229632695,1.10235018947467,14.9327851302448,18.5979873798504
"IGproject0799","Megachile","centuncularis","male",1952,7,13,"England","Devon","Yelverton","",3.552,2.783,8.129,2.291,"Megachilidae","cavity nester","OUMNH",NA,"Yelverton, Devon, England",50.4929419,-4.0846742,"Megachile centuncularis",14.2381612424078,1.21030543661892,15.5763519264892,20.092459998025
"IGproject0800","Megachile","centuncularis","male",1968,7,5,"England","Devon","Braunton","Braunton Burrows",3.605,2.71,8.183,2.223,"Megachilidae","cavity nester","OUMNH",NA,"Braunton Burrows, Braunton, Devon, England",51.0930822,-4.2087025,"Megachile centuncularis",14.2159002085325,0.867935745194216,14.9710322586074,18.6980533322077
"IGproject0801","Megachile","centuncularis","male",1978,7,23,"England","Devon","Okehampton","Taw Green",3.421,2.634,7.785,2.28,"Megachilidae","cavity nester","OUMNH",NA,"Taw Green, Okehampton, Devon, England",50.75636386,-3.90926962,"Megachile centuncularis",13.7811467827616,1.93863695218142,15.1692182221972,19.176472773185
"IGproject0802","Megachile","centuncularis","male",1962,7,28,"England","Devon","Wembury","",3.64,2.78,8.237,2.327,"Megachilidae","cavity nester","OUMNH",NA,"Wembury, Devon, England",50.3287157,-4.0840935,"Megachile centuncularis",14.6624345944744,0.852593350428319,15.1651015199552,19.2703745879884
"IGproject0803","Megachile","centuncularis","male",1927,6,22,"England","Dorset","Weymouth","",3.434,2.581,7.646,2.149,"Megachilidae","cavity nester","OUMNH",NA,"Weymouth, Dorset, England",50.6096257,-2.4543424,"Megachile centuncularis",15.3825448881714,1.83210117782854,16.5731204351194,21.0349713249043
"IGproject0804","Megachile","centuncularis","male",1974,7,9,"England","Devon","Wembury","",3.46,2.608,7.624,2.147,"Megachilidae","cavity nester","OUMNH",NA,"Wembury, Devon, England",50.3287157,-4.0840935,"Megachile centuncularis",14.986613485656,1.09608610922365,16.2006025825351,20.0285856539615
"IGproject0805","Megachile","centuncularis","male",1950,7,8,"England","Dorset","Weymouth","Two Mile Coppice",3.151,2.368,7.041,2.027,"Megachilidae","cavity nester","OUMNH",NA,"Two Mile Coppice, Weymouth, Dorset, England",50.6386572,-2.4610685,"Megachile centuncularis",16.250553757194,1.21466106681691,17.1814136146228,22.7277306002499
"IGproject0806","Megachile","centuncularis","female",1948,9,NA,"England","Devon","Plymouth","",3.741,3.055,8.564,2.364,"Megachilidae","cavity nester","OUMNH",NA,"Plymouth, Devon, England",50.4323453,-3.7065512,"Megachile centuncularis",16.1174538192596,2.28793713316908,18.5627441491774,23.5862046341813
"IGproject0807","Megachile","centuncularis","male",1942,7,1,"England","Leicestershire","Woodhouse Eaves","",3.221,2.428,7.274,2.027,"Megachilidae","cavity nester","OUMNH",NA,"Woodhouse Eaves, Leicestershire, England",52.7244478,-1.2170181,"Megachile centuncularis",15.4018597846672,1.61965854070517,17.253555390565,23.1201385043004
"IGproject0808","Megachile","centuncularis","male",1941,8,10,"England","Dorset","Weymouth","Radipole Lake",3.025,2.231,6.826,1.882,"Megachilidae","cavity nester","OUMNH",NA,"Radipole Lake, Weymouth, Dorset, England",50.6222916,-2.4616947,"Megachile centuncularis",15.3530059575518,0.660214207069063,15.8693534731193,21.228934080998
"IGproject0809","Colletes","succintus","male",1928,8,30,"England","Cornwall","Lizard","Goonhilly Downs",3.191,2.545,7.692,1.959,"Colletidae","excavator","OUMNH",NA,"Goonhilly Downs, Lizard, Cornwall, England",50.05001835,-5.200067979,"Colletes succintus",14.5726067907354,1.47443133996255,15.5047532049695,18.4559138671783
"IGproject0810","Colletes","succintus","female",1927,8,17,"England","Dorset","Warmwell","Warmwell Heath",3.233,2.595,7.972,2.106,"Colletidae","excavator","OUMNH",NA,"Warmwell Heath, Warmwell, Dorset, England",50.68094,-2.35113,"Colletes succintus",16.1528144405536,0.68949906965484,16.6758592600117,21.1010745364445
"IGproject0811","Colletes","succintus","female",1927,8,28,"England","Dorset","Warmwell","",3.401,2.844,8.597,2.284,"Colletidae","excavator","OUMNH",NA,"Warmwell, Dorset, England",50.6749172,-2.3553494,"Colletes succintus",16.148616258762,0.68925937184009,16.6716420632056,21.0983611488534
"IGproject0812","Colletes","succintus","male",1927,6,17,"England","Dorset","Warmwell","Warmwell Heath",2.886,2.221,6.51,1.77,"Colletidae","excavator","OUMNH",NA,"Warmwell Heath, Warmwell, Dorset, England",50.68094,-2.35113,"Colletes succintus",16.1528144405536,0.68949906965484,16.6758592600117,21.1010745364445
"IGproject0813","Colletes","succintus","female",1927,8,15,"England","Dorset","Warmwell","Warmwell Heath",3.251,2.718,8.175,2.133,"Colletidae","excavator","OUMNH",NA,"Warmwell Heath, Warmwell, Dorset, England",50.68094,-2.35113,"Colletes succintus",16.1528144405536,0.68949906965484,16.6758592600117,21.1010745364445
"IGproject0814","Colletes","succintus","female",1927,8,15,"England","Dorset","Warmwell","Warmwell Heath",3.197,2.517,8.089,2.178,"Colletidae","excavator","OUMNH",NA,"Warmwell Heath, Warmwell, Dorset, England",50.68094,-2.35113,"Colletes succintus",16.1528144405536,0.68949906965484,16.6758592600117,21.1010745364445
"IGproject0815","Colletes","succintus","male",1928,8,30,"England","Cornwall","Lizard","Goonhilly Downs",3,2.256,7.199,1.86,"Colletidae","excavator","OUMNH",NA,"Goonhilly Downs, Lizard, Cornwall, England",50.05001835,-5.200067979,"Colletes succintus",14.5726067907354,1.47443133996255,15.5047532049695,18.4559138671783
"IGproject0816","Anthidium","manicatum","male",1983,7,6,"England","Cornwall","Goonvrea","",4.543,3.888,11.622,3.789,"Megachilidae","cavity nester","BENHS",NA,"Goonvrea, Cornwall, England",50.3027624,-5.2177565,"Anthidium manicatum",15.3220028089056,0.84837527368301,16.0588388449474,19.6419976631394
"IGproject0817","Anthidium","manicatum","female",1914,6,28,"England","Kent","Gravesend","",4.215,3.6,9.373,2.689,"Megachilidae","cavity nester","BENHS",NA,"Gravesend, Kent, England",51.4424747,0.3694468,"Anthidium manicatum",14.8852797731293,0.52691076258743,15.4935630008525,20.4640195385986
"IGproject0818","Anthidium","manicatum","male",1891,7,NA,"England","Hampshire","Andover","",4.496,3.968,11.807,3.721,"Megachilidae","cavity nester","BENHS",NA,"Andover, Hampshire, England",51.2078275,-1.479355,"Anthidium manicatum",14.4947097260623,0.693957914521854,14.9778666623376,19.7005831044938
"IGproject0819","Anthidium","manicatum","male",1891,7,NA,"England","Hampshire","Andover","",4.464,3.787,11.257,3.441,"Megachilidae","cavity nester","BENHS",NA,"Andover, Hampshire, England",51.2078275,-1.479355,"Anthidium manicatum",14.4947097260623,0.693957914521854,14.9778666623376,19.7005831044938
"IGproject0820","Anthidium","manicatum","male",1891,7,NA,"England","Hampshire","Andover","",4.694,3.887,11.758,3.787,"Megachilidae","cavity nester","BENHS",NA,"Andover, Hampshire, England",51.2078275,-1.479355,"Anthidium manicatum",14.4947097260623,0.693957914521854,14.9778666623376,19.7005831044938
"IGproject0821","Anthidium","manicatum","male",1912,7,14,"England","Kent","","Pegwell Bay",3.997,3.273,9.588,3.055,"Megachilidae","cavity nester","BENHS",NA,"Pegwell Bay, Kent, England",51.322807,1.3785755,"Anthidium manicatum",17.2837348823084,2.43047142522322,18.9803762943896,23.8031724165428
"IGproject0822","Anthidium","manicatum","male",1914,7,12,"England","Kent","Chalk","",4.166,3.529,10.024,3.306,"Megachilidae","cavity nester","BENHS",NA,"Chalk, Kent, England",51.4321057,0.3993639,"Anthidium manicatum",14.8769819019083,0.531120920514213,15.4902351595646,20.425263075762
"IGproject0823","Anthidium","manicatum","female",1915,7,29,"England","Kent","Chatham","",4.026,3.303,8.634,2.773,"Megachilidae","cavity nester","BENHS",NA,"Chatham, Kent, England",51.3731494,0.5502202,"Anthidium manicatum",16.0719634078834,1.28341880014081,16.9253169872018,22.1118502971296
"IGproject0824","Anthidium","manicatum","female",1918,6,27,"England","Kent","Gravesend","",4.069,3.474,8.723,2.714,"Megachilidae","cavity nester","BENHS",NA,"Gravesend, Kent, England",51.4424747,0.3694468,"Anthidium manicatum",16.237044770746,0.366419227934871,16.4817606954871,22.0590088107694
"IGproject0825","Anthidium","manicatum","female",1891,7,NA,"England","Hampshire","Andover","",4.229,3.55,9.497,3.036,"Megachilidae","cavity nester","BENHS",NA,"Andover, Hampshire, England",51.2078275,-1.479355,"Anthidium manicatum",14.4947097260623,0.693957914521854,14.9778666623376,19.7005831044938
"IGproject0826","Anthidium","manicatum","male",1931,6,21,"England","Greater London","London","Wood Green",4.37,3.75,10.64,3.299,"Megachilidae","cavity nester","BENHS",NA,"Wood Green, London, Greater London, England",51.5972054,-0.1099585,"Anthidium manicatum",16.6013502105385,0.498046684300759,17.1714841800926,22.0094544371765
"IGproject0827","Anthidium","manicatum","male",1906,7,26,"England","Surrey","Redhill","",4.636,3.992,11.75,3.966,"Megachilidae","cavity nester","BENHS",NA,"Redhill, Surrey, England",51.2404691,-0.1682816,"Anthidium manicatum",16.1075901555915,1.70927666142332,18.0610921578794,23.3057479105829
"IGproject0828","Anthidium","manicatum","male",1918,7,7,"England","Kent","Higham","",4.439,3.737,10.933,3.537,"Megachilidae","cavity nester","BENHS",NA,"Higham, Kent, England",51.4310457,0.4709558,"Anthidium manicatum",16.2793287691396,0.343236549092934,16.4954335093867,21.931860326698
"IGproject0829","Anthidium","manicatum","male",1912,7,21,"England","Kent","Gravesend","",4.319,3.748,10.358,3.432,"Megachilidae","cavity nester","BENHS",NA,"Gravesend, Kent, England",51.4424747,0.3694468,"Anthidium manicatum",17.6872940989831,2.46311821440813,19.2835930416274,25.4259719130125
"IGproject0830","Anthidium","manicatum","male",1914,6,28,"England","Kent","Gravesend","",4.419,3.715,10.531,3.487,"Megachilidae","cavity nester","BENHS",NA,"Gravesend, Kent, England",51.4424747,0.3694468,"Anthidium manicatum",14.8852797731293,0.52691076258743,15.4935630008525,20.4640195385986
"IGproject0831","Andrena","wilkella","male",1920,5,30,"England","Kent","Meopham","",3.012,1.953,7.276,2.192,"Andrenidae","excavator","BENHS",NA,"Meopham, Kent, England",51.360162,0.3639312,"Andrena wilkella",11.4025450441698,3.91192637436524,14.3766833428177,20.0374886389615
"IGproject0832","Andrena","wilkella","male",1920,5,24,"England","Kent","Meopham","",2.849,1.773,7.037,2.084,"Andrenidae","excavator","BENHS",NA,"Meopham, Kent, England",51.360162,0.3639312,"Andrena wilkella",11.4025450441698,3.91192637436524,14.3766833428177,20.0374886389615
"IGproject0833","Andrena","wilkella","male",1911,6,4,"England","Kent","Cobham","",3.038,1.944,7.395,2.2,"Andrenidae","excavator","BENHS",NA,"Cobham, Kent, England",51.3949326,0.4141599,"Andrena wilkella",11.2810380448465,3.75628330613558,15.0904521160411,19.8325007182029
"IGproject0834","Andrena","wilkella","male",1979,6,14,"England","Hampshire","","Old Winchester Hill",2.793,1.627,7.037,1.99,"Andrenidae","excavator","BENHS",NA,"Old Winchester Hill, Hampshire, England",50.9808962,-1.0887924,"Andrena wilkella",10.6807472275649,3.66981778666893,13.793752985352,18.3809536326901
"IGproject0835","Andrena","wilkella","male",1979,6,26,"England","West Yorkshire","","Newmillerdam Country Park",2.979,1.874,7.539,2.067,"Andrenidae","excavator","BENHS",NA,"Newmillerdam Country Park, West Yorkshire, England",53.6311758,-1.4951474,"Andrena wilkella",10.003585348518,3.71299319622707,13.1362268918726,17.296743530099
"IGproject0836","Andrena","wilkella","male",1911,6,4,"England","Kent","Cobham","",3.036,1.873,7.368,2.275,"Andrenidae","excavator","BENHS",NA,"Cobham, Kent, England",51.3949326,0.4141599,"Andrena wilkella",11.2810380448465,3.75628330613558,15.0904521160411,19.8325007182029
"IGproject0837","Andrena","wilkella","female",1938,5,10,"England","Shropshire","","",3.174,2.066,7.62,2.4,"Andrenidae","excavator","BENHS",NA,"Shropshire, England",52.6523394,-2.6435641,"Andrena wilkella",11.0849806028536,2.21002009341486,13.1991833563865,18.1280292759291
"IGproject0838","Andrena","wilkella","male",1974,6,9,"England","Berkshire","Windsor","",2.866,1.791,7.393,2.08,"Andrenidae","excavator","BENHS",NA,"Windsor, Berkshire, England",51.4837886,-0.6040419,"Andrena wilkella",11.5028997569209,3.98143796645585,15.3558511063701,20.9599590115642
"IGproject0839","Andrena","wilkella","female",1918,6,2,"England","Kent","Wrotham","",3.468,2.285,8.035,2.66,"Andrenidae","excavator","BENHS",NA,"Wrotham, Kent, England",51.3104474,0.302978,"Andrena wilkella",11.4984827167898,5.77802888030272,16.2210259310321,21.8457320335303
"IGproject0840","Andrena","wilkella","female",1918,5,19,"England","Kent","Dartford","",3.518,2.279,8.173,2.701,"Andrenidae","excavator","BENHS",NA,"Dartford, Kent, England",51.4443059,0.21807,"Andrena wilkella",11.8129781353213,5.83132391261146,16.5707200459652,22.1281094572786
"IGproject0841","Colletes","succintus","male",1974,7,30,"England","Hampshire","","Woolme Forest",2.968,2.14,6.96,1.805,"Colletidae","excavator","BENHS",NA,"Woolme Forest, Hampshire, England",51.08585472,-0.865868539,"Colletes succintus",15.8768063087587,1.28635897221316,17.2398279067662,22.580234118031
"IGproject0842","Colletes","succintus","female",1999,8,30,"England","Bristol","Bristol","Troopers Hill",3.376,2.789,8.566,2.267,"Colletidae","excavator","BENHS",NA,"Troopers Hill, Bristol, Bristol, England",51.4561856,-2.5353019,"Colletes succintus",15.6243695752866,0.54577924743611,16.1503401280964,20.8806222708838
"IGproject0843","Colletes","succintus","female",1971,8,29,"England","Surrey","Wisley","Wisley Common",3.222,2.718,8.192,2.102,"Colletidae","excavator","BENHS",NA,"Wisley Common, Wisley, Surrey, England",51.3176878,-0.4575655,"Colletes succintus",15.7750447465443,0.75565577946979,16.4698298634791,21.497969134159
"IGproject0844","Colletes","succintus","female",1998,8,15,"England","Surrey","Chobham","Chobham Common",3.226,2.573,7.943,2.139,"Colletidae","excavator","BENHS",NA,"Chobham Common, Chobham, Surrey, England",51.3821634,-0.6073194,"Colletes succintus",17.3400988846844,2.46017971478732,19.8015272355439,24.7832799812414
"IGproject0845","Anthidium","manicatum","male",1976,NA,NA,"England","Oxfordshire","Oxford","30 Cope Close",4.029,3.416,9.722,3.099,"Megachilidae","cavity nester","OUMNH",NA,"30 Cope Close, Oxford, Oxfordshire, England",51.74787238,-1.298262636,"Anthidium manicatum",16.9963397242423,2.14808737928331,18.7558146191642,24.6624041246884
"IGproject0846","Anthidium","manicatum","male",1976,NA,NA,"England","Oxfordshire","Oxford","30 Cope Close",3.832,3.36,8.892,2.784,"Megachilidae","cavity nester","OUMNH",NA,"30 Cope Close, Oxford, Oxfordshire, England",51.74787238,-1.298262636,"Anthidium manicatum",16.9963397242423,2.14808737928331,18.7558146191642,24.6624041246884
"IGproject0847","Anthidium","manicatum","male",1976,NA,NA,"England","Oxfordshire","Oxford","30 Cope Close",3.934,3.422,9.344,2.952,"Megachilidae","cavity nester","OUMNH",NA,"30 Cope Close, Oxford, Oxfordshire, England",51.74787238,-1.298262636,"Anthidium manicatum",16.9963397242423,2.14808737928331,18.7558146191642,24.6624041246884
"IGproject0848","Anthidium","manicatum","male",1977,NA,NA,"England","Oxfordshire","Oxford","30 Cope Close",3.984,3.269,9.057,2.905,"Megachilidae","cavity nester","OUMNH",NA,"30 Cope Close, Oxford, Oxfordshire, England",51.74787238,-1.298262636,"Anthidium manicatum",17.8988538759613,0.746780212165594,18.7604973490387,25.3743942247108
"IGproject0849","Anthidium","manicatum","male",1976,NA,NA,"England","Oxfordshire","Oxford","30 Cope Close",4.06,3.464,9.684,3.035,"Megachilidae","cavity nester","OUMNH",NA,"30 Cope Close, Oxford, Oxfordshire, England",51.74787238,-1.298262636,"Anthidium manicatum",16.9963397242423,2.14808737928331,18.7558146191642,24.6624041246884
"IGproject0850","Anthidium","manicatum","male",1976,NA,NA,"England","Oxfordshire","Oxford","30 Cope Close",4.286,3.685,10.926,3.532,"Megachilidae","cavity nester","OUMNH",NA,"30 Cope Close, Oxford, Oxfordshire, England",51.74787238,-1.298262636,"Anthidium manicatum",16.9963397242423,2.14808737928331,18.7558146191642,24.6624041246884
"IGproject0851","Anthidium","manicatum","male",1976,NA,NA,"England","Oxfordshire","Oxford","30 Cope Close",4.205,3.642,10.616,3.234,"Megachilidae","cavity nester","OUMNH",NA,"30 Cope Close, Oxford, Oxfordshire, England",51.74787238,-1.298262636,"Anthidium manicatum",16.9963397242423,2.14808737928331,18.7558146191642,24.6624041246884
"IGproject0852","Anthidium","manicatum","male",1977,NA,NA,"England","Oxfordshire","Oxford","30 Cope Close",4.187,3.628,10.606,3.338,"Megachilidae","cavity nester","OUMNH",NA,"30 Cope Close, Oxford, Oxfordshire, England",51.74787238,-1.298262636,"Anthidium manicatum",17.8988538759613,0.746780212165594,18.7604973490387,25.3743942247108
"IGproject0853","Anthidium","manicatum","male",1976,NA,NA,"England","Oxfordshire","Oxford","30 Cope Close",4.43,3.838,11.153,3.685,"Megachilidae","cavity nester","OUMNH",NA,"30 Cope Close, Oxford, Oxfordshire, England",51.74787238,-1.298262636,"Anthidium manicatum",16.9963397242423,2.14808737928331,18.7558146191642,24.6624041246884
"IGproject0854","Anthidium","manicatum","male",1976,NA,NA,"England","Oxfordshire","Oxford","30 Cope Close",4.357,3.713,10.757,3.407,"Megachilidae","cavity nester","OUMNH",NA,"30 Cope Close, Oxford, Oxfordshire, England",51.74787238,-1.298262636,"Anthidium manicatum",16.9963397242423,2.14808737928331,18.7558146191642,24.6624041246884
"IGproject0855","Anthidium","manicatum","female",1976,NA,NA,"England","Oxfordshire","Oxford","30 Cope Close",4.276,3.709,9.905,3.108,"Megachilidae","cavity nester","OUMNH",NA,"30 Cope Close, Oxford, Oxfordshire, England",51.74787238,-1.298262636,"Anthidium manicatum",16.9963397242423,2.14808737928331,18.7558146191642,24.6624041246884
"IGproject0856","Anthidium","manicatum","female",1976,NA,NA,"England","Oxfordshire","Oxford","30 Cope Close",3.864,3.214,8.515,2.532,"Megachilidae","cavity nester","OUMNH",NA,"30 Cope Close, Oxford, Oxfordshire, England",51.74787238,-1.298262636,"Anthidium manicatum",16.9963397242423,2.14808737928331,18.7558146191642,24.6624041246884
"IGproject0857","Anthidium","manicatum","female",1976,NA,NA,"England","Oxfordshire","Oxford","30 Cope Close",4.136,3.616,9.635,2.842,"Megachilidae","cavity nester","OUMNH",NA,"30 Cope Close, Oxford, Oxfordshire, England",51.74787238,-1.298262636,"Anthidium manicatum",16.9963397242423,2.14808737928331,18.7558146191642,24.6624041246884
"IGproject0858","Anthidium","manicatum","female",1976,NA,NA,"England","Oxfordshire","Oxford","30 Cope Close",3.865,3.252,8.609,2.605,"Megachilidae","cavity nester","OUMNH",NA,"30 Cope Close, Oxford, Oxfordshire, England",51.74787238,-1.298262636,"Anthidium manicatum",16.9963397242423,2.14808737928331,18.7558146191642,24.6624041246884
"IGproject0859","Anthidium","manicatum","female",1976,NA,NA,"England","Oxfordshire","Oxford","30 Cope Close",3.997,3.331,9.136,2.648,"Megachilidae","cavity nester","OUMNH",NA,"30 Cope Close, Oxford, Oxfordshire, England",51.74787238,-1.298262636,"Anthidium manicatum",16.9963397242423,2.14808737928331,18.7558146191642,24.6624041246884
"IGproject0860","Anthidium","manicatum","female",1977,NA,NA,"England","Oxfordshire","Oxford","30 Cope Close",4.298,3.647,9.877,2.919,"Megachilidae","cavity nester","OUMNH",NA,"30 Cope Close, Oxford, Oxfordshire, England",51.74787238,-1.298262636,"Anthidium manicatum",17.8988538759613,0.746780212165594,18.7604973490387,25.3743942247108
"IGproject0861","Anthidium","manicatum","female",1977,NA,NA,"England","Oxfordshire","Oxford","30 Cope Close",4.056,3.421,9.188,2.886,"Megachilidae","cavity nester","OUMNH",NA,"30 Cope Close, Oxford, Oxfordshire, England",51.74787238,-1.298262636,"Anthidium manicatum",17.8988538759613,0.746780212165594,18.7604973490387,25.3743942247108
"IGproject0862","Anthidium","manicatum","female",1977,NA,NA,"England","Oxfordshire","Oxford","30 Cope Close",4.037,3.385,8.857,2.872,"Megachilidae","cavity nester","OUMNH",NA,"30 Cope Close, Oxford, Oxfordshire, England",51.74787238,-1.298262636,"Anthidium manicatum",17.8988538759613,0.746780212165594,18.7604973490387,25.3743942247108
"IGproject0863","Anthidium","manicatum","female",1977,NA,NA,"England","Oxfordshire","Oxford","30 Cope Close",3.981,3.573,9.172,2.869,"Megachilidae","cavity nester","OUMNH",NA,"30 Cope Close, Oxford, Oxfordshire, England",51.74787238,-1.298262636,"Anthidium manicatum",17.8988538759613,0.746780212165594,18.7604973490387,25.3743942247108
"IGproject0864","Anthidium","manicatum","female",1977,NA,NA,"England","Oxfordshire","Oxford","30 Cope Close",4.07,3.475,9.398,2.776,"Megachilidae","cavity nester","OUMNH",NA,"30 Cope Close, Oxford, Oxfordshire, England",51.74787238,-1.298262636,"Anthidium manicatum",17.8988538759613,0.746780212165594,18.7604973490387,25.3743942247108
"IGproject0865","Anthidium","manicatum","female",1977,NA,NA,"England","Oxfordshire","Oxford","30 Cope Close",4.052,3.496,9.28,2.808,"Megachilidae","cavity nester","OUMNH",NA,"30 Cope Close, Oxford, Oxfordshire, England",51.74787238,-1.298262636,"Anthidium manicatum",17.8988538759613,0.746780212165594,18.7604973490387,25.3743942247108
"IGproject0866","Anthidium","manicatum","female",1977,NA,NA,"England","Oxfordshire","Oxford","30 Cope Close",4.043,3.331,8.922,2.966,"Megachilidae","cavity nester","OUMNH",NA,"30 Cope Close, Oxford, Oxfordshire, England",51.74787238,-1.298262636,"Anthidium manicatum",17.8988538759613,0.746780212165594,18.7604973490387,25.3743942247108
"IGproject0867","Nomada","goodeniana","male",1977,5,22,"England","Herefordshire","Hereford","Cusop Dingle",3.195,2.366,9.89,2.749,"Apidae","kleptoparasite","BENHS",NA,"Cusop Dingle, Hereford, Herefordshire, England",52.06468868,-3.110952188,"Nomada goodeniana",11.0588200357344,4.21605240903693,15.4822993685671,21.2898430311717
"IGproject0868","Nomada","goodeniana","male",1991,4,27,"England","Kent","Whitstable","",2.514,1.57,8.025,2.227,"Apidae","kleptoparasite","BENHS",NA,"Whitstable, Kent, England",51.3606286,1.0240626,"Nomada goodeniana",11.8873453454925,2.95696575849625,14.1230891497979,18.5620244066817
"IGproject0869","Nomada","goodeniana","female",1978,6,1,"England","Devon","Plymouth","",2.948,1.869,8.932,2.633,"Apidae","kleptoparasite","BENHS",NA,"Plymouth, Devon, England",50.4323453,-3.7065512,"Nomada goodeniana",10.1833128735021,2.50985319224599,12.3951371462983,15.9144853783029
"IGproject0870","Nomada","goodeniana","female",1978,6,3,"England","Devon","Bigbury","",3.098,2.115,9.766,2.851,"Apidae","kleptoparasite","BENHS",NA,"Bigbury, Devon, England",50.3042614,-3.8750478,"Nomada goodeniana",9.70058031525103,2.56436701046118,11.9259733715977,15.442901298637
"IGproject0871","Nomada","goodeniana","male",1999,4,19,"England","Bristol","Bristol","Troopers Hill",2.78,1.742,8.634,2.435,"Apidae","kleptoparasite","BENHS",NA,"Troopers Hill, Bristol, Bristol, England",51.4561856,-2.5353019,"Nomada goodeniana",12.0055636776192,3.55437401377187,14.4265828690479,18.4820912618815
"IGproject0872","Nomada","goodeniana","female",1978,5,28,"England","Devon","Newton Abbot","Yarner Wood",3.065,1.983,9.13,2.675,"Apidae","kleptoparasite","BENHS",NA,"Yarner Wood, Newton Abbot, Devon, England",50.59576339,-3.725632682,"Nomada goodeniana",9.83363378146163,2.51696197179436,12.050891788526,15.7887208449981
"IGproject0873","Nomada","goodeniana","female",1999,4,22,"England","Devon","Branscombe","",3.164,2.16,9.874,2.872,"Apidae","kleptoparasite","BENHS",NA,"Branscombe, Devon, England",50.6999699,-3.1553418,"Nomada goodeniana",11.8322279032832,3.48058594985602,14.1421344706011,18.2452256854438
"IGproject0874","Andrena","chrysosceles","male",1986,4,16,"England","Buckinghamshire","","Bovney Lock",2.302,1.323,5.923,1.522,"Andrenidae","excavator","BENHS",NA,"Bovney Lock, Buckinghamshire, England",51.4910955,-0.640906352,"Andrena chrysosceles",11.0889869323273,2.18100661246493,13.1842614644768,17.6127341909103
"IGproject0875","Andrena","chrysosceles","female",1979,7,7,"England","Hampshire","","Oidham Common",2.961,1.77,8.133,2.351,"Andrenidae","excavator","BENHS",NA,"Oidham Common, Hampshire, England",51.26878407,-0.92177797,"Andrena chrysosceles",10.5305447740672,3.75273118581415,13.7903325319067,18.738940052892
"IGproject0876","Andrena","chrysosceles","female",1979,5,27,"England","Hampshire","Leckford","",3.056,2.017,8.323,2.298,"Andrenidae","excavator","BENHS",NA,"Leckford, Hampshire, England",51.1373322,-1.4651968,"Andrena chrysosceles",10.6118182057439,3.681860053602,13.6963125085198,18.5528276289214
"IGproject0877","Andrena","chrysosceles","female",1985,7,6,"England","Somerset","","Withial Combe",2.821,1.763,7.762,2.207,"Andrenidae","excavator","BENHS",NA,"Withial Combe, Somerset, England",51.1349333,-2.615262032,"Andrena chrysosceles",11.2568875586461,3.45180698352137,15.114230465689,20.3652916379824
"IGproject0878","Andrena","chrysosceles","female",1970,6,13,"England","Oxfordshire","","Bald Hill",2.894,1.795,7.848,2.199,"Andrenidae","excavator","BENHS",NA,"Bald Hill, Oxfordshire, England",51.6507671,-0.9557044,"Andrena chrysosceles",10.8754221929473,3.02342031878462,13.5828360890732,19.2871585315337
"IGproject0879","Andrena","chrysosceles","female",1985,6,30,"England","Somerset","Rodney Stoke","",2.799,1.679,7.758,2.237,"Andrenidae","excavator","BENHS",NA,"Rodney Stoke, Somerset, England",51.2479877,-2.7369072,"Andrena chrysosceles",11.4726663115376,3.42529647637774,15.3036260419279,20.3707280068476
"IGproject0880","Andrena","chrysosceles","female",1985,7,2,"England","Somerset","","Postlebury Wood",2.826,1.756,7.891,2.118,"Andrenidae","excavator","BENHS",NA,"Postlebury Wood, Somerset, England",51.1848412,-2.3722059,"Andrena chrysosceles",10.9851574019339,3.52891283029184,14.9406879123355,20.2410456552485
"IGproject0881","Andrena","chrysosceles","female",1985,6,30,"England","Somerset","Rodney Stoke","",2.235,1.283,6.161,1.738,"Andrenidae","excavator","BENHS",NA,"Rodney Stoke, Somerset, England",51.2479877,-2.7369072,"Andrena chrysosceles",11.4726663115376,3.42529647637774,15.3036260419279,20.3707280068476
"IGproject0882","Andrena","chrysosceles","female",1985,6,30,"England","Somerset","Rodney Stoke","",2.714,1.598,7.359,2.128,"Andrenidae","excavator","BENHS",NA,"Rodney Stoke, Somerset, England",51.2479877,-2.7369072,"Andrena chrysosceles",11.4726663115376,3.42529647637774,15.3036260419279,20.3707280068476
"IGproject0883","Andrena","chrysosceles","female",1927,5,14,"England","Dorset","","Yellowham Wood",2.78,1.75,7.71,2.221,"Andrenidae","excavator","BENHS",NA,"Yellowham Wood, Dorset, England",50.74223361,-2.378909966,"Andrena chrysosceles",10.7434518556518,2.38764642687663,13.3242317529813,18.0741261940705
"IGproject0884","Andrena","chrysosceles","male",1927,6,3,"England","Dorset","","Powerstock Common",2.318,1.435,6.402,1.654,"Andrenidae","excavator","BENHS",NA,"Powerstock Common, Dorset, England",50.7743059,-2.643853,"Andrena chrysosceles",10.7321312815347,2.32589293179808,13.260848977049,18.0492213989164
"IGproject0885","Andrena","chrysosceles","female",1938,4,30,"England","Greater London","London","Mill Hill",2.541,1.538,6.982,1.946,"Andrenidae","excavator","BENHS",NA,"Mill Hill, London, Greater London, England",51.6154423,-0.2330675,"Andrena chrysosceles",12.5382336952092,2.97839102269881,15.3167529406653,20.3048626568734
"IGproject0886","Andrena","chrysosceles","male",1938,4,30,"England","Greater London","London","Mill Hill",2.231,1.249,6.067,1.584,"Andrenidae","excavator","BENHS",NA,"Mill Hill, London, Greater London, England",51.6154423,-0.2330675,"Andrena chrysosceles",12.5382336952092,2.97839102269881,15.3167529406653,20.3048626568734
"IGproject0887","Andrena","chrysosceles","male",1936,4,26,"England","Greater London","London","Mill Hill",2.519,1.342,6.779,1.762,"Andrenidae","excavator","BENHS",NA,"Mill Hill, London, Greater London, England",51.6154423,-0.2330675,"Andrena chrysosceles",11.6527237752917,3.80801707971306,15.8618852538174,20.5129389236399
"IGproject0888","Andrena","chrysosceles","female",1927,5,14,"England","Dorset","","Yellowham Wood",2.993,1.869,8.317,2.388,"Andrenidae","excavator","BENHS",NA,"Yellowham Wood, Dorset, England",50.74223361,-2.378909966,"Andrena chrysosceles",10.7434518556518,2.38764642687663,13.3242317529813,18.0741261940705
"IGproject0889","Megachile","centuncularis","male",1918,6,28,"England","Kent","Gravesend","",3.367,2.464,7.522,2.177,"Megachilidae","cavity nester","BENHS",NA,"Gravesend, Kent, England",51.4424747,0.3694468,"Megachile centuncularis",16.237044770746,0.366419227934871,16.4817606954871,22.0590088107694
"IGproject0890","Megachile","centuncularis","male",1914,7,19,"England","Kent","Darenth","",3.505,2.778,7.463,2.247,"Megachilidae","cavity nester","BENHS",NA,"Darenth, Kent, England",51.4204344,0.2510385,"Megachile centuncularis",14.9462983077603,0.530905340837231,15.5593131691391,20.5052725550456
"IGproject0891","Megachile","centuncularis","male",1918,6,21,"England","Kent","Gravesend","",3.441,2.514,7.34,2.035,"Megachilidae","cavity nester","BENHS",NA,"Gravesend, Kent, England",51.4424747,0.3694468,"Megachile centuncularis",16.237044770746,0.366419227934871,16.4817606954871,22.0590088107694
"IGproject0892","Megachile","centuncularis","male",1983,8,6,"England","Buckinghamshire","","",3.463,2.578,7.3,2.054,"Megachilidae","cavity nester","BENHS",NA,"Buckinghamshire, England",51.840894,-0.8998074,"Megachile centuncularis",16.1311158841727,0.327183051697281,16.4948407238898,21.4721252042469
"IGproject0893","Megachile","centuncularis","male",1918,6,28,"England","Kent","Gravesend","",3.424,2.673,7.601,2.158,"Megachilidae","cavity nester","BENHS",NA,"Gravesend, Kent, England",51.4424747,0.3694468,"Megachile centuncularis",16.237044770746,0.366419227934871,16.4817606954871,22.0590088107694
"IGproject0894","Megachile","centuncularis","female",1932,8,4,"England","Norfolk","King's Lynn","",3.798,3.206,8.857,2.358,"Megachilidae","cavity nester","BENHS",NA,"King's Lynn, Norfolk, England",52.7538673,0.3954774,"Megachile centuncularis",15.0803587129491,0.933124480575667,16.1067149069357,20.6287549055535
"IGproject0895","Megachile","centuncularis","female",1923,7,18,"England","Dorset","","Yellowham Wood",3.658,3.041,8.343,2.288,"Megachilidae","cavity nester","BENHS",NA,"Yellowham Wood, Dorset, England",50.74223361,-2.378909966,"Megachile centuncularis",13.6883970199413,0.241168526180099,13.9666720083105,18.7488802264807
"IGproject0896","Megachile","centuncularis","female",1915,7,29,"England","Kent","Chatham","",3.592,3.057,8.048,2.225,"Megachilidae","cavity nester","BENHS",NA,"Chatham, Kent, England",51.3731494,0.5502202,"Megachile centuncularis",16.0719634078834,1.28341880014081,16.9253169872018,22.1118502971296
"IGproject0897","Megachile","centuncularis","female",1918,6,23,"England","Kent","Gravesend","",3.703,3.123,8.251,2.365,"Megachilidae","cavity nester","BENHS",NA,"Gravesend, Kent, England",51.4424747,0.3694468,"Megachile centuncularis",16.237044770746,0.366419227934871,16.4817606954871,22.0590088107694
"IGproject0898","Megachile","centuncularis","female",1918,6,23,"England","Kent","Gravesend","",3.65,3.006,8.081,2.371,"Megachilidae","cavity nester","BENHS",NA,"Gravesend, Kent, England",51.4424747,0.3694468,"Megachile centuncularis",16.237044770746,0.366419227934871,16.4817606954871,22.0590088107694
"IGproject0899","Megachile","centuncularis","female",1982,7,10,"England","Buckinghamshire","Burnham","",3.552,3.084,8.227,2.27,"Megachilidae","cavity nester","BENHS",NA,"Burnham, Buckinghamshire, England",51.5362073,-0.6571411,"Megachile centuncularis",15.5320814100398,1.7290260617446,16.8453370351209,22.1336828413758
"IGproject0900","Lasioglossum","fulvicorne","male",1964,9,2,"England","Greater London","Keston","",1.659,1.18,5.019,1.202,"Halictidae","excavator","BENHS",NA,"Keston, Greater London, England",51.3609685,0.0290762,"Lasioglossum fulvicorne",12.915000644121,3.05072003558098,15.4040424346707,20.1483280279031
"IGproject0901","Lasioglossum","fulvicorne","male",1969,8,24,"England","Oxfordshire","Moulsford","",1.873,1.373,5.582,1.344,"Halictidae","excavator","BENHS",NA,"Moulsford, Oxfordshire, England",51.551939,-1.1496589,"Lasioglossum fulvicorne",12.4858744373139,3.52220729048498,15.2654388733973,19.6737994064997
"IGproject0902","Lasioglossum","fulvicorne","male",1968,10,6,"England","Surrey","","White Down",1.709,1.198,5.054,1.258,"Halictidae","excavator","BENHS",NA,"White Down, Surrey, England",51.2271473,-0.4095533,"Lasioglossum fulvicorne",13.2489018564131,3.90736306967627,17.3326823125272,22.6149151780005
"IGproject0903","Lasioglossum","fulvicorne","female",1971,5,9,"England","Berkshire","Windsor","",1.815,1.276,5.437,1.433,"Halictidae","excavator","BENHS",NA,"Windsor, Berkshire, England",51.4837886,-0.6040419,"Lasioglossum fulvicorne",13.8118934183847,4.10583995073602,16.8021951368797,22.7546179034373
"IGproject0904","Lasioglossum","fulvicorne","female",1974,8,17,"England","Hampshire","Leckford","",1.765,1.307,5.323,1.454,"Halictidae","excavator","BENHS",NA,"Leckford, Hampshire, England",51.1373322,-1.4651968,"Lasioglossum fulvicorne",13.4124244029238,3.98592954779454,17.4319019922174,22.6727634012315
"IGproject0905","Lasioglossum","fulvicorne","female",1921,6,8,"England","Kent","Fawkham","",1.839,1.306,5.403,1.422,"Halictidae","excavator","BENHS",NA,"Fawkham, Kent, England",51.3762035,0.2811518,"Lasioglossum fulvicorne",12.9051880275444,2.52930872882206,14.8131911005137,20.0146311191443
"IGproject0906","Lasioglossum","fulvicorne","female",1914,5,31,"England","Kent","Halling","",1.812,1.34,5.398,1.454,"Halictidae","excavator","BENHS",NA,"Halling, Kent, England",51.354593,0.4440944,"Lasioglossum fulvicorne",12.8609978983941,3.04795704474666,15.3834501758239,20.2876842950196
"IGproject0907","Lasioglossum","fulvicorne","female",1911,7,30,"England","Kent","Gravesend","",1.762,1.271,5.027,1.345,"Halictidae","excavator","BENHS",NA,"Gravesend, Kent, England",51.4424747,0.3694468,"Lasioglossum fulvicorne",12.8195821264777,3.3698477684774,15.6788211736953,20.2532975270219
"IGproject0908","Lasioglossum","fulvicorne","male",1904,8,27,"England","Berkshire","Newbury","",1.72,1.201,4.931,1.197,"Halictidae","excavator","BENHS",NA,"Newbury, Berkshire, England",51.4020243,-1.3242212,"Lasioglossum fulvicorne",11.7068834647723,3.52918159962069,15.140226019605,20.1358506452565
"IGproject0909","Lasioglossum","fulvicorne","female",1968,10,6,"England","Surrey","","White Down",1.775,1.273,5.243,1.341,"Halictidae","excavator","BENHS",NA,"White Down, Surrey, England",51.2271473,-0.4095533,"Lasioglossum fulvicorne",13.2489018564131,3.90736306967627,17.3326823125272,22.6149151780005
"IGproject0910","Hylaeus","hyalinatus","male",1983,7,8,"England","Cornwall","","Tregardock Beach",1.583,1.127,4.068,0.984,"Colletidae","cavity nester","BENHS",NA,"Tregardock Beach, Cornwall, England",50.6240515,-4.770595,"Hylaeus hyalinatus",14.8843008242693,0.757387386343178,15.5425540712496,19.1523859788226
"IGproject0911","Hylaeus","hyalinatus","male",1983,7,9,"England","Cornwall","Lizard","",1.729,1.423,4.389,1.086,"Colletidae","cavity nester","BENHS",NA,"Lizard, Cornwall, England",50.02964889,-5.195961501,"Hylaeus hyalinatus",15.1786461752056,0.862407547506394,15.9208995921746,19.449555880426
"IGproject0912","Hylaeus","hyalinatus","male",1982,7,10,"England","Buckinghamshire","Burnham","",1.616,1.227,4.246,1.058,"Colletidae","cavity nester","BENHS",NA,"Burnham, Buckinghamshire, England",51.5362073,-0.6571411,"Hylaeus hyalinatus",15.5320814100398,1.7290260617446,16.8453370351209,22.1336828413758
"IGproject0913","Hylaeus","hyalinatus","female",1970,6,28,"England","Surrey","Milford","",1.644,1.292,4.478,1.12,"Colletidae","cavity nester","BENHS",NA,"Milford, Surrey, England",51.163179,-0.6368939,"Hylaeus hyalinatus",15.8712058746105,1.7123563636036,17.2428019498515,22.8851740840264
"IGproject0914","Hylaeus","hyalinatus","female",1918,6,21,"England","Kent","Gravesend","",1.733,1.321,4.55,1.122,"Colletidae","cavity nester","BENHS",NA,"Gravesend, Kent, England",51.4424747,0.3694468,"Hylaeus hyalinatus",16.237044770746,0.366419227934871,16.4817606954871,22.0590088107694
"IGproject0915","Hylaeus","hyalinatus","female",1982,5,31,"England","Buckinghamshire","Burnham","",1.67,1.246,4.517,1.089,"Colletidae","cavity nester","BENHS",NA,"Burnham, Buckinghamshire, England",51.5362073,-0.6571411,"Hylaeus hyalinatus",15.5320814100398,1.7290260617446,16.8453370351209,22.1336828413758
"IGproject0916","Hylaeus","hyalinatus","female",1983,8,6,"England","Buckinghamshire","Burnham","",1.54,1.195,4.304,0.986,"Colletidae","cavity nester","BENHS",NA,"Burnham, Buckinghamshire, England",51.5362073,-0.6571411,"Hylaeus hyalinatus",16.4526082019194,0.410487890255374,16.9123600713839,21.8309873034693
"IGproject0917","Hylaeus","hyalinatus","female",1937,7,11,"England","Dorset","Dorchester","",1.64,1.265,4.487,1.098,"Colletidae","cavity nester","BENHS",NA,"Dorchester, Dorset, England",50.7132064,-2.4371229,"Hylaeus hyalinatus",14.8121821228597,0.806606381118942,15.7016176381697,20.6327260467036
"IGproject0918","Hylaeus","hyalinatus","female",1982,6,23,"England","Buckinghamshire","Burnham","",1.712,1.347,4.59,1.1,"Colletidae","cavity nester","BENHS",NA,"Burnham, Buckinghamshire, England",51.5362073,-0.6571411,"Hylaeus hyalinatus",15.5320814100398,1.7290260617446,16.8453370351209,22.1336828413758
"IGproject0919","Colletes","succintus","male",1973,8,27,"England","Noth Yorkshire","","Sleddale Beck",3.246,2.495,7.719,2.06,"Colletidae","excavator","OUMNH",NA,"Sleddale Beck, Noth Yorkshire, England",54.48524892,-1.02487434,"Colletes succintus",12.6400851079989,2.00324139986295,13.8047977355081,18.1248525139422
"IGproject0920","Colletes","succintus","male",1973,8,27,"England","Noth Yorkshire","","Sleddale Beck",3.11,2.221,7.473,1.999,"Colletidae","excavator","OUMNH",NA,"Sleddale Beck, Noth Yorkshire, England",54.48524892,-1.02487434,"Colletes succintus",12.6400851079989,2.00324139986295,13.8047977355081,18.1248525139422
"IGproject0921","Colletes","succintus","male",1973,8,27,"England","Noth Yorkshire","","Sleddale Beck",3.027,2.268,7.259,1.878,"Colletidae","excavator","OUMNH",NA,"Sleddale Beck, Noth Yorkshire, England",54.48524892,-1.02487434,"Colletes succintus",12.6400851079989,2.00324139986295,13.8047977355081,18.1248525139422
"IGproject0922","Colletes","succintus","male",1973,8,27,"England","Noth Yorkshire","","Sleddale Beck",3.059,2.328,7.414,1.921,"Colletidae","excavator","OUMNH",NA,"Sleddale Beck, Noth Yorkshire, England",54.48524892,-1.02487434,"Colletes succintus",12.6400851079989,2.00324139986295,13.8047977355081,18.1248525139422
"IGproject0923","Colletes","succintus","male",1973,8,27,"England","Noth Yorkshire","","Sleddale Beck",3.153,2.352,7.23,1.921,"Colletidae","excavator","OUMNH",NA,"Sleddale Beck, Noth Yorkshire, England",54.48524892,-1.02487434,"Colletes succintus",12.6400851079989,2.00324139986295,13.8047977355081,18.1248525139422
"IGproject0924","Colletes","succintus","male",1973,8,27,"England","Noth Yorkshire","","Sleddale Beck",3.171,2.41,7.602,1.964,"Colletidae","excavator","OUMNH",NA,"Sleddale Beck, Noth Yorkshire, England",54.48524892,-1.02487434,"Colletes succintus",12.6400851079989,2.00324139986295,13.8047977355081,18.1248525139422
"IGproject0925","Colletes","succintus","male",1973,8,27,"England","Noth Yorkshire","","Sleddale Beck",2.981,2.371,6.781,1.865,"Colletidae","excavator","OUMNH",NA,"Sleddale Beck, Noth Yorkshire, England",54.48524892,-1.02487434,"Colletes succintus",12.6400851079989,2.00324139986295,13.8047977355081,18.1248525139422
"IGproject0926","Colletes","succintus","male",1973,8,27,"England","Noth Yorkshire","","Sleddale Beck",3.108,2.392,7.342,1.965,"Colletidae","excavator","OUMNH",NA,"Sleddale Beck, Noth Yorkshire, England",54.48524892,-1.02487434,"Colletes succintus",12.6400851079989,2.00324139986295,13.8047977355081,18.1248525139422
"IGproject0927","Colletes","succintus","male",1973,8,27,"England","Noth Yorkshire","","Sleddale Beck",3.143,2.403,7.672,1.948,"Colletidae","excavator","OUMNH",NA,"Sleddale Beck, Noth Yorkshire, England",54.48524892,-1.02487434,"Colletes succintus",12.6400851079989,2.00324139986295,13.8047977355081,18.1248525139422
"IGproject0928","Colletes","succintus","male",1973,8,27,"England","Noth Yorkshire","","Sleddale Beck",3.171,2.533,7.658,2.053,"Colletidae","excavator","OUMNH",NA,"Sleddale Beck, Noth Yorkshire, England",54.48524892,-1.02487434,"Colletes succintus",12.6400851079989,2.00324139986295,13.8047977355081,18.1248525139422
"IGproject0929","Colletes","succintus","male",1973,8,27,"England","Noth Yorkshire","","Sleddale Beck",3.031,2.477,7.108,1.902,"Colletidae","excavator","OUMNH",NA,"Sleddale Beck, Noth Yorkshire, England",54.48524892,-1.02487434,"Colletes succintus",12.6400851079989,2.00324139986295,13.8047977355081,18.1248525139422
"IGproject0930","Colletes","succintus","male",1973,8,27,"England","Noth Yorkshire","","Sleddale Beck",3.144,2.436,7.411,1.984,"Colletidae","excavator","OUMNH",NA,"Sleddale Beck, Noth Yorkshire, England",54.48524892,-1.02487434,"Colletes succintus",12.6400851079989,2.00324139986295,13.8047977355081,18.1248525139422
"IGproject0931","Colletes","succintus","male",1973,8,27,"England","Noth Yorkshire","","Sleddale Beck",3.125,2.369,7.528,1.896,"Colletidae","excavator","OUMNH",NA,"Sleddale Beck, Noth Yorkshire, England",54.48524892,-1.02487434,"Colletes succintus",12.6400851079989,2.00324139986295,13.8047977355081,18.1248525139422
"IGproject0932","Colletes","succintus","male",1973,8,27,"England","Noth Yorkshire","","Sleddale Beck",3.131,2.465,7.803,1.967,"Colletidae","excavator","OUMNH",NA,"Sleddale Beck, Noth Yorkshire, England",54.48524892,-1.02487434,"Colletes succintus",12.6400851079989,2.00324139986295,13.8047977355081,18.1248525139422
"IGproject0933","Colletes","succintus","male",1973,8,27,"England","Noth Yorkshire","","Sleddale Beck",3.181,2.51,7.633,1.982,"Colletidae","excavator","OUMNH",NA,"Sleddale Beck, Noth Yorkshire, England",54.48524892,-1.02487434,"Colletes succintus",12.6400851079989,2.00324139986295,13.8047977355081,18.1248525139422
"IGproject0934","Colletes","succintus","male",1973,8,27,"England","Noth Yorkshire","","Sleddale Beck",3.191,2.441,7.695,1.971,"Colletidae","excavator","OUMNH",NA,"Sleddale Beck, Noth Yorkshire, England",54.48524892,-1.02487434,"Colletes succintus",12.6400851079989,2.00324139986295,13.8047977355081,18.1248525139422
"IGproject0935","Colletes","succintus","female",1973,8,27,"England","Noth Yorkshire","","Sleddale Beck",3.101,2.406,7.903,2.081,"Colletidae","excavator","OUMNH",NA,"Sleddale Beck, Noth Yorkshire, England",54.48524892,-1.02487434,"Colletes succintus",12.6400851079989,2.00324139986295,13.8047977355081,18.1248525139422
"IGproject0936","Colletes","succintus","female",1973,8,27,"England","Noth Yorkshire","","Sleddale Beck",3.624,2.868,8.784,2.469,"Colletidae","excavator","OUMNH",NA,"Sleddale Beck, Noth Yorkshire, England",54.48524892,-1.02487434,"Colletes succintus",12.6400851079989,2.00324139986295,13.8047977355081,18.1248525139422
"IGproject0937","Colletes","succintus","female",1973,8,27,"England","Noth Yorkshire","","Sleddale Beck",3.367,2.657,8.479,2.343,"Colletidae","excavator","OUMNH",NA,"Sleddale Beck, Noth Yorkshire, England",54.48524892,-1.02487434,"Colletes succintus",12.6400851079989,2.00324139986295,13.8047977355081,18.1248525139422
"IGproject0938","Colletes","succintus","female",1973,8,27,"England","Noth Yorkshire","","Sleddale Beck",3.496,2.853,8.467,2.388,"Colletidae","excavator","OUMNH",NA,"Sleddale Beck, Noth Yorkshire, England",54.48524892,-1.02487434,"Colletes succintus",12.6400851079989,2.00324139986295,13.8047977355081,18.1248525139422
"IGproject0939","Colletes","succintus","female",1973,8,27,"England","Noth Yorkshire","","Sleddale Beck",3.458,2.79,8.855,2.343,"Colletidae","excavator","OUMNH",NA,"Sleddale Beck, Noth Yorkshire, England",54.48524892,-1.02487434,"Colletes succintus",12.6400851079989,2.00324139986295,13.8047977355081,18.1248525139422
"IGproject0940","Colletes","succintus","female",1973,8,27,"England","Noth Yorkshire","","Sleddale Beck",3.333,2.595,8.268,2.192,"Colletidae","excavator","OUMNH",NA,"Sleddale Beck, Noth Yorkshire, England",54.48524892,-1.02487434,"Colletes succintus",12.6400851079989,2.00324139986295,13.8047977355081,18.1248525139422
"IGproject0941","Colletes","succintus","female",1973,8,27,"England","Noth Yorkshire","","Sleddale Beck",3.331,2.613,8.62,2.191,"Colletidae","excavator","OUMNH",NA,"Sleddale Beck, Noth Yorkshire, England",54.48524892,-1.02487434,"Colletes succintus",12.6400851079989,2.00324139986295,13.8047977355081,18.1248525139422
"IGproject0942","Colletes","succintus","female",1973,8,27,"England","Noth Yorkshire","","Sleddale Beck",3.534,2.9,8.709,2.48,"Colletidae","excavator","OUMNH",NA,"Sleddale Beck, Noth Yorkshire, England",54.48524892,-1.02487434,"Colletes succintus",12.6400851079989,2.00324139986295,13.8047977355081,18.1248525139422
"IGproject0943","Colletes","succintus","female",1973,8,27,"England","Noth Yorkshire","","Sleddale Beck",3.374,2.82,8.572,2.286,"Colletidae","excavator","OUMNH",NA,"Sleddale Beck, Noth Yorkshire, England",54.48524892,-1.02487434,"Colletes succintus",12.6400851079989,2.00324139986295,13.8047977355081,18.1248525139422
"IGproject0944","Colletes","succintus","female",1973,8,27,"England","Noth Yorkshire","","Sleddale Beck",3.26,2.485,7.715,2.162,"Colletidae","excavator","OUMNH",NA,"Sleddale Beck, Noth Yorkshire, England",54.48524892,-1.02487434,"Colletes succintus",12.6400851079989,2.00324139986295,13.8047977355081,18.1248525139422
"IGproject0945","Colletes","succintus","male",1973,8,27,"England","Noth Yorkshire","","Sleddale Beck",2.991,2.369,6.932,1.771,"Colletidae","excavator","OUMNH",NA,"Sleddale Beck, Noth Yorkshire, England",54.48524892,-1.02487434,"Colletes succintus",12.6400851079989,2.00324139986295,13.8047977355081,18.1248525139422
"IGproject0946","Colletes","succintus","male",1973,8,27,"England","Noth Yorkshire","","Sleddale Beck",3.284,2.603,7.826,2.061,"Colletidae","excavator","OUMNH",NA,"Sleddale Beck, Noth Yorkshire, England",54.48524892,-1.02487434,"Colletes succintus",12.6400851079989,2.00324139986295,13.8047977355081,18.1248525139422
"IGproject0947","Colletes","succintus","male",1973,8,27,"England","Noth Yorkshire","","Sleddale Beck",3.163,2.38,7.247,1.954,"Colletidae","excavator","OUMNH",NA,"Sleddale Beck, Noth Yorkshire, England",54.48524892,-1.02487434,"Colletes succintus",12.6400851079989,2.00324139986295,13.8047977355081,18.1248525139422
"IGproject0948","Colletes","succintus","male",1973,8,27,"England","Noth Yorkshire","","Sleddale Beck",3.339,2.428,7.372,2.077,"Colletidae","excavator","OUMNH",NA,"Sleddale Beck, Noth Yorkshire, England",54.48524892,-1.02487434,"Colletes succintus",12.6400851079989,2.00324139986295,13.8047977355081,18.1248525139422
"IGproject0949","Colletes","succintus","male",1973,8,27,"England","Noth Yorkshire","","Sleddale Beck",3.239,2.561,7.625,1.953,"Colletidae","excavator","OUMNH",NA,"Sleddale Beck, Noth Yorkshire, England",54.48524892,-1.02487434,"Colletes succintus",12.6400851079989,2.00324139986295,13.8047977355081,18.1248525139422
"IGproject0950","Colletes","succintus","male",1973,8,27,"England","Noth Yorkshire","","Sleddale Beck",3.168,2.481,7.575,2.009,"Colletidae","excavator","OUMNH",NA,"Sleddale Beck, Noth Yorkshire, England",54.48524892,-1.02487434,"Colletes succintus",12.6400851079989,2.00324139986295,13.8047977355081,18.1248525139422
"IGproject0951","Colletes","succintus","male",1973,8,27,"England","Noth Yorkshire","","Sleddale Beck",3.135,2.362,7.242,2.032,"Colletidae","excavator","OUMNH",NA,"Sleddale Beck, Noth Yorkshire, England",54.48524892,-1.02487434,"Colletes succintus",12.6400851079989,2.00324139986295,13.8047977355081,18.1248525139422
"IGproject0952","Colletes","succintus","male",1973,8,27,"England","Noth Yorkshire","","Sleddale Beck",3.132,2.355,7.257,2.029,"Colletidae","excavator","OUMNH",NA,"Sleddale Beck, Noth Yorkshire, England",54.48524892,-1.02487434,"Colletes succintus",12.6400851079989,2.00324139986295,13.8047977355081,18.1248525139422
"IGproject0953","Colletes","succintus","male",1973,8,27,"England","Noth Yorkshire","","Sleddale Beck",3.182,2.405,7.385,1.93,"Colletidae","excavator","OUMNH",NA,"Sleddale Beck, Noth Yorkshire, England",54.48524892,-1.02487434,"Colletes succintus",12.6400851079989,2.00324139986295,13.8047977355081,18.1248525139422
"IGproject0954","Colletes","succintus","male",1973,8,27,"England","Noth Yorkshire","","Sleddale Beck",3.209,2.583,7.721,2.035,"Colletidae","excavator","OUMNH",NA,"Sleddale Beck, Noth Yorkshire, England",54.48524892,-1.02487434,"Colletes succintus",12.6400851079989,2.00324139986295,13.8047977355081,18.1248525139422
"IGproject0955","Colletes","succintus","male",1973,8,27,"England","Noth Yorkshire","","Sleddale Beck",3.136,2.406,7.556,2.036,"Colletidae","excavator","OUMNH",NA,"Sleddale Beck, Noth Yorkshire, England",54.48524892,-1.02487434,"Colletes succintus",12.6400851079989,2.00324139986295,13.8047977355081,18.1248525139422
"IGproject0956","Colletes","succintus","male",1973,8,27,"England","Noth Yorkshire","","Sleddale Beck",3.185,2.407,7.32,2.039,"Colletidae","excavator","OUMNH",NA,"Sleddale Beck, Noth Yorkshire, England",54.48524892,-1.02487434,"Colletes succintus",12.6400851079989,2.00324139986295,13.8047977355081,18.1248525139422
"IGproject0957","Colletes","succintus","male",1973,8,27,"England","Noth Yorkshire","","Sleddale Beck",3.261,2.577,7.611,2.152,"Colletidae","excavator","OUMNH",NA,"Sleddale Beck, Noth Yorkshire, England",54.48524892,-1.02487434,"Colletes succintus",12.6400851079989,2.00324139986295,13.8047977355081,18.1248525139422
"IGproject0958","Colletes","succintus","male",1973,8,27,"England","Noth Yorkshire","","Sleddale Beck",3.022,2.304,7.091,1.928,"Colletidae","excavator","OUMNH",NA,"Sleddale Beck, Noth Yorkshire, England",54.48524892,-1.02487434,"Colletes succintus",12.6400851079989,2.00324139986295,13.8047977355081,18.1248525139422
"IGproject0959","Colletes","succintus","male",1973,8,27,"England","Noth Yorkshire","","Sleddale Beck",3.223,2.516,7.33,2.036,"Colletidae","excavator","OUMNH",NA,"Sleddale Beck, Noth Yorkshire, England",54.48524892,-1.02487434,"Colletes succintus",12.6400851079989,2.00324139986295,13.8047977355081,18.1248525139422
"IGproject0960","Colletes","succintus","female",1973,8,27,"England","Noth Yorkshire","","Sleddale Beck",3.071,2.297,6.912,1.946,"Colletidae","excavator","OUMNH",NA,"Sleddale Beck, Noth Yorkshire, England",54.48524892,-1.02487434,"Colletes succintus",12.6400851079989,2.00324139986295,13.8047977355081,18.1248525139422
"IGproject0961","Colletes","succintus","female",1973,8,27,"England","Noth Yorkshire","","Sleddale Beck",3.42,2.829,8.693,2.303,"Colletidae","excavator","OUMNH",NA,"Sleddale Beck, Noth Yorkshire, England",54.48524892,-1.02487434,"Colletes succintus",12.6400851079989,2.00324139986295,13.8047977355081,18.1248525139422
"IGproject0962","Colletes","succintus","female",1973,8,27,"England","Noth Yorkshire","","Sleddale Beck",3.53,2.994,8.491,2.435,"Colletidae","excavator","OUMNH",NA,"Sleddale Beck, Noth Yorkshire, England",54.48524892,-1.02487434,"Colletes succintus",12.6400851079989,2.00324139986295,13.8047977355081,18.1248525139422
"IGproject0963","Colletes","succintus","female",1973,8,27,"England","Noth Yorkshire","","Sleddale Beck",3.429,2.708,8.818,2.288,"Colletidae","excavator","OUMNH",NA,"Sleddale Beck, Noth Yorkshire, England",54.48524892,-1.02487434,"Colletes succintus",12.6400851079989,2.00324139986295,13.8047977355081,18.1248525139422
"IGproject0964","Colletes","succintus","female",1973,8,27,"England","Noth Yorkshire","","Sleddale Beck",3.471,2.829,8.854,2.36,"Colletidae","excavator","OUMNH",NA,"Sleddale Beck, Noth Yorkshire, England",54.48524892,-1.02487434,"Colletes succintus",12.6400851079989,2.00324139986295,13.8047977355081,18.1248525139422
"IGproject0965","Colletes","succintus","female",1973,8,27,"England","Noth Yorkshire","","Sleddale Beck",3.376,2.762,7.811,2.247,"Colletidae","excavator","OUMNH",NA,"Sleddale Beck, Noth Yorkshire, England",54.48524892,-1.02487434,"Colletes succintus",12.6400851079989,2.00324139986295,13.8047977355081,18.1248525139422
"IGproject0966","Colletes","succintus","female",1973,8,27,"England","Noth Yorkshire","","Sleddale Beck",3.422,2.882,8.668,2.265,"Colletidae","excavator","OUMNH",NA,"Sleddale Beck, Noth Yorkshire, England",54.48524892,-1.02487434,"Colletes succintus",12.6400851079989,2.00324139986295,13.8047977355081,18.1248525139422
"IGproject0967","Colletes","succintus","female",1973,8,27,"England","Noth Yorkshire","","Sleddale Beck",3.457,2.938,8.607,2.331,"Colletidae","excavator","OUMNH",NA,"Sleddale Beck, Noth Yorkshire, England",54.48524892,-1.02487434,"Colletes succintus",12.6400851079989,2.00324139986295,13.8047977355081,18.1248525139422
"IGproject0968","Colletes","succintus","female",1973,8,27,"England","Noth Yorkshire","","Sleddale Beck",3.508,2.895,9.074,2.407,"Colletidae","excavator","OUMNH",NA,"Sleddale Beck, Noth Yorkshire, England",54.48524892,-1.02487434,"Colletes succintus",12.6400851079989,2.00324139986295,13.8047977355081,18.1248525139422
"IGproject0969","Colletes","succintus","female",1973,8,27,"England","Noth Yorkshire","","Sleddale Beck",3.486,2.736,8.831,2.401,"Colletidae","excavator","OUMNH",NA,"Sleddale Beck, Noth Yorkshire, England",54.48524892,-1.02487434,"Colletes succintus",12.6400851079989,2.00324139986295,13.8047977355081,18.1248525139422
"IGproject0970","Colletes","succintus","female",1973,8,27,"England","Noth Yorkshire","","Sleddale Beck",3.339,2.703,8.505,2.271,"Colletidae","excavator","OUMNH",NA,"Sleddale Beck, Noth Yorkshire, England",54.48524892,-1.02487434,"Colletes succintus",12.6400851079989,2.00324139986295,13.8047977355081,18.1248525139422
"IGproject0971","Colletes","succintus","female",1973,8,27,"England","Noth Yorkshire","","Sleddale Beck",3.481,2.878,8.917,2.317,"Colletidae","excavator","OUMNH",NA,"Sleddale Beck, Noth Yorkshire, England",54.48524892,-1.02487434,"Colletes succintus",12.6400851079989,2.00324139986295,13.8047977355081,18.1248525139422
"IGproject0972","Colletes","succintus","female",1973,8,27,"England","Noth Yorkshire","","Sleddale Beck",3.554,2.994,8.687,2.473,"Colletidae","excavator","OUMNH",NA,"Sleddale Beck, Noth Yorkshire, England",54.48524892,-1.02487434,"Colletes succintus",12.6400851079989,2.00324139986295,13.8047977355081,18.1248525139422
"IGproject0973","Colletes","succintus","female",1973,8,27,"England","Noth Yorkshire","","Sleddale Beck",3.446,2.669,8.704,2.314,"Colletidae","excavator","OUMNH",NA,"Sleddale Beck, Noth Yorkshire, England",54.48524892,-1.02487434,"Colletes succintus",12.6400851079989,2.00324139986295,13.8047977355081,18.1248525139422
"IGproject0974","Nomada","flava","female",1916,5,NA,"England","Devon","Paignton","",2.659,1.739,8.921,2.485,"Apidae","kleptoparasite","OUMNH",NA,"Paignton, Devon, England",50.4377018,-3.5632704,"Nomada flava",11.5414307453326,2.62078529160031,13.856507227226,17.7838912756004
"IGproject0975","Nomada","flava","female",1916,5,NA,"England","Devon","Paignton","",2.747,1.877,9.291,2.572,"Apidae","kleptoparasite","OUMNH",NA,"Paignton, Devon, England",50.4377018,-3.5632704,"Nomada flava",11.5414307453326,2.62078529160031,13.856507227226,17.7838912756004
"IGproject0976","Nomada","flava","female",1916,5,NA,"England","Devon","Paignton","",2.793,1.947,9.328,2.691,"Apidae","kleptoparasite","OUMNH",NA,"Paignton, Devon, England",50.4377018,-3.5632704,"Nomada flava",11.5414307453326,2.62078529160031,13.856507227226,17.7838912756004
"IGproject0977","Nomada","flava","female",1916,5,NA,"England","Devon","Paignton","",2.412,1.553,8.013,2.3,"Apidae","kleptoparasite","OUMNH",NA,"Paignton, Devon, England",50.4377018,-3.5632704,"Nomada flava",11.5414307453326,2.62078529160031,13.856507227226,17.7838912756004
"IGproject0978","Nomada","flava","female",1915,6,3,"England","Devon","Brixham","Churston Ferrers",2.933,2.036,9.818,2.796,"Apidae","kleptoparasite","OUMNH",NA,"Churston Ferrers, Brixham, Devon, England",50.3945707,-3.565572,"Nomada flava",12.2090842776414,2.43388138236681,14.9124896089952,19.6507270811532
"IGproject0979","Nomada","flava","female",1921,5,NA,"England","Devon","Newton Abbot","",2.805,1.979,9.455,2.744,"Apidae","kleptoparasite","OUMNH",NA,"Newton Abbot, Devon, England",50.5296441,-3.6112097,"Nomada flava",11.6451473145224,2.63274567908629,14.2684035648929,18.379552135648
"IGproject0980","Nomada","flava","female",1916,5,NA,"England","Devon","Paignton","",2.346,1.571,7.976,2.262,"Apidae","kleptoparasite","OUMNH",NA,"Paignton, Devon, England",50.4377018,-3.5632704,"Nomada flava",11.5414307453326,2.62078529160031,13.856507227226,17.7838912756004
"IGproject0981","Nomada","flava","female",1908,5,30,"England","West Midlands","Knowle","",2.784,1.96,9.43,2.806,"Apidae","kleptoparasite","OUMNH",NA,"Knowle, West Midlands, England",52.3932659,-1.738959,"Nomada flava",9.96154338858658,2.5359710068076,12.3281047185804,16.6104902297957
"IGproject0982","Nomada","flava","female",1916,5,NA,"England","Devon","Paignton","",2.424,1.613,8.099,2.39,"Apidae","kleptoparasite","OUMNH",NA,"Paignton, Devon, England",50.4377018,-3.5632704,"Nomada flava",11.5414307453326,2.62078529160031,13.856507227226,17.7838912756004
"IGproject0983","Nomada","flava","female",1915,5,17,"England","Gloucestershire","Wotton-under-Edge","",2.789,1.911,9.613,2.664,"Apidae","kleptoparasite","OUMNH",NA,"Wotton-under-Edge, Gloucestershire, England",51.6378241,-2.3547251,"Nomada flava",11.9630390491139,2.57203285281756,14.8611099175124,20.2101649571598
"IGproject0984","Nomada","flava","female",1921,5,NA,"England","Devon","Newton Abbot","",2.511,1.648,8.59,2.472,"Apidae","kleptoparasite","OUMNH",NA,"Newton Abbot, Devon, England",50.5296441,-3.6112097,"Nomada flava",11.6451473145224,2.63274567908629,14.2684035648929,18.379552135648
"IGproject0985","Nomada","flava","female",1915,5,18,"England","Gloucestershire","Wotton-under-Edge","",2.833,1.948,9.48,2.777,"Apidae","kleptoparasite","OUMNH",NA,"Wotton-under-Edge, Gloucestershire, England",51.6378241,-2.3547251,"Nomada flava",11.9630390491139,2.57203285281756,14.8611099175124,20.2101649571598
"IGproject0986","Nomada","flava","female",1902,5,25,"England","Greater London","London","Wimbledon",2.883,2.016,9.881,2.709,"Apidae","kleptoparasite","OUMNH",NA,"Wimbledon, London, Greater London, England",51.4214787,-0.2064027,"Nomada flava",11.6766186197702,2.96177506759783,14.6719635517494,20.2934622152856
"IGproject0987","Nomada","flava","female",1918,5,19,"England","Devon","Paignton","",2.853,1.983,9.605,2.77,"Apidae","kleptoparasite","OUMNH",NA,"Paignton, Devon, England",50.4377018,-3.5632704,"Nomada flava",11.1935926202778,4.11375755337829,14.6830037211274,18.6624175575405
"IGproject0988","Nomada","flava","female",1915,5,18,"England","Gloucestershire","Wotton-under-Edge","",2.239,1.387,7.371,2.161,"Apidae","kleptoparasite","OUMNH",NA,"Wotton-under-Edge, Gloucestershire, England",51.6378241,-2.3547251,"Nomada flava",11.9630390491139,2.57203285281756,14.8611099175124,20.2101649571598
"IGproject0989","Nomada","flava","female",1918,5,19,"England","Devon","Paignton","",2.203,1.369,7.349,2,"Apidae","kleptoparasite","OUMNH",NA,"Paignton, Devon, England",50.4377018,-3.5632704,"Nomada flava",11.1935926202778,4.11375755337829,14.6830037211274,18.6624175575405
"IGproject0990","Nomada","flava","female",1947,5,11,"England","Devon","Sheepstor","",2.416,1.675,7.927,2.19,"Apidae","kleptoparasite","OUMNH",NA,"Sheepstor, Devon, England",50.4908765,-4.0318718,"Nomada flava",10.4618608404014,1.37743631742811,11.8662313220683,15.5462890797593
"IGproject0991","Nomada","flava","female",1947,5,1,"England","Devon","Sheepstor","",2.517,1.734,8.097,2.259,"Apidae","kleptoparasite","OUMNH",NA,"Sheepstor, Devon, England",50.4908765,-4.0318718,"Nomada flava",10.4618608404014,1.37743631742811,11.8662313220683,15.5462890797593
"IGproject0992","Nomada","flava","female",1947,5,1,"England","Devon","Sheepstor","",2.438,1.663,8.08,2.315,"Apidae","kleptoparasite","OUMNH",NA,"Sheepstor, Devon, England",50.4908765,-4.0318718,"Nomada flava",10.4618608404014,1.37743631742811,11.8662313220683,15.5462890797593
"IGproject0993","Nomada","flava","female",1947,5,11,"England","Devon","Sheepstor","",2.358,1.628,7.71,2.274,"Apidae","kleptoparasite","OUMNH",NA,"Sheepstor, Devon, England",50.4908765,-4.0318718,"Nomada flava",10.4618608404014,1.37743631742811,11.8662313220683,15.5462890797593
"IGproject0994","Nomada","flava","female",1947,5,1,"England","Devon","Sheepstor","",2.517,1.703,8.122,2.372,"Apidae","kleptoparasite","OUMNH",NA,"Sheepstor, Devon, England",50.4908765,-4.0318718,"Nomada flava",10.4618608404014,1.37743631742811,11.8662313220683,15.5462890797593
"IGproject0995","Nomada","flava","female",1947,5,11,"England","Devon","Sheepstor","",2.452,1.69,8.006,2.332,"Apidae","kleptoparasite","OUMNH",NA,"Sheepstor, Devon, England",50.4908765,-4.0318718,"Nomada flava",10.4618608404014,1.37743631742811,11.8662313220683,15.5462890797593
"IGproject0996","Nomada","flava","female",1947,5,11,"England","Devon","Dewerstone","",2.477,1.708,8.242,2.309,"Apidae","kleptoparasite","OUMNH",NA,"Dewerstone, Devon, England",50.4566379,-4.0611944,"Nomada flava",10.6133957623911,1.3723553404631,12.0082111764461,15.6771171648679
"IGproject0997","Nomada","flava","female",1946,5,4,"England","Devon","Plymouth","Dewerstone Forest, Near Shaugh Prior",2.192,1.428,7.067,2.11,"Apidae","kleptoparasite","OUMNH",NA,"Dewerstone Forest, Near Shaugh Prior, Plymouth, Devon, England",50.45504038,-4.059848681,"Nomada flava",11.5517479673589,1.65145386162973,13.2440949054275,16.8617710165473
"IGproject0998","Nomada","flava","female",1947,5,11,"England","Devon","Sheepstor","",2.402,1.684,8.11,2.33,"Apidae","kleptoparasite","OUMNH",NA,"Sheepstor, Devon, England",50.4908765,-4.0318718,"Nomada flava",10.4618608404014,1.37743631742811,11.8662313220683,15.5462890797593
"IGproject0999","Nomada","flava","female",1947,5,11,"England","Devon","Sheepstor","",2.5,1.733,8.285,2.444,"Apidae","kleptoparasite","OUMNH",NA,"Sheepstor, Devon, England",50.4908765,-4.0318718,"Nomada flava",10.4618608404014,1.37743631742811,11.8662313220683,15.5462890797593
"IGproject1000","Nomada","flava","female",1947,5,11,"England","Devon","Sheepstor","",2.149,1.405,7.08,1.972,"Apidae","kleptoparasite","OUMNH",NA,"Sheepstor, Devon, England",50.4908765,-4.0318718,"Nomada flava",10.4618608404014,1.37743631742811,11.8662313220683,15.5462890797593
"IGproject1001","Nomada","flava","female",1943,5,43,"England","Hampshire","","New Forest",2.069,1.35,6.699,1.974,"Apidae","kleptoparasite","OUMNH",NA,"New Forest, Hampshire, England",50.8557268,-1.5956844,"Nomada flava",11.8602309102378,2.60826057221868,14.7222355183343,20.8300346669809
"IGproject1002","Nomada","flava","female",1947,5,11,"England","Devon","Sheepstor","",2.056,1.277,6.701,1.946,"Apidae","kleptoparasite","OUMNH",NA,"Sheepstor, Devon, England",50.4908765,-4.0318718,"Nomada flava",10.4618608404014,1.37743631742811,11.8662313220683,15.5462890797593
"IGproject1003","Nomada","flava","female",1979,5,14,"England","Devon","Sheepstor","",2.531,1.755,8.368,2.342,"Apidae","kleptoparasite","OUMNH",NA,"Sheepstor, Devon, England",50.4908765,-4.0318718,"Nomada flava",10.0655351362963,3.55913865769234,12.911483378239,16.8804039522748
"IGproject1004","Nomada","flava","female",1943,5,16,"England","Hampshire","Lyndhurst","",2.462,1.687,7.925,2.285,"Apidae","kleptoparasite","OUMNH",NA,"Lyndhurst, Hampshire, England",50.8727657,-1.5748436,"Nomada flava",11.888099759927,2.61534655095517,14.7563412593668,20.902215900782
"IGproject1005","Nomada","flava","female",1936,5,3,"England","Devon","Dartmoor","Hexworthy",2.5,1.76,8.277,2.421,"Apidae","kleptoparasite","OUMNH",NA,"Hexworthy, Dartmoor, Devon, England",50.5379971,-3.8990284,"Nomada flava",10.3964342459084,2.69106439077569,13.2831368478444,16.8836652707552
"IGproject1006","Nomada","flava","female",1930,4,25,"England","Devon","Plymouth","Dewerstone Forest, Near Shaugh Prior",2.457,1.77,8.239,2.322,"Apidae","kleptoparasite","OUMNH",NA,"Dewerstone Forest, Near Shaugh Prior, Plymouth, Devon, England",50.45504038,-4.059848681,"Nomada flava",10.0715697238363,2.82791329808484,12.7164065274483,16.9304378786643
"IGproject1007","Nomada","flava","female",1930,4,25,"England","Devon","Plymouth","Dewerstone Forest, Near Shaugh Prior",2.448,1.655,8.038,2.244,"Apidae","kleptoparasite","OUMNH",NA,"Dewerstone Forest, Near Shaugh Prior, Plymouth, Devon, England",50.45504038,-4.059848681,"Nomada flava",10.0715697238363,2.82791329808484,12.7164065274483,16.9304378786643
"IGproject1008","Nomada","flava","female",1930,4,25,"England","Devon","Plymouth","Dewerstone Forest, Near Shaugh Prior",2.477,1.73,8.152,2.373,"Apidae","kleptoparasite","OUMNH",NA,"Dewerstone Forest, Near Shaugh Prior, Plymouth, Devon, England",50.45504038,-4.059848681,"Nomada flava",10.0715697238363,2.82791329808484,12.7164065274483,16.9304378786643
"IGproject1009","Nomada","flava","female",1947,5,4,"England","Devon","Plymouth","Dewerstone Forest, Near Shaugh Prior",2.389,1.563,7.689,2.177,"Apidae","kleptoparasite","OUMNH",NA,"Dewerstone Forest, Near Shaugh Prior, Plymouth, Devon, England",50.45504038,-4.059848681,"Nomada flava",10.6152609445805,1.37308940379261,12.0109317691238,15.6791537269824
"IGproject1010","Nomada","flava","female",1946,5,4,"England","Devon","Plymouth","Dewerstone Forest, Near Shaugh Prior",2.31,1.555,7.805,2.116,"Apidae","kleptoparasite","OUMNH",NA,"Dewerstone Forest, Near Shaugh Prior, Plymouth, Devon, England",50.45504038,-4.059848681,"Nomada flava",11.5517479673589,1.65145386162973,13.2440949054275,16.8617710165473
"IGproject1011","Nomada","flava","male",1918,4,27,"England","Devon","Paignton","",2.368,1.438,7.542,2.085,"Apidae","kleptoparasite","OUMNH",NA,"Paignton, Devon, England",50.4377018,-3.5632704,"Nomada flava",11.1935926202778,4.11375755337829,14.6830037211274,18.6624175575405
"IGproject1012","Nomada","flava","male",1918,5,19,"England","Devon","Paignton","",2.847,1.92,9.326,2.556,"Apidae","kleptoparasite","OUMNH",NA,"Paignton, Devon, England",50.4377018,-3.5632704,"Nomada flava",11.1935926202778,4.11375755337829,14.6830037211274,18.6624175575405
"IGproject1013","Nomada","flava","male",1916,5,NA,"England","Devon","Paignton","",2.37,1.49,7.554,2.094,"Apidae","kleptoparasite","OUMNH",NA,"Paignton, Devon, England",50.4377018,-3.5632704,"Nomada flava",11.5414307453326,2.62078529160031,13.856507227226,17.7838912756004
"IGproject1014","Nomada","flava","male",1915,6,3,"England","Devon","Brixham","Churston Ferrers",2.892,2.001,9.355,2.522,"Apidae","kleptoparasite","OUMNH",NA,"Churston Ferrers, Brixham, Devon, England",50.3945707,-3.565572,"Nomada flava",12.2090842776414,2.43388138236681,14.9124896089952,19.6507270811532
"IGproject1015","Nomada","flava","male",1916,5,NA,"England","Devon","Paignton","",2.818,1.854,9.021,2.353,"Apidae","kleptoparasite","OUMNH",NA,"Paignton, Devon, England",50.4377018,-3.5632704,"Nomada flava",11.5414307453326,2.62078529160031,13.856507227226,17.7838912756004
"IGproject1016","Nomada","flava","male",1914,4,25,"England","Devon","Chudleigh","Ugbrooke",2.376,1.448,7.726,2.137,"Apidae","kleptoparasite","OUMNH",NA,"Ugbrooke, Chudleigh, Devon, England",50.5914631,-3.5899397,"Nomada flava",11.0938303383,2.73637428008347,13.5783280367823,18.1348817097478
"IGproject1017","Nomada","flava","male",1897,5,NA,"Wales","Monmouthshire","Raglan","",2.837,1.969,9.287,2.507,"Apidae","kleptoparasite","OUMNH",NA,"Raglan, Monmouthshire, Wales",51.7650543,-2.8540602,"Nomada flava",12.6200629416188,3.42764479274952,16.1700012712746,21.8134622249382
"IGproject1018","Nomada","flava","male",1916,5,NA,"England","Devon","Paignton","",2.034,1.201,6.312,1.754,"Apidae","kleptoparasite","OUMNH",NA,"Paignton, Devon, England",50.4377018,-3.5632704,"Nomada flava",11.5414307453326,2.62078529160031,13.856507227226,17.7838912756004
"IGproject1019","Nomada","flava","male",1914,4,25,"England","Devon","Chudleigh","Ugbrooke",2.232,1.404,7.367,1.932,"Apidae","kleptoparasite","OUMNH",NA,"Ugbrooke, Chudleigh, Devon, England",50.5914631,-3.5899397,"Nomada flava",11.0938303383,2.73637428008347,13.5783280367823,18.1348817097478
"IGproject1020","Nomada","flava","male",1915,5,31,"England","Devon","Newton Abbot","",2.757,1.87,9.134,2.495,"Apidae","kleptoparasite","OUMNH",NA,"Newton Abbot, Devon, England",50.5296441,-3.6112097,"Nomada flava",12.0472876464747,2.42605103262188,14.7466922443923,19.5997739071101
"IGproject1021","Nomada","flava","male",1918,5,19,"England","Devon","Brixham","Churston Ferrers",2.709,1.814,8.921,2.37,"Apidae","kleptoparasite","OUMNH",NA,"Churston Ferrers, Brixham, Devon, England",50.3945707,-3.565572,"Nomada flava",11.1935926202778,4.11375755337829,14.6830037211274,18.6624175575405
"IGproject1022","Nomada","flava","male",1897,5,NA,"Wales","Monmouthshire","Raglan","",2.958,1.988,9.583,2.657,"Apidae","kleptoparasite","OUMNH",NA,"Raglan, Monmouthshire, Wales",51.7650543,-2.8540602,"Nomada flava",12.6200629416188,3.42764479274952,16.1700012712746,21.8134622249382
"IGproject1023","Nomada","flava","male",1914,4,25,"England","Devon","Chudleigh","Ugbrooke",2.694,1.823,9.146,2.451,"Apidae","kleptoparasite","OUMNH",NA,"Ugbrooke, Chudleigh, Devon, England",50.5914631,-3.5899397,"Nomada flava",11.0938303383,2.73637428008347,13.5783280367823,18.1348817097478
"IGproject1024","Nomada","flava","male",1916,5,NA,"England","Devon","Paignton","",2.347,1.486,7.379,2.013,"Apidae","kleptoparasite","OUMNH",NA,"Paignton, Devon, England",50.4377018,-3.5632704,"Nomada flava",11.5414307453326,2.62078529160031,13.856507227226,17.7838912756004
"IGproject1025","Nomada","flava","male",1913,5,13,"England","Devon","Newton Abbot","",2.738,1.844,8.974,2.403,"Apidae","kleptoparasite","OUMNH",NA,"Newton Abbot, Devon, England",50.5296441,-3.6112097,"Nomada flava",11.7213828449694,1.93406014739872,13.5071584639305,17.3076390410245
"IGproject1026","Nomada","flava","male",1897,5,NA,"Wales","Monmouthshire","Raglan","",2.912,1.937,9.408,2.526,"Apidae","kleptoparasite","OUMNH",NA,"Raglan, Monmouthshire, Wales",51.7650543,-2.8540602,"Nomada flava",12.6200629416188,3.42764479274952,16.1700012712746,21.8134622249382
"IGproject1027","Nomada","flava","female",1914,5,20,"England","Devon","Bovey Tracey","",2.557,1.782,8.76,2.592,"Apidae","kleptoparasite","OUMNH",NA,"Bovey Tracey, Devon, England",50.6046632,-3.6856762,"Nomada flava",10.7414684049536,2.73255235445647,13.198570312783,17.6682242630785
"IGproject1028","Nomada","flava","male",1992,5,13,"England","Oxfordshire","Oxford","Wolfson College",2.46,1.601,8.051,2.271,"Apidae","kleptoparasite","OUMNH",NA,"Wolfson College, Oxford, Oxfordshire, England",51.7711141,-1.2543347,"Nomada flava",10.2184839647967,2.22857027026444,12.1824651532738,16.3461725272422
"IGproject1029","Nomada","flava","male",1992,5,13,"England","Oxfordshire","Oxford","Wolfson College",2.926,1.949,9.483,2.551,"Apidae","kleptoparasite","OUMNH",NA,"Wolfson College, Oxford, Oxfordshire, England",51.7711141,-1.2543347,"Nomada flava",10.2184839647967,2.22857027026444,12.1824651532738,16.3461725272422
"IGproject1030","Nomada","flava","female",2002,5,16,"England","Oxfordshire","Oxford","Shotover",2.782,2.018,9.386,2.609,"Apidae","kleptoparasite","OUMNH",NA,"Shotover, Oxford, Oxfordshire, England",51.7561128,-1.1551229,"Nomada flava",11.6621647716763,3.3828034795648,14.5858715687241,19.9561520600392
"IGproject1031","Nomada","flava","male",1992,4,29,"England","Oxfordshire","Oxford","Wolfson College",2.818,1.896,8.989,2.456,"Apidae","kleptoparasite","OUMNH",NA,"Wolfson College, Oxford, Oxfordshire, England",51.7711141,-1.2543347,"Nomada flava",10.2184839647967,2.22857027026444,12.1824651532738,16.3461725272422
"IGproject1032","Nomada","flava","female",1963,6,13,"Wales","Gwynedd","Conwy","",2.794,1.929,9.525,2.678,"Apidae","kleptoparasite","OUMNH",NA,"Conwy, Gwynedd, Wales",53.2882223,-3.9786546,"Nomada flava",8.42734409647732,2.70795817122639,11.2015124206378,14.9266225682259
"IGproject1033","Nomada","flava","female",1999,5,29,"England","Oxfordshire","Eynsham","",2.867,2.074,9.2,2.762,"Apidae","kleptoparasite","OUMNH",NA,"Eynsham, Oxfordshire, England",51.7815319,-1.3826102,"Nomada flava",11.7413979470255,3.52553310631254,14.4083727690322,18.3869307170519
"IGproject1034","Nomada","flava","female",1999,5,26,"England","Worcestershire","Droitwich","Porters Mill",2.876,1.968,9.515,2.789,"Apidae","kleptoparasite","OUMNH",NA,"Porters Mill, Droitwich, Worcestershire, England",52.24610873,-2.202578135,"Nomada flava",11.9349741618359,3.52681847836725,14.4848822574487,18.7077630966544
"IGproject1035","Nomada","flava","female",1948,5,15,"England","Devon","Woodbury","",2.14,1.31,7.252,2.032,"Apidae","kleptoparasite","OUMNH",NA,"Woodbury, Devon, England",50.6759768,-3.4061001,"Nomada flava",11.5077920663014,2.81355902125731,14.1811872633478,18.2683312005465
"IGproject1036","Nomada","flava","male",1950,5,12,"England","Devon","Woodbury","",2.383,1.511,7.838,2.015,"Apidae","kleptoparasite","OUMNH",NA,"Woodbury, Devon, England",50.6759768,-3.4061001,"Nomada flava",11.7420353154822,2.76651286563494,14.8750538513717,19.9276149195159
"IGproject1037","Nomada","flava","female",1950,5,6,"England","Devon","Exeter","Exwick",2.811,1.945,9.548,2.84,"Apidae","kleptoparasite","OUMNH",NA,"Exwick, Exeter, Devon, England",50.7321721,-3.5501132,"Nomada flava",11.7205092976523,2.79366417065213,14.8818217951041,20.1499136447659
"IGproject1038","Nomada","flava","male",1950,5,6,"England","Devon","Exeter","Exwick",2.814,1.947,9.168,2.544,"Apidae","kleptoparasite","OUMNH",NA,"Exwick, Exeter, Devon, England",50.7321721,-3.5501132,"Nomada flava",11.7205092976523,2.79366417065213,14.8818217951041,20.1499136447659
"IGproject1039","Nomada","flava","female",1950,5,6,"England","Devon","Exeter","Exwick",2.673,1.836,9.051,2.572,"Apidae","kleptoparasite","OUMNH",NA,"Exwick, Exeter, Devon, England",50.7321721,-3.5501132,"Nomada flava",11.7205092976523,2.79366417065213,14.8818217951041,20.1499136447659
"IGproject1040","Nomada","flava","female",1949,5,7,"England","Devon","Bovey Tracey","Chudleigh Knighton Heath",2.789,1.894,9.295,2.721,"Apidae","kleptoparasite","OUMNH",NA,"Chudleigh Knighton Heath, Bovey Tracey, Devon, England",50.58100978,-3.64619059,"Nomada flava",11.3673850866751,2.46444398050513,13.6652609560617,17.5034795361665
"IGproject1041","Nomada","flava","female",1955,5,22,"England","Devon","Torquay","Coast Path",2.872,2.046,9.542,2.708,"Apidae","kleptoparasite","OUMNH",NA,"Coast Path, Torquay, Devon, England",50.46942104,-3.493802538,"Nomada flava",10.910570928944,2.76784542102176,13.5097229474144,17.0136214303748
"IGproject1042","Nomada","flava","female",1978,8,19,"England","Oxfordshire","Abingdon","Dry Sandford Pit",2.892,2.099,9.718,2.791,"Apidae","kleptoparasite","OUMNH",NA,"Dry Sandford Pit, Abingdon, Oxfordshire, England",51.69478825,-1.32635399,"Nomada flava",9.66613335066657,2.49218805952289,11.813243460296,16.0613882468731
"IGproject1043","Nomada","flava","female",1972,6,3,"England","Oxfordshire","Cumnor","Hill End",2.859,1.944,9.196,2.634,"Apidae","kleptoparasite","OUMNH",NA,"Hill End, Cumnor, Oxfordshire, England",51.756618,-1.3254981,"Nomada flava",10.3996708786856,2.60681555672535,12.3712036039898,16.8422361497241
"IGproject1044","Nomada","flava","female",1955,5,20,"England","Devon","Dawlish Warren","",2.302,1.483,7.801,2.28,"Apidae","kleptoparasite","OUMNH",NA,"Dawlish Warren, Devon, England",50.5986475,-3.4437159,"Nomada flava",10.694965159663,2.79065799753792,13.3185936840253,16.9505553972537
"IGproject1045","Nomada","flava","female",1915,5,7,"England","Surrey","Cobham","",2.089,1.298,7.009,2.083,"Apidae","kleptoparasite","OUMNH",NA,"Cobham, Surrey, England",51.3300079,-0.4120821,"Nomada flava",12.0802041237259,2.63788170929983,14.9791666226397,20.8472473636116
"IGproject1046","Nomada","flava","female",1961,5,3,"England","Bristol","Bristol","Coombe Dingle",2.803,1.905,9.305,2.754,"Apidae","kleptoparasite","OUMNH",NA,"Coombe Dingle, Bristol, Bristol, England",51.4921891,-2.6400554,"Nomada flava",12.7403875193704,3.58647336856028,16.162474556903,21.0710075999074
"IGproject1047","Nomada","flava","female",1982,5,13,"England","Oxfordshire","","Bernwood Forest",2.527,1.671,8.251,2.45,"Apidae","kleptoparasite","OUMNH",NA,"Bernwood Forest, Oxfordshire, England",51.80063858,-1.114713435,"Nomada flava",10.7667735089997,2.90186400135262,13.4183389958156,17.6695987378998
"IGproject1048","Nomada","flava","female",1982,5,13,"England","Oxfordshire","","Bernwood Forest",2.537,1.711,8.671,2.418,"Apidae","kleptoparasite","OUMNH",NA,"Bernwood Forest, Oxfordshire, England",51.80063858,-1.114713435,"Nomada flava",10.7667735089997,2.90186400135262,13.4183389958156,17.6695987378998
"IGproject1049","Nomada","flava","female",1982,5,13,"England","Oxfordshire","","Bernwood Forest",2.435,1.659,8.085,2.377,"Apidae","kleptoparasite","OUMNH",NA,"Bernwood Forest, Oxfordshire, England",51.80063858,-1.114713435,"Nomada flava",10.7667735089997,2.90186400135262,13.4183389958156,17.6695987378998
"IGproject1050","Nomada","flava","female",1982,5,13,"England","Oxfordshire","","Bernwood Forest",2.264,1.511,7.535,2.158,"Apidae","kleptoparasite","OUMNH",NA,"Bernwood Forest, Oxfordshire, England",51.80063858,-1.114713435,"Nomada flava",10.7667735089997,2.90186400135262,13.4183389958156,17.6695987378998
"IGproject1051","Nomada","flava","female",1982,5,13,"England","Oxfordshire","","Bernwood Forest",2.618,1.822,8.701,2.505,"Apidae","kleptoparasite","OUMNH",NA,"Bernwood Forest, Oxfordshire, England",51.80063858,-1.114713435,"Nomada flava",10.7667735089997,2.90186400135262,13.4183389958156,17.6695987378998
"IGproject1052","Nomada","flava","female",1982,5,13,"England","Oxfordshire","","Bernwood Forest",2.706,1.923,9.055,2.63,"Apidae","kleptoparasite","OUMNH",NA,"Bernwood Forest, Oxfordshire, England",51.80063858,-1.114713435,"Nomada flava",10.7667735089997,2.90186400135262,13.4183389958156,17.6695987378998
"IGproject1053","Nomada","flava","female",1982,5,13,"England","Oxfordshire","","Bernwood Forest",2.663,1.83,8.845,2.617,"Apidae","kleptoparasite","OUMNH",NA,"Bernwood Forest, Oxfordshire, England",51.80063858,-1.114713435,"Nomada flava",10.7667735089997,2.90186400135262,13.4183389958156,17.6695987378998
"IGproject1054","Nomada","flava","female",1982,5,13,"England","Oxfordshire","","Bernwood Forest",2.584,1.762,8.426,2.401,"Apidae","kleptoparasite","OUMNH",NA,"Bernwood Forest, Oxfordshire, England",51.80063858,-1.114713435,"Nomada flava",10.7667735089997,2.90186400135262,13.4183389958156,17.6695987378998
"IGproject1055","Nomada","flava","female",1949,5,1,"England","Devon","Sheepstor","",2.443,1.633,7.95,2.301,"Apidae","kleptoparasite","OUMNH",NA,"Sheepstor, Devon, England",50.4908765,-4.0318718,"Nomada flava",10.9491388598028,2.35063162898903,13.0196945572881,16.7205618622418
"IGproject1056","Nomada","flava","female",1947,5,11,"England","Devon","Sheepstor","",2.34,1.645,7.648,2.272,"Apidae","kleptoparasite","OUMNH",NA,"Sheepstor, Devon, England",50.4908765,-4.0318718,"Nomada flava",10.4618608404014,1.37743631742811,11.8662313220683,15.5462890797593
"IGproject1057","Nomada","flava","female",1949,5,1,"England","Devon","Sheepstor","",2.414,1.655,8.059,2.349,"Apidae","kleptoparasite","OUMNH",NA,"Sheepstor, Devon, England",50.4908765,-4.0318718,"Nomada flava",10.9491388598028,2.35063162898903,13.0196945572881,16.7205618622418
"IGproject1058","Nomada","flava","female",1947,5,11,"England","Devon","Sheepstor","",2.442,1.642,8.132,2.319,"Apidae","kleptoparasite","OUMNH",NA,"Sheepstor, Devon, England",50.4908765,-4.0318718,"Nomada flava",10.4618608404014,1.37743631742811,11.8662313220683,15.5462890797593
"IGproject1059","Nomada","flava","female",1949,5,1,"England","Devon","Sheepstor","",2.519,1.731,8.136,2.396,"Apidae","kleptoparasite","OUMNH",NA,"Sheepstor, Devon, England",50.4908765,-4.0318718,"Nomada flava",10.9491388598028,2.35063162898903,13.0196945572881,16.7205618622418
"IGproject1060","Nomada","flava","male",1947,5,11,"England","Devon","Sheepstor","",2.602,1.797,8.316,2.265,"Apidae","kleptoparasite","OUMNH",NA,"Sheepstor, Devon, England",50.4908765,-4.0318718,"Nomada flava",10.4618608404014,1.37743631742811,11.8662313220683,15.5462890797593
"IGproject1061","Nomada","flava","male",1949,5,1,"England","Devon","Sheepstor","",2.573,1.834,8.064,2.189,"Apidae","kleptoparasite","OUMNH",NA,"Sheepstor, Devon, England",50.4908765,-4.0318718,"Nomada flava",10.9491388598028,2.35063162898903,13.0196945572881,16.7205618622418
"IGproject1062","Nomada","flava","male",1930,4,25,"England","Devon","Plymouth","Shaugh Bridge",2.414,1.679,8.004,2.154,"Apidae","kleptoparasite","OUMNH",NA,"Shaugh Bridge, Plymouth, Devon, England",50.45393915,-4.067759274,"Nomada flava",10.08596292246,2.82366657362792,12.7278053540273,16.9435491891468
"IGproject1063","Nomada","flava","male",1947,5,11,"England","Devon","Sheepstor","",2.472,1.696,8.147,2.055,"Apidae","kleptoparasite","OUMNH",NA,"Sheepstor, Devon, England",50.4908765,-4.0318718,"Nomada flava",10.4618608404014,1.37743631742811,11.8662313220683,15.5462890797593
"IGproject1064","Nomada","flava","male",1955,5,23,"England","Devon","Sheepstor","",2.213,1.479,7.228,1.949,"Apidae","kleptoparasite","OUMNH",NA,"Sheepstor, Devon, England",50.4908765,-4.0318718,"Nomada flava",10.1445625369186,2.57997648291221,12.5077535645666,15.8946021276724
"IGproject1065","Nomada","flava","male",1949,4,24,"England","Devon","Dartmoor","",2.159,1.341,7.093,1.82,"Apidae","kleptoparasite","OUMNH",NA,"Dartmoor, Devon, England",50.5657349,-3.9009713,"Nomada flava",10.650560440529,2.38690983893345,12.780343341794,16.4923188601011
"IGproject1066","Nomada","flava","male",1949,5,1,"England","Devon","Sheepstor","",2.235,1.507,7.498,2.03,"Apidae","kleptoparasite","OUMNH",NA,"Sheepstor, Devon, England",50.4908765,-4.0318718,"Nomada flava",10.9491388598028,2.35063162898903,13.0196945572881,16.7205618622418
"IGproject1067","Nomada","flava","male",1948,4,24,"England","Devon","Sheepstor","",2.466,1.743,7.977,2.089,"Apidae","kleptoparasite","OUMNH",NA,"Sheepstor, Devon, England",50.4908765,-4.0318718,"Nomada flava",10.964411116174,2.75285182708659,13.5433588995112,17.4749386349648
"IGproject1068","Nomada","flava","female",1941,6,2,"England","Hampshire","Burley","",2.54,1.664,8.665,2.556,"Apidae","kleptoparasite","OUMNH",NA,"Burley, Hampshire, England",50.8266,-1.70164,"Nomada flava",12.8167854081861,3.87003451874353,16.6964627922419,22.7761729465753
"IGproject1069","Nomada","flava","female",1941,6,2,"England","Hampshire","Burley","",2.64,1.744,8.46,2.449,"Apidae","kleptoparasite","OUMNH",NA,"Burley, Hampshire, England",50.8266,-1.70164,"Nomada flava",12.8167854081861,3.87003451874353,16.6964627922419,22.7761729465753
"IGproject1070","Nomada","flava","female",1941,6,2,"England","Hampshire","Burley","",2.634,1.8,8.81,2.617,"Apidae","kleptoparasite","OUMNH",NA,"Burley, Hampshire, England",50.8266,-1.70164,"Nomada flava",12.8167854081861,3.87003451874353,16.6964627922419,22.7761729465753
"IGproject1071","Nomada","flava","female",1941,6,2,"England","Hampshire","Burley","",2.563,1.683,8.562,2.382,"Apidae","kleptoparasite","OUMNH",NA,"Burley, Hampshire, England",50.8266,-1.70164,"Nomada flava",12.8167854081861,3.87003451874353,16.6964627922419,22.7761729465753
"IGproject1072","Nomada","flava","male",1904,6,5,"England","Hampshire","Tadley","Pamber Forest",2.443,1.623,8.035,2.186,"Apidae","kleptoparasite","OUMNH",NA,"Pamber Forest, Tadley, Hampshire, England",51.3445805,-1.1172286,"Nomada flava",10.0630000209613,3.28814668772296,12.6406384219494,17.5491418658628
"IGproject1073","Nomada","flava","female",1893,NA,NA,"England","Hampshire","","New Forest",2.68,1.765,8.818,2.475,"Apidae","kleptoparasite","OUMNH",NA,"New Forest, Hampshire, England",50.8557268,-1.5956844,"Nomada flava",11.510780118605,2.89383848085134,14.2149698364423,18.8025837192034
"IGproject1074","Nomada","flava","male",1906,5,27,"England","Hampshire","Headley","",2.888,1.938,9.486,2.658,"Apidae","kleptoparasite","OUMNH",NA,"Headley, Hampshire, England",51.11925764,-0.827247927,"Nomada flava",11.0976403495465,3.63949586634131,14.7969739122873,19.5038818975296
"IGproject1075","Nomada","flava","female",1893,NA,NA,"England","Hampshire","","New Forest",2.589,1.668,8.539,2.569,"Apidae","kleptoparasite","OUMNH",NA,"New Forest, Hampshire, England",50.8557268,-1.5956844,"Nomada flava",11.510780118605,2.89383848085134,14.2149698364423,18.8025837192034
"IGproject1076","Nomada","flava","female",1892,NA,NA,"England","Hampshire","","New Forest",2.87,1.997,9.729,2.894,"Apidae","kleptoparasite","OUMNH",NA,"New Forest, Hampshire, England",50.8557268,-1.5956844,"Nomada flava",10.8608804698028,4.19022306834948,15.2817629832061,20.2405970483518
"IGproject1077","Nomada","flava","female",1892,NA,NA,"England","Hampshire","","New Forest",2.762,1.817,9.333,2.696,"Apidae","kleptoparasite","OUMNH",NA,"New Forest, Hampshire, England",50.8557268,-1.5956844,"Nomada flava",10.8608804698028,4.19022306834948,15.2817629832061,20.2405970483518
"IGproject1078","Andrena","chrysosceles","female",1900,6,17,"England","Oxfordshire","Oxford","Shotover",2.944,1.797,7.917,2.269,"Andrenidae","excavator","OUMNH",NA,"Shotover, Oxford, Oxfordshire, England",51.7561128,-1.1551229,"Andrena chrysosceles",11.0145367200259,3.76945004840713,15.1989571952593,21.5762240700907
"IGproject1079","Andrena","chrysosceles","male",1926,5,4,"England","Greater London","London","",2.304,1.227,5.953,1.651,"Andrenidae","excavator","OUMNH",NA,"London, Greater London, England",51.5156177,-0.0919983,"Andrena chrysosceles",12.2603305981946,3.86107222045749,15.8775233987825,21.6520048739533
"IGproject1080","Andrena","chrysosceles","male",1926,5,4,"England","Greater London","London","",2.819,1.567,7.482,2.022,"Andrenidae","excavator","OUMNH",NA,"London, Greater London, England",51.5156177,-0.0919983,"Andrena chrysosceles",12.2603305981946,3.86107222045749,15.8775233987825,21.6520048739533
"IGproject1081","Andrena","chrysosceles","female",1933,5,29,"England","Oxfordshire","","Bagley Wood",2.871,1.813,7.877,2.2,"Andrenidae","excavator","OUMNH",NA,"Bagley Wood, Oxfordshire, England",51.7173159,-1.2605268,"Andrena chrysosceles",10.1737989026023,3.48828678904163,13.6661616533797,19.1070003754586
"IGproject1082","Andrena","chrysosceles","female",1931,6,13,"England","Oxfordshire","","Bagley Wood",2.838,1.699,7.76,2.164,"Andrenidae","excavator","OUMNH",NA,"Bagley Wood, Oxfordshire, England",51.7173159,-1.2605268,"Andrena chrysosceles",11.2740809274492,3.63263706919212,15.2145661235129,20.7240992338342
"IGproject1083","Andrena","chrysosceles","male",1926,5,4,"England","Greater London","London","",2.487,1.333,6.598,1.806,"Andrenidae","excavator","OUMNH",NA,"London, Greater London, England",51.5156177,-0.0919983,"Andrena chrysosceles",12.2603305981946,3.86107222045749,15.8775233987825,21.6520048739533
"IGproject1084","Andrena","chrysosceles","female",1925,6,NA,"England","Oxfordshire","","Bagley Wood",2.66,1.617,7.579,2.133,"Andrenidae","excavator","OUMNH",NA,"Bagley Wood, Oxfordshire, England",51.7173159,-1.2605268,"Andrena chrysosceles",10.9730433607641,3.44918786900629,14.0504412739461,18.7994264753378
"IGproject1085","Andrena","chrysosceles","female",1925,7,3,"England","Oxfordshire","","Bagley Wood",2.874,1.781,7.975,2.231,"Andrenidae","excavator","OUMNH",NA,"Bagley Wood, Oxfordshire, England",51.7173159,-1.2605268,"Andrena chrysosceles",10.9730433607641,3.44918786900629,14.0504412739461,18.7994264753378
"IGproject1086","Andrena","chrysosceles","male",1925,7,4,"England","Oxfordshire","","Bagley Wood",2.33,1.289,6.212,1.65,"Andrenidae","excavator","OUMNH",NA,"Bagley Wood, Oxfordshire, England",51.7173159,-1.2605268,"Andrena chrysosceles",10.9730433607641,3.44918786900629,14.0504412739461,18.7994264753378
"IGproject1087","Andrena","chrysosceles","female",1924,6,24,"England","Oxfordshire","Wolvercote","",2.862,1.801,7.878,2.164,"Andrenidae","excavator","OUMNH",NA,"Wolvercote, Oxfordshire, England",51.7849516,-1.2862119,"Andrena chrysosceles",9.93434082979329,2.40782098957915,12.4724528916565,16.9127988893654
"IGproject1088","Andrena","chrysosceles","male",1925,5,28,"England","Oxfordshire","","Bagley Wood",2.436,1.36,6.483,1.77,"Andrenidae","excavator","OUMNH",NA,"Bagley Wood, Oxfordshire, England",51.7173159,-1.2605268,"Andrena chrysosceles",10.9730433607641,3.44918786900629,14.0504412739461,18.7994264753378
"IGproject1089","Andrena","chrysosceles","male",1926,5,4,"England","Greater London","London","",2.494,1.356,6.584,1.745,"Andrenidae","excavator","OUMNH",NA,"London, Greater London, England",51.5156177,-0.0919983,"Andrena chrysosceles",12.2603305981946,3.86107222045749,15.8775233987825,21.6520048739533
"IGproject1090","Andrena","chrysosceles","female",1936,6,1,"England","Oxfordshire","Oxford","Lye Valley",3.113,1.963,8.379,2.421,"Andrenidae","excavator","OUMNH",NA,"Lye Valley, Oxford, Oxfordshire, England",51.7455776,-1.2056501,"Andrena chrysosceles",10.8579084796293,3.67936972789642,14.950908975634,19.761932407089
"IGproject1091","Andrena","chrysosceles","female",1999,6,19,"England","Worcestershire","Eldersfield","",2.739,1.684,7.563,2.192,"Andrenidae","excavator","OUMNH",NA,"Eldersfield, Worcestershire, England",51.9790388,-2.2907413,"Andrena chrysosceles",12.0168399994665,3.5535341088274,14.5203243186694,18.7845967291448
"IGproject1092","Andrena","chrysosceles","female",1999,6,19,"England","Worcestershire","Eldersfield","",2.719,1.667,7.142,2.022,"Andrenidae","excavator","OUMNH",NA,"Eldersfield, Worcestershire, England",51.9790388,-2.2907413,"Andrena chrysosceles",12.0168399994665,3.5535341088274,14.5203243186694,18.7845967291448
"IGproject1093","Andrena","chrysosceles","female",1999,6,19,"England","Worcestershire","Eldersfield","",2.8,1.657,7.475,2.107,"Andrenidae","excavator","OUMNH",NA,"Eldersfield, Worcestershire, England",51.9790388,-2.2907413,"Andrena chrysosceles",12.0168399994665,3.5535341088274,14.5203243186694,18.7845967291448
"IGproject1094","Andrena","chrysosceles","female",1998,5,28,"England","Warwickshie","","Baddesley Clinton",2.905,1.738,7.994,2.365,"Andrenidae","excavator","OUMNH",NA,"Baddesley Clinton, Warwickshie, England",52.3438345,-1.708760261,"Andrena chrysosceles",11.3774670902702,2.55917248466245,13.9869115333998,18.0514170844444
"IGproject1095","Andrena","chrysosceles","male",1925,5,15,"England","Oxfordshire","Oxford","Hinksey",2.394,1.38,6.26,1.669,"Andrenidae","excavator","OUMNH",NA,"Hinksey, Oxford, Oxfordshire, England",51.7363525,-1.2575581,"Andrena chrysosceles",10.9897901746181,3.45015147392378,14.0695633422679,18.8142864277904
"IGproject1096","Andrena","chrysosceles","male",1925,5,30,"England","Oxfordshire","","Bagley Wood",2.627,1.454,7.119,1.847,"Andrenidae","excavator","OUMNH",NA,"Bagley Wood, Oxfordshire, England",51.7173159,-1.2605268,"Andrena chrysosceles",10.9730433607641,3.44918786900629,14.0504412739461,18.7994264753378
"IGproject1097","Andrena","chrysosceles","male",1925,5,30,"England","Oxfordshire","","Bagley Wood",2.304,1.281,6.292,1.625,"Andrenidae","excavator","OUMNH",NA,"Bagley Wood, Oxfordshire, England",51.7173159,-1.2605268,"Andrena chrysosceles",10.9730433607641,3.44918786900629,14.0504412739461,18.7994264753378
"IGproject1098","Andrena","chrysosceles","male",1925,5,12,"England","Cambridgeshire","Wicken","",2.657,1.498,6.996,1.895,"Andrenidae","excavator","OUMNH",NA,"Wicken, Cambridgeshire, England",52.3126328,0.2994755,"Andrena chrysosceles",11.4499020012084,3.72661380597352,14.6667474650068,19.6292653718576
"IGproject1099","Andrena","chrysosceles","female",1926,5,4,"England","Greater London","London","",2.728,1.669,7.426,2.186,"Andrenidae","excavator","OUMNH",NA,"London, Greater London, England",51.5156177,-0.0919983,"Andrena chrysosceles",12.2603305981946,3.86107222045749,15.8775233987825,21.6520048739533
"IGproject1100","Andrena","chrysosceles","female",1926,5,4,"England","Greater London","London","",2.78,1.625,7.475,2.113,"Andrenidae","excavator","OUMNH",NA,"London, Greater London, England",51.5156177,-0.0919983,"Andrena chrysosceles",12.2603305981946,3.86107222045749,15.8775233987825,21.6520048739533
"IGproject1101","Andrena","chrysosceles","male",1926,5,4,"England","Greater London","London","",2.704,1.548,7.166,1.903,"Andrenidae","excavator","OUMNH",NA,"London, Greater London, England",51.5156177,-0.0919983,"Andrena chrysosceles",12.2603305981946,3.86107222045749,15.8775233987825,21.6520048739533
"IGproject1102","Andrena","chrysosceles","male",1926,5,4,"England","Greater London","London","",2.438,1.372,6.582,1.738,"Andrenidae","excavator","OUMNH",NA,"London, Greater London, England",51.5156177,-0.0919983,"Andrena chrysosceles",12.2603305981946,3.86107222045749,15.8775233987825,21.6520048739533
"IGproject1103","Andrena","chrysosceles","male",1926,5,4,"England","Greater London","London","",2.856,1.664,7.135,1.92,"Andrenidae","excavator","OUMNH",NA,"London, Greater London, England",51.5156177,-0.0919983,"Andrena chrysosceles",12.2603305981946,3.86107222045749,15.8775233987825,21.6520048739533
"IGproject1104","Andrena","chrysosceles","male",1926,5,4,"England","Greater London","London","",2.816,1.627,7.2,1.916,"Andrenidae","excavator","OUMNH",NA,"London, Greater London, England",51.5156177,-0.0919983,"Andrena chrysosceles",12.2603305981946,3.86107222045749,15.8775233987825,21.6520048739533
"IGproject1105","Andrena","chrysosceles","male",1926,5,4,"England","Greater London","London","",2.238,1.16,5.912,1.578,"Andrenidae","excavator","OUMNH",NA,"London, Greater London, England",51.5156177,-0.0919983,"Andrena chrysosceles",12.2603305981946,3.86107222045749,15.8775233987825,21.6520048739533
"IGproject1106","Andrena","chrysosceles","male",1925,4,21,"England","Cambridgeshire","Wicken","Wicken Fen",2.483,1.456,7.158,1.92,"Andrenidae","excavator","OUMNH",NA,"Wicken Fen, Wicken, Cambridgeshire, England",52.306969,0.2771551,"Andrena chrysosceles",11.4458579191366,3.7256660519284,14.6635625509687,19.6232056167956
"IGproject1107","Andrena","chrysosceles","male",1926,5,4,"England","Greater London","London","",2.644,1.4,7.108,1.965,"Andrenidae","excavator","OUMNH",NA,"London, Greater London, England",51.5156177,-0.0919983,"Andrena chrysosceles",12.2603305981946,3.86107222045749,15.8775233987825,21.6520048739533
"IGproject1108","Andrena","chrysosceles","male",1926,5,4,"England","Greater London","London","",2.513,1.452,6.683,1.797,"Andrenidae","excavator","OUMNH",NA,"London, Greater London, England",51.5156177,-0.0919983,"Andrena chrysosceles",12.2603305981946,3.86107222045749,15.8775233987825,21.6520048739533
"IGproject1109","Andrena","chrysosceles","male",1936,5,4,"England","Oxfordshire","Woodeaton","",2.503,1.432,6.667,1.756,"Andrenidae","excavator","OUMNH",NA,"Woodeaton, Oxfordshire, England",51.8039678,-1.2239366,"Andrena chrysosceles",10.8984613199539,3.6903401052281,15.0130282198651,19.7969074069105
"IGproject1110","Andrena","chrysosceles","male",1936,5,4,"England","Oxfordshire","Woodeaton","",2.442,1.369,6.899,1.908,"Andrenidae","excavator","OUMNH",NA,"Woodeaton, Oxfordshire, England",51.8039678,-1.2239366,"Andrena chrysosceles",10.8984613199539,3.6903401052281,15.0130282198651,19.7969074069105
"IGproject1111","Andrena","chrysosceles","male",1936,5,4,"England","Oxfordshire","Woodeaton","",2.635,1.424,6.617,1.786,"Andrenidae","excavator","OUMNH",NA,"Woodeaton, Oxfordshire, England",51.8039678,-1.2239366,"Andrena chrysosceles",10.8984613199539,3.6903401052281,15.0130282198651,19.7969074069105
"IGproject1112","Andrena","chrysosceles","female",1939,5,9,"England","Oxfordshire","Woodeaton","",2.653,1.623,7.393,2.044,"Andrenidae","excavator","OUMNH",NA,"Woodeaton, Oxfordshire, England",51.8039678,-1.2239366,"Andrena chrysosceles",10.6867426321686,3.79958962665751,14.6326471924581,19.7244902243282
"IGproject1113","Andrena","chrysosceles","female",1904,5,18,"England","Gloucestershire","Tewkesbury","",2.724,1.617,7.599,2.152,"Andrenidae","excavator","OUMNH",NA,"Tewkesbury, Gloucestershire, England",51.9937857,-2.1549574,"Andrena chrysosceles",9.9692386920114,2.95656785049604,12.431284557194,17.4428279608174
"IGproject1114","Andrena","chrysosceles","female",1936,5,18,"England","Oxfordshire","Oxford","Waterperry Wood",2.919,1.792,7.911,2.26,"Andrenidae","excavator","OUMNH",NA,"Waterperry Wood, Oxford, Oxfordshire, England",51.77601288,-1.127008027,"Andrena chrysosceles",10.886892917588,3.68658684775007,14.9911170965679,19.8588694819459
"IGproject1115","Andrena","chrysosceles","female",1949,4,18,"England","Oxfordshire","Chastleton","",2.77,1.681,7.485,2.146,"Andrenidae","excavator","OUMNH",NA,"Chastleton, Oxfordshire, England",51.9599665,-1.6409204,"Andrena chrysosceles",10.8404976798613,2.33430414533773,13.1688573315139,17.5614931827509
"IGproject1116","Andrena","chrysosceles","male",1923,7,7,"England","Oxfordshire","Wolvercote","",2.221,1.228,5.892,1.617,"Andrenidae","excavator","OUMNH",NA,"Wolvercote, Oxfordshire, England",51.7849516,-1.2862119,"Andrena chrysosceles",10.8928700663205,4.66309334646903,13.9914913602148,19.6270846517816
"IGproject1117","Andrena","chrysosceles","male",1900,4,20,"England","Oxfordshire","Abingdon","Dry Sandford Pit",2.239,1.349,6.509,1.831,"Andrenidae","excavator","OUMNH",NA,"Dry Sandford Pit, Abingdon, Oxfordshire, England",51.69478825,-1.32635399,"Andrena chrysosceles",10.9943551786735,3.81788345390014,15.2299512908223,21.520409334459
"IGproject1118","Andrena","chrysosceles","female",1991,6,10,"England","Northamptonshire","Oundle","",3.062,1.956,8.456,2.351,"Andrenidae","excavator","OUMNH",NA,"Oundle, Northamptonshire, England",52.4808725,-0.4674161,"Andrena chrysosceles",11.2422736764436,3.08425374333036,13.6714627893838,18.6274430116136
"IGproject1119","Andrena","chrysosceles","male",1991,6,1,"England","Wiltshire","","Flisteridge Wood",2.642,1.509,7.055,1.858,"Andrenidae","excavator","OUMNH",NA,"Flisteridge Wood, Wiltshire, England",51.6230108,-2.0098256,"Andrena chrysosceles",11.3132992224845,3.15351555369832,13.55129007402,18.853320467278
"IGproject1120","Andrena","chrysosceles","male",1991,4,19,"England","Wiltshire","Swindon","",2.357,1.359,6.699,1.672,"Andrenidae","excavator","OUMNH",NA,"Swindon, Wiltshire, England",51.6057801,-1.841922,"Andrena chrysosceles",11.4122923309544,3.15188109840228,13.6654225562917,18.947349841041
"IGproject1121","Nomada","ruficornis","male",1917,5,3,"England","Surrey","Guildford","Merrow",2.585,1.717,8.173,2.101,"Apidae","kleptoparasite","OUMNH",NA,"Merrow, Guildford, Surrey, England",51.2443481,-0.5335147,"Nomada ruficornis",10.8861728503237,2.00241851938988,12.3012583791799,17.8309641379801
"IGproject1122","Nomada","ruficornis","female",1980,6,6,"England","Oxfordshire","","Bernwood Forest",2.634,1.885,7.744,2.242,"Apidae","kleptoparasite","OUMNH",NA,"Bernwood Forest, Oxfordshire, England",51.80063858,-1.114713435,"Nomada ruficornis",10.6597091585526,3.08262371959949,13.9439846676238,18.4983749956471
"IGproject1123","Nomada","ruficornis","female",1980,6,6,"England","Oxfordshire","","Bernwood Forest",2.639,1.892,8.032,2.317,"Apidae","kleptoparasite","OUMNH",NA,"Bernwood Forest, Oxfordshire, England",51.80063858,-1.114713435,"Nomada ruficornis",10.6597091585526,3.08262371959949,13.9439846676238,18.4983749956471
"IGproject1124","Nomada","ruficornis","female",1980,6,6,"England","Oxfordshire","","Bernwood Forest",2.579,1.697,7.979,2.329,"Apidae","kleptoparasite","OUMNH",NA,"Bernwood Forest, Oxfordshire, England",51.80063858,-1.114713435,"Nomada ruficornis",10.6597091585526,3.08262371959949,13.9439846676238,18.4983749956471
"IGproject1125","Nomada","ruficornis","female",1981,5,9,"England","Oxfordshire","","Bernwood Forest",2.385,1.608,7.05,2.055,"Apidae","kleptoparasite","OUMNH",NA,"Bernwood Forest, Oxfordshire, England",51.80063858,-1.114713435,"Nomada ruficornis",11.1092048944052,2.80800375666833,14.049954657607,18.7074824129319
"IGproject1126","Nomada","ruficornis","male",1991,5,27,"England","Dorset","Swanage","",2.409,1.521,7.188,1.993,"Apidae","kleptoparasite","OUMNH",NA,"Swanage, Dorset, England",50.6086976,-1.9571971,"Nomada ruficornis",11.8349690102679,2.86473447186027,13.7539481179106,18.6970568849331
"IGproject1127","Nomada","ruficornis","female",1917,5,13,"England","Surrey","Cobham","",2.706,1.889,8.407,2.435,"Apidae","kleptoparasite","OUMNH",NA,"Cobham, Surrey, England",51.3300079,-0.4120821,"Nomada ruficornis",11.1160369784675,2.03105072474498,12.5481262890304,18.0338814853766
"IGproject1128","Nomada","ruficornis","male",1901,7,14,"Wales","Gwynedd","Criccieth","",2.817,1.916,8.588,2.376,"Apidae","kleptoparasite","OUMNH",NA,"Criccieth, Gwynedd, Wales",52.9206106,-4.2332414,"Nomada ruficornis",9.87794418567597,2.74634110433528,12.9618859065763,16.6824140180934
"IGproject1129","Nomada","ruficornis","female",1901,7,14,"Wales","Gwynedd","Criccieth","",2.75,1.795,8.426,2.457,"Apidae","kleptoparasite","OUMNH",NA,"Criccieth, Gwynedd, Wales",52.9206106,-4.2332414,"Nomada ruficornis",9.87794418567597,2.74634110433528,12.9618859065763,16.6824140180934
"IGproject1130","Nomada","ruficornis","male",1989,5,7,"England","Wiltshire","Swindon","Coate Water Country Park",2.691,1.848,8.384,2.177,"Apidae","kleptoparasite","OUMNH",NA,"Coate Water Country Park, Swindon, Wiltshire, England",51.53925894,-1.74822582,"Nomada ruficornis",11.3053664828685,3.19292691861184,14.2372778590579,18.7957077673835
"IGproject1131","Nomada","ruficornis","female",1989,5,19,"England","Wiltshire","Swindon","Coate Water Country Park",2.222,1.364,6.725,1.848,"Apidae","kleptoparasite","OUMNH",NA,"Coate Water Country Park, Swindon, Wiltshire, England",51.53925894,-1.74822582,"Nomada ruficornis",11.3053664828685,3.19292691861184,14.2372778590579,18.7957077673835
"IGproject1132","Nomada","ruficornis","male",1989,5,7,"England","Wiltshire","Swindon","Coate Water Country Park",2.635,1.79,8.059,2.225,"Apidae","kleptoparasite","OUMNH",NA,"Coate Water Country Park, Swindon, Wiltshire, England",51.53925894,-1.74822582,"Nomada ruficornis",11.3053664828685,3.19292691861184,14.2372778590579,18.7957077673835
"IGproject1133","Nomada","ruficornis","male",1989,5,7,"England","Wiltshire","Swindon","Coate Water Country Park",2.606,1.72,8.044,2.036,"Apidae","kleptoparasite","OUMNH",NA,"Coate Water Country Park, Swindon, Wiltshire, England",51.53925894,-1.74822582,"Nomada ruficornis",11.3053664828685,3.19292691861184,14.2372778590579,18.7957077673835
"IGproject1134","Nomada","ruficornis","female",1935,4,28,"England","Dorset","Swanage","South Haven Point",2.704,1.775,8.362,2.316,"Apidae","kleptoparasite","OUMNH",NA,"South Haven Point, Swanage, Dorset, England",50.6787269,-1.94390688,"Nomada ruficornis",12.0218445744568,3.58228671765898,15.5761869898599,20.6921551487651
"IGproject1135","Nomada","ruficornis","male",1973,5,NA,"England","Devon","Exeter","",2.008,1.243,6.273,1.698,"Apidae","kleptoparasite","OUMNH",NA,"Exeter, Devon, England",50.7256138,-3.5269209,"Nomada ruficornis",9.92413404219653,1.23034809401739,11.1055509279081,14.9850650992387
"IGproject1136","Nomada","ruficornis","male",1982,4,20,"England","Devon","Dartmoor","Burrator Reservoir",2.411,1.567,7.35,1.943,"Apidae","kleptoparasite","OUMNH",NA,"Burrator Reservoir, Dartmoor, Devon, England",50.49923423,-4.040083663,"Nomada ruficornis",10.104592839325,2.440291600341,12.5566273876084,16.1249552624078
"IGproject1137","Nomada","ruficornis","male",1958,5,26,"England","Herefordshire","Abbey Dore","",2.332,1.511,7.34,1.991,"Apidae","kleptoparasite","OUMNH",NA,"Abbey Dore, Herefordshire, England",51.9687761,-2.8967553,"Nomada ruficornis",11.0318303088041,3.18345770425303,14.6321403579197,21.0729091750487
"IGproject1138","Nomada","ruficornis","female",1968,5,12,"England","Oxfordshire","Oxford","",2.31,1.42,7.03,1.98,"Apidae","kleptoparasite","OUMNH",NA,"Oxford, Oxfordshire, England",51.7520131,-1.2578499,"Nomada ruficornis",10.7064003837112,3.17277288706453,13.9664581694879,19.3145802288494
"IGproject1139","Nomada","ruficornis","female",2006,5,4,"England","Surrey","","Holmen's Grove",2.712,1.913,8.561,2.398,"Apidae","kleptoparasite","OUMNH",NA,"Holmen's Grove, Surrey, England",51.1161894,-0.683967,"Nomada ruficornis",12.1760318762062,3.46319449723804,15.8936792906725,21.5679116562818
"IGproject1140","Nomada","ruficornis","female",1990,5,26,"England","Wiltshire","Wroughton","Clouts Wood",2.749,1.789,8.405,2.238,"Apidae","kleptoparasite","OUMNH",NA,"Clouts Wood, Wroughton, Wiltshire, England",51.51489206,-1.804044057,"Nomada ruficornis",11.4911624146337,4.39875872794521,14.664167917127,20.3366862168796
"IGproject1141","Nomada","ruficornis","male",1979,5,14,"England","Derbyshire","Dronfield","",2.399,1.563,7.223,2.036,"Apidae","kleptoparasite","OUMNH",NA,"Dronfield, Derbyshire, England",53.3019998,-1.4752184,"Nomada ruficornis",9.5757184570589,3.76421296827803,12.7299659600974,16.8748288039932
"IGproject1142","Nomada","ruficornis","female",1912,5,NA,"England","Hampshire","","New Forest",2.717,1.881,8.076,2.299,"Apidae","kleptoparasite","OUMNH",NA,"New Forest, Hampshire, England",50.8557268,-1.5956844,"Nomada ruficornis",11.9136258653228,4.0028136666717,15.0635229246704,20.1130922964226
"IGproject1143","Nomada","ruficornis","female",1917,5,13,"England","Surrey","Cobham","",2.539,1.732,7.879,2.209,"Apidae","kleptoparasite","OUMNH",NA,"Cobham, Surrey, England",51.3300079,-0.4120821,"Nomada ruficornis",11.1160369784675,2.03105072474498,12.5481262890304,18.0338814853766
"IGproject1144","Nomada","ruficornis","male",1918,4,NA,"England","Oxfordshire","Oxford","",2.246,1.504,6.66,1.91,"Apidae","kleptoparasite","OUMNH",NA,"Oxford, Oxfordshire, England",51.7520131,-1.2578499,"Nomada ruficornis",11.3205021745639,5.33842376714042,15.4667513625837,21.1894427987712
"IGproject1145","Nomada","ruficornis","male",1915,5,NA,"England","Gloucestershire","Wotton-under-Edge","",2.468,1.581,7.539,2.072,"Apidae","kleptoparasite","OUMNH",NA,"Wotton-under-Edge, Gloucestershire, England",51.6378241,-2.3547251,"Nomada ruficornis",11.9630390491139,2.57203285281756,14.8611099175124,20.2101649571598
"IGproject1146","Nomada","ruficornis","female",1929,4,27,"England","Dorset","Badbury","",2.743,1.967,8.46,2.377,"Apidae","kleptoparasite","OUMNH",NA,"Badbury, Dorset, England",50.8262977,-2.0523555,"Nomada ruficornis",10.8933099034385,2.45535699654576,13.1581475625229,17.7457467358141
"IGproject1147","Nomada","ruficornis","male",1916,5,NA,"England","Kent","Deal","",2.636,1.789,8.122,2.217,"Apidae","kleptoparasite","OUMNH",NA,"Deal, Kent, England",51.2239544,1.4027344,"Nomada ruficornis",10.7174714692688,3.05307098851276,13.8329605800792,18.1200605329081
"IGproject1148","Nomada","ruficornis","male",1954,4,24,"England","Devon","Lustleigh","",2.452,1.584,7.501,2.069,"Apidae","kleptoparasite","OUMNH",NA,"Lustleigh, Devon, England",50.6228301,-3.7304463,"Nomada ruficornis",11.0067745262881,3.10527327624903,13.6708224958465,17.9162520377593
"IGproject1149","Nomada","ruficornis","female",1968,6,16,"England","Oxfordshire","Oxford","Waterperry Wood",2.701,1.89,8.056,2.368,"Apidae","kleptoparasite","OUMNH",NA,"Waterperry Wood, Oxford, Oxfordshire, England",51.77601288,-1.127008027,"Nomada ruficornis",10.7137818263805,3.15771826559435,13.9354772461064,19.3627285788918
"IGproject1150","Nomada","ruficornis","female",1968,6,16,"England","Oxfordshire","Oxford","Waterperry Wood",2.775,1.91,8.476,2.405,"Apidae","kleptoparasite","OUMNH",NA,"Waterperry Wood, Oxford, Oxfordshire, England",51.77601288,-1.127008027,"Nomada ruficornis",10.7137818263805,3.15771826559435,13.9354772461064,19.3627285788918
"IGproject1151","Nomada","ruficornis","male",1954,5,29,"England","Cambridgeshire","Duxford","",2.81,1.795,8.821,2.47,"Apidae","kleptoparasite","OUMNH",NA,"Duxford, Cambridgeshire, England",52.0947808,0.1583392,"Nomada ruficornis",11.2414883243312,3.2891180165582,13.7714473408989,17.9931328265302
"IGproject1152","Nomada","ruficornis","female",1990,5,20,"England","Cornwall","Boconnoc","",2.784,1.744,8.323,2.395,"Apidae","kleptoparasite","OUMNH",NA,"Boconnoc, Cornwall, England",50.4076376,-4.597743,"Nomada ruficornis",11.5045184609944,4.19600969626278,14.2813518456897,19.2113351794106
"IGproject1153","Nomada","ruficornis","female",1984,5,15,"England","Oxfordshire","Cogges","",2.707,1.819,8.433,2.334,"Apidae","kleptoparasite","OUMNH",NA,"Cogges, Oxfordshire, England",51.78139,-1.4715776,"Nomada ruficornis",10.550875673487,3.90260304157433,14.5841013379044,19.1337538468735
"IGproject1154","Nomada","ruficornis","female",1984,5,15,"England","Oxfordshire","Cogges","",2.417,1.587,7.271,2.14,"Apidae","kleptoparasite","OUMNH",NA,"Cogges, Oxfordshire, England",51.78139,-1.4715776,"Nomada ruficornis",10.550875673487,3.90260304157433,14.5841013379044,19.1337538468735
"IGproject1155","Nomada","ruficornis","male",1931,5,19,"England","Oxfordshire","Yarnton","",2.436,1.5,7.61,2.075,"Apidae","kleptoparasite","OUMNH",NA,"Yarnton, Oxfordshire, England",51.8046148,-1.308937,"Nomada ruficornis",11.3256245040052,3.62824010119729,15.2592878919119,20.6701764473855
"IGproject1156","Nomada","ruficornis","female",1926,5,21,"England","Oxfordshire","Yarnton","",2.39,1.589,7.065,1.96,"Apidae","kleptoparasite","OUMNH",NA,"Yarnton, Oxfordshire, England",51.8046148,-1.308937,"Nomada ruficornis",11.2889329762679,3.85192989755208,14.9793365000779,21.1433181306531
"IGproject1157","Nomada","ruficornis","female",1926,5,21,"England","Oxfordshire","Yarnton","",2.548,1.623,7.662,2.245,"Apidae","kleptoparasite","OUMNH",NA,"Yarnton, Oxfordshire, England",51.8046148,-1.308937,"Nomada ruficornis",11.2889329762679,3.85192989755208,14.9793365000779,21.1433181306531
"IGproject1158","Nomada","ruficornis","female",1930,5,18,"England","Oxfordshire","Yarnton","",2.55,1.619,7.748,2.316,"Apidae","kleptoparasite","OUMNH",NA,"Yarnton, Oxfordshire, England",51.8046148,-1.308937,"Nomada ruficornis",10.1977031713716,3.36994132436193,13.0799173168652,18.3856412960089
"IGproject1159","Nomada","ruficornis","female",1931,6,11,"England","Oxfordshire","Yarnton","",2.433,1.618,7.28,2.084,"Apidae","kleptoparasite","OUMNH",NA,"Yarnton, Oxfordshire, England",51.8046148,-1.308937,"Nomada ruficornis",11.3256245040052,3.62824010119729,15.2592878919119,20.6701764473855
"IGproject1160","Nomada","ruficornis","female",1931,6,4,"England","Oxfordshire","Yarnton","",2.745,1.797,8.29,2.256,"Apidae","kleptoparasite","OUMNH",NA,"Yarnton, Oxfordshire, England",51.8046148,-1.308937,"Nomada ruficornis",11.3256245040052,3.62824010119729,15.2592878919119,20.6701764473855
"IGproject1161","Nomada","ruficornis","female",1930,5,27,"England","Oxfordshire","Yarnton","",2.805,1.893,8.569,2.498,"Apidae","kleptoparasite","OUMNH",NA,"Yarnton, Oxfordshire, England",51.8046148,-1.308937,"Nomada ruficornis",10.1977031713716,3.36994132436193,13.0799173168652,18.3856412960089
"IGproject1162","Nomada","ruficornis","female",1926,6,5,"England","Oxfordshire","Oxford","Waterperry Wood",2.512,1.695,7.632,2.117,"Apidae","kleptoparasite","OUMNH",NA,"Waterperry Wood, Oxford, Oxfordshire, England",51.77601288,-1.127008027,"Nomada ruficornis",11.2990845000061,3.84866466262667,14.9612922180515,21.2470883700654
"IGproject1163","Nomada","ruficornis","female",1926,6,12,"England","Oxfordshire","Oxford","Waterperry Wood",2.599,1.684,7.831,2.168,"Apidae","kleptoparasite","OUMNH",NA,"Waterperry Wood, Oxford, Oxfordshire, England",51.77601288,-1.127008027,"Nomada ruficornis",11.2990845000061,3.84866466262667,14.9612922180515,21.2470883700654
"IGproject1164","Nomada","ruficornis","female",1926,6,5,"England","Oxfordshire","Oxford","Waterperry Wood",2.313,1.473,7.166,2.034,"Apidae","kleptoparasite","OUMNH",NA,"Waterperry Wood, Oxford, Oxfordshire, England",51.77601288,-1.127008027,"Nomada ruficornis",11.2990845000061,3.84866466262667,14.9612922180515,21.2470883700654
"IGproject1165","Nomada","ruficornis","female",1926,6,3,"England","Oxfordshire","Yarnton","",2.679,1.723,8.082,2.276,"Apidae","kleptoparasite","OUMNH",NA,"Yarnton, Oxfordshire, England",51.8046148,-1.308937,"Nomada ruficornis",11.2889329762679,3.85192989755208,14.9793365000779,21.1433181306531
"IGproject1166","Nomada","ruficornis","female",1927,5,20,"England","Oxfordshire","Oxford","Waterperry Wood",2.523,1.704,7.429,1.995,"Apidae","kleptoparasite","OUMNH",NA,"Waterperry Wood, Oxford, Oxfordshire, England",51.77601288,-1.127008027,"Nomada ruficornis",10.8446324670088,2.26833233285606,13.3756657398171,18.4888937984418
"IGproject1167","Nomada","ruficornis","female",1926,5,21,"England","Oxfordshire","Yarnton","",2.663,1.738,7.877,2.182,"Apidae","kleptoparasite","OUMNH",NA,"Yarnton, Oxfordshire, England",51.8046148,-1.308937,"Nomada ruficornis",11.2889329762679,3.85192989755208,14.9793365000779,21.1433181306531
"IGproject1168","Nomada","ruficornis","male",1914,4,14,"England","Devon","Dartmoor","East Dartmoor",2.66,1.842,8.484,2.281,"Apidae","kleptoparasite","OUMNH",NA,"East Dartmoor, Dartmoor, Devon, England",50.486085,-3.9856305,"Nomada ruficornis",10.2277643751527,2.69126339292399,12.5709164813364,16.7289013114589
"IGproject1169","Nomada","ruficornis","male",1914,4,14,"England","Devon","Dartmoor","East Dartmoor",2.391,1.631,7.399,2.011,"Apidae","kleptoparasite","OUMNH",NA,"East Dartmoor, Dartmoor, Devon, England",50.486085,-3.9856305,"Nomada ruficornis",10.2277643751527,2.69126339292399,12.5709164813364,16.7289013114589
"IGproject1170","Nomada","ruficornis","male",1914,4,NA,"England","Devon","Newton Abbot","",2.343,1.557,7.287,1.874,"Apidae","kleptoparasite","OUMNH",NA,"Newton Abbot, Devon, England",50.5296441,-3.6112097,"Nomada ruficornis",11.0719093210326,2.71764592634701,13.5235312643496,17.9287019624933
"IGproject1171","Nomada","ruficornis","male",1918,4,NA,"England","Cumbria","Carlisle","",2.646,1.722,8.179,2.259,"Apidae","kleptoparasite","OUMNH",NA,"Carlisle, Cumbria, England",54.89388457,-2.93695408,"Nomada ruficornis",9.27136403423626,4.58641554915929,12.8761473507816,18.1741607531515
"IGproject1172","Nomada","ruficornis","female",1918,5,6,"England","Devon","Paignton","",2.659,1.737,7.917,2.333,"Apidae","kleptoparasite","OUMNH",NA,"Paignton, Devon, England",50.4377018,-3.5632704,"Nomada ruficornis",11.1935926202778,4.11375755337829,14.6830037211274,18.6624175575405
"IGproject1173","Nomada","ruficornis","male",1911,5,12,"England","Cambridgeshire","Cambridge","",2.026,1.237,6.362,1.697,"Apidae","kleptoparasite","OUMNH",NA,"Cambridge, Cambridgeshire, England",52.2055314,0.1186637,"Nomada ruficornis",11.297484261829,3.77113157578454,15.0397759861938,20.0045923030398
"IGproject1174","Nomada","ruficornis","female",1908,5,11,"England","Bedfordshire","Wilden","",2.635,1.747,7.923,2.309,"Apidae","kleptoparasite","OUMNH",NA,"Wilden, Bedfordshire, England",52.18458484,-0.400442834,"Nomada ruficornis",10.5263834397162,2.63059969812668,12.9752712279622,17.1424322404325
"IGproject1175","Nomada","ruficornis","female",1902,5,28,"England","Hampshire","Lyndhurst","",2.753,1.887,8.433,2.43,"Apidae","kleptoparasite","OUMNH",NA,"Lyndhurst, Hampshire, England",50.8727657,-1.5748436,"Nomada ruficornis",11.7828831104254,2.7944887974752,14.4598122550291,19.8136657857027
"IGproject1176","Nomada","ruficornis","female",1893,5,8,"England","Warwickshie","Rugby","",2.509,1.646,7.426,2.109,"Apidae","kleptoparasite","OUMNH",NA,"Rugby, Warwickshie, England",52.3697958,-1.263870764,"Nomada ruficornis",10.5323378290357,3.04205565975058,13.0541651331963,18.7814216414296
"IGproject1177","Nomada","ruficornis","male",1893,5,8,"England","Warwickshie","Rugby","",2.225,1.426,6.765,1.901,"Apidae","kleptoparasite","OUMNH",NA,"Rugby, Warwickshie, England",52.3697958,-1.263870764,"Nomada ruficornis",10.5323378290357,3.04205565975058,13.0541651331963,18.7814216414296
"IGproject1178","Nomada","ruficornis","female",1902,5,28,"England","Hampshire","Lyndhurst","",2.584,1.726,8.143,2.224,"Apidae","kleptoparasite","OUMNH",NA,"Lyndhurst, Hampshire, England",50.8727657,-1.5748436,"Nomada ruficornis",11.7828831104254,2.7944887974752,14.4598122550291,19.8136657857027
"IGproject1179","Nomada","ruficornis","female",1902,5,29,"England","Hampshire","Lyndhurst","",2.434,1.591,7.319,2.131,"Apidae","kleptoparasite","OUMNH",NA,"Lyndhurst, Hampshire, England",50.8727657,-1.5748436,"Nomada ruficornis",11.7828831104254,2.7944887974752,14.4598122550291,19.8136657857027
"IGproject1180","Nomada","ruficornis","female",1902,6,NA,"England","Hampshire","Lyndhurst","",2.708,1.93,8.304,2.377,"Apidae","kleptoparasite","OUMNH",NA,"Lyndhurst, Hampshire, England",50.8727657,-1.5748436,"Nomada ruficornis",11.7828831104254,2.7944887974752,14.4598122550291,19.8136657857027
"IGproject1181","Megachile","centuncularis","male",1898,7,NA,"Wales","Gwynedd","Criccieth","",3.528,2.832,8.165,2.26,"Megachilidae","cavity nester","OUMNH",NA,"Criccieth, Gwynedd, Wales",52.9206106,-4.2332414,"Megachile centuncularis",14.3296419247885,0.883112070430358,14.8613244449756,18.905247948327
"IGproject1182","Megachile","centuncularis","male",1898,7,NA,"Wales","Gwynedd","Criccieth","",3.484,2.836,7.926,2.216,"Megachilidae","cavity nester","OUMNH",NA,"Criccieth, Gwynedd, Wales",52.9206106,-4.2332414,"Megachile centuncularis",14.3296419247885,0.883112070430358,14.8613244449756,18.905247948327
"IGproject1183","Megachile","centuncularis","female",1904,7,NA,"England","Dorset","Lyme Regis","",3.497,2.923,8.192,2.17,"Megachilidae","cavity nester","OUMNH",NA,"Lyme Regis, Dorset, England",50.7252897,-2.934559,"Megachile centuncularis",14.2441211867508,1.26279249642224,15.3581638166614,20.0051358635326
"IGproject1184","Megachile","centuncularis","female",1926,7,NA,"England","Cornwall","Bude","",3.506,2.835,7.874,2.052,"Megachilidae","cavity nester","OUMNH",NA,"Bude, Cornwall, England",50.8290532,-4.5447261,"Megachile centuncularis",14.9945150225058,0.567305330767736,15.3323323976393,19.2919714367511
"IGproject1185","Megachile","centuncularis","female",1898,7,NA,"Wales","Gwynedd","Criccieth","",3.431,2.653,7.736,1.988,"Megachilidae","cavity nester","OUMNH",NA,"Criccieth, Gwynedd, Wales",52.9206106,-4.2332414,"Megachile centuncularis",14.3296419247885,0.883112070430358,14.8613244449756,18.905247948327
"IGproject1186","Megachile","centuncularis","female",1905,7,8,"England","Dorset","Lyme Regis","",3.706,3.019,8.307,2.247,"Megachilidae","cavity nester","OUMNH",NA,"Lyme Regis, Dorset, England",50.7252897,-2.934559,"Megachile centuncularis",15.1568190997891,1.70310785499216,16.8189131056436,21.4640346214003
"IGproject1187","Megachile","centuncularis","female",1998,7,NA,"Wales","Gwynedd","Criccieth","",3.696,3.016,8.373,2.33,"Megachilidae","cavity nester","OUMNH",NA,"Criccieth, Gwynedd, Wales",52.9206106,-4.2332414,"Megachile centuncularis",14.9800681981726,2.15890028124461,17.131624676061,20.7332599619954
"IGproject1188","Megachile","centuncularis","female",1905,7,15,"England","Dorset","Lyme Regis","",3.781,3.147,8.486,2.319,"Megachilidae","cavity nester","OUMNH",NA,"Lyme Regis, Dorset, England",50.7252897,-2.934559,"Megachile centuncularis",15.1568190997891,1.70310785499216,16.8189131056436,21.4640346214003
"IGproject1189","Megachile","centuncularis","female",1904,7,NA,"England","Dorset","Lyme Regis","",3.739,2.999,8.494,2.451,"Megachilidae","cavity nester","OUMNH",NA,"Lyme Regis, Dorset, England",50.7252897,-2.934559,"Megachile centuncularis",14.2441211867508,1.26279249642224,15.3581638166614,20.0051358635326
"IGproject1190","Megachile","centuncularis","female",1904,7,11,"England","Dorset","Lyme Regis","",3.864,3.145,8.447,2.27,"Megachilidae","cavity nester","OUMNH",NA,"Lyme Regis, Dorset, England",50.7252897,-2.934559,"Megachile centuncularis",14.2441211867508,1.26279249642224,15.3581638166614,20.0051358635326
"IGproject1191","Megachile","centuncularis","female",1904,7,NA,"England","Dorset","Lyme Regis","",3.63,2.994,8.224,2.292,"Megachilidae","cavity nester","OUMNH",NA,"Lyme Regis, Dorset, England",50.7252897,-2.934559,"Megachile centuncularis",14.2441211867508,1.26279249642224,15.3581638166614,20.0051358635326
"IGproject1192","Megachile","centuncularis","female",1903,7,20,"England","Dorset","Lyme Regis","",3.579,2.988,8.27,2.307,"Megachilidae","cavity nester","OUMNH",NA,"Lyme Regis, Dorset, England",50.7252897,-2.934559,"Megachile centuncularis",14.4494839403844,1.02630178390367,15.0947042552986,19.9216911273388
"IGproject1193","Megachile","centuncularis","female",1898,7,NA,"Wales","Gwynedd","Criccieth","",3.896,3.236,8.888,2.361,"Megachilidae","cavity nester","OUMNH",NA,"Criccieth, Gwynedd, Wales",52.9206106,-4.2332414,"Megachile centuncularis",14.3296419247885,0.883112070430358,14.8613244449756,18.905247948327
"IGproject1194","Megachile","centuncularis","female",1897,9,7,"England","Oxfordshire","Oxford","Shotover",3.833,3.169,8.571,2.394,"Megachilidae","cavity nester","OUMNH",NA,"Shotover, Oxford, Oxfordshire, England",51.7561128,-1.1551229,"Megachile centuncularis",15.6489421746397,1.17984501231362,16.59739957393,22.5986572089602
"IGproject1195","Megachile","centuncularis","male",1980,7,20,"England","Devon","Seaton","",3.596,2.762,8.034,2.291,"Megachilidae","cavity nester","OUMNH",NA,"Seaton, Devon, England",50.7045566,-3.0705105,"Megachile centuncularis",14.6635020760861,1.39198820564537,16.0667203830291,20.7043643878326
"IGproject1196","Megachile","centuncularis","male",1926,6,NA,"England","Devon","Bovey Tracey","",3.332,2.428,7.457,2.084,"Megachilidae","cavity nester","OUMNH",NA,"Bovey Tracey, Devon, England",50.6046632,-3.6856762,"Megachile centuncularis",15.6463388654547,0.315738580662485,15.9835301313275,20.9533612798082
"IGproject1197","Megachile","centuncularis","female",1898,8,14,"England","Oxfordshire","Oxford","Shotover",3.812,3.046,8.409,2.481,"Megachilidae","cavity nester","OUMNH",NA,"Shotover, Oxford, Oxfordshire, England",51.7561128,-1.1551229,"Megachile centuncularis",15.76392198395,0.741196954298694,16.4789955632525,22.1925598003212
"IGproject1198","Megachile","centuncularis","male",1908,7,19,"England","Kent","Gravesend","",3.97,3.244,8.494,2.574,"Megachilidae","cavity nester","OUMNH",NA,"Gravesend, Kent, England",51.4424747,0.3694468,"Megachile centuncularis",14.2906315857818,0.982149560121764,15.2572483536587,20.2588491359627
"IGproject1199","Megachile","centuncularis","male",1910,6,16,"England","Devon","Budleigh Salterton","",3.398,2.622,7.533,2.118,"Megachilidae","cavity nester","OUMNH",NA,"Budleigh Salterton, Devon, England",50.6310504,-3.3299844,"Megachile centuncularis",14.826906573726,1.94060195935236,16.486900260089,21.5880594831602
"IGproject1200","Megachile","centuncularis","male",1910,7,18,"England","Cheshire","Delamere","",3.408,2.558,7.812,2.091,"Megachilidae","cavity nester","OUMNH",NA,"Delamere, Cheshire, England",53.2288345,-2.6665302,"Megachile centuncularis",13.8109982753907,1.81137015696423,15.1122753069236,19.6117163452481
"IGproject1201","Megachile","centuncularis","male",1926,7,NA,"England","Devon","Newton Abbot","",3.563,2.796,7.998,2.233,"Megachilidae","cavity nester","OUMNH",NA,"Newton Abbot, Devon, England",50.5296441,-3.6112097,"Megachile centuncularis",15.9999866570983,0.300861755798847,16.3212146838882,21.2032965932478
"IGproject1202","Megachile","centuncularis","male",1910,6,16,"England","Devon","Budleigh Salterton","",3.245,2.57,7.071,1.847,"Megachilidae","cavity nester","OUMNH",NA,"Budleigh Salterton, Devon, England",50.6310504,-3.3299844,"Megachile centuncularis",14.826906573726,1.94060195935236,16.486900260089,21.5880594831602
"IGproject1203","Megachile","centuncularis","male",1919,6,12,"England","Devon","Bovey Tracey","",3.546,2.831,8.04,2.22,"Megachilidae","cavity nester","OUMNH",NA,"Bovey Tracey, Devon, England",50.6046632,-3.6856762,"Megachile centuncularis",14.7838316998476,1.36284624006281,15.7055123949555,19.7670643480977
"IGproject1204","Megachile","centuncularis","male",1910,6,16,"England","Devon","Budleigh Salterton","",3.436,2.621,7.595,2.054,"Megachilidae","cavity nester","OUMNH",NA,"Budleigh Salterton, Devon, England",50.6310504,-3.3299844,"Megachile centuncularis",14.826906573726,1.94060195935236,16.486900260089,21.5880594831602
"IGproject1205","Megachile","centuncularis","male",1927,8,NA,"England","Devon","Bovey Tracey","",3.547,2.773,7.915,2.32,"Megachilidae","cavity nester","OUMNH",NA,"Bovey Tracey, Devon, England",50.6046632,-3.6856762,"Megachile centuncularis",15.4742041981824,2.15744659975253,16.8724080759199,20.9751103374606
"IGproject1206","Megachile","centuncularis","male",1913,7,10,"England","Devon","Dawlish Warren","",3.678,2.924,8.343,2.249,"Megachilidae","cavity nester","OUMNH",NA,"Dawlish Warren, Devon, England",50.5986475,-3.4437159,"Megachile centuncularis",14.2412323667843,1.66979551316121,16.1506469771029,19.8232161821698
"IGproject1207","Megachile","centuncularis","male",1926,7,NA,"England","Devon","Newton Abbot","",3.676,2.758,8.213,2.327,"Megachilidae","cavity nester","OUMNH",NA,"Newton Abbot, Devon, England",50.5296441,-3.6112097,"Megachile centuncularis",15.9999866570983,0.300861755798847,16.3212146838882,21.2032965932478
"IGproject1208","Megachile","centuncularis","female",1950,8,6,"England","Northamptonshire","Aynho","",3.676,2.956,8.183,2.238,"Megachilidae","cavity nester","OUMNH",NA,"Aynho, Northamptonshire, England",51.9948605,-1.2520728,"Megachile centuncularis",16.2197109641654,1.43046660339993,17.2862041070616,23.5991502957942
"IGproject1209","Megachile","centuncularis","female",1953,9,8,"England","Devon","Dartmouth","",3.884,3.151,8.72,2.19,"Megachilidae","cavity nester","OUMNH",NA,"Dartmouth, Devon, England",50.3514839,-3.583844,"Megachile centuncularis",15.7953485093614,1.38394114678716,16.8671436851964,21.188208948884
"IGproject1210","Megachile","centuncularis","female",1914,7,24,"England","Devon","Bovey Tracey","",3.807,3.116,8.219,2.432,"Megachilidae","cavity nester","OUMNH",NA,"Bovey Tracey, Devon, England",50.6046632,-3.6856762,"Megachile centuncularis",14.831319300025,1.47685735121044,16.0739633026653,20.599456955669
"IGproject1211","Megachile","centuncularis","female",1913,7,11,"England","Devon","Brixham","",3.641,2.925,7.986,2.17,"Megachilidae","cavity nester","OUMNH",NA,"Brixham, Devon, England",50.3952404,-3.514544,"Megachile centuncularis",14.4115035971006,1.64352574095231,16.2940500998282,19.7289480328488
"IGproject1212","Megachile","centuncularis","female",1915,6,12,"England","Devon","Bovey Tracey","",3.497,2.898,7.861,2.11,"Megachilidae","cavity nester","OUMNH",NA,"Bovey Tracey, Devon, England",50.6046632,-3.6856762,"Megachile centuncularis",15.1933491731806,0.727069599049651,15.7984903641635,19.9076442675878
"IGproject1213","Megachile","centuncularis","female",1915,6,30,"England","Devon","Bovey Tracey","",3.605,3.031,8.167,2.379,"Megachilidae","cavity nester","OUMNH",NA,"Bovey Tracey, Devon, England",50.6046632,-3.6856762,"Megachile centuncularis",15.1933491731806,0.727069599049651,15.7984903641635,19.9076442675878
"IGproject1214","Megachile","centuncularis","male",1915,6,19,"England","Devon","Dartmoor","",3.338,2.585,7.127,2.13,"Megachilidae","cavity nester","OUMNH",NA,"Dartmoor, Devon, England",50.5657349,-3.9009713,"Megachile centuncularis",14.4889733072008,0.747435578812935,15.1569580622054,19.0685193894293
"IGproject1215","Megachile","centuncularis","male",1926,6,NA,"England","Devon","Bovey Tracey","",3.149,2.455,7.092,1.803,"Megachilidae","cavity nester","OUMNH",NA,"Bovey Tracey, Devon, England",50.6046632,-3.6856762,"Megachile centuncularis",15.6463388654547,0.315738580662485,15.9835301313275,20.9533612798082
"IGproject1216","Megachile","centuncularis","male",1926,7,NA,"England","Devon","Newton Abbot","",3.339,2.512,7.683,2.064,"Megachilidae","cavity nester","OUMNH",NA,"Newton Abbot, Devon, England",50.5296441,-3.6112097,"Megachile centuncularis",15.9999866570983,0.300861755798847,16.3212146838882,21.2032965932478
"IGproject1217","Megachile","centuncularis","male",1989,6,4,"England","Wiltshire","Swindon","",3.49,2.613,7.767,2.141,"Megachilidae","cavity nester","OUMNH",NA,"Swindon, Wiltshire, England",51.6057801,-1.841922,"Megachile centuncularis",14.6806858622169,0.375242338339873,15.0908384675379,19.7217817549213
"IGproject1218","Megachile","centuncularis","female",1910,6,15,"England","Devon","Budleigh Salterton","",3.039,3.099,8.412,2.262,"Megachilidae","cavity nester","OUMNH",NA,"Budleigh Salterton, Devon, England",50.6310504,-3.3299844,"Megachile centuncularis",14.826906573726,1.94060195935236,16.486900260089,21.5880594831602
"IGproject1219","Megachile","centuncularis","male",1953,7,22,"England","Devon","Torquay","",3.582,2.706,8.083,2.185,"Megachilidae","cavity nester","OUMNH",NA,"Torquay, Devon, England",50.4652392,-3.5211361,"Megachile centuncularis",15.7819387353253,1.38301006090397,16.8569663110205,21.1969850924832
"IGproject1220","Megachile","centuncularis","female",1975,7,6,"England","Oxfordshire","Oxford","10 Stile Road",3.522,2.807,7.912,2.178,"Megachilidae","cavity nester","OUMNH",NA,"10 Stile Road, Oxford, Oxfordshire, England",51.7601077,-1.2087056,"Megachile centuncularis",14.6602761213161,0.841798596921822,15.1610592574712,20.2471281386526
"IGproject1221","Megachile","centuncularis","male",1976,NA,NA,"England","Oxfordshire","Oxford","30 Cope Close",3.328,2.518,7.28,2.091,"Megachilidae","cavity nester","OUMNH",NA,"30 Cope Close, Oxford, Oxfordshire, England",51.74787238,-1.298262636,"Megachile centuncularis",16.9963397242423,2.14808737928331,18.7558146191642,24.6624041246884
"IGproject1222","Megachile","centuncularis","male",1974,7,14,"England","Oxfordshire","Oxford","10 Stile Road",3.334,2.546,7.384,2.178,"Megachilidae","cavity nester","OUMNH",NA,"10 Stile Road, Oxford, Oxfordshire, England",51.7601077,-1.2087056,"Megachile centuncularis",15.7394946531545,1.07960192593139,16.9130552035471,22.2697835316374
"IGproject1223","Megachile","centuncularis","female",1978,7,14,"Wales","Pembrokeshire","Roch","Roch Castle",3.761,3.218,8.561,2.32,"Megachilidae","cavity nester","OUMNH",NA,"Roch Castle, Roch, Pembrokeshire, Wales",51.8491504,-5.0790126,"Megachile centuncularis",14.0441978664262,1.85758921930903,15.3242754093634,18.8470017351335
"IGproject1224","Hylaeus","hyalinatus","male",1974,7,7,"England","Oxfordshire","Oxford","10 Stile Road",1.408,1.002,3.654,0.921,"Colletidae","cavity nester","OUMNH",NA,"10 Stile Road, Oxford, Oxfordshire, England",51.7601077,-1.2087056,"Hylaeus hyalinatus",15.7394946531545,1.07960192593139,16.9130552035471,22.2697835316374
"IGproject1225","Hylaeus","hyalinatus","female",1974,7,7,"England","Oxfordshire","Oxford","10 Stile Road",1.584,1.247,4.616,1.005,"Colletidae","cavity nester","OUMNH",NA,"10 Stile Road, Oxford, Oxfordshire, England",51.7601077,-1.2087056,"Hylaeus hyalinatus",15.7394946531545,1.07960192593139,16.9130552035471,22.2697835316374
"IGproject1226","Hylaeus","hyalinatus","female",1976,NA,NA,"England","Oxfordshire","Oxford","30 Cope Close",1.635,1.249,4.399,1.023,"Colletidae","cavity nester","OUMNH",NA,"30 Cope Close, Oxford, Oxfordshire, England",51.74787238,-1.298262636,"Hylaeus hyalinatus",16.9963397242423,2.14808737928331,18.7558146191642,24.6624041246884
"IGproject1227","Hylaeus","hyalinatus","female",1963,7,13,"England","Devon","Hartland Quay","",1.64,1.23,4.395,1.059,"Colletidae","cavity nester","OUMNH",NA,"Hartland Quay, Devon, England",50.994881,-4.534609,"Hylaeus hyalinatus",13.7852781739168,0.913604576344008,14.5663198064228,18.4737951489562
"IGproject1228","Hylaeus","hyalinatus","female",1980,7,23,"England","Suffolk","Westleton","",1.603,1.198,4.322,1.057,"Colletidae","cavity nester","OUMNH",NA,"Westleton, Suffolk, England",52.2649819,1.5753945,"Hylaeus hyalinatus",15.4489970545291,1.17786116830431,16.4003921576584,21.2589152408751
"IGproject1229","Hylaeus","hyalinatus","female",1976,NA,NA,"England","Oxfordshire","Oxford","30 Cope Close",1.683,1.272,4.459,1.085,"Colletidae","cavity nester","OUMNH",NA,"30 Cope Close, Oxford, Oxfordshire, England",51.74787238,-1.298262636,"Hylaeus hyalinatus",16.9963397242423,2.14808737928331,18.7558146191642,24.6624041246884
"IGproject1230","Hylaeus","hyalinatus","female",1976,NA,NA,"England","Oxfordshire","Oxford","30 Cope Close",1.546,1.191,4.07,0.949,"Colletidae","cavity nester","OUMNH",NA,"30 Cope Close, Oxford, Oxfordshire, England",51.74787238,-1.298262636,"Hylaeus hyalinatus",16.9963397242423,2.14808737928331,18.7558146191642,24.6624041246884
"IGproject1231","Hylaeus","hyalinatus","female",1976,NA,NA,"England","Oxfordshire","Oxford","30 Cope Close",1.64,1.244,4.422,1.084,"Colletidae","cavity nester","OUMNH",NA,"30 Cope Close, Oxford, Oxfordshire, England",51.74787238,-1.298262636,"Hylaeus hyalinatus",16.9963397242423,2.14808737928331,18.7558146191642,24.6624041246884
"IGproject1232","Hylaeus","hyalinatus","female",1976,NA,NA,"England","Oxfordshire","Oxford","30 Cope Close",1.702,1.303,4.447,1.037,"Colletidae","cavity nester","OUMNH",NA,"30 Cope Close, Oxford, Oxfordshire, England",51.74787238,-1.298262636,"Hylaeus hyalinatus",16.9963397242423,2.14808737928331,18.7558146191642,24.6624041246884
"IGproject1233","Hylaeus","hyalinatus","female",1976,NA,NA,"England","Oxfordshire","Oxford","30 Cope Close",1.573,1.168,4.093,1.066,"Colletidae","cavity nester","OUMNH",NA,"30 Cope Close, Oxford, Oxfordshire, England",51.74787238,-1.298262636,"Hylaeus hyalinatus",16.9963397242423,2.14808737928331,18.7558146191642,24.6624041246884
"IGproject1234","Hylaeus","hyalinatus","female",1976,NA,NA,"England","Oxfordshire","Oxford","30 Cope Close",1.581,1.234,4.302,1.003,"Colletidae","cavity nester","OUMNH",NA,"30 Cope Close, Oxford, Oxfordshire, England",51.74787238,-1.298262636,"Hylaeus hyalinatus",16.9963397242423,2.14808737928331,18.7558146191642,24.6624041246884
"IGproject1235","Hylaeus","hyalinatus","female",1976,NA,NA,"England","Oxfordshire","Oxford","30 Cope Close",1.669,1.282,4.378,1.055,"Colletidae","cavity nester","OUMNH",NA,"30 Cope Close, Oxford, Oxfordshire, England",51.74787238,-1.298262636,"Hylaeus hyalinatus",16.9963397242423,2.14808737928331,18.7558146191642,24.6624041246884
"IGproject1236","Hylaeus","hyalinatus","female",1976,NA,NA,"England","Oxfordshire","Oxford","30 Cope Close",1.584,1.203,4.167,0.962,"Colletidae","cavity nester","OUMNH",NA,"30 Cope Close, Oxford, Oxfordshire, England",51.74787238,-1.298262636,"Hylaeus hyalinatus",16.9963397242423,2.14808737928331,18.7558146191642,24.6624041246884
"IGproject1237","Hylaeus","hyalinatus","female",1976,NA,NA,"England","Oxfordshire","Oxford","30 Cope Close",1.614,1.228,4.185,1.041,"Colletidae","cavity nester","OUMNH",NA,"30 Cope Close, Oxford, Oxfordshire, England",51.74787238,-1.298262636,"Hylaeus hyalinatus",16.9963397242423,2.14808737928331,18.7558146191642,24.6624041246884
"IGproject1238","Hylaeus","hyalinatus","male",1989,6,4,"England","Wiltshire","Swindon","",1.431,1.062,3.676,0.893,"Colletidae","cavity nester","OUMNH",NA,"Swindon, Wiltshire, England",51.6057801,-1.841922,"Hylaeus hyalinatus",14.6806858622169,0.375242338339873,15.0908384675379,19.7217817549213
"IGproject1239","Hylaeus","hyalinatus","female",1941,8,2,"England","Berkshire","Reading","",1.651,1.274,4.343,1.042,"Colletidae","cavity nester","OUMNH",NA,"Reading, Berkshire, England",51.4564242,-0.9700664,"Hylaeus hyalinatus",15.8323650719696,0.727279555298552,16.4812305146125,22.8172483843109
"IGproject1240","Hylaeus","hyalinatus","male",1929,6,26,"England","Dorset","Portland","",1.768,1.395,4.294,1.1,"Colletidae","cavity nester","OUMNH",NA,"Portland, Dorset, England",50.5672516,-2.4472529,"Hylaeus hyalinatus",14.7679242002133,1.57434981261071,16.1098768320375,21.2358894246346
"IGproject1241","Hylaeus","hyalinatus","female",1976,7,3,"England","Devon","Dartmoor","",1.663,1.247,4.538,1.099,"Colletidae","cavity nester","OUMNH",NA,"Dartmoor, Devon, England",50.5657349,-3.9009713,"Hylaeus hyalinatus",15.622721560712,1.36941668196484,16.7203878420615,20.6956230132911
"IGproject1242","Hylaeus","hyalinatus","male",1929,6,25,"England","Dorset","Weymouth","",1.727,1.288,4.508,1.15,"Colletidae","cavity nester","OUMNH",NA,"Weymouth, Dorset, England",50.6096257,-2.4543424,"Hylaeus hyalinatus",14.7609909712802,1.57128815652217,16.0999594547623,21.2206047097072
"IGproject1243","Hylaeus","hyalinatus","female",1971,8,9,"England","Devon","Dartmoor","Burrator Reservoir",1.747,1.298,4.599,1.102,"Colletidae","cavity nester","OUMNH",NA,"Burrator Reservoir, Dartmoor, Devon, England",50.49923423,-4.040083663,"Hylaeus hyalinatus",14.7972891392354,0.412322890733527,15.0915626230659,19.1945206549667
"IGproject1244","Hylaeus","hyalinatus","male",1949,6,30,"England","Devon","Plymouth","Plymouth Hoe",1.526,1.157,3.899,0.969,"Colletidae","cavity nester","OUMNH",NA,"Plymouth Hoe, Plymouth, Devon, England",50.36584396,-4.142166636,"Hylaeus hyalinatus",14.3723309130022,0.937575627927444,14.9958629820926,18.8773829594941
"IGproject1245","Hylaeus","hyalinatus","female",1972,7,25,"England","Cornwall","Lizard","Chynalls Point",1.841,1.468,4.875,1.201,"Colletidae","cavity nester","OUMNH",NA,"Chynalls Point, Lizard, Cornwall, England",50.01667795,-5.094459057,"Hylaeus hyalinatus",15.0842214520987,2.10262828424906,16.6487366441711,20.7740293074432
"IGproject1246","Hylaeus","hyalinatus","female",1972,7,25,"England","Cornwall","Lizard","Chynalls Point",1.674,1.31,4.519,1.096,"Colletidae","cavity nester","OUMNH",NA,"Chynalls Point, Lizard, Cornwall, England",50.01667795,-5.094459057,"Hylaeus hyalinatus",15.0842214520987,2.10262828424906,16.6487366441711,20.7740293074432
"IGproject1247","Hylaeus","hyalinatus","male",1929,6,26,"England","Dorset","Portland","",1.525,1.114,3.931,0.948,"Colletidae","cavity nester","OUMNH",NA,"Portland, Dorset, England",50.5672516,-2.4472529,"Hylaeus hyalinatus",14.7679242002133,1.57434981261071,16.1098768320375,21.2358894246346
"IGproject1248","Hylaeus","hyalinatus","female",1928,6,10,"England","Buckinghamshire","Farnham Common","",1.656,1.242,4.428,1.078,"Colletidae","cavity nester","OUMNH",NA,"Farnham Common, Buckinghamshire, England",51.5591604,-0.6128141,"Hylaeus hyalinatus",14.8698605706325,1.53706704947218,15.8785995352645,20.2312512302042
"IGproject1249","Hylaeus","hyalinatus","male",1972,8,24,"England","Devon","Dartmoor","Cox Tor",1.735,1.22,4.413,1.022,"Colletidae","cavity nester","OUMNH",NA,"Cox Tor, Dartmoor, Devon, England",50.56832918,-4.077297815,"Hylaeus hyalinatus",14.5738187107904,2.29808796343681,16.406155351171,21.1697269228225
"IGproject1250","Hylaeus","hyalinatus","male",1946,6,13,"England","Devon","Plymouth","Plymouth Hoe",1.631,1.167,4.143,1.028,"Colletidae","cavity nester","OUMNH",NA,"Plymouth Hoe, Plymouth, Devon, England",50.36584396,-4.142166636,"Hylaeus hyalinatus",14.7168426899177,1.16391197938142,15.5717127223115,19.5998606973065
"IGproject1251","Hylaeus","hyalinatus","male",1969,6,24,"England","Devon","Wembury","",1.629,1.136,4.08,1.036,"Colletidae","cavity nester","OUMNH",NA,"Wembury, Devon, England",50.3287157,-4.0840935,"Hylaeus hyalinatus",14.6919200899635,0.851128461731431,15.5433064146934,19.170343553386
"IGproject1252","Hylaeus","hyalinatus","female",1960,7,23,"England","Suffolk","Westleton","",1.653,1.263,4.638,1.092,"Colletidae","cavity nester","OUMNH",NA,"Westleton, Suffolk, England",52.2649819,1.5753945,"Hylaeus hyalinatus",16.9478318106754,1.62812044476294,18.0404000730396,23.1224731678882
"IGproject1253","Hylaeus","hyalinatus","female",1970,7,7,"England","Devon","Bovey Tracey","Bovey Heathfield",1.688,1.296,4.513,1.094,"Colletidae","cavity nester","OUMNH",NA,"Bovey Heathfield, Bovey Tracey, Devon, England",50.5778633,-3.6644648,"Hylaeus hyalinatus",15.1100068271981,1.14100843695706,15.9291864504848,20.2235165549412
"IGproject1254","Hylaeus","hyalinatus","female",1972,7,27,"England","Cornwall","Coverack","Lowland Point",1.591,1.186,4.278,0.978,"Colletidae","cavity nester","OUMNH",NA,"Lowland Point, Coverack, Cornwall, England",50.035969,-5.07475249,"Hylaeus hyalinatus",15.0967598211655,2.10218581442588,16.6617628911386,20.8160750597137
"IGproject1255","Hylaeus","hyalinatus","male",1975,7,11,"England","Devon","Dartmouth","Coleton Fishacre",1.502,1.028,3.678,0.945,"Colletidae","cavity nester","OUMNH",NA,"Coleton Fishacre, Dartmouth, Devon, England",50.3470983,-3.5343188,"Hylaeus hyalinatus",14.8867349146951,0.789482431070396,15.4747903788848,19.2205124314207
"IGproject1256","Hylaeus","hyalinatus","female",1929,6,26,"England","Dorset","Portland","",1.668,1.261,4.501,1.105,"Colletidae","cavity nester","OUMNH",NA,"Portland, Dorset, England",50.5672516,-2.4472529,"Hylaeus hyalinatus",14.7679242002133,1.57434981261071,16.1098768320375,21.2358894246346
"IGproject1257","Hylaeus","hyalinatus","male",1950,6,7,"England","Devon","Yelverton","",1.437,1.024,3.662,0.888,"Colletidae","cavity nester","OUMNH",NA,"Yelverton, Devon, England",50.4929419,-4.0846742,"Hylaeus hyalinatus",15.8562515740221,1.17712672954586,16.8638988969262,21.737614323637
"IGproject1258","Hylaeus","hyalinatus","male",1963,6,22,"England","Dorset","Weymouth","",1.498,1.091,3.853,0.933,"Colletidae","cavity nester","OUMNH",NA,"Weymouth, Dorset, England",50.6096257,-2.4543424,"Hylaeus hyalinatus",14.0845153770385,0.836542944603973,14.6389932841636,18.8918139548128
"IGproject1259","Hylaeus","hyalinatus","female",1949,7,12,"England","Dorset","Weymouth","",1.674,1.318,4.494,1.092,"Colletidae","cavity nester","OUMNH",NA,"Weymouth, Dorset, England",50.6096257,-2.4543424,"Hylaeus hyalinatus",14.7391210001489,0.734607623193208,15.3613305386374,20.0112747540194
"IGproject1260","Hylaeus","hyalinatus","female",1960,7,23,"England","Suffolk","Westleton","",1.782,1.374,4.846,1.177,"Colletidae","cavity nester","OUMNH",NA,"Westleton, Suffolk, England",52.2649819,1.5753945,"Hylaeus hyalinatus",16.9478318106754,1.62812044476294,18.0404000730396,23.1224731678882
"IGproject1261","Hylaeus","hyalinatus","male",1974,6,20,"England","Devon","Bovey Tracey","Chudleigh Knighton Heath",1.598,1.165,4.167,0.968,"Colletidae","cavity nester","OUMNH",NA,"Chudleigh Knighton Heath, Bovey Tracey, Devon, England",50.58100978,-3.64619059,"Hylaeus hyalinatus",15.2861656601171,1.06902868159373,16.4619365530854,20.5395842098728
"IGproject1262","Hylaeus","hyalinatus","female",1972,7,30,"England","Cornwall","Coverack","",1.719,1.364,4.631,1.113,"Colletidae","cavity nester","OUMNH",NA,"Coverack, Cornwall, England",50.0224895,-5.0971985,"Hylaeus hyalinatus",15.0828049916086,2.10267829571561,16.647265068078,20.7692793956682
"IGproject1263","Hylaeus","hyalinatus","male",1929,6,26,"England","Dorset","Portland","",1.439,1.027,3.657,0.891,"Colletidae","cavity nester","OUMNH",NA,"Portland, Dorset, England",50.5672516,-2.4472529,"Hylaeus hyalinatus",14.7679242002133,1.57434981261071,16.1098768320375,21.2358894246346
"IGproject1264","Hylaeus","hyalinatus","female",1933,7,24,"England","Dorset","Swanage","South Haven Point",1.697,1.336,4.477,1.142,"Colletidae","cavity nester","OUMNH",NA,"South Haven Point, Swanage, Dorset, England",50.6787269,-1.94390688,"Hylaeus hyalinatus",15.910515798185,1.60474881757522,17.5601410009418,22.202590324789
"IGproject1265","Hylaeus","hyalinatus","male",1951,7,2,"England","Devon","Plymouth","",1.501,1.038,3.576,0.917,"Colletidae","cavity nester","OUMNH",NA,"Plymouth, Devon, England",50.4323453,-3.7065512,"Hylaeus hyalinatus",15.2684576287332,0.259683728404657,15.4827225399212,19.315861764783
"IGproject1266","Hylaeus","hyalinatus","female",1910,6,14,"England","Devon","Budleigh Salterton","",1.602,1.218,4.485,1.068,"Colletidae","cavity nester","OUMNH",NA,"Budleigh Salterton, Devon, England",50.6310504,-3.3299844,"Hylaeus hyalinatus",14.826906573726,1.94060195935236,16.486900260089,21.5880594831602
"IGproject1267","Hylaeus","hyalinatus","female",1953,9,1,"England","Devon","Torquay","",1.727,1.313,4.637,1.125,"Colletidae","cavity nester","OUMNH",NA,"Torquay, Devon, England",50.4652392,-3.5211361,"Hylaeus hyalinatus",15.7819387353253,1.38301006090397,16.8569663110205,21.1969850924832
"IGproject1268","Hylaeus","hyalinatus","male",1910,6,19,"England","Devon","Budleigh Salterton","",1.77,1.36,4.506,1.105,"Colletidae","cavity nester","OUMNH",NA,"Budleigh Salterton, Devon, England",50.6310504,-3.3299844,"Hylaeus hyalinatus",14.826906573726,1.94060195935236,16.486900260089,21.5880594831602
"IGproject1269","Hylaeus","hyalinatus","female",1910,6,5,"England","Devon","Budleigh Salterton","",1.526,1.146,4.225,1.025,"Colletidae","cavity nester","OUMNH",NA,"Budleigh Salterton, Devon, England",50.6310504,-3.3299844,"Hylaeus hyalinatus",14.826906573726,1.94060195935236,16.486900260089,21.5880594831602
"IGproject1270","Hylaeus","hyalinatus","female",1906,8,NA,"England","Cornwall","Polkerris","",1.655,1.266,4.522,1.035,"Colletidae","cavity nester","OUMNH",NA,"Polkerris, Cornwall, England",50.3381927,-4.6810647,"Hylaeus hyalinatus",15.2483665462957,1.24212613917137,16.6258541326081,20.0701996301246
"IGproject1271","Hylaeus","hyalinatus","female",1910,6,19,"England","Devon","Budleigh Salterton","",1.641,1.263,4.617,1.084,"Colletidae","cavity nester","OUMNH",NA,"Budleigh Salterton, Devon, England",50.6310504,-3.3299844,"Hylaeus hyalinatus",14.826906573726,1.94060195935236,16.486900260089,21.5880594831602
"IGproject1272","Hylaeus","hyalinatus","female",1910,6,19,"England","Devon","Budleigh Salterton","",1.757,1.338,4.85,1.162,"Colletidae","cavity nester","OUMNH",NA,"Budleigh Salterton, Devon, England",50.6310504,-3.3299844,"Hylaeus hyalinatus",14.826906573726,1.94060195935236,16.486900260089,21.5880594831602
"IGproject1273","Hylaeus","hyalinatus","male",1910,6,6,"England","Devon","Budleigh Salterton","",1.888,1.417,4.615,1.165,"Colletidae","cavity nester","OUMNH",NA,"Budleigh Salterton, Devon, England",50.6310504,-3.3299844,"Hylaeus hyalinatus",14.826906573726,1.94060195935236,16.486900260089,21.5880594831602
"IGproject1274","Hylaeus","hyalinatus","female",1901,7,NA,"England","Cornwall","Newquay","",1.648,1.315,4.428,1.112,"Colletidae","cavity nester","OUMNH",NA,"Newquay, Cornwall, England",50.4134414,-5.0848836,"Hylaeus hyalinatus",15.2108034669739,1.18389605586744,16.3166671385488,20.0533931728464
"IGproject1275","Hylaeus","hyalinatus","female",1898,7,NA,"Wales","Gwynedd","Criccieth","",1.653,1.301,4.574,1.08,"Colletidae","cavity nester","OUMNH",NA,"Criccieth, Gwynedd, Wales",52.9206106,-4.2332414,"Hylaeus hyalinatus",14.3296419247885,0.883112070430358,14.8613244449756,18.905247948327
"IGproject1276","Hylaeus","hyalinatus","male",1898,7,NA,"Wales","Gwynedd","Criccieth","",1.499,1.038,3.958,0.921,"Colletidae","cavity nester","OUMNH",NA,"Criccieth, Gwynedd, Wales",52.9206106,-4.2332414,"Hylaeus hyalinatus",14.3296419247885,0.883112070430358,14.8613244449756,18.905247948327
"IGproject1277","Hylaeus","hyalinatus","male",1903,7,20,"England","Dorset","Lyme Regis","",1.599,1.16,4.023,0.969,"Colletidae","cavity nester","OUMNH",NA,"Lyme Regis, Dorset, England",50.7252897,-2.934559,"Hylaeus hyalinatus",14.4494839403844,1.02630178390367,15.0947042552986,19.9216911273388
"IGproject1278","Hylaeus","hyalinatus","male",1901,7,NA,"England","Cornwall","Newquay","",1.65,1.203,4.1,1.016,"Colletidae","cavity nester","OUMNH",NA,"Newquay, Cornwall, England",50.4134414,-5.0848836,"Hylaeus hyalinatus",15.2108034669739,1.18389605586744,16.3166671385488,20.0533931728464
"IGproject1279","Hylaeus","hyalinatus","male",1904,7,NA,"England","Dorset","Lyme Regis","",1.432,1.045,3.937,0.929,"Colletidae","cavity nester","OUMNH",NA,"Lyme Regis, Dorset, England",50.7252897,-2.934559,"Hylaeus hyalinatus",14.2441211867508,1.26279249642224,15.3581638166614,20.0051358635326
"IGproject1280","Hylaeus","hyalinatus","female",1901,7,NA,"England","Cornwall","Newquay","",1.754,1.347,4.752,1.141,"Colletidae","cavity nester","OUMNH",NA,"Newquay, Cornwall, England",50.4134414,-5.0848836,"Hylaeus hyalinatus",15.2108034669739,1.18389605586744,16.3166671385488,20.0533931728464
"IGproject1281","Hylaeus","hyalinatus","male",1908,7,6,"England","Dorset","Swanage","",1.708,1.255,4.186,1.024,"Colletidae","cavity nester","OUMNH",NA,"Swanage, Dorset, England",50.6086976,-1.9571971,"Hylaeus hyalinatus",14.2850981622022,1.17164906108176,15.1292736383205,19.5289278798517
"IGproject1282","Hylaeus","hyalinatus","female",1915,7,18,"England","Surrey","Cobham","",1.638,1.233,4.42,1.034,"Colletidae","cavity nester","OUMNH",NA,"Cobham, Surrey, England",51.3300079,-0.4120821,"Hylaeus hyalinatus",16.1414119708226,1.01706819625089,16.8685381681437,22.2831452852066
"IGproject1283","Hylaeus","hyalinatus","male",1904,7,NA,"England","Dorset","Lyme Regis","",1.518,1.034,3.756,0.95,"Colletidae","cavity nester","OUMNH",NA,"Lyme Regis, Dorset, England",50.7252897,-2.934559,"Hylaeus hyalinatus",14.2441211867508,1.26279249642224,15.3581638166614,20.0051358635326
"IGproject1284","Hylaeus","hyalinatus","female",1904,7,NA,"England","Dorset","Lyme Regis","",1.653,1.232,4.506,1.103,"Colletidae","cavity nester","OUMNH",NA,"Lyme Regis, Dorset, England",50.7252897,-2.934559,"Hylaeus hyalinatus",14.2441211867508,1.26279249642224,15.3581638166614,20.0051358635326
"IGproject1285","Hylaeus","hyalinatus","male",1903,7,20,"England","Dorset","Lyme Regis","",1.5,1.051,3.963,0.989,"Colletidae","cavity nester","OUMNH",NA,"Lyme Regis, Dorset, England",50.7252897,-2.934559,"Hylaeus hyalinatus",14.4494839403844,1.02630178390367,15.0947042552986,19.9216911273388
"IGproject1286","Hylaeus","hyalinatus","female",1928,8,27,"England","Norfolk","Horning","",1.747,1.246,5.191,1.184,"Colletidae","cavity nester","OUMNH",NA,"Horning, Norfolk, England",52.7004507,1.4898384,"Hylaeus hyalinatus",14.9952718580926,1.80859630370833,16.3867351882663,20.3752678039796
"IGproject1287","Hylaeus","hyalinatus","female",1922,8,8,"England","Oxfordshire","Tubney","",1.695,1.306,4.584,1.067,"Colletidae","cavity nester","OUMNH",NA,"Tubney, Oxfordshire, England",51.6852443,-1.3699399,"Hylaeus hyalinatus",16.4458321250922,2.10290750507948,18.7936190889384,25.8176134350702
"IGproject1288","Hylaeus","hyalinatus","female",1922,8,15,"England","Oxfordshire","Stanton Harcourt","",1.581,1.24,4.601,1.023,"Colletidae","cavity nester","OUMNH",NA,"Stanton Harcourt, Oxfordshire, England",51.7514273,-1.3921381,"Hylaeus hyalinatus",16.4942824631206,2.13381013051962,18.879100702721,25.8244030963768
"IGproject1289","Hylaeus","hyalinatus","female",1922,8,8,"England","Oxfordshire","Tubney","",1.565,1.236,4.63,1.028,"Colletidae","cavity nester","OUMNH",NA,"Tubney, Oxfordshire, England",51.6852443,-1.3699399,"Hylaeus hyalinatus",16.4458321250922,2.10290750507948,18.7936190889384,25.8176134350702
"IGproject1290","Hylaeus","hyalinatus","male",1992,6,14,"England","Devon","","Prawle Point",1.64,1.152,4.103,0.987,"Colletidae","cavity nester","OUMNH",NA,"Prawle Point, Devon, England",50.29001117,-3.719882932,"Hylaeus hyalinatus",14.8441329001717,2.26789634514868,16.4864774710839,20.743777480961
"IGproject1291","Hylaeus","hyalinatus","male",1992,6,14,"England","Devon","","Prawle Point",1.607,1.131,4.012,1.013,"Colletidae","cavity nester","OUMNH",NA,"Prawle Point, Devon, England",50.29001117,-3.719882932,"Hylaeus hyalinatus",14.8441329001717,2.26789634514868,16.4864774710839,20.743777480961
"IGproject1292","Hylaeus","hyalinatus","male",1988,7,20,"Wales","Pembrokeshire","Stackpole","",1.634,1.156,3.909,1.024,"Colletidae","cavity nester","OUMNH",NA,"Stackpole, Pembrokeshire, Wales",51.6304465,-4.9147282,"Hylaeus hyalinatus",13.9139943538547,1.73782314510635,14.9872771735776,18.677514331837
"IGproject1293","Hylaeus","hyalinatus","male",1989,6,15,"England","Devon","Braunton","Braunton Burrows",1.602,1.606,4.115,1.024,"Colletidae","cavity nester","OUMNH",NA,"Braunton Burrows, Braunton, Devon, England",51.0930822,-4.2087025,"Hylaeus hyalinatus",13.591617960842,0.395423549804601,13.8334131163664,17.8607554164506
"IGproject1294","Hylaeus","hyalinatus","female",1992,6,7,"England","Oxfordshire","Oxford","",1.637,1.248,4.364,1.019,"Colletidae","cavity nester","OUMNH",NA,"Oxford, Oxfordshire, England",51.7520131,-1.2578499,"Hylaeus hyalinatus",15.6575629540373,3.01693650081869,17.4395191905446,22.9069383254574
"IGproject1295","Hylaeus","hyalinatus","female",1984,7,13,"England","Kent","","Lydd Ranges",1.553,1.15,3.909,0.988,"Colletidae","cavity nester","OUMNH",NA,"Lydd Ranges, Kent, England",50.9298725,0.8684773,"Hylaeus hyalinatus",17.5404177946865,2.00808733617153,19.2798116764238,24.222639109374
"IGproject1296","Hylaeus","hyalinatus","female",1984,7,13,"England","Kent","","Lydd Ranges",1.726,1.315,4.514,1.09,"Colletidae","cavity nester","OUMNH",NA,"Lydd Ranges, Kent, England",50.9298725,0.8684773,"Hylaeus hyalinatus",17.5404177946865,2.00808733617153,19.2798116764238,24.222639109374
"IGproject1297","Hylaeus","hyalinatus","female",1984,7,13,"England","Kent","","Lydd Ranges",1.563,1.182,4.101,1.017,"Colletidae","cavity nester","OUMNH",NA,"Lydd Ranges, Kent, England",50.9298725,0.8684773,"Hylaeus hyalinatus",17.5404177946865,2.00808733617153,19.2798116764238,24.222639109374
"IGproject1298","Hylaeus","hyalinatus","male",1984,7,13,"England","Kent","","Lydd Ranges",1.346,0.911,3.288,0.821,"Colletidae","cavity nester","OUMNH",NA,"Lydd Ranges, Kent, England",50.9298725,0.8684773,"Hylaeus hyalinatus",17.5404177946865,2.00808733617153,19.2798116764238,24.222639109374
"IGproject1299","Hylaeus","hyalinatus","male",1984,7,13,"England","Kent","","Lydd Ranges",1.478,0.99,3.647,0.899,"Colletidae","cavity nester","OUMNH",NA,"Lydd Ranges, Kent, England",50.9298725,0.8684773,"Hylaeus hyalinatus",17.5404177946865,2.00808733617153,19.2798116764238,24.222639109374
"IGproject1300","Hylaeus","hyalinatus","female",1984,7,13,"England","Kent","","Lydd Ranges",1.678,1.264,4.354,0.979,"Colletidae","cavity nester","OUMNH",NA,"Lydd Ranges, Kent, England",50.9298725,0.8684773,"Hylaeus hyalinatus",17.5404177946865,2.00808733617153,19.2798116764238,24.222639109374
"IGproject1301","Hylaeus","communis","male",1904,7,NA,"England","Dorset","Lyme Regis","",1.41,1.035,4.06,0.924,"Colletidae","cavity nester","OUMNH",NA,"Lyme Regis, Dorset, England",50.7252897,-2.934559,"Hylaeus communis",14.2441211867508,1.26279249642224,15.3581638166614,20.0051358635326
"IGproject1302","Hylaeus","communis","female",1915,6,NA,"England","Cambridgeshire","Wicken","",1.68,1.309,4.922,1.057,"Colletidae","cavity nester","OUMNH",NA,"Wicken, Cambridgeshire, England",52.3126328,0.2994755,"Hylaeus communis",15.9495632861492,1.28060278909261,16.8077844777596,22.3906901796266
"IGproject1303","Hylaeus","communis","male",1904,7,NA,"England","Dorset","Lyme Regis","",1.488,1.03,4.164,0.906,"Colletidae","cavity nester","OUMNH",NA,"Lyme Regis, Dorset, England",50.7252897,-2.934559,"Hylaeus communis",14.2441211867508,1.26279249642224,15.3581638166614,20.0051358635326
"IGproject1304","Hylaeus","communis","male",1904,7,NA,"England","Dorset","Lyme Regis","",1.437,1.087,4.034,0.894,"Colletidae","cavity nester","OUMNH",NA,"Lyme Regis, Dorset, England",50.7252897,-2.934559,"Hylaeus communis",14.2441211867508,1.26279249642224,15.3581638166614,20.0051358635326
"IGproject1305","Hylaeus","communis","male",1953,6,26,"England","Devon","Braunton","Braunton Burrows",1.623,1.262,4.689,1.03,"Colletidae","cavity nester","OUMNH",NA,"Braunton Burrows, Braunton, Devon, England",51.0930822,-4.2087025,"Hylaeus communis",14.333626038445,1.37328538056197,15.3170808907691,18.9466847710835
"IGproject1306","Hylaeus","communis","female",1905,7,23,"England","Dorset","Lyme Regis","",1.611,1.232,4.748,0.996,"Colletidae","cavity nester","OUMNH",NA,"Lyme Regis, Dorset, England",50.7252897,-2.934559,"Hylaeus communis",15.1568190997891,1.70310785499216,16.8189131056436,21.4640346214003
"IGproject1307","Hylaeus","communis","female",1897,7,20,"England","Berkshire","Reading","Sulhamstead Park",1.615,1.369,4.695,1.036,"Colletidae","cavity nester","OUMNH",NA,"Sulhamstead Park, Reading, Berkshire, England",51.41681285,-1.09530783,"Hylaeus communis",15.8106859685235,1.16404901091015,16.8152283631874,22.858915645173
"IGproject1308","Hylaeus","communis","female",1897,8,7,"England","Berkshire","Reading","Sulhamstead Park",1.677,1.323,4.568,1.145,"Colletidae","cavity nester","OUMNH",NA,"Sulhamstead Park, Reading, Berkshire, England",51.41681285,-1.09530783,"Hylaeus communis",15.8106859685235,1.16404901091015,16.8152283631874,22.858915645173
"IGproject1309","Hylaeus","communis","female",1902,8,27,"England","Norfolk","Wroxham","",1.514,1.138,4.263,0.941,"Colletidae","cavity nester","OUMNH",NA,"Wroxham, Norfolk, England",52.7065382,1.4036015,"Hylaeus communis",15.6644695286207,1.70765721275597,16.8386445236403,21.4123230512325
"IGproject1310","Hylaeus","communis","female",1902,8,27,"England","Norfolk","Wroxham","",1.543,1.158,4.425,1.004,"Colletidae","cavity nester","OUMNH",NA,"Wroxham, Norfolk, England",52.7065382,1.4036015,"Hylaeus communis",15.6644695286207,1.70765721275597,16.8386445236403,21.4123230512325
"IGproject1311","Hylaeus","communis","female",1902,8,27,"England","Norfolk","Wroxham","",1.622,1.235,4.592,1.006,"Colletidae","cavity nester","OUMNH",NA,"Wroxham, Norfolk, England",52.7065382,1.4036015,"Hylaeus communis",15.6644695286207,1.70765721275597,16.8386445236403,21.4123230512325
"IGproject1312","Hylaeus","communis","female",1902,9,5,"England","Norfolk","Wroxham","",1.822,1.278,5.303,1.192,"Colletidae","cavity nester","OUMNH",NA,"Wroxham, Norfolk, England",52.7065382,1.4036015,"Hylaeus communis",15.6644695286207,1.70765721275597,16.8386445236403,21.4123230512325
"IGproject1313","Hylaeus","communis","female",1953,8,6,"England","Devon","Bovey Tracey","Chudleigh Knighton Heath",1.559,1.201,4.371,0.987,"Colletidae","cavity nester","OUMNH",NA,"Chudleigh Knighton Heath, Bovey Tracey, Devon, England",50.58100978,-3.64619059,"Hylaeus communis",15.4171875031297,1.36199566393929,16.5047666333239,20.8981680728883
"IGproject1314","Hylaeus","communis","female",1948,7,17,"England","Dorset","Witchampton","",1.692,1.357,5.052,1.096,"Colletidae","cavity nester","OUMNH",NA,"Witchampton, Dorset, England",50.8579978,-2.0168718,"Hylaeus communis",16.988433032735,1.97027827248221,19.045591659168,25.5556714921175
"IGproject1315","Hylaeus","communis","female",1948,8,31,"England","Oxfordshire","Oxford","Hinksey",1.685,1.344,5.015,1.069,"Colletidae","cavity nester","OUMNH",NA,"Hinksey, Oxford, Oxfordshire, England",51.7363525,-1.2575581,"Hylaeus communis",17.1625015832209,1.66583374921906,18.7963233787449,25.7049225303313
"IGproject1316","Hylaeus","communis","female",1942,8,9,"England","Berkshire","Calcot","",1.635,1.247,4.571,0.994,"Colletidae","cavity nester","OUMNH",NA,"Calcot, Berkshire, England",51.441795,-1.0520249,"Hylaeus communis",15.8172643706852,1.54484929899293,17.5709522308959,23.46152229726
"IGproject1317","Hylaeus","communis","male",1941,8,2,"England","Berkshire","Calcot","",1.55,1.17,4.14,0.917,"Colletidae","cavity nester","OUMNH",NA,"Calcot, Berkshire, England",51.441795,-1.0520249,"Hylaeus communis",15.8110833651048,0.737570649782744,16.4669380799258,22.8365719833314
"IGproject1318","Hylaeus","communis","female",1942,8,6,"England","Berkshire","Calcot","",1.616,1.287,4.736,1.063,"Colletidae","cavity nester","OUMNH",NA,"Calcot, Berkshire, England",51.441795,-1.0520249,"Hylaeus communis",15.8172643706852,1.54484929899293,17.5709522308959,23.46152229726
"IGproject1319","Hylaeus","communis","female",1942,9,2,"England","Berkshire","Calcot","",1.664,1.312,4.711,1.074,"Colletidae","cavity nester","OUMNH",NA,"Calcot, Berkshire, England",51.441795,-1.0520249,"Hylaeus communis",15.8172643706852,1.54484929899293,17.5709522308959,23.46152229726
"IGproject1320","Hylaeus","communis","male",1976,NA,NA,"England","Oxfordshire","Oxford","30 Cope Close",1.517,1.142,4.212,0.916,"Colletidae","cavity nester","OUMNH",NA,"30 Cope Close, Oxford, Oxfordshire, England",51.74787238,-1.298262636,"Hylaeus communis",16.9963397242423,2.14808737928331,18.7558146191642,24.6624041246884
"IGproject1321","Hylaeus","communis","female",1978,8,19,"England","Oxfordshire","Abingdon","Dry Sandford Pit",1.482,1.117,4.266,0.949,"Colletidae","cavity nester","OUMNH",NA,"Dry Sandford Pit, Abingdon, Oxfordshire, England",51.69478825,-1.32635399,"Hylaeus communis",14.2358611723885,2.12169128305443,15.763028329546,20.7001837650183
"IGproject1322","Hylaeus","communis","male",1976,NA,NA,"England","Oxfordshire","Oxford","30 Cope Close",1.437,1.053,3.946,0.904,"Colletidae","cavity nester","OUMNH",NA,"30 Cope Close, Oxford, Oxfordshire, England",51.74787238,-1.298262636,"Hylaeus communis",16.9963397242423,2.14808737928331,18.7558146191642,24.6624041246884
"IGproject1323","Hylaeus","communis","male",1976,NA,NA,"England","Oxfordshire","Oxford","30 Cope Close",1.397,0.992,3.821,0.885,"Colletidae","cavity nester","OUMNH",NA,"30 Cope Close, Oxford, Oxfordshire, England",51.74787238,-1.298262636,"Hylaeus communis",16.9963397242423,2.14808737928331,18.7558146191642,24.6624041246884
"IGproject1324","Hylaeus","communis","female",1976,NA,NA,"England","Oxfordshire","Oxford","30 Cope Close",1.692,1.322,4.61,1.093,"Colletidae","cavity nester","OUMNH",NA,"30 Cope Close, Oxford, Oxfordshire, England",51.74787238,-1.298262636,"Hylaeus communis",16.9963397242423,2.14808737928331,18.7558146191642,24.6624041246884
"IGproject1325","Hylaeus","communis","female",1976,NA,NA,"England","Oxfordshire","Oxford","30 Cope Close",1.526,1.186,4.527,0.961,"Colletidae","cavity nester","OUMNH",NA,"30 Cope Close, Oxford, Oxfordshire, England",51.74787238,-1.298262636,"Hylaeus communis",16.9963397242423,2.14808737928331,18.7558146191642,24.6624041246884
"IGproject1326","Hylaeus","communis","female",1968,9,7,"England","Hertfordshire","Harpenden","Hatching Green",1.53,1.178,4.6,0.987,"Colletidae","cavity nester","OUMNH",NA,"Hatching Green, Harpenden, Hertfordshire, England",51.8034314,-0.3580286,"Hylaeus communis",15.6716461947874,1.74531670698786,17.3073325321605,22.4005398593622
"IGproject1327","Hylaeus","communis","female",1968,8,12,"England","Hertfordshire","","Gustard Wood",1.671,1.328,4.87,1.095,"Colletidae","cavity nester","OUMNH",NA,"Gustard Wood, Hertfordshire, England",51.8337966,-0.2991411,"Hylaeus communis",15.727289784489,1.76280324122271,17.3741624064853,22.5300078970051
"IGproject1328","Hylaeus","communis","male",1968,7,24,"England","Hertfordshire","Harpenden","Rothamsted Lodge",1.376,0.969,3.838,0.815,"Colletidae","cavity nester","OUMNH",NA,"Rothamsted Lodge, Harpenden, Hertfordshire, England",51.80575486,-0.35908417,"Hylaeus communis",15.6715029723469,1.74610910161081,17.3074416241091,22.4022541845206
"IGproject1329","Hylaeus","communis","male",1969,6,11,"England","Hertfordshire","Harpenden","Hatching Green",1.358,0.926,3.541,0.821,"Colletidae","cavity nester","OUMNH",NA,"Hatching Green, Harpenden, Hertfordshire, England",51.8034314,-0.3580286,"Hylaeus communis",15.0672724558799,0.282883049001246,15.3214723407285,19.3572249763603
"IGproject1330","Hylaeus","communis","male",1930,7,5,"England","Dorset","Dorchester","Oakerswood",1.512,1.148,4.277,0.924,"Colletidae","cavity nester","OUMNH",NA,"Oakerswood, Dorchester, Dorset, England",50.71946655,-2.268240605,"Hylaeus communis",14.7080635824162,1.47030546868927,15.8396912553828,20.9868159264365
"IGproject1331","Hylaeus","communis","male",1989,6,24,"England","Wiltshire","Swindon","",1.508,1.086,4.367,0.961,"Colletidae","cavity nester","OUMNH",NA,"Swindon, Wiltshire, England",51.6057801,-1.841922,"Hylaeus communis",14.6806858622169,0.375242338339873,15.0908384675379,19.7217817549213
"IGproject1332","Hylaeus","communis","male",1989,5,19,"England","Wiltshire","Swindon","Coate Water Country Park",1.468,1.101,4.107,0.932,"Colletidae","cavity nester","OUMNH",NA,"Coate Water Country Park, Swindon, Wiltshire, England",51.53925894,-1.74822582,"Hylaeus communis",14.5976635706028,0.416166132366178,15.0531487326868,19.7722352431242
"IGproject1333","Hylaeus","communis","female",1989,6,24,"England","Wiltshire","Swindon","",1.707,1.37,4.865,1.064,"Colletidae","cavity nester","OUMNH",NA,"Swindon, Wiltshire, England",51.6057801,-1.841922,"Hylaeus communis",14.6806858622169,0.375242338339873,15.0908384675379,19.7217817549213
"IGproject1334","Hylaeus","communis","female",1989,6,24,"England","Wiltshire","Swindon","",1.561,1.218,4.44,0.977,"Colletidae","cavity nester","OUMNH",NA,"Swindon, Wiltshire, England",51.6057801,-1.841922,"Hylaeus communis",14.6806858622169,0.375242338339873,15.0908384675379,19.7217817549213
"IGproject1335","Hylaeus","communis","male",1987,6,14,"England","Kent","Aylesford","",1.62,1.25,4.567,1.016,"Colletidae","cavity nester","OUMNH",NA,"Aylesford, Kent, England",51.3093091,0.4867332,"Hylaeus communis",15.600849462947,1.26376120131153,17.0531694747625,21.7163293083352
"IGproject1336","Hylaeus","communis","female",1984,8,18,"England","Kent","Penden Heath","",1.521,1.164,4.424,0.939,"Colletidae","cavity nester","OUMNH",NA,"Penden Heath, Kent, England",51.288118,0.531168422,"Hylaeus communis",17.4937487587676,2.25006257486492,19.6094073445569,25.3242763999594
"IGproject1337","Hylaeus","communis","male",1986,7,6,"England","Kent","Shadoxhurst","Stone Wood",1.414,0.999,4.025,0.864,"Colletidae","cavity nester","OUMNH",NA,"Stone Wood, Shadoxhurst, Kent, England",51.09681448,0.805585226,"Hylaeus communis",15.2622831427472,1.62397171114057,16.895503921869,21.6040792353505
"IGproject1338","Hylaeus","communis","male",1995,7,8,"Wales","Cardiff","Cardiff","",1.433,1.133,4.176,0.906,"Colletidae","cavity nester","OUMNH",NA,"Cardiff, Cardiff, Wales",51.4816546,-3.1791934,"Hylaeus communis",15.8359717543001,1.62530331863714,17.4664286713327,22.2949513571446
"IGproject1339","Hylaeus","communis","male",1995,7,8,"Wales","Cardiff","Cardiff","",1.539,1.155,4.305,0.916,"Colletidae","cavity nester","OUMNH",NA,"Cardiff, Cardiff, Wales",51.4816546,-3.1791934,"Hylaeus communis",15.8359717543001,1.62530331863714,17.4664286713327,22.2949513571446
"IGproject1340","Hylaeus","communis","male",1992,6,27,"England","Wiltshire","Cricklade","",1.684,1.293,4.432,0.992,"Colletidae","cavity nester","OUMNH",NA,"Cricklade, Wiltshire, England",51.6414188,-1.8579414,"Hylaeus communis",15.4387670544435,2.97268713523102,17.2071812537819,22.3993575942236
"IGproject1341","Hylaeus","communis","female",2007,6,6,"England","Surrey","Woking","Stickledown",1.702,1.331,4.788,1.091,"Colletidae","cavity nester","OUMNH",NA,"Stickledown, Woking, Surrey, England",51.3126804,-0.5650899,"Hylaeus communis",18.0942608430475,2.26259399737346,20.6988757379282,26.9706877352416
"IGproject1342","Hylaeus","communis","male",1992,7,4,"England","Oxfordshire","","Lashford Lane Fen",1.379,0.988,3.825,0.828,"Colletidae","cavity nester","OUMNH",NA,"Lashford Lane Fen, Oxfordshire, England",51.70713636,-1.324121414,"Hylaeus communis",15.6043473035434,3.00501929940361,17.4066887624489,22.8272350966104
"IGproject1343","Hylaeus","communis","male",1992,7,15,"England","Devon","","Hellingly Country Park",1.325,0.956,3.759,0.825,"Colletidae","cavity nester","OUMNH",NA,"Hellingly Country Park, Devon, England",50.88598616,0.265271768,"Hylaeus communis",15.5190548420585,2.8580627367843,17.52301945111,22.1164209733775
"IGproject1344","Hylaeus","communis","female",1990,6,16,"England","Wiltshire","Swindon","",1.709,1.299,4.49,1.109,"Colletidae","cavity nester","OUMNH",NA,"Swindon, Wiltshire, England",51.6057801,-1.841922,"Hylaeus communis",16.7559859567312,1.96403107995769,18.6948175911272,24.6627385817948
"IGproject1345","Hylaeus","communis","female",1988,8,6,"England","Wiltshire","Swindon","",1.571,1.15,4.525,1.016,"Colletidae","cavity nester","OUMNH",NA,"Swindon, Wiltshire, England",51.6057801,-1.841922,"Hylaeus communis",15.0603565975095,1.56529947605715,15.9912936213783,20.7711497204183
"IGproject1346","Hylaeus","communis","female",1988,8,6,"England","Wiltshire","Swindon","",1.72,1.398,4.975,1.104,"Colletidae","cavity nester","OUMNH",NA,"Swindon, Wiltshire, England",51.6057801,-1.841922,"Hylaeus communis",15.0603565975095,1.56529947605715,15.9912936213783,20.7711497204183
"IGproject1347","Hylaeus","communis","female",1991,8,3,"England","Oxfordshire","Shellingford","",2.087,1.685,5.554,1.346,"Colletidae","cavity nester","OUMNH",NA,"Shellingford, Oxfordshire, England",51.6405767,-1.5428033,"Hylaeus communis",16.3906295893251,2.50857438668752,18.4006185877657,24.1655069991036
"IGproject1348","Hylaeus","communis","male",1989,7,20,"England","Wiltshire","Swindon","",1.854,1.522,5.13,1.288,"Colletidae","cavity nester","OUMNH",NA,"Swindon, Wiltshire, England",51.6057801,-1.841922,"Hylaeus communis",14.6806858622169,0.375242338339873,15.0908384675379,19.7217817549213
"IGproject1349","Hylaeus","communis","male",1992,6,14,"England","Devon","","Prawle Point",1.427,1.097,4.194,0.869,"Colletidae","cavity nester","OUMNH",NA,"Prawle Point, Devon, England",50.29001117,-3.719882932,"Hylaeus communis",14.8441329001717,2.26789634514868,16.4864774710839,20.743777480961
"IGproject1350","Hylaeus","communis","male",1902,6,26,"England","Kent","Faversham","Huntingfield",1.554,1.106,4.281,0.929,"Colletidae","cavity nester","OUMNH",NA,"Huntingfield, Faversham, Kent, England",51.25792226,0.822018012,"Hylaeus communis",16.1774827653116,1.7221298340726,17.4404786615628,23.0645475654834
"IGproject1351","Hylaeus","communis","male",1902,8,12,"England","Kent","Faversham","Huntingfield",1.429,0.985,3.974,0.893,"Colletidae","cavity nester","OUMNH",NA,"Huntingfield, Faversham, Kent, England",51.25792226,0.822018012,"Hylaeus communis",16.1774827653116,1.7221298340726,17.4404786615628,23.0645475654834
"IGproject1352","Hylaeus","communis","male",1902,8,14,"England","Kent","Faversham","Huntingfield",1.507,1.057,4.113,0.935,"Colletidae","cavity nester","OUMNH",NA,"Huntingfield, Faversham, Kent, England",51.25792226,0.822018012,"Hylaeus communis",16.1774827653116,1.7221298340726,17.4404786615628,23.0645475654834
"IGproject1353","Hylaeus","communis","male",1902,8,3,"England","Kent","Faversham","Huntingfield",1.472,1.058,4.039,0.885,"Colletidae","cavity nester","OUMNH",NA,"Huntingfield, Faversham, Kent, England",51.25792226,0.822018012,"Hylaeus communis",16.1774827653116,1.7221298340726,17.4404786615628,23.0645475654834
"IGproject1354","Hylaeus","communis","male",1904,8,NA,"England","Kent","Faversham","Huntingfield",1.421,1.025,3.788,0.78,"Colletidae","cavity nester","OUMNH",NA,"Huntingfield, Faversham, Kent, England",51.25792226,0.822018012,"Hylaeus communis",14.6757045012515,1.63966921318527,15.9902648236762,20.9138155808248
"IGproject1355","Hylaeus","communis","male",1906,6,NA,"England","Cambridgeshire","Wicken","Wicken Fen",1.461,1.085,4.165,0.922,"Colletidae","cavity nester","OUMNH",NA,"Wicken Fen, Wicken, Cambridgeshire, England",52.306969,0.2771551,"Hylaeus communis",16.179232298179,1.82034363223371,18.2535466228796,23.8744605983108
"IGproject1356","Hylaeus","communis","female",1903,8,3,"England","Kent","Faversham","Huntingfield",1.469,1.12,4.335,0.942,"Colletidae","cavity nester","OUMNH",NA,"Huntingfield, Faversham, Kent, England",51.25792226,0.822018012,"Hylaeus communis",14.8049450730455,0.950817460778462,15.6043729114707,20.9064216565546
"IGproject1357","Hylaeus","communis","female",1902,8,3,"England","Kent","Faversham","Huntingfield",1.569,1.218,4.516,0.976,"Colletidae","cavity nester","OUMNH",NA,"Huntingfield, Faversham, Kent, England",51.25792226,0.822018012,"Hylaeus communis",16.1774827653116,1.7221298340726,17.4404786615628,23.0645475654834
"IGproject1358","Hylaeus","communis","female",1902,8,4,"England","Kent","Faversham","Huntingfield",1.533,1.138,4.472,0.954,"Colletidae","cavity nester","OUMNH",NA,"Huntingfield, Faversham, Kent, England",51.25792226,0.822018012,"Hylaeus communis",16.1774827653116,1.7221298340726,17.4404786615628,23.0645475654834
"IGproject1359","Hylaeus","communis","female",1901,8,4,"England","Kent","Faversham","Huntingfield",1.674,1.291,4.661,1.07,"Colletidae","cavity nester","OUMNH",NA,"Huntingfield, Faversham, Kent, England",51.25792226,0.822018012,"Hylaeus communis",16.4100469307487,1.87860636704433,18.4427083569751,24.1094002195256
"IGproject1360","Hylaeus","communis","female",1902,8,16,"England","Kent","Faversham","Huntingfield",1.482,1.111,4.213,0.931,"Colletidae","cavity nester","OUMNH",NA,"Huntingfield, Faversham, Kent, England",51.25792226,0.822018012,"Hylaeus communis",16.1774827653116,1.7221298340726,17.4404786615628,23.0645475654834
"IGproject1361","Nomada","goodeniana","female",1942,6,20,"England","Berkshire","Calcot","",3.039,1.981,9.408,2.665,"Apidae","kleptoparasite","OUMNH",NA,"Calcot, Berkshire, England",51.441795,-1.0520249,"Nomada goodeniana",10.2221253968585,4.48274862940197,15.2232517035461,20.8834305120193
"IGproject1362","Nomada","goodeniana","female",1942,6,20,"England","Berkshire","Calcot","",3.009,1.933,9.15,2.477,"Apidae","kleptoparasite","OUMNH",NA,"Calcot, Berkshire, England",51.441795,-1.0520249,"Nomada goodeniana",10.2221253968585,4.48274862940197,15.2232517035461,20.8834305120193
"IGproject1363","Nomada","goodeniana","female",1942,6,20,"England","Berkshire","Calcot","",3.094,2.146,9.664,2.8,"Apidae","kleptoparasite","OUMNH",NA,"Calcot, Berkshire, England",51.441795,-1.0520249,"Nomada goodeniana",10.2221253968585,4.48274862940197,15.2232517035461,20.8834305120193
"IGproject1364","Nomada","goodeniana","female",1942,6,20,"England","Berkshire","Calcot","",2.671,1.641,8.252,2.311,"Apidae","kleptoparasite","OUMNH",NA,"Calcot, Berkshire, England",51.441795,-1.0520249,"Nomada goodeniana",10.2221253968585,4.48274862940197,15.2232517035461,20.8834305120193
"IGproject1365","Nomada","goodeniana","female",1942,6,24,"England","Berkshire","Calcot","",2.61,1.51,7.715,2.333,"Apidae","kleptoparasite","OUMNH",NA,"Calcot, Berkshire, England",51.441795,-1.0520249,"Nomada goodeniana",10.2221253968585,4.48274862940197,15.2232517035461,20.8834305120193
"IGproject1366","Nomada","goodeniana","female",1942,6,24,"England","Berkshire","Calcot","",3.051,1.958,8.939,2.636,"Apidae","kleptoparasite","OUMNH",NA,"Calcot, Berkshire, England",51.441795,-1.0520249,"Nomada goodeniana",10.2221253968585,4.48274862940197,15.2232517035461,20.8834305120193
"IGproject1367","Nomada","goodeniana","female",1942,6,24,"England","Berkshire","Calcot","",3.074,2.008,9.321,2.653,"Apidae","kleptoparasite","OUMNH",NA,"Calcot, Berkshire, England",51.441795,-1.0520249,"Nomada goodeniana",10.2221253968585,4.48274862940197,15.2232517035461,20.8834305120193
"IGproject1368","Nomada","goodeniana","male",2000,4,NA,"England","Essex","Colne Engaine","",2.624,1.689,8.252,2.35,"Apidae","kleptoparasite","OUMNH",NA,"Colne Engaine, Essex, England",51.943631,0.6898019,"Nomada goodeniana",12.3571715872212,2.43274183067623,14.1930819867318,19.2689435174342
"IGproject1369","Nomada","goodeniana","female",1942,4,2,"England","Berkshire","Calcot","",2.886,1.825,8.6,2.512,"Apidae","kleptoparasite","OUMNH",NA,"Calcot, Berkshire, England",51.441795,-1.0520249,"Nomada goodeniana",10.2221253968585,4.48274862940197,15.2232517035461,20.8834305120193
"IGproject1370","Nomada","goodeniana","female",1942,5,31,"England","Berkshire","Calcot","",3.097,2.086,9.751,2.796,"Apidae","kleptoparasite","OUMNH",NA,"Calcot, Berkshire, England",51.441795,-1.0520249,"Nomada goodeniana",10.2221253968585,4.48274862940197,15.2232517035461,20.8834305120193
"IGproject1371","Nomada","goodeniana","female",1942,5,30,"England","Berkshire","Calcot","",3.085,1.979,9.312,2.774,"Apidae","kleptoparasite","OUMNH",NA,"Calcot, Berkshire, England",51.441795,-1.0520249,"Nomada goodeniana",10.2221253968585,4.48274862940197,15.2232517035461,20.8834305120193
"IGproject1372","Nomada","goodeniana","female",1902,6,22,"England","Kent","Charing","",3.125,2.105,9.379,2.671,"Apidae","kleptoparasite","OUMNH",NA,"Charing, Kent, England",51.2142039,0.7886033,"Nomada goodeniana",11.2250488818735,2.89191882440333,14.2096039276179,19.5129561103952
"IGproject1373","Nomada","goodeniana","female",1893,5,NA,"England","Gloucestershire","Dodington","",3.079,1.98,9.282,2.841,"Apidae","kleptoparasite","OUMNH",NA,"Dodington, Gloucestershire, England",51.5188343,-2.362419,"Nomada goodeniana",11.0758189286666,2.826393387955,13.5831877202995,18.7762583449647
"IGproject1374","Nomada","goodeniana","male",1991,5,22,"England","Hampshire","Bramshaw","",2.654,1.676,8.171,2.218,"Apidae","kleptoparasite","OUMNH",NA,"Bramshaw, Hampshire, England",50.9407584,-1.617454,"Nomada goodeniana",11.8513748548097,2.87797847605315,13.729872766017,19.4032077951848
"IGproject1375","Nomada","goodeniana","male",1991,4,27,"England","Somerset","Winford","",2.699,1.776,8.417,2.344,"Apidae","kleptoparasite","OUMNH",NA,"Winford, Somerset, England",51.3822376,-2.6606443,"Nomada goodeniana",11.7190807626301,3.10723696415979,13.8067281965963,18.811438609893
"IGproject1376","Nomada","goodeniana","male",1991,4,27,"England","Somerset","Winford","",2.423,1.522,7.601,2.132,"Apidae","kleptoparasite","OUMNH",NA,"Winford, Somerset, England",51.3822376,-2.6606443,"Nomada goodeniana",11.7190807626301,3.10723696415979,13.8067281965963,18.811438609893
"IGproject1377","Nomada","goodeniana","female",1991,4,27,"England","Somerset","Winford","",3.185,2.108,9.697,2.805,"Apidae","kleptoparasite","OUMNH",NA,"Winford, Somerset, England",51.3822376,-2.6606443,"Nomada goodeniana",11.7190807626301,3.10723696415979,13.8067281965963,18.811438609893
"IGproject1378","Nomada","goodeniana","female",1991,6,16,"England","Devon","Lynmouth","",2.966,2.018,9.145,2.552,"Apidae","kleptoparasite","OUMNH",NA,"Lynmouth, Devon, England",51.2307788,-3.83105,"Nomada goodeniana",10.5668365703202,2.98408632451601,12.330723983055,17.0902225105226
"IGproject1379","Nomada","goodeniana","female",1942,4,2,"England","Berkshire","Calcot","",2.978,1.939,8.824,2.697,"Apidae","kleptoparasite","OUMNH",NA,"Calcot, Berkshire, England",51.441795,-1.0520249,"Nomada goodeniana",10.2221253968585,4.48274862940197,15.2232517035461,20.8834305120193
"IGproject1380","Nomada","goodeniana","female",1991,5,4,"England","Oxfordshire","","",2.594,1.655,7.906,2.213,"Apidae","kleptoparasite","OUMNH",NA,"Oxfordshire, England",51.833333,-1.25,"Nomada goodeniana",11.3166587790608,3.16460339951453,13.6906170458256,18.9348257682262
"IGproject1381","Nomada","goodeniana","male",1991,4,27,"England","Devon","Winford","",2.542,1.66,8.122,2.36,"Apidae","kleptoparasite","OUMNH",NA,"Winford, Devon, England",51.1549684,-3.9858806,"Nomada goodeniana",10.6926454124302,2.98422097599359,12.4474630887723,17.3099616837055
"IGproject1382","Nomada","goodeniana","female",1991,4,26,"England","Devon","Croyde","",3.12,2.166,9.509,2.821,"Apidae","kleptoparasite","OUMNH",NA,"Croyde, Devon, England",51.1303398,-4.2215393,"Nomada goodeniana",10.6926454124302,2.98422097599359,12.4474630887723,17.3099616837055
"IGproject1383","Nomada","goodeniana","female",1991,4,26,"England","Devon","Croyde","",3.224,2.17,9.894,2.808,"Apidae","kleptoparasite","OUMNH",NA,"Croyde, Devon, England",51.1303398,-4.2215393,"Nomada goodeniana",10.6926454124302,2.98422097599359,12.4474630887723,17.3099616837055
"IGproject1384","Nomada","goodeniana","female",1991,4,27,"England","Devon","Arlington","Arlington Court",2.793,1.805,8.856,2.521,"Apidae","kleptoparasite","OUMNH",NA,"Arlington Court, Arlington, Devon, England",51.1472177,-3.9871786,"Nomada goodeniana",10.6926454124302,2.98422097599359,12.4474630887723,17.3099616837055
"IGproject1385","Nomada","goodeniana","male",1991,4,27,"England","Devon","Arlington","Arlington Court",2.541,1.548,7.754,2.25,"Apidae","kleptoparasite","OUMNH",NA,"Arlington Court, Arlington, Devon, England",51.1472177,-3.9871786,"Nomada goodeniana",10.6926454124302,2.98422097599359,12.4474630887723,17.3099616837055
"IGproject1386","Nomada","goodeniana","male",1991,5,22,"England","Hampshire","Bramshaw","",2.942,1.885,8.687,2.459,"Apidae","kleptoparasite","OUMNH",NA,"Bramshaw, Hampshire, England",50.9407584,-1.617454,"Nomada goodeniana",11.8513748548097,2.87797847605315,13.729872766017,19.4032077951848
"IGproject1387","Nomada","goodeniana","male",1991,5,27,"England","Devon","Winford","",2.765,1.82,8.788,2.483,"Apidae","kleptoparasite","OUMNH",NA,"Winford, Devon, England",51.1549684,-3.9858806,"Nomada goodeniana",10.6926454124302,2.98422097599359,12.4474630887723,17.3099616837055
"IGproject1388","Nomada","goodeniana","male",1991,4,27,"England","Devon","Arlington","Arlington Court",2.659,1.659,8.476,2.214,"Apidae","kleptoparasite","OUMNH",NA,"Arlington Court, Arlington, Devon, England",51.1472177,-3.9871786,"Nomada goodeniana",10.6926454124302,2.98422097599359,12.4474630887723,17.3099616837055
"IGproject1389","Nomada","goodeniana","male",1991,4,27,"England","Devon","Winford","",3.017,2.059,9.079,2.637,"Apidae","kleptoparasite","OUMNH",NA,"Winford, Devon, England",51.1549684,-3.9858806,"Nomada goodeniana",10.6926454124302,2.98422097599359,12.4474630887723,17.3099616837055
"IGproject1390","Nomada","goodeniana","female",1904,5,25,"England","Kent","Faversham","Huntingfield",2.591,1.614,7.839,2.366,"Apidae","kleptoparasite","OUMNH",NA,"Huntingfield, Faversham, Kent, England",51.25792226,0.822018012,"Nomada goodeniana",10.1913806151335,3.30857704578807,12.8383974345418,17.2006160164826
"IGproject1391","Nomada","goodeniana","male",1898,NA,NA,"England","Gloucestershire","Dodington","",2.372,1.45,7.134,2.097,"Apidae","kleptoparasite","OUMNH",NA,"Dodington, Gloucestershire, England",51.5188343,-2.362419,"Nomada goodeniana",11.107841685546,4.01346926236886,15.4311079397202,19.848565537286
"IGproject1392","Nomada","goodeniana","female",1897,NA,NA,"England","Gloucestershire","Dodington","",2.771,1.668,8.443,2.455,"Apidae","kleptoparasite","OUMNH",NA,"Dodington, Gloucestershire, England",51.5188343,-2.362419,"Nomada goodeniana",12.8287307174812,3.59135466290976,16.5472969446336,21.6450329654619
"IGproject1393","Nomada","goodeniana","female",1905,5,14,"England","Kent","Faversham","Huntingfield",2.78,1.756,8.531,2.511,"Apidae","kleptoparasite","OUMNH",NA,"Huntingfield, Faversham, Kent, England",51.25792226,0.822018012,"Nomada goodeniana",11.3561999537336,2.35082196074098,13.7301189074374,18.392924121186
"IGproject1394","Nomada","goodeniana","female",1900,4,NA,"England","Kent","Faversham","Huntingfield",3.052,2.04,9.182,2.693,"Apidae","kleptoparasite","OUMNH",NA,"Huntingfield, Faversham, Kent, England",51.25792226,0.822018012,"Nomada goodeniana",11.0660187851573,3.47977083077217,14.8874257239805,20.1933633111544
"IGproject1395","Nomada","goodeniana","female",1904,5,20,"England","Kent","Faversham","Huntingfield",2.782,1.81,8.452,2.461,"Apidae","kleptoparasite","OUMNH",NA,"Huntingfield, Faversham, Kent, England",51.25792226,0.822018012,"Nomada goodeniana",10.1913806151335,3.30857704578807,12.8383974345418,17.2006160164826
"IGproject1396","Nomada","goodeniana","female",1896,NA,NA,"England","Gloucestershire","Dodington","",3.063,2.086,9.122,2.712,"Apidae","kleptoparasite","OUMNH",NA,"Dodington, Gloucestershire, England",51.5188343,-2.362419,"Nomada goodeniana",12.2368346497608,3.40976089334763,15.3124687025098,21.4621065565011
"IGproject1397","Nomada","goodeniana","female",1900,NA,NA,"England","Kent","Faversham","",3.08,1.95,9.22,2.665,"Apidae","kleptoparasite","OUMNH",NA,"Faversham, Kent, England",51.3158434,0.8911283,"Nomada goodeniana",11.0565027354291,3.46500778579317,14.8598186999277,20.1479614578795
"IGproject1398","Nomada","goodeniana","male",1899,NA,NA,"England","Devon","Sidmouth","",2.576,1.617,8.12,2.297,"Apidae","kleptoparasite","OUMNH",NA,"Sidmouth, Devon, England",50.6790033,-3.237657,"Nomada goodeniana",11.1273367089503,2.70560554274981,13.8825862343196,18.3616308810724
"IGproject1399","Nomada","goodeniana","female",1899,4,NA,"England","Devon","Sidmouth","",3.13,2.122,9.395,2.767,"Apidae","kleptoparasite","OUMNH",NA,"Sidmouth, Devon, England",50.6790033,-3.237657,"Nomada goodeniana",11.1273367089503,2.70560554274981,13.8825862343196,18.3616308810724
"IGproject1400","Nomada","goodeniana","female",1896,NA,NA,"England","Gloucestershire","Dodington","",3.093,2.191,9.364,2.733,"Apidae","kleptoparasite","OUMNH",NA,"Dodington, Gloucestershire, England",51.5188343,-2.362419,"Nomada goodeniana",12.2368346497608,3.40976089334763,15.3124687025098,21.4621065565011
"IGproject1401","Nomada","goodeniana","female",1896,NA,NA,"England","Gloucestershire","Dodington","",3.002,2.008,8.834,2.63,"Apidae","kleptoparasite","OUMNH",NA,"Dodington, Gloucestershire, England",51.5188343,-2.362419,"Nomada goodeniana",12.2368346497608,3.40976089334763,15.3124687025098,21.4621065565011
"IGproject1402","Nomada","goodeniana","male",1899,4,NA,"England","Devon","Sidmouth","",2.53,1.692,7.857,2.243,"Apidae","kleptoparasite","OUMNH",NA,"Sidmouth, Devon, England",50.6790033,-3.237657,"Nomada goodeniana",11.1273367089503,2.70560554274981,13.8825862343196,18.3616308810724
"IGproject1403","Nomada","goodeniana","male",1896,NA,NA,"England","Gloucestershire","Dodington","",2.835,1.833,8.858,2.526,"Apidae","kleptoparasite","OUMNH",NA,"Dodington, Gloucestershire, England",51.5188343,-2.362419,"Nomada goodeniana",12.2368346497608,3.40976089334763,15.3124687025098,21.4621065565011
"IGproject1404","Nomada","goodeniana","male",1896,NA,NA,"England","Gloucestershire","Dodington","",3.082,2.136,9.795,2.643,"Apidae","kleptoparasite","OUMNH",NA,"Dodington, Gloucestershire, England",51.5188343,-2.362419,"Nomada goodeniana",12.2368346497608,3.40976089334763,15.3124687025098,21.4621065565011
"IGproject1405","Nomada","goodeniana","male",1896,NA,NA,"England","Gloucestershire","Dodington","",3.06,1.938,9.57,2.657,"Apidae","kleptoparasite","OUMNH",NA,"Dodington, Gloucestershire, England",51.5188343,-2.362419,"Nomada goodeniana",12.2368346497608,3.40976089334763,15.3124687025098,21.4621065565011
"IGproject1406","Nomada","goodeniana","female",1899,NA,NA,"England","Devon","Sidmouth","",2.533,1.49,7.72,2.122,"Apidae","kleptoparasite","OUMNH",NA,"Sidmouth, Devon, England",50.6790033,-3.237657,"Nomada goodeniana",11.1273367089503,2.70560554274981,13.8825862343196,18.3616308810724
"IGproject1407","Nomada","goodeniana","female",1899,NA,NA,"England","Devon","Sidmouth","",2.774,1.696,8.415,2.464,"Apidae","kleptoparasite","OUMNH",NA,"Sidmouth, Devon, England",50.6790033,-3.237657,"Nomada goodeniana",11.1273367089503,2.70560554274981,13.8825862343196,18.3616308810724
"IGproject1408","Nomada","goodeniana","male",1900,5,27,"England","Oxfordshire","Boars Hill","",3.118,2.067,9.319,2.813,"Apidae","kleptoparasite","OUMNH",NA,"Boars Hill, Oxfordshire, England",51.7160588,-1.2910167,"Nomada goodeniana",11.001618688019,3.80617793836645,15.2249156381082,21.5294410459339
"IGproject1409","Nomada","goodeniana","female",1941,6,2,"England","Hampshire","Burley","",3.239,2.146,9.525,2.894,"Apidae","kleptoparasite","OUMNH",NA,"Burley, Hampshire, England",50.8266,-1.70164,"Nomada goodeniana",12.8167854081861,3.87003451874353,16.6964627922419,22.7761729465753
"IGproject1410","Nomada","goodeniana","male",1937,5,4,"England","Greater London","London","Wimbledon",3.036,2.002,9.268,2.526,"Apidae","kleptoparasite","OUMNH",NA,"Wimbledon, London, Greater London, England",51.4214787,-0.2064027,"Nomada goodeniana",11.5360527179648,4.55126937864574,15.7370740791601,20.4870993215106
"IGproject1411","Nomada","goodeniana","female",1937,5,4,"England","Greater London","London","Wimbledon",2.982,1.999,9.12,2.646,"Apidae","kleptoparasite","OUMNH",NA,"Wimbledon, London, Greater London, England",51.4214787,-0.2064027,"Nomada goodeniana",11.5360527179648,4.55126937864574,15.7370740791601,20.4870993215106
"IGproject1412","Nomada","goodeniana","female",1937,5,4,"England","Greater London","London","Wimbledon",3.239,2.149,9.96,2.935,"Apidae","kleptoparasite","OUMNH",NA,"Wimbledon, London, Greater London, England",51.4214787,-0.2064027,"Nomada goodeniana",11.5360527179648,4.55126937864574,15.7370740791601,20.4870993215106
"IGproject1413","Nomada","goodeniana","male",1937,5,4,"England","Greater London","London","Wimbledon",2.618,1.54,7.976,2.311,"Apidae","kleptoparasite","OUMNH",NA,"Wimbledon, London, Greater London, England",51.4214787,-0.2064027,"Nomada goodeniana",11.5360527179648,4.55126937864574,15.7370740791601,20.4870993215106
"IGproject1414","Nomada","goodeniana","male",1937,5,4,"England","Greater London","London","Wimbledon",2.742,1.766,8.413,2.468,"Apidae","kleptoparasite","OUMNH",NA,"Wimbledon, London, Greater London, England",51.4214787,-0.2064027,"Nomada goodeniana",11.5360527179648,4.55126937864574,15.7370740791601,20.4870993215106
"IGproject1415","Nomada","goodeniana","male",1941,4,17,"England","Oxfordshire","Hardwick","",2.275,1.286,6.984,2.004,"Apidae","kleptoparasite","OUMNH",NA,"Hardwick, Oxfordshire, England",51.9626874,-1.161546,"Nomada goodeniana",12.2946498073031,3.79561248961731,16.0734808225298,22.3626806685782
"IGproject1416","Nomada","goodeniana","female",1939,6,10,"England","Somerset","Bath","",2.824,1.7731,8.375,2.505,"Apidae","kleptoparasite","OUMNH",NA,"Bath, Somerset, England",51.3813864,-2.3596963,"Nomada goodeniana",10.7112965096612,3.46339155329119,14.3145204022743,18.8479362184163
"IGproject1417","Nomada","goodeniana","male",1941,5,4,"England","Berkshire","Padworth","",2.47,1.509,7.673,2.231,"Apidae","kleptoparasite","OUMNH",NA,"Padworth, Berkshire, England",51.3916205,-1.1187515,"Nomada goodeniana",12.6590999220318,3.87303505760171,16.5111037119936,22.8854493447013
"IGproject1418","Nomada","goodeniana","male",1941,5,4,"England","Berkshire","Padworth","",2.366,1.423,7.257,2.053,"Apidae","kleptoparasite","OUMNH",NA,"Padworth, Berkshire, England",51.3916205,-1.1187515,"Nomada goodeniana",12.6590999220318,3.87303505760171,16.5111037119936,22.8854493447013
"IGproject1419","Nomada","goodeniana","male",1941,5,4,"England","Berkshire","Padworth","",3.111,1.968,9.338,2.596,"Apidae","kleptoparasite","OUMNH",NA,"Padworth, Berkshire, England",51.3916205,-1.1187515,"Nomada goodeniana",12.6590999220318,3.87303505760171,16.5111037119936,22.8854493447013
"IGproject1420","Nomada","goodeniana","male",1941,5,4,"England","Berkshire","Padworth","",2.592,1.498,7.981,2.236,"Apidae","kleptoparasite","OUMNH",NA,"Padworth, Berkshire, England",51.3916205,-1.1187515,"Nomada goodeniana",12.6590999220318,3.87303505760171,16.5111037119936,22.8854493447013
"IGproject1421","Nomada","goodeniana","male",1941,5,4,"England","Berkshire","Padworth","",3.054,2.094,9.367,2.522,"Apidae","kleptoparasite","OUMNH",NA,"Padworth, Berkshire, England",51.3916205,-1.1187515,"Nomada goodeniana",12.6590999220318,3.87303505760171,16.5111037119936,22.8854493447013
"IGproject1422","Nomada","goodeniana","male",1941,5,4,"England","Berkshire","Padworth","",2.806,1.806,8.561,2.438,"Apidae","kleptoparasite","OUMNH",NA,"Padworth, Berkshire, England",51.3916205,-1.1187515,"Nomada goodeniana",12.6590999220318,3.87303505760171,16.5111037119936,22.8854493447013
"IGproject1423","Nomada","goodeniana","male",1976,5,4,"England","Derbyshire","Unstone","",3.02,2.117,9.478,2.605,"Apidae","kleptoparasite","OUMNH",NA,"Unstone, Derbyshire, England",53.2907058,-1.4416131,"Nomada goodeniana",10.0872926663599,3.17079422792723,13.6891347115886,19.6017785656768
"IGproject1424","Nomada","goodeniana","male",1964,5,19,"Wales","Conwy","Llandudno","",2.962,1.87,9.315,2.515,"Apidae","kleptoparasite","OUMNH",NA,"Llandudno, Conwy, Wales",53.322475,-3.8243251,"Nomada goodeniana",9.49076552629401,3.06421428060885,12.8781746610154,16.9081296995094
"IGproject1425","Nomada","goodeniana","female",2007,4,16,"England","Surrey","Reigate","Reigate Heath",2.684,1.768,7.961,2.428,"Apidae","kleptoparasite","OUMNH",NA,"Reigate Heath, Reigate, Surrey, England",51.2367777,-0.2347536,"Nomada goodeniana",12.7817566267767,3.64937860753861,16.4244702663094,22.3348728434942
"IGproject1426","Lasioglossum","fulvicorne","female",1991,5,27,"England","Wiltshire","Wroughton","Clouts Wood",1.734,1.247,5.317,1.447,"Halictidae","excavator","OUMNH",NA,"Clouts Wood, Wroughton, Wiltshire, England",51.51489206,-1.804044057,"Lasioglossum fulvicorne",13.8571020026911,4.14078577648315,18.1808275107687,23.9192422469357
"IGproject1427","Lasioglossum","fulvicorne","female",1991,6,22,"England","Gloucestershire","Coombe","",1.76,1.215,5.21,1.39,"Halictidae","excavator","OUMNH",NA,"Coombe, Gloucestershire, England",51.6440161,-2.3365089,"Lasioglossum fulvicorne",13.9945332916421,4.10372099206483,18.1939727138688,23.5182917151546
"IGproject1428","Lasioglossum","fulvicorne","female",1991,6,22,"England","Gloucestershire","Coombe","",1.871,1.314,5.458,1.4,"Halictidae","excavator","OUMNH",NA,"Coombe, Gloucestershire, England",51.6440161,-2.3365089,"Lasioglossum fulvicorne",13.9945332916421,4.10372099206483,18.1939727138688,23.5182917151546
"IGproject1429","Lasioglossum","fulvicorne","male",1942,7,31,"England","West Sussex","Arundel","",1.728,1.193,5.018,1.232,"Halictidae","excavator","OUMNH",NA,"Arundel, West Sussex, England",50.8545384,-0.5648163,"Lasioglossum fulvicorne",12.7040345660609,4.53325212847732,17.4939989859442,22.7474164143345
"IGproject1430","Lasioglossum","fulvicorne","female",1974,5,7,"England","Oxfordshire","Oxford","Wytham",1.763,1.323,5.412,1.429,"Halictidae","excavator","OUMNH",NA,"Wytham, Oxford, Oxfordshire, England",51.7535169,-1.2131856,"Lasioglossum fulvicorne",13.1193117384145,3.95542724237377,16.9098087977846,22.264250961407
"IGproject1431","Lasioglossum","fulvicorne","female",1974,5,7,"England","Oxfordshire","Oxford","Wytham",1.794,1.31,5.414,1.424,"Halictidae","excavator","OUMNH",NA,"Wytham, Oxford, Oxfordshire, England",51.7535169,-1.2131856,"Lasioglossum fulvicorne",13.1193117384145,3.95542724237377,16.9098087977846,22.264250961407
"IGproject1432","Lasioglossum","fulvicorne","female",1949,8,20,"England","Northamptonshire","Newbottle","",1.922,1.397,5.617,1.472,"Halictidae","excavator","OUMNH",NA,"Newbottle, Northamptonshire, England",52.0280967,-1.2372692,"Lasioglossum fulvicorne",12.3524957772546,2.82132031956192,15.175011986447,20.0215150531115
"IGproject1433","Lasioglossum","fulvicorne","male",1991,9,7,"England","Gloucestershire","Fairford","Whelford Pool",1.761,1.246,5.54,1.344,"Halictidae","excavator","OUMNH",NA,"Whelford Pool, Fairford, Gloucestershire, England",51.69410753,-1.751117717,"Lasioglossum fulvicorne",13.858070510341,4.21531570003047,18.2987263210413,23.9154488668898
"IGproject1434","Lasioglossum","fulvicorne","female",1991,6,29,"England","Gloucestershire","Stroud","Bull Banks Lake",1.93,1.432,5.652,1.469,"Halictidae","excavator","OUMNH",NA,"Bull Banks Lake, Stroud, Gloucestershire, England",51.7754872,-2.0801017,"Lasioglossum fulvicorne",13.9213693898986,4.18595136740248,18.2554463557715,23.6985504352499
"IGproject1435","Lasioglossum","fulvicorne","female",1915,5,21,"England","Devon","Brixham","",1.862,1.368,5.396,1.465,"Halictidae","excavator","OUMNH",NA,"Brixham, Devon, England",50.3952404,-3.514544,"Lasioglossum fulvicorne",13.7631079881502,2.73980897477307,16.2761229620172,20.1038644598181
"IGproject1436","Lasioglossum","fulvicorne","female",1991,6,22,"England","Gloucestershire","Coombe","",1.78,1.287,5.228,1.395,"Halictidae","excavator","OUMNH",NA,"Coombe, Gloucestershire, England",51.6440161,-2.3365089,"Lasioglossum fulvicorne",13.9945332916421,4.10372099206483,18.1939727138688,23.5182917151546
"IGproject1437","Lasioglossum","fulvicorne","female",1904,7,6,"England","Dorset","Lyme Regis","",1.531,1.156,4.704,1.168,"Halictidae","excavator","OUMNH",NA,"Lyme Regis, Dorset, England",50.7252897,-2.934559,"Lasioglossum fulvicorne",12.2806611129386,3.19761594680747,15.3581638166614,20.0051358635326
"IGproject1438","Lasioglossum","fulvicorne","female",1958,6,25,"England","Dorset","Witchampton","",1.816,1.43,5.52,1.334,"Halictidae","excavator","OUMNH",NA,"Witchampton, Dorset, England",50.8579978,-2.0168718,"Lasioglossum fulvicorne",13.4645253706151,3.40339097391037,16.5975847896309,21.7778048952328
"IGproject1439","Lasioglossum","fulvicorne","female",1904,5,1,"England","Gloucestershire","Horsley","",1.756,1.259,5.255,1.327,"Halictidae","excavator","OUMNH",NA,"Horsley, Gloucestershire, England",51.6780946,-2.2329134,"Lasioglossum fulvicorne",11.659771551398,3.36269637651761,14.995518936044,19.9385982903447
"IGproject1440","Lasioglossum","fulvicorne","female",1913,5,16,"England","Devon","Newton Abbot","",1.81,1.364,5.449,1.388,"Halictidae","excavator","OUMNH",NA,"Newton Abbot, Devon, England",50.5296441,-3.6112097,"Lasioglossum fulvicorne",12.8706142173823,2.35426489070886,16.1410025444374,19.70830384818
"IGproject1441","Lasioglossum","fulvicorne","female",1904,5,1,"England","Gloucestershire","Horsley","",1.766,1.288,5.288,1.384,"Halictidae","excavator","OUMNH",NA,"Horsley, Gloucestershire, England",51.6780946,-2.2329134,"Lasioglossum fulvicorne",11.659771551398,3.36269637651761,14.995518936044,19.9385982903447
"IGproject1442","Lasioglossum","fulvicorne","female",1904,8,24,"England","Surrey","Reigate","",1.624,1.153,4.913,1.298,"Halictidae","excavator","OUMNH",NA,"Reigate, Surrey, England",51.2376557,-0.2057067,"Lasioglossum fulvicorne",12.2863687100361,3.68269971683091,15.8093200668993,20.7921699934039
"IGproject1443","Lasioglossum","fulvicorne","female",1915,4,30,"England","Devon","Brixham","",1.813,1.359,5.415,1.455,"Halictidae","excavator","OUMNH",NA,"Brixham, Devon, England",50.3952404,-3.514544,"Lasioglossum fulvicorne",13.7631079881502,2.73980897477307,16.2761229620172,20.1038644598181
"IGproject1444","Lasioglossum","fulvicorne","female",1903,7,26,"England","Dorset","Lyme Regis","",1.875,1.34,5.502,1.526,"Halictidae","excavator","OUMNH",NA,"Lyme Regis, Dorset, England",50.7252897,-2.934559,"Lasioglossum fulvicorne",12.1150204286511,3.33156873055963,15.0947042552986,19.9216911273388
"IGproject1445","Lasioglossum","fulvicorne","female",1916,4,26,"England","Devon","Brixham","",1.92,1.502,5.705,1.527,"Halictidae","excavator","OUMNH",NA,"Brixham, Devon, England",50.3952404,-3.514544,"Lasioglossum fulvicorne",13.0747584676393,2.83506599795395,15.9993144920199,20.0048532561324
"IGproject1446","Lasioglossum","fulvicorne","female",1915,4,30,"England","Devon","Brixham","",1.785,1.302,5.323,1.415,"Halictidae","excavator","OUMNH",NA,"Brixham, Devon, England",50.3952404,-3.514544,"Lasioglossum fulvicorne",13.7631079881502,2.73980897477307,16.2761229620172,20.1038644598181
"IGproject1447","Lasioglossum","fulvicorne","female",1919,4,23,"England","Devon","Brixham","Churston Ferrers",1.776,1.243,5.23,1.401,"Halictidae","excavator","OUMNH",NA,"Churston Ferrers, Brixham, Devon, England",50.3945707,-3.565572,"Lasioglossum fulvicorne",13.3254417312047,3.37291774206484,16.3124978694575,20.2537480450888
"IGproject1448","Lasioglossum","fulvicorne","female",1916,4,26,"England","Devon","Brixham","",1.863,1.386,5.782,1.405,"Halictidae","excavator","OUMNH",NA,"Brixham, Devon, England",50.3952404,-3.514544,"Lasioglossum fulvicorne",13.0747584676393,2.83506599795395,15.9993144920199,20.0048532561324
"IGproject1449","Lasioglossum","fulvicorne","female",1905,9,4,"England","Kent","Faversham","Huntingfield",1.745,1.35,5.117,1.459,"Halictidae","excavator","OUMNH",NA,"Huntingfield, Faversham, Kent, England",51.25792226,0.822018012,"Lasioglossum fulvicorne",13.5767900672086,3.49859758439813,17.5878807422322,22.8246373810369
"IGproject1450","Lasioglossum","fulvicorne","female",1905,9,19,"England","Kent","Faversham","Huntingfield",1.793,1.287,5.254,1.372,"Halictidae","excavator","OUMNH",NA,"Huntingfield, Faversham, Kent, England",51.25792226,0.822018012,"Lasioglossum fulvicorne",13.5767900672086,3.49859758439813,17.5878807422322,22.8246373810369
"IGproject1451","Lasioglossum","fulvicorne","female",1902,5,22,"England","Kent","Faversham","Huntingfield",1.823,1.357,5.316,1.449,"Halictidae","excavator","OUMNH",NA,"Huntingfield, Faversham, Kent, England",51.25792226,0.822018012,"Lasioglossum fulvicorne",13.5949744964548,3.84813669673188,17.4404786615628,23.0645475654834
"IGproject1452","Lasioglossum","fulvicorne","female",1900,NA,NA,"England","Kent","Faversham","Huntingfield",1.801,1.297,5.313,1.38,"Halictidae","excavator","OUMNH",NA,"Huntingfield, Faversham, Kent, England",51.25792226,0.822018012,"Lasioglossum fulvicorne",13.9202271189625,4.62137827705518,18.4383407529445,23.7293926086591
"IGproject1453","Lasioglossum","fulvicorne","female",1900,5,1,"England","Surrey","","",1.964,1.59,6.048,1.57,"Halictidae","excavator","OUMNH",NA,"Surrey, England",51.2715316,-0.3414524,"Lasioglossum fulvicorne",14.391678802459,4.77478316060724,18.8822897248954,25.0595946486068
"IGproject1454","Lasioglossum","fulvicorne","male",1901,7,7,"England","Kent","Faversham","Huntingfield",1.716,1.222,5.17,1.228,"Halictidae","excavator","OUMNH",NA,"Huntingfield, Faversham, Kent, England",51.25792226,0.822018012,"Lasioglossum fulvicorne",13.5759015196061,4.21296989694932,18.4427083569751,24.1094002195256
"IGproject1455","Lasioglossum","fulvicorne","male",1894,NA,NA,"England","Gloucestershire","Dodington","",1.817,1.238,5.192,1.258,"Halictidae","excavator","OUMNH",NA,"Dodington, Gloucestershire, England",51.5188343,-2.362419,"Lasioglossum fulvicorne",15.0566046198567,2.75359356305212,17.6759982255351,23.0846594187452
"IGproject1456","Lasioglossum","fulvicorne","male",1894,8,NA,"England","Gloucestershire","Dodington","",1.579,1.109,4.593,1.115,"Halictidae","excavator","OUMNH",NA,"Dodington, Gloucestershire, England",51.5188343,-2.362419,"Lasioglossum fulvicorne",15.0566046198567,2.75359356305212,17.6759982255351,23.0846594187452
"IGproject1457","Lasioglossum","fulvicorne","male",1902,8,8,"England","Kent","Faversham","Huntingfield",1.699,1.182,4.907,1.254,"Halictidae","excavator","OUMNH",NA,"Huntingfield, Faversham, Kent, England",51.25792226,0.822018012,"Lasioglossum fulvicorne",13.5949744964548,3.84813669673188,17.4404786615628,23.0645475654834
"IGproject1458","Lasioglossum","fulvicorne","male",1894,8,NA,"England","Gloucestershire","Dodington","",1.568,1.013,4.688,1.121,"Halictidae","excavator","OUMNH",NA,"Dodington, Gloucestershire, England",51.5188343,-2.362419,"Lasioglossum fulvicorne",15.0566046198567,2.75359356305212,17.6759982255351,23.0846594187452
"IGproject1459","Lasioglossum","fulvicorne","male",1894,NA,NA,"England","Gloucestershire","Dodington","",1.719,1.165,5.144,1.229,"Halictidae","excavator","OUMNH",NA,"Dodington, Gloucestershire, England",51.5188343,-2.362419,"Lasioglossum fulvicorne",15.0566046198567,2.75359356305212,17.6759982255351,23.0846594187452
"IGproject1460","Lasioglossum","fulvicorne","male",1894,NA,NA,"England","Gloucestershire","Dodington","",1.637,1.033,4.709,1.148,"Halictidae","excavator","OUMNH",NA,"Dodington, Gloucestershire, England",51.5188343,-2.362419,"Lasioglossum fulvicorne",15.0566046198567,2.75359356305212,17.6759982255351,23.0846594187452
"IGproject1461","Lasioglossum","fulvicorne","male",1901,9,3,"England","Kent","Faversham","Huntingfield",1.829,1.357,5.416,1.295,"Halictidae","excavator","OUMNH",NA,"Huntingfield, Faversham, Kent, England",51.25792226,0.822018012,"Lasioglossum fulvicorne",13.5759015196061,4.21296989694932,18.4427083569751,24.1094002195256
"IGproject1462","Lasioglossum","fulvicorne","male",1894,NA,NA,"England","Gloucestershire","Dodington","",1.754,1.218,5.113,1.27,"Halictidae","excavator","OUMNH",NA,"Dodington, Gloucestershire, England",51.5188343,-2.362419,"Lasioglossum fulvicorne",15.0566046198567,2.75359356305212,17.6759982255351,23.0846594187452
"IGproject1463","Lasioglossum","fulvicorne","male",1901,8,19,"England","Kent","Faversham","Huntingfield",1.682,1.171,5.037,1.187,"Halictidae","excavator","OUMNH",NA,"Huntingfield, Faversham, Kent, England",51.25792226,0.822018012,"Lasioglossum fulvicorne",13.5759015196061,4.21296989694932,18.4427083569751,24.1094002195256
"IGproject1464","Lasioglossum","fulvicorne","male",1893,NA,NA,"England","Gloucestershire","Dodington","",1.694,1.21,5.008,1.194,"Halictidae","excavator","OUMNH",NA,"Dodington, Gloucestershire, England",51.5188343,-2.362419,"Lasioglossum fulvicorne",12.6207666216568,2.92555337541183,15.3606664073364,19.7112811077246
"IGproject1465","Lasioglossum","fulvicorne","male",1894,NA,NA,"England","Gloucestershire","Dodington","",1.708,1.192,5.192,1.281,"Halictidae","excavator","OUMNH",NA,"Dodington, Gloucestershire, England",51.5188343,-2.362419,"Lasioglossum fulvicorne",15.0566046198567,2.75359356305212,17.6759982255351,23.0846594187452
"IGproject1466","Lasioglossum","fulvicorne","male",1901,7,7,"England","Kent","Faversham","Huntingfield",1.764,1.256,5.006,1.202,"Halictidae","excavator","OUMNH",NA,"Huntingfield, Faversham, Kent, England",51.25792226,0.822018012,"Lasioglossum fulvicorne",13.5759015196061,4.21296989694932,18.4427083569751,24.1094002195256
"IGproject1467","Lasioglossum","fulvicorne","male",1922,7,24,"England","Surrey","Tadworth","Box Hill",1.879,1.38,5.666,1.315,"Halictidae","excavator","OUMNH",NA,"Box Hill, Tadworth, Surrey, England",51.2543699,-0.2776725,"Lasioglossum fulvicorne",14.2197310061648,3.98198473964364,19.0129281347636,25.7207976813681
"IGproject1468","Lasioglossum","fulvicorne","male",1921,8,1,"England","Oxfordshire","Aston Rowant","",1.844,1.309,5.553,1.364,"Halictidae","excavator","OUMNH",NA,"Aston Rowant, Oxfordshire, England",51.6853033,-0.9489914,"Lasioglossum fulvicorne",12.4340688266347,2.44750468465994,14.3899841856706,19.6184514547415
"IGproject1469","Lasioglossum","fulvicorne","male",1904,8,NA,"England","Kent","Faversham","Huntingfield",1.711,1.199,4.958,1.247,"Halictidae","excavator","OUMNH",NA,"Huntingfield, Faversham, Kent, England",51.25792226,0.822018012,"Lasioglossum fulvicorne",12.3525715829226,3.78277168559955,15.9902648236762,20.9138155808248
"IGproject1470","Lasioglossum","fulvicorne","male",1903,8,8,"England","Kent","Blean","",1.782,1.283,5.15,1.244,"Halictidae","excavator","OUMNH",NA,"Blean, Kent, England",51.3092258,1.0414003,"Lasioglossum fulvicorne",12.3666096307228,3.58360575412419,15.7374307613488,21.057250172746
"IGproject1471","Lasioglossum","fulvicorne","male",1900,NA,NA,"England","Kent","Faversham","Huntingfield",1.706,1.155,4.841,1.184,"Halictidae","excavator","OUMNH",NA,"Huntingfield, Faversham, Kent, England",51.25792226,0.822018012,"Lasioglossum fulvicorne",13.9202271189625,4.62137827705518,18.4383407529445,23.7293926086591
"IGproject1472","Lasioglossum","fulvicorne","male",1915,7,15,"England","Devon","Brixham","",1.857,1.338,5.722,1.356,"Halictidae","excavator","OUMNH",NA,"Brixham, Devon, England",50.3952404,-3.514544,"Lasioglossum fulvicorne",13.7631079881502,2.73980897477307,16.2761229620172,20.1038644598181
"IGproject1473","Lasioglossum","fulvicorne","male",1902,8,30,"England","Kent","Faversham","Huntingfield",1.724,1.177,5.147,1.278,"Halictidae","excavator","OUMNH",NA,"Huntingfield, Faversham, Kent, England",51.25792226,0.822018012,"Lasioglossum fulvicorne",13.5949744964548,3.84813669673188,17.4404786615628,23.0645475654834
"IGproject1474","Lasioglossum","fulvicorne","male",1901,9,3,"England","Kent","Faversham","Huntingfield",1.769,1.282,5.308,1.326,"Halictidae","excavator","OUMNH",NA,"Huntingfield, Faversham, Kent, England",51.25792226,0.822018012,"Lasioglossum fulvicorne",13.5759015196061,4.21296989694932,18.4427083569751,24.1094002195256
"IGproject1475","Lasioglossum","fulvicorne","female",1991,6,22,"England","Gloucestershire","Coombe","",1.839,1.326,5.253,1.424,"Halictidae","excavator","OUMNH",NA,"Coombe, Gloucestershire, England",51.6440161,-2.3365089,"Lasioglossum fulvicorne",13.9945332916421,4.10372099206483,18.1939727138688,23.5182917151546
"IGproject1476","Lasioglossum","fulvicorne","male",2007,8,8,"England","Surrey","Walton-on-Thames","",1.957,1.332,5.594,1.426,"Halictidae","excavator","OUMNH",NA,"Walton-on-Thames, Surrey, England",51.3856837,-0.419814,"Lasioglossum fulvicorne",15.5594518463336,4.42176679753842,21.0829621208509,27.2262297075305
"IGproject1477","Lasioglossum","fulvicorne","female",1989,7,21,"England","Greater London","London","Selsdon Wood",1.848,1.35,5.375,1.459,"Halictidae","excavator","OUMNH",NA,"Selsdon Wood, London, Greater London, England",51.3381888,-0.0452476,"Lasioglossum fulvicorne",13.3818991228669,3.04179475937225,16.1092891610841,20.7366106838899
"IGproject1478","Lasioglossum","fulvicorne","female",1940,4,21,"England","Oxfordshire","Oxford","Wytham",1.843,1.347,5.221,1.414,"Halictidae","excavator","OUMNH",NA,"Wytham, Oxford, Oxfordshire, England",51.7535169,-1.2131856,"Lasioglossum fulvicorne",13.050390506885,3.14975922588981,16.4052486819162,21.3185819493103
"IGproject1479","Lasioglossum","fulvicorne","male",1968,9,7,"England","Bedfordshire","Whipsnade","Bison Hill",1.794,1.286,5.266,1.239,"Halictidae","excavator","OUMNH",NA,"Bison Hill, Whipsnade, Bedfordshire, England",51.854781,-0.5482012,"Lasioglossum fulvicorne",12.944757111063,3.98684669213628,17.2071966457106,22.3738452922006
"IGproject1480","Lasioglossum","fulvicorne","male",1968,9,7,"England","Bedfordshire","Whipsnade","Bison Hill",1.658,1.169,5.005,1.252,"Halictidae","excavator","OUMNH",NA,"Bison Hill, Whipsnade, Bedfordshire, England",51.854781,-0.5482012,"Lasioglossum fulvicorne",12.944757111063,3.98684669213628,17.2071966457106,22.3738452922006
"IGproject1481","Lasioglossum","fulvicorne","male",1968,9,7,"England","Bedfordshire","Hitchin","Pegsdon",1.876,1.278,5.532,1.352,"Halictidae","excavator","OUMNH",NA,"Pegsdon, Hitchin, Bedfordshire, England",51.96253534,-0.36842034,"Lasioglossum fulvicorne",13.0666160558635,4.01551559331607,17.3864884287521,22.6376382416027
"IGproject1482","Lasioglossum","fulvicorne","male",1968,9,7,"England","Bedfordshire","Whipsnade","Bison Hill",1.787,1.308,5.198,1.147,"Halictidae","excavator","OUMNH",NA,"Bison Hill, Whipsnade, Bedfordshire, England",51.854781,-0.5482012,"Lasioglossum fulvicorne",12.944757111063,3.98684669213628,17.2071966457106,22.3738452922006
"IGproject1483","Lasioglossum","fulvicorne","male",1968,9,7,"England","Bedfordshire","Whipsnade","Bison Hill",1.782,1.315,5.304,1.29,"Halictidae","excavator","OUMNH",NA,"Bison Hill, Whipsnade, Bedfordshire, England",51.854781,-0.5482012,"Lasioglossum fulvicorne",12.944757111063,3.98684669213628,17.2071966457106,22.3738452922006
"IGproject1484","Sphecodes","geoffrellus","female",1976,NA,NA,"England","Oxfordshire","Oxford","30 Cope Close",1.506,0.935,4.053,1.053,"Halictidae","kleptoparasite","OUMNH",NA,"30 Cope Close, Oxford, Oxfordshire, England",51.74787238,-1.298262636,"Sphecodes geoffrellus",13.8030693706009,4.65665110391714,18.7558146191642,24.6624041246884
"IGproject1485","Sphecodes","geoffrellus","male",1976,NA,NA,"England","Oxfordshire","Oxford","30 Cope Close",1.471,0.919,3.752,0.983,"Halictidae","kleptoparasite","OUMNH",NA,"30 Cope Close, Oxford, Oxfordshire, England",51.74787238,-1.298262636,"Sphecodes geoffrellus",13.8030693706009,4.65665110391714,18.7558146191642,24.6624041246884
"IGproject1486","Sphecodes","geoffrellus","female",1976,NA,NA,"England","Oxfordshire","Oxford","30 Cope Close",1.784,1.068,4.644,1.121,"Halictidae","kleptoparasite","OUMNH",NA,"30 Cope Close, Oxford, Oxfordshire, England",51.74787238,-1.298262636,"Sphecodes geoffrellus",13.8030693706009,4.65665110391714,18.7558146191642,24.6624041246884
"IGproject1487","Sphecodes","geoffrellus","female",1976,NA,NA,"England","Oxfordshire","Oxford","30 Cope Close",1.536,0.924,3.977,1.03,"Halictidae","kleptoparasite","OUMNH",NA,"30 Cope Close, Oxford, Oxfordshire, England",51.74787238,-1.298262636,"Sphecodes geoffrellus",13.8030693706009,4.65665110391714,18.7558146191642,24.6624041246884
"IGproject1488","Sphecodes","geoffrellus","male",1989,7,3,"England","Cornwall","St Anthony","",1.59,1.054,4.449,1.043,"Halictidae","kleptoparasite","OUMNH",NA,"St Anthony, Cornwall, England",50.0834774,-5.3107622,"Sphecodes geoffrellus",12.4960901845153,2.60895609843912,14.5775882292806,17.7130979059872
"IGproject1489","Sphecodes","geoffrellus","male",1903,NA,NA,"England","Kent","Faversham","Huntingfield",1.451,0.956,3.913,0.936,"Halictidae","kleptoparasite","OUMNH",NA,"Huntingfield, Faversham, Kent, England",51.25792226,0.822018012,"Sphecodes geoffrellus",12.237942658677,3.59985489638371,15.6043729114707,20.9064216565546
"IGproject1490","Sphecodes","geoffrellus","male",1902,8,20,"England","Kent","Faversham","Huntingfield",1.469,0.938,4.012,0.961,"Halictidae","kleptoparasite","OUMNH",NA,"Huntingfield, Faversham, Kent, England",51.25792226,0.822018012,"Sphecodes geoffrellus",13.5949744964548,3.84813669673188,17.4404786615628,23.0645475654834
"IGproject1491","Sphecodes","geoffrellus","male",1905,9,1,"England","Kent","Faversham","Huntingfield",1.629,1.09,4.41,1.117,"Halictidae","kleptoparasite","OUMNH",NA,"Huntingfield, Faversham, Kent, England",51.25792226,0.822018012,"Sphecodes geoffrellus",13.5767900672086,3.49859758439813,17.5878807422322,22.8246373810369
"IGproject1492","Sphecodes","geoffrellus","female",1906,9,3,"England","Kent","Charing","",1.531,0.915,4.11,1.03,"Halictidae","kleptoparasite","OUMNH",NA,"Charing, Kent, England",51.2142039,0.7886033,"Sphecodes geoffrellus",13.4808008067691,4.007165769409,17.8823560483238,22.9954583246616
"IGproject1493","Sphecodes","geoffrellus","female",1903,4,14,"England","Kent","","",1.529,0.959,3.992,0.989,"Halictidae","kleptoparasite","OUMNH",NA,"Kent, England",51.2070749,0.7210362,"Sphecodes geoffrellus",12.2078291709074,3.59269059688863,15.5584392258446,20.9080466103049
"IGproject1494","Sphecodes","geoffrellus","male",1901,8,4,"England","Kent","Faversham","Huntingfield",1.42,0.883,3.824,0.815,"Halictidae","kleptoparasite","OUMNH",NA,"Huntingfield, Faversham, Kent, England",51.25792226,0.822018012,"Sphecodes geoffrellus",13.5759015196061,4.21296989694932,18.4427083569751,24.1094002195256
"IGproject1495","Sphecodes","geoffrellus","male",1902,9,1,"England","Kent","Faversham","Huntingfield",1.624,1.139,4.531,1.06,"Halictidae","kleptoparasite","OUMNH",NA,"Huntingfield, Faversham, Kent, England",51.25792226,0.822018012,"Sphecodes geoffrellus",13.5949744964548,3.84813669673188,17.4404786615628,23.0645475654834
"IGproject1496","Sphecodes","geoffrellus","male",1900,NA,NA,"England","Kent","Faversham","Huntingfield",1.63,1.132,4.17,1.006,"Halictidae","kleptoparasite","OUMNH",NA,"Huntingfield, Faversham, Kent, England",51.25792226,0.822018012,"Sphecodes geoffrellus",13.9202271189625,4.62137827705518,18.4383407529445,23.7293926086591
"IGproject1497","Sphecodes","geoffrellus","male",1902,9,6,"England","Kent","Faversham","Huntingfield",1.509,0.978,4.059,0.932,"Halictidae","kleptoparasite","OUMNH",NA,"Huntingfield, Faversham, Kent, England",51.25792226,0.822018012,"Sphecodes geoffrellus",13.5949744964548,3.84813669673188,17.4404786615628,23.0645475654834
"IGproject1498","Sphecodes","geoffrellus","male",1900,8,4,"England","Kent","Faversham","Huntingfield",1.673,1.126,4.343,1.075,"Halictidae","kleptoparasite","OUMNH",NA,"Huntingfield, Faversham, Kent, England",51.25792226,0.822018012,"Sphecodes geoffrellus",13.9202271189625,4.62137827705518,18.4383407529445,23.7293926086591
"IGproject1499","Sphecodes","geoffrellus","female",1905,9,3,"England","Kent","Charing","",1.392,0.877,3.664,0.95,"Halictidae","kleptoparasite","OUMNH",NA,"Charing, Kent, England",51.2142039,0.7886033,"Sphecodes geoffrellus",13.5266717326692,3.48963827560025,17.5229575479628,22.8223101728681
"IGproject1500","Sphecodes","geoffrellus","female",1902,5,21,"England","Kent","Faversham","Huntingfield",1.338,0.83,3.559,0.909,"Halictidae","kleptoparasite","OUMNH",NA,"Huntingfield, Faversham, Kent, England",51.25792226,0.822018012,"Sphecodes geoffrellus",13.5949744964548,3.84813669673188,17.4404786615628,23.0645475654834
"IGproject1501","Sphecodes","geoffrellus","female",1902,9,6,"England","Kent","Faversham","Huntingfield",1.514,0.919,3.999,1.018,"Halictidae","kleptoparasite","OUMNH",NA,"Huntingfield, Faversham, Kent, England",51.25792226,0.822018012,"Sphecodes geoffrellus",13.5949744964548,3.84813669673188,17.4404786615628,23.0645475654834
"IGproject1502","Sphecodes","geoffrellus","female",1902,6,1,"England","Kent","Faversham","Huntingfield",1.581,1.02,4.21,1.022,"Halictidae","kleptoparasite","OUMNH",NA,"Huntingfield, Faversham, Kent, England",51.25792226,0.822018012,"Sphecodes geoffrellus",13.5949744964548,3.84813669673188,17.4404786615628,23.0645475654834
"IGproject1503","Sphecodes","geoffrellus","female",1902,9,18,"England","Kent","Faversham","Huntingfield",1.516,0.934,3.923,1.023,"Halictidae","kleptoparasite","OUMNH",NA,"Huntingfield, Faversham, Kent, England",51.25792226,0.822018012,"Sphecodes geoffrellus",13.5949744964548,3.84813669673188,17.4404786615628,23.0645475654834
"IGproject1504","Sphecodes","geoffrellus","female",1899,NA,NA,"England","Devon","Sidmouth","",1.686,1.116,4.439,1.206,"Halictidae","kleptoparasite","OUMNH",NA,"Sidmouth, Devon, England",50.6790033,-3.237657,"Sphecodes geoffrellus",13.255055332562,3.4971186535322,16.8496554399091,21.3767178755839
"IGproject1505","Sphecodes","geoffrellus","female",1902,6,1,"England","Hampshire","Tadley","Pamber Forest",1.625,1.07,4.301,1.091,"Halictidae","kleptoparasite","OUMNH",NA,"Pamber Forest, Tadley, Hampshire, England",51.3445805,-1.1172286,"Sphecodes geoffrellus",13.4129174744981,3.69453872842015,17.6329708905984,23.4496931223268
"IGproject1506","Sphecodes","geoffrellus","male",1902,9,18,"England","Kent","Faversham","Huntingfield",1.523,1.076,4.024,0.947,"Halictidae","kleptoparasite","OUMNH",NA,"Huntingfield, Faversham, Kent, England",51.25792226,0.822018012,"Sphecodes geoffrellus",13.5949744964548,3.84813669673188,17.4404786615628,23.0645475654834
"IGproject1507","Sphecodes","geoffrellus","female",1893,5,10,"England","Surrey","Caterham","",1.504,0.92,4.016,1.025,"Halictidae","kleptoparasite","OUMNH",NA,"Caterham, Surrey, England",51.2822001,-0.077248,"Sphecodes geoffrellus",12.5437847088282,3.23211986191463,15.8113085171215,20.6836103570278
"IGproject1508","Sphecodes","geoffrellus","female",1902,6,1,"England","Hampshire","Tadley","Pamber Forest",1.555,0.989,4.067,1.023,"Halictidae","kleptoparasite","OUMNH",NA,"Pamber Forest, Tadley, Hampshire, England",51.3445805,-1.1172286,"Sphecodes geoffrellus",13.4129174744981,3.69453872842015,17.6329708905984,23.4496931223268
"IGproject1509","Sphecodes","geoffrellus","female",1899,NA,NA,"England","Devon","Sidmouth","",1.557,0.984,4.196,1.086,"Halictidae","kleptoparasite","OUMNH",NA,"Sidmouth, Devon, England",50.6790033,-3.237657,"Sphecodes geoffrellus",13.255055332562,3.4971186535322,16.8496554399091,21.3767178755839
"IGproject1510","Sphecodes","geoffrellus","female",1901,6,1,"England","Kent","Faversham","Huntingfield",1.443,0.908,3.845,0.993,"Halictidae","kleptoparasite","OUMNH",NA,"Huntingfield, Faversham, Kent, England",51.25792226,0.822018012,"Sphecodes geoffrellus",13.5759015196061,4.21296989694932,18.4427083569751,24.1094002195256
"IGproject1511","Sphecodes","geoffrellus","female",1899,NA,NA,"England","Devon","Sidmouth","",1.729,1.152,4.67,1.164,"Halictidae","kleptoparasite","OUMNH",NA,"Sidmouth, Devon, England",50.6790033,-3.237657,"Sphecodes geoffrellus",13.255055332562,3.4971186535322,16.8496554399091,21.3767178755839
"IGproject1512","Sphecodes","geoffrellus","female",1901,6,1,"England","Kent","Faversham","Huntingfield",1.665,1.049,4.388,1.095,"Halictidae","kleptoparasite","OUMNH",NA,"Huntingfield, Faversham, Kent, England",51.25792226,0.822018012,"Sphecodes geoffrellus",13.5759015196061,4.21296989694932,18.4427083569751,24.1094002195256
"IGproject1513","Sphecodes","geoffrellus","female",1896,NA,NA,"England","Gloucestershire","Dodington","",1.836,1.115,4.755,1.246,"Halictidae","kleptoparasite","OUMNH",NA,"Dodington, Gloucestershire, England",51.5188343,-2.362419,"Sphecodes geoffrellus",13.6080655259105,3.056654837412,15.7586151295477,21.4621065565011
"IGproject1514","Sphecodes","geoffrellus","male",1902,8,16,"England","Kent","Faversham","Huntingfield",1.296,0.839,3.511,0.89,"Halictidae","kleptoparasite","OUMNH",NA,"Huntingfield, Faversham, Kent, England",51.25792226,0.822018012,"Sphecodes geoffrellus",13.5949744964548,3.84813669673188,17.4404786615628,23.0645475654834
"IGproject1515","Sphecodes","geoffrellus","male",1905,9,1,"England","Kent","Faversham","Huntingfield",1.548,1.047,4.041,1,"Halictidae","kleptoparasite","OUMNH",NA,"Huntingfield, Faversham, Kent, England",51.25792226,0.822018012,"Sphecodes geoffrellus",13.5767900672086,3.49859758439813,17.5878807422322,22.8246373810369
"IGproject1516","Sphecodes","geoffrellus","female",1899,NA,NA,"England","Devon","Sidmouth","",1.581,0.999,4.425,1.091,"Halictidae","kleptoparasite","OUMNH",NA,"Sidmouth, Devon, England",50.6790033,-3.237657,"Sphecodes geoffrellus",13.255055332562,3.4971186535322,16.8496554399091,21.3767178755839
"IGproject1517","Sphecodes","geoffrellus","female",1902,9,6,"England","Kent","Faversham","Huntingfield",1.466,0.89,3.787,0.994,"Halictidae","kleptoparasite","OUMNH",NA,"Huntingfield, Faversham, Kent, England",51.25792226,0.822018012,"Sphecodes geoffrellus",13.5949744964548,3.84813669673188,17.4404786615628,23.0645475654834
"IGproject1518","Sphecodes","geoffrellus","male",1900,7,1,"England","Kent","Faversham","Huntingfield",1.396,0.905,3.832,0.89,"Halictidae","kleptoparasite","OUMNH",NA,"Huntingfield, Faversham, Kent, England",51.25792226,0.822018012,"Sphecodes geoffrellus",13.9202271189625,4.62137827705518,18.4383407529445,23.7293926086591
"IGproject1519","Sphecodes","geoffrellus","male",1903,9,1,"England","Kent","Faversham","Huntingfield",1.54,1.1,4.176,1.073,"Halictidae","kleptoparasite","OUMNH",NA,"Huntingfield, Faversham, Kent, England",51.25792226,0.822018012,"Sphecodes geoffrellus",12.237942658677,3.59985489638371,15.6043729114707,20.9064216565546
"IGproject1520","Sphecodes","geoffrellus","female",1914,8,3,"England","Devon","Dawlish","",1.371,0.836,3.713,0.962,"Halictidae","kleptoparasite","OUMNH",NA,"Dawlish, Devon, England",50.5797391,-3.468931,"Sphecodes geoffrellus",13.0604250171214,3.3171316385185,16.4086930049431,20.9740852467194
"IGproject1521","Sphecodes","geoffrellus","male",1914,8,3,"England","Devon","Dawlish","",1.475,1.033,3.82,0.982,"Halictidae","kleptoparasite","OUMNH",NA,"Dawlish, Devon, England",50.5797391,-3.468931,"Sphecodes geoffrellus",13.0604250171214,3.3171316385185,16.4086930049431,20.9740852467194
"IGproject1522","Sphecodes","geoffrellus","female",1904,6,27,"England","Greater London","London","Wimbledon",1.586,1.015,4.146,1.075,"Halictidae","kleptoparasite","OUMNH",NA,"Wimbledon, London, Greater London, England",51.4214787,-0.2064027,"Sphecodes geoffrellus",12.5476023146538,3.71968975088392,16.1345533171426,20.948508790115
