label_no,genus,species,sex,year,month,day,country,county,city_town_village,specific_location,HW_mm,intertegular_distance_mm,FW_length_mm,tibia_length_mm,family,ecology,Source,interocular_distance_mm
IGproject0001,Nomada,sp.,male,1904,4,19,England,Oxfordshire,Oxford,University Parks,2.688,1.908,9.018,2.328,Apidae,kleptoparasite,OUMNH,1.781
IGproject0002,Nomada,sp.,male,1918,5,2,England,Oxfordshire,Oxford,,2.108,1.338,6.795,1.774,Apidae,kleptoparasite,OUMNH,1.441
IGproject0003,Nomada,sp.,female,1914,4,28,England,Devon,Bovey Tracey,,2.054,1.329,6.457,1.743,Apidae,kleptoparasite,OUMNH,1.367
IGproject0004,Nomada,ruficornis,female,1917,5,3,England,Surrey,Guildford,Merrow,2.777,1.779,8.348,2.236,Apidae,kleptoparasite,OUMNH,1.749
IGproject0005,Nomada,ruficornis,female,1980,6,,England,Oxfordshire,,Bernwood Forest,2.652,1.789,7.628,2.105,Apidae,kleptoparasite,OUMNH,1.661
IGproject0006,Nomada,ruficornis,male,1915,5,5,England,Surrey,Tadworth,Box Hill,2.435,1.636,7.572,1.875,Apidae,kleptoparasite,OUMNH,1.611
IGproject0007,Nomada,sp.,female,1912,4,24,England,Oxfordshire,Oxford,,2.615,1.799,8.63,2.373,Apidae,kleptoparasite,OUMNH,1.598
IGproject0008,Nomada,sp.,female,1908,5,18,England,Greater London,London,Tooting Commons,2.671,1.838,8.827,2.314,Apidae,kleptoparasite,OUMNH,1.649
IGproject0009,Nomada,sp.,female,1922,5,14,England,Devon,Newton Abbot,,2.269,1.287,7.438,2.018,Apidae,kleptoparasite,OUMNH,1.47
IGproject0010,Nomada,sp.,male,1924,6,5,England,Devon,Bovey Tracey,,2.078,1.293,6.741,1.643,Apidae,kleptoparasite,OUMNH,1.337
IGproject0011,Nomada,sp.,female,1911,5,,England,Oxfordshire,Oxford,University Parks,2.569,1.748,8.3,2.357,Apidae,kleptoparasite,OUMNH,1.623
IGproject0012,Nomada,ruficornis,female,1901,7,14,Wales,Gwynedd,Criccieth,,2.717,1.895,8.34,2.321,Apidae,kleptoparasite,OUMNH,1.722
IGproject0013,Nomada,ruficornis,female,1919,4,,England,West Yorkshire,Leeds,Roundhay Park,2.493,1.621,7.15,2.077,Apidae,kleptoparasite,OUMNH,1.65
IGproject0014,Nomada,sp.,female,1915,5,31,England,Devon,Newton Abbot,,2.371,1.533,7.442,2.231,Apidae,kleptoparasite,OUMNH,1.489
IGproject0015,Nomada,ruficornis,female,1925,5,15,England,Devon,Brixham,,2.582,1.694,8.029,2.186,Apidae,kleptoparasite,OUMNH,1.63
IGproject0016,Nomada,ruficornis,female,1919,4,21,England,Devon,Bovey Tracey,Chudleigh Knighton Heath,2.192,1.377,6.509,1.803,Apidae,kleptoparasite,OUMNH,1.438
IGproject0017,Nomada,sp.,female,1921,4,27,England,Devon,Newton Abbot,Bradley Woods,2.313,1.547,7.435,2.119,Apidae,kleptoparasite,OUMNH,1.476
IGproject0018,Nomada,ruficornis,male,1907,5,19,England,Oxfordshire,Tubney,,2.281,1.525,7.185,1.894,Apidae,kleptoparasite,OUMNH,1.444
IGproject0019,Nomada,ruficornis,female,1981,5,20,England,Oxfordshire,,Bernwood Forest,2.307,1.443,6.856,1.809,Apidae,kleptoparasite,OUMNH,1.467
IGproject0020,Nomada,sp.,female,1908,5,17,England,Greater London,London,Tooting Commons,2.729,1.939,8.693,2.375,Apidae,kleptoparasite,OUMNH,1.725
IGproject0021,Andrena,wilkella,male,1959,5,23,England,Devon,Chudleigh,,2.748,1.685,6.699,1.859,Andrenidae,excavator,OUMNH,1.879
IGproject0022,Andrena,wilkella,female,1900,6,5,England,Oxfordshire,Oxford,University Parks,3.466,2.246,8.5,2.523,Andrenidae,excavator,OUMNH,2.145
IGproject0023,Andrena,wilkella,female,1906,5,19,Wales,Bridgend,Porthcawl,,3.419,2.254,8.12,2.776,Andrenidae,excavator,OUMNH,2.174
IGproject0024,Andrena,wilkella,male,1898,,,England,Kent,Doddington,,3.314,2.235,8.256,2.337,Andrenidae,excavator,OUMNH,2.171
IGproject0025,Andrena,wilkella,male,1955,4,13,England,Devon,Bovey Tracey,Bovey Heathfield,2.725,1.772,6.594,1.793,Andrenidae,excavator,OUMNH,1.89
IGproject0026,Andrena,wilkella,female,1935,6,18,England,Warwickshie,Hatton,,3.409,2.276,7.964,2.718,Andrenidae,excavator,OUMNH,2.142
IGproject0027,Andrena,wilkella,female,1903,3,24,England,Surrey,Woking,,3.421,2.389,7.71,2.374,Andrenidae,excavator,OUMNH,2.17
IGproject0028,Andrena,wilkella,male,1900,6,5,England,Oxfordshire,Oxford,University Parks,3.077,1.985,7.618,2.121,Andrenidae,excavator,OUMNH,1.985
IGproject0029,Andrena,wilkella,female,1905,5,24,England,Oxfordshire,Oxford,University Parks,3.277,2.084,7.946,2.391,Andrenidae,excavator,OUMNH,2.094
IGproject0030,Andrena,wilkella,male,1954,6,18,England,Devon,Bovey Tracey,Chudleigh Knighton Heath,2.898,1.903,7.268,2.056,Andrenidae,excavator,OUMNH,1.965
IGproject0031,Andrena,wilkella,female,1900,7,8,England,Oxfordshire,Tubney,,3.497,2.226,8.568,2.635,Andrenidae,excavator,OUMNH,2.274
IGproject0032,Andrena,wilkella,male,1902,5,25,England,Kent,Faversham,Huntingfield,2.955,1.903,8.009,2.163,Andrenidae,excavator,OUMNH,1.983
IGproject0033,Andrena,wilkella,male,1977,7,2,England,Oxfordshire,Oxford,Sydlings Copse,3.038,1.845,7.453,2.012,Andrenidae,excavator,OUMNH,2.037
IGproject0034,Andrena,wilkella,male,1949,5,7,England,Devon,Bovey Tracey,Chudleigh Knighton Heath,2.833,1.936,7.427,2.03,Andrenidae,excavator,OUMNH,1.919
IGproject0035,Andrena,wilkella,male,1990,5,26,England,Wiltshire,Wroughton,Clouts Wood,3.313,1.965,7.984,2.175,Andrenidae,excavator,OUMNH,2.248
IGproject0036,Andrena,wilkella,male,1900,5,23,England,Devon,Newton Abbot,,2.957,1.81,7.395,2.092,Andrenidae,excavator,OUMNH,2
IGproject0037,Andrena,wilkella,female,1905,7,31,England,Kent,Faversham,Huntingfield,3.494,2.341,7.973,2.495,Andrenidae,excavator,OUMNH,2.211
IGproject0038,Andrena,wilkella,female,1900,6,5,England,Oxfordshire,Oxford,University Parks,3.524,2.291,8.27,2.576,Andrenidae,excavator,OUMNH,2.241
IGproject0039,Andrena,wilkella,female,1922,7,20,England,Devon,Newton Abbot,,3.227,2.194,7.067,2.227,Andrenidae,excavator,OUMNH,2
IGproject0040,Andrena,wilkella,female,1900,5,24,England,Oxfordshire,Oxford,University Parks,3.434,2.225,8.227,2.644,Andrenidae,excavator,OUMNH,2.168
IGproject0041,Andrena,wilkella,female,1910,7,18,England,Devon,Budleigh Salterton,,3.031,1.939,7.038,1.95,Andrenidae,excavator,OUMNH,2.008
IGproject0042,Andrena,wilkella,male,1904,5,29,England,Greater London,London,Wimbledon,2.937,1.879,7.288,2.05,Andrenidae,excavator,OUMNH,1.969
IGproject0043,Andrena,wilkella,female,1977,6,12,England,Oxfordshire,Hook Norton,,3.529,2.268,8.264,2.656,Andrenidae,excavator,OUMNH,2.251
IGproject0044,Andrena,wilkella,male,1915,4,20,England,Gloucestershire,Wotton-under-Edge,,2.849,1.745,7.235,1.837,Andrenidae,excavator,OUMNH,1.943
IGproject0045,Andrena,wilkella,female,1903,6,26,England,Surrey,Chobham,,3.261,2.127,7.532,2.403,Andrenidae,excavator,OUMNH,2.086
IGproject0046,Hylaeus,communis,female,1904,7,,England,Dorset,Lyme Regis,,1.642,1.318,5.086,1.049,Colletidae,cavity nester,OUMNH,1.091
IGproject0047,Hylaeus,communis,female,1979,7,12,England,Devon,Newton Abbot,Teign Valley,1.671,1.24,4.948,1.037,Colletidae,cavity nester,OUMNH,1.101
IGproject0048,Hylaeus,communis,female,1948,7,26,England,Oxfordshire,Coleshill,,1.581,1.191,4.648,0.987,Colletidae,cavity nester,OUMNH,1.038
IGproject0049,Hylaeus,communis,male,1905,7,8,England,Dorset,Lyme Regis,,1.504,1.152,4.342,0.939,Colletidae,cavity nester,OUMNH,0.953
IGproject0050,Hylaeus,communis,male,1978,6,16,England,Devon,Diptford,,1.437,1.073,4.011,0.897,Colletidae,cavity nester,OUMNH,0.968
IGproject0051,Hylaeus,communis,male,1980,6,24,England,Devon,Milton Combe,,1.567,1.244,4.406,0.988,Colletidae,cavity nester,OUMNH,1.02
IGproject0052,Hylaeus,communis,female,1902,9,6,England,Kent,Faversham,Huntingfield,1.499,1.138,4.476,0.941,Colletidae,cavity nester,OUMNH,0.996
IGproject0053,Hylaeus,communis,male,1902,8,12,England,Kent,Faversham,Huntingfield,1.592,1.144,4.608,0.986,Colletidae,cavity nester,OUMNH,1.011
IGproject0054,Hylaeus,communis,female,1968,7,18,England,Hertfordshire,Harpenden,Hatching Green,1.657,1.248,4.919,0.993,Colletidae,cavity nester,OUMNH,1.085
IGproject0055,Hylaeus,communis,male,2005,7,19,England,Surrey,Richmond,Ham House,1.49,1.154,4.241,0.92,Colletidae,cavity nester,OUMNH,0.95
IGproject0056,Hylaeus,communis,male,1949,6,7,England,Devon,Axminster,,1.538,1.126,4.444,0.963,Colletidae,cavity nester,OUMNH,0.981
IGproject0057,Hylaeus,communis,female,1897,7,11,England,Berkshire,Reading,Sulhamstead Park,1.737,1.309,5.222,1.008,Colletidae,cavity nester,OUMNH,1.112
IGproject0058,Nomada,goodeniana,female,1990,7,18,England,Devon,Salcombe Regis,,3.032,2.048,9.062,2.414,Apidae,kleptoparasite,OUMNH,1.997
IGproject0059,Nomada,goodeniana,female,1903,5,18,Wales,Gwynedd,Criccieth,,3.222,2.284,9.782,2.835,Apidae,kleptoparasite,OUMNH,2.103
IGproject0060,Nomada,goodeniana,male,1916,4,22,England,Oxfordshire,Tubney,,2.843,1.916,8.883,2.403,Apidae,kleptoparasite,OUMNH,1.905
IGproject0061,Nomada,goodeniana,male,1896,,,England,Kent,Doddington,,3.029,1.985,9.415,2.566,Apidae,kleptoparasite,OUMNH,2.055
IGproject0062,Nomada,goodeniana,male,1917,5,3,England,Devon,Brixham,,2.314,1.534,7.09,1.983,Apidae,kleptoparasite,OUMNH,1.635
IGproject0063,Nomada,goodeniana,female,1910,6,1,England,Devon,Littleham,,3.257,2.219,10.096,2.832,Apidae,kleptoparasite,OUMNH,2.183
IGproject0064,Nomada,goodeniana,female,1928,4,21,England,Devon,Newton Abbot,,3.185,2.372,9.971,2.638,Apidae,kleptoparasite,OUMNH,2.151
IGproject0065,Nomada,goodeniana,female,1991,4,26,England,Devon,Croyde,,3.347,2.367,10.436,2.807,Apidae,kleptoparasite,OUMNH,2.208
IGproject0066,Nomada,goodeniana,male,1949,4,18,England,Oxfordshire,Chastleton,,2.36,1.486,7.029,1.959,Apidae,kleptoparasite,OUMNH,1.666
IGproject0067,Nomada,goodeniana,female,1937,5,28,England,Greater London,London,Wimbledon,3.011,2.124,9.116,2.515,Apidae,kleptoparasite,OUMNH,1.958
IGproject0068,Nomada,goodeniana,female,1954,4,16,England,Devon,Torquay,,3.168,2.243,9.924,2.765,Apidae,kleptoparasite,OUMNH,2.086
IGproject0069,Nomada,goodeniana,male,1954,4,29,England,Devon,Lustleigh,,2.715,1.755,8.14,2.184,Apidae,kleptoparasite,OUMNH,1.857
IGproject0070,Nomada,goodeniana,female,1949,4,29,England,Devon,Exeter,,2.962,1.859,8.801,2.482,Apidae,kleptoparasite,OUMNH,2.006
IGproject0071,Nomada,goodeniana,female,1936,5,27,England,Berkshire,Slough,,2.93,1.906,9.047,2.397,Apidae,kleptoparasite,OUMNH,1.938
IGproject0072,Nomada,goodeniana,male,1903,5,18,Wales,Gwynedd,Criccieth,,2.774,1.864,8.704,2.284,Apidae,kleptoparasite,OUMNH,1.934
IGproject0073,Nomada,goodeniana,female,1914,4,20,England,Devon,Budleigh Salterton,,2.936,1.91,8.907,2.471,Apidae,kleptoparasite,OUMNH,1.935
IGproject0074,Nomada,goodeniana,male,1915,4,30,England,Devon,Brixham,,3.223,2.197,10.305,2.826,Apidae,kleptoparasite,OUMNH,2.215
IGproject0075,Nomada,goodeniana,male,1902,5,18,England,Kent,Faversham,Huntingfield,2.952,1.963,8.989,2.407,Apidae,kleptoparasite,OUMNH,1.938
IGproject0076,Nomada,goodeniana,male,1909,5,9,England,Oxfordshire,Oxford,Shotover,2.933,2.01,8.812,2.442,Apidae,kleptoparasite,OUMNH,1.954
IGproject0077,Nomada,goodeniana,female,1953,8,10,England,Devon,Dawlish,,2.844,1.86,8.422,2.384,Apidae,kleptoparasite,OUMNH,1.879
IGproject0078,Nomada,goodeniana,female,1910,6,8,England,Devon,Budleigh Salterton,,3.196,2.103,9.852,2.829,Apidae,kleptoparasite,OUMNH,2.114
IGproject0079,Nomada,goodeniana,male,1900,4,21,England,Surrey,Woking,,3.108,2.203,9.466,2.564,Apidae,kleptoparasite,OUMNH,2.095
IGproject0080,Nomada,goodeniana,female,1941,6,2,England,Hampshire,Burley,,3.167,2.167,9.681,2.769,Apidae,kleptoparasite,OUMNH,2.034
IGproject0081,Nomada,goodeniana,female,1900,6,3,England,Oxfordshire,Oxford,Shotover,2.715,1.731,8.141,2.39,Apidae,kleptoparasite,OUMNH,1.853
IGproject0082,Nomada,goodeniana,female,1983,1,28,England,Berkshire,Slough,Langley,2.705,1.74,8.177,2.325,Apidae,kleptoparasite,OUMNH,1.85
IGproject0083,Nomada,goodeniana,female,1991,5,22,England,Hampshire,Bramshaw,,2.716,1.763,8.231,2.365,Apidae,kleptoparasite,OUMNH,1.763
IGproject0084,Nomada,goodeniana,female,1917,5,3,England,Surrey,Guildford,Merrow,2.925,1.973,8.945,2.55,Apidae,kleptoparasite,OUMNH,1.97
IGproject0085,Nomada,goodeniana,female,1954,4,16,England,Devon,Torquay,,3.161,2.145,9.751,2.706,Apidae,kleptoparasite,OUMNH,2.187
IGproject0086,Nomada,goodeniana,female,1955,5,20,England,Devon,Dawlish,,3.21,2.232,9.795,2.634,Apidae,kleptoparasite,OUMNH,2.145
IGproject0087,Nomada,goodeniana,female,1977,6,12,England,Oxfordshire,Hook Norton,,3.011,2.014,9.361,2.579,Apidae,kleptoparasite,OUMNH,2.025
IGproject0088,Nomada,sp.,female,1916,5,21,England,Devon,Newton Abbot,,2.461,1.63,8.159,2.287,Apidae,kleptoparasite,OUMNH,1.54
IGproject0089,Nomada,sp.,female,1916,5,22,England,Devon,Bovey Tracey,,2.397,1.509,8.095,2.163,Apidae,kleptoparasite,OUMNH,1.627
IGproject0090,Lasioglossum,fulvicorne,female,1998,5,21,England,Devon,Salcombe,Coast Path,1.836,1.324,5.315,1.331,Halictidae,excavator,OUMNH,1.15
IGproject0091,Lasioglossum,fulvicorne,female,1991,6,9,England,Cambridgeshire,Barnack,Barnack Hills and Holes,1.815,1.355,5.386,1.43,Halictidae,excavator,OUMNH,1.143
IGproject0092,Lasioglossum,fulvicorne,male,1998,7,28,England,Gloucestershire,Wotton-under-Edge,Newark Park,1.79,1.396,5.295,1.221,Halictidae,excavator,OUMNH,1.056
IGproject0093,Lasioglossum,fulvicorne,female,1956,6,26,England,Dorset,Wimborne,,1.827,1.347,5.357,1.432,Halictidae,excavator,OUMNH,1.126
IGproject0094,Lasioglossum,fulvicorne,male,1902,8,4,England,Kent,Faversham,Huntingfield,1.731,1.291,5.377,1.195,Halictidae,excavator,OUMNH,1.066
IGproject0095,Lasioglossum,fulvicorne,male,1968,9,2,England,Bedfordshire,Hitchin,,1.85,1.315,5.44,1.265,Halictidae,excavator,OUMNH,1.141
IGproject0096,Lasioglossum,fulvicorne,female,1956,9,26,England,Dorset,Wimborne,,1.77,1.305,5.037,1.28,Halictidae,excavator,OUMNH,1.096
IGproject0097,Lasioglossum,fulvicorne,male,1998,7,28,England,Gloucestershire,Wotton-under-Edge,Newark Park,1.792,1.284,5.254,1.168,Halictidae,excavator,OUMNH,1.051
IGproject0098,Lasioglossum,fulvicorne,male,1914,8,,England,Gloucestershire,Wotton-under-Edge,,1.86,1.443,5.744,1.276,Halictidae,excavator,OUMNH,1.149
IGproject0099,Lasioglossum,fulvicorne,male,1899,8,20,England,Worcestershire,Malvern,,1.102,1.314,5.138,1.296,Halictidae,excavator,OUMNH,1.81
IGproject0100,Lasioglossum,fulvicorne,female,1977,9,13,England,Oxfordshire,Hook Norton,,1.759,1.269,5.155,1.296,Halictidae,excavator,OUMNH,1.088
IGproject0101,Lasioglossum,fulvicorne,male,1915,7,15,England,Devon,Brixham,,1.787,1.305,5.33,1.241,Halictidae,excavator,OUMNH,1.096
IGproject0102,Lasioglossum,fulvicorne,male,1968,9,7,England,Bedfordshire,Whipsnade,Bison Hill,1.727,1.222,5.031,1.178,Halictidae,excavator,OUMNH,1.037
IGproject0103,Lasioglossum,fulvicorne,male,1902,6,8,England,Kent,Faversham,Huntingfield,1.784,1.311,5.297,1.23,Halictidae,excavator,OUMNH,1.094
IGproject0104,Lasioglossum,fulvicorne,female,1917,5,3,England,Devon,Brixham,,1.925,1.469,5.977,1.472,Halictidae,excavator,OUMNH,1.189
IGproject0105,Lasioglossum,fulvicorne,male,1919,8,19,England,Worcestershire,Malvern,,1.681,1.228,5.194,1.193,Halictidae,excavator,OUMNH,1.057
IGproject0106,Lasioglossum,fulvicorne,male,1919,8,19,England,Worcestershire,Malvern,,1.815,1.296,5.372,1.133,Halictidae,excavator,OUMNH,1.107
IGproject0107,Lasioglossum,fulvicorne,female,2004,9,1,England,Surrey,Seale,,1.818,1.263,5.396,1.359,Halictidae,excavator,OUMNH,1.097
IGproject0108,Lasioglossum,fulvicorne,female,1974,5,7,England,Oxfordshire,Oxford,Wytham,1.854,1.34,5.52,1.384,Halictidae,excavator,OUMNH,1.134
IGproject0109,Lasioglossum,fulvicorne,female,1974,5,7,England,Oxfordshire,Oxford,Wytham,1.792,1.298,5.29,1.423,Halictidae,excavator,OUMNH,1.079
IGproject0110,Lasioglossum,fulvicorne,female,1949,4,17,England,Oxfordshire,Cumnor,,1.757,1.252,5.331,1.372,Halictidae,excavator,OUMNH,1.099
IGproject0111,Lasioglossum,fulvicorne,male,1988,8,6,England,Wiltshire,Wroughton,Clouts Wood,1.767,1.23,5.442,1.095,Halictidae,excavator,OUMNH,1.057
IGproject0112,Lasioglossum,fulvicorne,male,1903,7,22,England,Dorset,Lyme Regis,,1.665,1.179,4.918,1.264,Halictidae,excavator,OUMNH,0.996
IGproject0113,Lasioglossum,fulvicorne,female,1925,5,,England,Sussex,Brighton,Devil's Dyke,1.733,1.269,5.315,1.416,Halictidae,excavator,OUMNH,1.062
IGproject0114,Lasioglossum,fulvicorne,male,1905,7,10,England,Kent,Faversham,,1.846,1.357,5.683,1.277,Halictidae,excavator,OUMNH,1.114
IGproject0115,Lasioglossum,fulvicorne,male,1968,9,2,England,Bedfordshire,Hitchin,Pegsdon,1.766,1.259,5.341,1.245,Halictidae,excavator,OUMNH,1.139
IGproject0116,Lasioglossum,fulvicorne,female,1956,9,26,England,Dorset,Wimborne,,1.801,1.347,5.375,1.401,Halictidae,excavator,OUMNH,1.117
IGproject0117,Lasioglossum,fulvicorne,male,1904,8,,England,Kent,Faversham,Huntingfield,1.774,1.282,5.147,1.223,Halictidae,excavator,OUMNH,1.067
IGproject0118,Lasioglossum,fulvicorne,male,1905,9,3,England,Kent,Charing,,1.783,1.276,5.555,1.242,Halictidae,excavator,OUMNH,1.073
IGproject0119,Lasioglossum,fulvicorne,female,1914,8,18,England,Surrey,Gomshall,,1.814,1.305,5.416,1.505,Halictidae,excavator,OUMNH,1.108
IGproject0120,Lasioglossum,fulvicorne,female,1905,9,14,England,Kent,Faversham,Huntingfield,1.967,1.366,5.646,1.514,Halictidae,excavator,OUMNH,1.268
IGproject0121,Lasioglossum,fulvicorne,female,1905,9,10,England,Kent,Faversham,Huntingfield,1.909,1.286,5.475,1.356,Halictidae,excavator,OUMNH,1.267
IGproject0122,Lasioglossum,fulvicorne,female,1948,8,15,England,Oxfordshire,Oxford,Hinksey,1.857,1.384,5.493,1.437,Halictidae,excavator,OUMNH,1.175
IGproject0123,Lasioglossum,fulvicorne,male,1905,9,14,England,Kent,Faversham,Huntingfield,1.912,1.42,6.007,1.295,Halictidae,excavator,OUMNH,1.186
IGproject0124,Lasioglossum,fulvicorne,male,1915,7,15,England,Devon,Brixham,,1.811,1.309,5.357,1.258,Halictidae,excavator,OUMNH,1.111
IGproject0125,Nomada,ruficornis,male,1904,5,18,England,Greater London,London,Hampstead,2.075,1.294,6.697,1.795,Apidae,kleptoparasite,OUMNH,1.367
IGproject0126,Nomada,ruficornis,female,1915,5,7,England,Surrey,Cobham,,2.761,1.909,9.264,2.617,Apidae,kleptoparasite,OUMNH,1.722
IGproject0127,Nomada,ruficornis,female,1915,4,20,England,Devon,Dartmoor,East Dartmoor,2.838,1.949,8.544,2.479,Apidae,kleptoparasite,OUMNH,1.819
IGproject0128,Nomada,ruficornis,male,1992,4,25,England,Devon,,,2.615,1.899,8.209,1.936,Apidae,kleptoparasite,OUMNH,1.745
IGproject0129,Nomada,ruficornis,female,1927,5,1,England,Cheshire,Wilmslow,Bollin Valley,2.353,1.59,7.263,2.013,Apidae,kleptoparasite,OUMNH,1.527
IGproject0130,Nomada,ruficornis,female,1917,5,13,England,Surrey,Cobham,,2.712,1.773,8.264,2.208,Apidae,kleptoparasite,OUMNH,1.739
IGproject0131,Nomada,ruficornis,male,1953,4,24,England,Devon,Newton Abbot,Teigngrace,2.685,1.869,8.35,2.278,Apidae,kleptoparasite,OUMNH,1.801
IGproject0132,Nomada,ruficornis,male,1904,5,18,England,Greater London,London,Hampstead,2.297,1.45,7.115,1.823,Apidae,kleptoparasite,OUMNH,1.496
IGproject0133,Nomada,ruficornis,female,1953,4,24,England,Devon,Newton Abbot,Teigngrace,2.767,1.835,8.638,2.263,Apidae,kleptoparasite,OUMNH,1.742
IGproject0134,Nomada,ruficornis,male,1904,5,18,England,Greater London,London,Hampstead,2.56,1.817,8.269,2.079,Apidae,kleptoparasite,OUMNH,1.681
IGproject0135,Nomada,ruficornis,male,1901,5,19,England,Gloucestershire,Horsley,,2.816,1.898,9.399,2.743,Apidae,kleptoparasite,OUMNH,1.727
IGproject0136,Nomada,ruficornis,female,1902,5,24,England,Hampshire,,New Forest,2.771,1.9,8.399,2.295,Apidae,kleptoparasite,OUMNH,1.731
IGproject0137,Nomada,ruficornis,male,1929,4,27,England,Dorset,Wimborne,Badbury Rings,2.186,1.533,6.937,1.807,Apidae,kleptoparasite,OUMNH,1.484
IGproject0138,Nomada,ruficornis,male,1936,5,27,England,Berkshire,Windsor,,1.942,1.182,6.203,1.624,Apidae,kleptoparasite,OUMNH,1.252
IGproject0139,Nomada,ruficornis,male,1933,5,,England,Oxfordshire,Tubney,,2.108,1.368,6.666,1.742,Apidae,kleptoparasite,OUMNH,1.33
IGproject0140,Nomada,ruficornis,male,1904,5,15,England,Greater London,Northwood,,1.811,1.065,5.844,1.579,Apidae,kleptoparasite,OUMNH,1.224
IGproject0141,Nomada,ruficornis,female,1901,7,14,Wales,Gwynedd,Criccieth,,2.832,1.883,8.31,2.469,Apidae,kleptoparasite,OUMNH,1.807
IGproject0142,Nomada,ruficornis,male,1917,5,31,England,Devon,Brixham,,2.361,1.502,7.182,1.926,Apidae,kleptoparasite,OUMNH,1.542
IGproject0143,Nomada,ruficornis,male,1900,5,1,England,Dorset,Swanage,,2.387,1.598,7.565,2.022,Apidae,kleptoparasite,OUMNH,1.543
IGproject0144,Nomada,ruficornis,male,1991,,,England,Northamptonshire,Oundle,Ashton Pond,2.739,1.855,8.332,2.213,Apidae,kleptoparasite,OUMNH,1.78
IGproject0145,Nomada,ruficornis,female,1911,5,19,England,Oxfordshire,Oxford,,2.593,1.85,8.871,2.312,Apidae,kleptoparasite,OUMNH,1.679
IGproject0146,Nomada,ruficornis,female,2003,6,13,England,Oxfordshire,Stratton Audley,,2.73,1.82,8.651,2.27,Apidae,kleptoparasite,OUMNH,1.709
IGproject0147,Nomada,ruficornis,male,1990,5,16,England,Cornwall,Camborne,,2.586,1.778,8.24,2.172,Apidae,kleptoparasite,OUMNH,1.732
IGproject0148,Nomada,ruficornis,female,1982,5,14,England,Devon,Tavistock,,2.437,1.572,7.559,2.01,Apidae,kleptoparasite,OUMNH,1.563
IGproject0149,Nomada,ruficornis,male,1976,4,21,England,Devon,Lifton,,2.497,1.746,8.1,2.045,Apidae,kleptoparasite,OUMNH,1.595
IGproject0150,Nomada,ruficornis,female,1989,5,21,England,Wiltshire,Wroughton,Clouts Wood,2.672,1.802,7.999,2.345,Apidae,kleptoparasite,OUMNH,1.746
IGproject0151,Nomada,ruficornis,male,1989,5,7,England,Wiltshire,Swindon,Coate Water Country Park,2.576,1.675,8.02,2.041,Apidae,kleptoparasite,OUMNH,1.682
IGproject0152,Nomada,ruficornis,male,1941,6,4,England,Berkshire,Padworth,,2.648,1.709,8.311,2.233,Apidae,kleptoparasite,OUMNH,1.735
IGproject0153,Nomada,ruficornis,female,1911,5,13,England,West Yorkshire,Keighley,,2.774,1.902,8.397,2.274,Apidae,kleptoparasite,OUMNH,1.81
IGproject0154,Nomada,ruficornis,male,1917,5,5,England,Surrey,Tadworth,Box Hill,2.653,1.911,8.324,2.238,Apidae,kleptoparasite,OUMNH,1.773
IGproject0155,Hylaeus,hyalinatus,male,1904,7,,England,Dorset,Lyme Regis,,1.674,1.226,4.253,1.008,Colletidae,cavity nester,OUMNH,1.103
IGproject0156,Hylaeus,hyalinatus,male,1904,7,,England,Dorset,Lyme Regis,,1.608,1.116,4.138,0.941,Colletidae,cavity nester,OUMNH,1.078
IGproject0157,Hylaeus,hyalinatus,male,1972,7,11,England,Cornwall,East Cornwall,,1.624,1.253,4.194,1.036,Colletidae,cavity nester,OUMNH,1.051
IGproject0158,Hylaeus,hyalinatus,female,1952,8,14,England,Oxfordshire,Tubney,,1.675,1.279,4.507,1.071,Colletidae,cavity nester,OUMNH,1.127
IGproject0159,Hylaeus,hyalinatus,female,1949,6,30,England,Devon,Plymouth,Plymouth Hoe,1.718,1.334,4.751,1.111,Colletidae,cavity nester,OUMNH,1.128
IGproject0160,Hylaeus,hyalinatus,female,1939,7,1,England,Dorset,Swanage,South Haven Point,1.55,1.198,4.142,1.018,Colletidae,cavity nester,OUMNH,1.023
IGproject0161,Hylaeus,hyalinatus,female,1934,6,16,England,Dorset,Swanage,South Haven Point,1.621,1.324,4.492,1.074,Colletidae,cavity nester,OUMNH,1.077
IGproject0162,Hylaeus,hyalinatus,female,1974,7,1,England,Devon,Saunton,,1.689,1.295,4.37,1.031,Colletidae,cavity nester,OUMNH,1.116
IGproject0163,Hylaeus,hyalinatus,female,1928,7,17,England,Dorset,Portland,,1.582,1.199,4.345,1.024,Colletidae,cavity nester,OUMNH,1.073
IGproject0164,Hylaeus,hyalinatus,female,1908,8,14,England,East Sussex,Hellingly,,1.53,1.172,4.18,1.027,Colletidae,cavity nester,OUMNH,1.046
IGproject0165,Hylaeus,hyalinatus,female,2002,7,28,England,Oxfordshire,Oxford,Shotover,1.758,1.351,4.848,1.085,Colletidae,cavity nester,OUMNH,1.151
IGproject0166,Hylaeus,hyalinatus,male,1992,6,19,England,Oxfordshire,,Hitchcopse Pit,1.49,1.137,3.945,0.945,Colletidae,cavity nester,OUMNH,0.999
IGproject0167,Hylaeus,hyalinatus,female,1904,7,9,England,Kent,Walmer,,1.596,1.204,4.398,1.035,Colletidae,cavity nester,OUMNH,1.026
IGproject0168,Hylaeus,hyalinatus,female,1898,7,,Wales,Gwynedd,Criccieth,,1.648,1.27,4.516,1.004,Colletidae,cavity nester,OUMNH,1.087
IGproject0169,Hylaeus,hyalinatus,female,1904,7,8,England,Dorset,Lyme Regis,,1.743,1.403,4.714,1.135,Colletidae,cavity nester,OUMNH,1.162
IGproject0170,Hylaeus,hyalinatus,female,1984,7,13,England,Kent,,Lydd Ranges,1.627,1.252,4.49,1.076,Colletidae,cavity nester,OUMNH,1.078
IGproject0171,Anthidium,manicatum,male,1901,7,,England,Cornwall,Newquay,,4.546,4.087,11.732,3.824,Megachilidae,cavity nester,OUMNH,2.574
IGproject0172,Anthidium,manicatum,female,1898,7,,Wales,Gwynedd,Criccieth,,4.115,3.401,9.179,2.756,Megachilidae,cavity nester,OUMNH,2.497
IGproject0173,Anthidium,manicatum,male,1948,8,5,England,Oxfordshire,Farmoor,,4.483,3.898,11.304,3.562,Megachilidae,cavity nester,OUMNH,2.613
IGproject0174,Anthidium,manicatum,female,1908,6,27,England,Merseyside,Wallasey,,4.038,3.499,9.087,2.778,Megachilidae,cavity nester,OUMNH,2.454
IGproject0175,Anthidium,manicatum,male,1914,7,13,England,Surrey,Woking,,4.659,4.139,12.203,3.699,Megachilidae,cavity nester,OUMNH,2.556
IGproject0176,Anthidium,manicatum,female,1914,7,13,England,Surrey,Woking,,4.093,3.327,8.853,2.505,Megachilidae,cavity nester,OUMNH,2.501
IGproject0177,Anthidium,manicatum,male,1953,7,27,England,Devon,Torquay,,4.145,3.473,9.686,2.942,Megachilidae,cavity nester,OUMNH,2.33
IGproject0178,Anthidium,manicatum,female,1915,7,15,England,Devon,Brixham,,4.012,3.55,9.019,2.673,Megachilidae,cavity nester,OUMNH,2.495
IGproject0179,Anthidium,manicatum,male,1961,7,17,England,Cheshire,Hoylake,,4.422,3.889,11.114,3.413,Megachilidae,cavity nester,OUMNH,2.477
IGproject0180,Anthidium,manicatum,female,1926,7,,England,Devon,Newton Abbot,,4.138,3.526,9.218,2.795,Megachilidae,cavity nester,OUMNH,2.52
IGproject0181,Anthidium,manicatum,male,1902,7,,England,Leicestershire,Market Bosworth,,4.527,3.952,10.985,3.58,Megachilidae,cavity nester,OUMNH,2.519
IGproject0182,Anthidium,manicatum,female,1906,7,16,England,Hampshire,,New Forest,4.1,3.475,9.287,2.838,Megachilidae,cavity nester,OUMNH,2.489
IGproject0183,Anthidium,manicatum,male,1897,7,18,England,Oxfordshire,Oxford,Shotover,4.311,3.517,10.236,3.559,Megachilidae,cavity nester,OUMNH,2.46
IGproject0184,Anthidium,manicatum,female,1914,6,17,England,Surrey,Woking,,4.368,3.712,10.076,3.047,Megachilidae,cavity nester,OUMNH,2.692
IGproject0185,Anthidium,manicatum,male,1897,7,,Wales,Gwynedd,Criccieth,,4.207,3.779,10.59,3.314,Megachilidae,cavity nester,OUMNH,2.393
IGproject0186,Anthidium,manicatum,female,1989,6,15,England,Cornwall,Saint Austell,Old Inn Cottage,4.029,3.581,8.944,2.712,Megachilidae,cavity nester,OUMNH,2.335
IGproject0187,Anthidium,manicatum,male,1900,7,16,Wales,Gwynedd,Criccieth,,4.199,3.677,10.022,3.029,Megachilidae,cavity nester,OUMNH,2.349
IGproject0188,Anthidium,manicatum,female,1954,7,19,England,Devon,Torquay,Manor Garden,3.931,3.258,8.792,2.688,Megachilidae,cavity nester,OUMNH,2.352
IGproject0189,Anthidium,manicatum,male,1898,7,,Wales,Gwynedd,Criccieth,,4.505,3.812,11.282,3.613,Megachilidae,cavity nester,OUMNH,2.612
IGproject0190,Anthidium,manicatum,female,1936,8,25,England,Oxfordshire,Oxford,"74 Islip Road, Sunnymead",4.165,3.683,9.299,2.826,Megachilidae,cavity nester,OUMNH,2.533
IGproject0191,Anthidium,manicatum,male,1897,7,18,England,Oxfordshire,Oxford,Shotover,4.47,3.968,11.554,3.698,Megachilidae,cavity nester,OUMNH,2.59
IGproject0192,Anthidium,manicatum,female,1998,7,,Wales,Gwynedd,Criccieth,,4.101,3.605,8.931,2.825,Megachilidae,cavity nester,OUMNH,2.477
IGproject0193,Anthidium,manicatum,male,1908,7,15,England,Oxfordshire,Oxford,Lye Valley,4.248,3.75,10.682,3.254,Megachilidae,cavity nester,OUMNH,2.4
IGproject0194,Anthidium,manicatum,female,1948,8,22,England,Oxfordshire,Oxford,Hinksey,4.018,3.586,8.963,2.791,Megachilidae,cavity nester,OUMNH,2.482
IGproject0195,Anthidium,manicatum,male,1936,7,26,England,Oxfordshire,Oxford,Sunnymead,4.2,3.606,10.468,3.131,Megachilidae,cavity nester,OUMNH,2.37
IGproject0196,Anthidium,manicatum,female,1914,6,20,England,Surrey,Woking,,4.074,3.293,8.741,2.673,Megachilidae,cavity nester,OUMNH,2.444
IGproject0197,Anthidium,manicatum,male,1897,7,18,England,Oxfordshire,Oxford,Shotover,4.487,3.858,11.692,3.59,Megachilidae,cavity nester,OUMNH,2.519
IGproject0198,Anthidium,manicatum,female,1914,6,20,England,Surrey,Woking,,3.818,3.185,8.37,2.61,Megachilidae,cavity nester,OUMNH,2.291
IGproject0199,Anthidium,manicatum,male,1897,7,18,England,Oxfordshire,Oxford,Shotover,4.201,3.695,10.591,3.412,Megachilidae,cavity nester,OUMNH,2.413
IGproject0200,Anthidium,manicatum,female,1906,7,25,England,Hampshire,,New Forest,4.187,3.488,9.191,2.809,Megachilidae,cavity nester,OUMNH,2.486
IGproject0201,Sphecodes,geoffrellus,female,1992,6,19,England,Oxfordshire,,Hitchcopse Pit,1.579,1.059,3.859,1.007,Halictidae,kleptoparasite,OUMNH,1.086
IGproject0202,Sphecodes,geoffrellus,male,1992,7,18,England,Somerset,Weston-super-Mare,Sand Point,1.674,1.144,4.584,1.081,Halictidae,kleptoparasite,OUMNH,1.107
IGproject0203,Sphecodes,geoffrellus,female,1948,7,2,England,Devon,Lydford,,1.677,1.114,4.447,1.169,Halictidae,kleptoparasite,OUMNH,1.083
IGproject0204,Sphecodes,geoffrellus,female,1952,8,2,England,Northamptonshire,Aynho,,1.392,0.851,3.927,0.944,Halictidae,kleptoparasite,OUMNH,0.917
IGproject0205,Sphecodes,geoffrellus,female,1901,7,,England,Cornwall,Newquay,,1.425,0.908,3.886,0.9,Halictidae,kleptoparasite,OUMNH,0.932
IGproject0206,Sphecodes,geoffrellus,male,1919,8,19,England,Worcestershire,Malvern,,1.465,1.072,4.186,0.937,Halictidae,kleptoparasite,OUMNH,0.971
IGproject0207,Sphecodes,geoffrellus,male,1900,8,,Wales,Gwynedd,Criccieth,,1.528,1.021,4.246,0.952,Halictidae,kleptoparasite,OUMNH,1.002
IGproject0208,Sphecodes,geoffrellus,female,1978,6,14,England,Oxfordshire,Abingdon,Dry Sandford Pit,1.625,1.022,4.293,1.03,Halictidae,kleptoparasite,OUMNH,1.005
IGproject0209,Sphecodes,geoffrellus,male,1904,8,24,England,Surrey,Reigate,,1.459,0.961,3.787,0.942,Halictidae,kleptoparasite,OUMNH,0.96
IGproject0210,Sphecodes,geoffrellus,female,1992,6,19,England,Oxfordshire,,Hitchcopse Pit,1.782,1.17,4.724,1.148,Halictidae,kleptoparasite,OUMNH,1.182
IGproject0211,Colletes,succintus,female,1940,8,4,England,Devon,Meavy,,3.424,2.71,8.684,2.339,Colletidae,excavator,OUMNH,
IGproject0212,Colletes,succintus,male,1937,8,2,England,Dorset,Swanage,,2.965,2.34,7.114,1.932,Colletidae,excavator,OUMNH,
IGproject0213,Colletes,succintus,male,1953,8,10,England,Devon,Dawlish Warren,,3.128,2.433,7.125,1.929,Colletidae,excavator,OUMNH,
IGproject0214,Colletes,succintus,male,1906,8,6,England,Surrey,Woking,,2.795,2.168,6.334,1.658,Colletidae,excavator,OUMNH,
IGproject0215,Colletes,succintus,male,1953,8,12,England,Devon,Bovey Tracey,Bovey Heathfield,3.238,2.605,7.729,2.017,Colletidae,excavator,OUMNH,
IGproject0216,Colletes,succintus,female,1927,8,25,England,Dorset,Warmwell,Warmwell Heath,3.178,2.599,7.95,2.05,Colletidae,excavator,OUMNH,
IGproject0217,Colletes,succintus,male,1926,8,25,England,Dorset,Warmwell,Warmwell Heath,2.851,2.184,6.73,1.639,Colletidae,excavator,OUMNH,
IGproject0218,Colletes,succintus,male,1969,9,4,England,Devon,Brixham,,3.051,2.401,7.343,1.936,Colletidae,excavator,OUMNH,
IGproject0219,Colletes,succintus,female,1919,8,,England,Devon,South Brent,,3.387,2.804,8.543,2.282,Colletidae,excavator,OUMNH,
IGproject0220,Colletes,succintus,male,1913,8,5,England,Devon,Bovey Tracey,,3.255,2.461,7.746,2.115,Colletidae,excavator,OUMNH,
IGproject0221,Colletes,succintus,female,1913,8,13,England,Devon,Bovey Tracey,,3.323,2.732,8.452,2.15,Colletidae,excavator,OUMNH,
IGproject0222,Colletes,succintus,male,1899,7,,Wales,Conwy,Abergele,,3.23,2.497,7.661,1.988,Colletidae,excavator,OUMNH,
IGproject0223,Colletes,succintus,male,1953,8,10,England,Devon,Dawlish Warren,,3.071,2.311,7.295,1.9,Colletidae,excavator,OUMNH,
IGproject0224,Colletes,succintus,female,1927,8,15,England,Dorset,Warmwell,,3.308,2.608,8.184,2.137,Colletidae,excavator,OUMNH,
IGproject0225,Colletes,succintus,male,1968,8,3,England,Cornwall,Millook,,3.113,2.501,6.938,1.89,Colletidae,excavator,OUMNH,
IGproject0226,Colletes,succintus,female,1900,,,England,Gloucestershire,Horsley,,3.256,2.543,8.071,2.109,Colletidae,excavator,OUMNH,
IGproject0227,Colletes,succintus,female,1973,9,15,Wales,Pembrokeshire,St David's,St David's Head,3.708,3.091,9.292,2.429,Colletidae,excavator,OUMNH,
IGproject0228,Colletes,succintus,male,1927,8,15,England,Dorset,Warmwell,Warmwell Heath,2.734,2.054,6.628,1.687,Colletidae,excavator,OUMNH,
IGproject0229,Colletes,succintus,male,1934,8,17,England,Dorset,Swanage,South Haven Point,2.965,2.096,6.8,1.791,Colletidae,excavator,OUMNH,
IGproject0230,Colletes,succintus,male,1934,8,17,England,Dorset,Swanage,South Haven Point,3.024,2.284,7.074,1.933,Colletidae,excavator,OUMNH,
IGproject0231,Colletes,succintus,male,1933,7,24,England,Dorset,Swanage,"South Haven, S. Boundary",3.086,2.342,7.233,1.901,Colletidae,excavator,OUMNH,
IGproject0232,Colletes,succintus,female,1875,8,,Wales,Gwynedd,Barmouth,,3.501,2.924,8.631,2.166,Colletidae,excavator,OUMNH,
IGproject0233,Colletes,succintus,male,1905,7,31,Scotland,Narinshire,Nairn,,3.064,2.142,7.553,1.848,Colletidae,excavator,OUMNH,
IGproject0234,Colletes,succintus,female,1901,,,England,Hampshire,Lyndhurst,,3.448,3.006,8.373,2.269,Colletidae,excavator,OUMNH,
IGproject0235,Colletes,succintus,female,1953,8,18,England,Devon,Bovey Tracey,Bovey Heathfield,3.462,2.804,8.427,2.283,Colletidae,excavator,OUMNH,
IGproject0236,Colletes,succintus,male,1905,8,4,England,Hampshire,,New Forest,2.642,1.887,6.178,1.483,Colletidae,excavator,OUMNH,
IGproject0237,Colletes,succintus,female,1915,9,3,England,Devon,Bovey Tracey,,3.458,2.773,8.436,2.207,Colletidae,excavator,OUMNH,
IGproject0238,Colletes,succintus,female,1892,9,,Scotland,Moray,Forres,,3.279,2.638,8.31,2.289,Colletidae,excavator,OUMNH,
IGproject0239,Colletes,succintus,male,1905,8,14,England,Hampshire,,New Forest,2.952,2.232,7.011,1.798,Colletidae,excavator,OUMNH,
IGproject0240,Colletes,succintus,male,1909,8,13,England,Hampshire,,New Forest,2.74,2.11,6.235,1.608,Colletidae,excavator,OUMNH,
IGproject0241,Sphecodes,geoffrellus,male,2011,7,30,England,Oxfordshire,Oxford,Shotover,1.544,1.041,4.223,0.965,Halictidae,kleptoparasite,OUMNH,
IGproject0242,Sphecodes,geoffrellus,female,1955,8,1,England,Oxfordshire,Abingdon,Cothill,1.545,1.123,4.219,1.053,Halictidae,kleptoparasite,OUMNH,
IGproject0243,Sphecodes,geoffrellus,male,1989,7,3,England,Wiltshire,Wroughton,Clouts Wood,1.694,1.146,4.543,1.126,Halictidae,kleptoparasite,OUMNH,
IGproject0244,Sphecodes,geoffrellus,female,1960,7,20,England,Devon,Dawlish,,1.677,1.059,4.487,1.126,Halictidae,kleptoparasite,OUMNH,
IGproject0245,Sphecodes,geoffrellus,female,1990,8,29,England,Wiltshire,Swindon,Coate Water Country Park,1.379,0.931,3.693,0.906,Halictidae,kleptoparasite,OUMNH,
IGproject0246,Sphecodes,geoffrellus,female,1901,7,,England,Cornwall,Newquay,,1.438,0.919,3.889,1.009,Halictidae,kleptoparasite,OUMNH,
IGproject0247,Sphecodes,geoffrellus,female,1905,7,23,England,Hampshire,,New Forest,1.533,1.021,4.136,1.022,Halictidae,kleptoparasite,OUMNH,
IGproject0248,Sphecodes,geoffrellus,male,1983,8,6,England,Warwickshie,Coventry,Coombe,1.461,0.954,3.858,0.938,Halictidae,kleptoparasite,OUMNH,
IGproject0249,Sphecodes,geoffrellus,male,1953,8,12,England,Devon,Bovey Tracey,Bovey Heathfield,1.514,1.083,4.215,0.958,Halictidae,kleptoparasite,OUMNH,
IGproject0250,Sphecodes,geoffrellus,female,1902,9,6,England,Kent,Faversham,Huntingfield,1.667,1.014,4.534,1.114,Halictidae,kleptoparasite,OUMNH,
IGproject0251,Andrena,chrysosceles,female,1915,6,15,England,Devon,Brixham,,2.978,1.829,8.135,2.275,Andrenidae,excavator,OUMNH,
IGproject0252,Andrena,chrysosceles,male,1912,5,,England,Hampshire,,New Forest,2.513,1.324,6.822,1.678,Andrenidae,excavator,OUMNH,
IGproject0253,Andrena,chrysosceles,male,1898,6,2,England,Buckinghamshire,Great Missenden,,2.61,1.531,7.013,1.859,Andrenidae,excavator,OUMNH,
IGproject0254,Andrena,chrysosceles,female,1902,8,,England,Berkshire,Crowthorne,Wellington College,2.38,1.569,6.624,2.332,Andrenidae,excavator,OUMNH,
IGproject0255,Andrena,chrysosceles,female,1949,5,14,England,Devon,Woodbury,,2.94,1.864,8.134,2.284,Andrenidae,excavator,OUMNH,
IGproject0256,Andrena,chrysosceles,male,1949,4,18,England,Oxfordshire,Chastleton,,2.484,1.515,6.265,1.686,Andrenidae,excavator,OUMNH,
IGproject0257,Andrena,chrysosceles,male,1916,4,29,England,Devon,Newton Abbot,,2.403,1.411,6.552,1.764,Andrenidae,excavator,OUMNH,
IGproject0258,Andrena,chrysosceles,female,1913,6,10,England,Dorset,Swanage,,2.817,1.778,7.545,2.191,Andrenidae,excavator,OUMNH,
IGproject0259,Andrena,chrysosceles,female,1913,5,17,England,Devon,Bovey Tracey,,2.762,1.761,7.625,1.966,Andrenidae,excavator,OUMNH,
IGproject0260,Andrena,chrysosceles,female,1915,5,20,England,Gloucestershire,Wotton-under-Edge,,3.004,1.897,8.482,2.249,Andrenidae,excavator,OUMNH,
IGproject0261,Andrena,chrysosceles,female,1977,6,22,England,Hampshire,Odiham,,2.832,1.705,7.739,2.16,Andrenidae,excavator,OUMNH,
IGproject0262,Andrena,chrysosceles,male,1929,5,3,England,Greater London,London,Wimbledon,2.513,1.41,6.672,1.729,Andrenidae,excavator,OUMNH,
IGproject0263,Andrena,chrysosceles,female,1929,6,12,England,Oxfordshire,Oxford,Waterperry Wood,2.649,1.603,7.3,2.058,Andrenidae,excavator,OUMNH,
IGproject0264,Andrena,chrysosceles,male,1968,6,12,England,Oxfordshire,Oxford,Waterperry Wood,2.337,1.31,6.071,1.632,Andrenidae,excavator,OUMNH,
IGproject0265,Andrena,chrysosceles,female,1978,5,7,England,Oxfordshire,Oxford,Hinksey,2.931,1.817,7.893,2.268,Andrenidae,excavator,OUMNH,
IGproject0266,Andrena,chrysosceles,male,1980,5,1,England,Buckinghamshire,Gerrards Cross,,2.913,1.706,7.457,1.987,Andrenidae,excavator,OUMNH,
IGproject0267,Andrena,chrysosceles,male,1917,4,22,England,Devon,Newton Abbot,,2.503,1.454,6.777,1.746,Andrenidae,excavator,OUMNH,
IGproject0268,Andrena,chrysosceles,male,1983,5,17,England,Buckinghamshire,Hedgerley,,2.478,1.373,6.362,1.728,Andrenidae,excavator,OUMNH,
IGproject0269,Andrena,chrysosceles,female,1984,5,9,England,Greater London,London,Devonshire Road,2.774,1.836,7.639,2.123,Andrenidae,excavator,OUMNH,
IGproject0270,Andrena,chrysosceles,female,1990,5,29,England,Wiltshire,Swindon,Coate Water Country Park,3.044,1.945,8.306,2.321,Andrenidae,excavator,OUMNH,
IGproject0271,Andrena,chrysosceles,female,1907,6,22,England,Hampshire,,New Forest,3.088,2.007,8.587,2.301,Andrenidae,excavator,OUMNH,
IGproject0272,Andrena,chrysosceles,female,1904,5,22,England,Hampshire,,New Forest,2.768,1.659,7.557,2.135,Andrenidae,excavator,OUMNH,
IGproject0273,Andrena,chrysosceles,male,1906,5,19,Wales,Bridgend,Porthcawl,,2.556,1.436,6.687,1.776,Andrenidae,excavator,OUMNH,
IGproject0274,Andrena,chrysosceles,male,1935,5,3,England,Cambridgeshire,Hardwick,Hardwick Wood,2.782,1.636,7.377,1.953,Andrenidae,excavator,OUMNH,
IGproject0275,Andrena,chrysosceles,male,1996,4,27,England,Northamptonshire,Marston St Lawrence,,2.534,1.397,6.95,1.814,Andrenidae,excavator,OUMNH,
IGproject0276,Andrena,chrysosceles,male,1996,4,27,England,Northamptonshire,Marston St Lawrence,,2.467,1.33,6.535,1.719,Andrenidae,excavator,OUMNH,
IGproject0277,Andrena,chrysosceles,female,1984,5,9,England,Greater London,London,Devonshire Road,3.013,1.882,8.09,2.27,Andrenidae,excavator,OUMNH,
IGproject0278,Andrena,chrysosceles,male,1996,4,27,England,Northamptonshire,Brackley,,2.681,1.46,7.05,1.948,Andrenidae,excavator,OUMNH,
IGproject0279,Andrena,chrysosceles,female,1990,5,29,England,Wiltshire,Swindon,Coate Water Country Park,3.097,1.952,8.394,2.26,Andrenidae,excavator,OUMNH,
IGproject0280,Andrena,chrysosceles,female,1990,5,11,England,Oxfordshire,North Leigh,North Leigh Common,2.377,1.552,7.16,1.958,Andrenidae,excavator,OUMNH,
IGproject0281,Hylaeus,communis,female,1950,4,2,England,Devon,Topsham,,1.701,1.333,4.966,1.054,Colletidae,cavity nester,OUMNH,
IGproject0282,Hylaeus,communis,male,1948,7,17,England,Dorset,Witchampton,,1.495,1.046,4.214,0.894,Colletidae,cavity nester,OUMNH,
IGproject0283,Hylaeus,communis,female,1952,8,22,England,Devon,Dawlish Warren,,1.538,1.116,4.121,0.933,Colletidae,cavity nester,OUMNH,
IGproject0284,Hylaeus,communis,female,1949,7,9,England,Devon,Exeter,,1.65,1.298,4.978,1.051,Colletidae,cavity nester,OUMNH,
IGproject0285,Hylaeus,communis,male,1897,7,8,England,Berkshire,Sulhamstead,,1.473,1.088,3.947,0.965,Colletidae,cavity nester,OUMNH,
IGproject0286,Hylaeus,communis,male,1904,7,,England,Dorset,Lyme Regis,,1.758,1.44,4.82,1.046,Colletidae,cavity nester,OUMNH,
IGproject0287,Hylaeus,communis,female,1914,6,18,England,Cambridgeshire,Wicken,,1.604,1.277,4.932,1.097,Colletidae,cavity nester,OUMNH,
IGproject0288,Hylaeus,communis,male,1903,7,23,England,Dorset,Lyme Regis,,1.423,0.99,3.996,0.809,Colletidae,cavity nester,OUMNH,
IGproject0289,Hylaeus,communis,male,1953,8,12,England,Devon,Bovey Tracey,Bovey Heathfield,1.489,1.108,4.254,0.924,Colletidae,cavity nester,OUMNH,
IGproject0290,Hylaeus,communis,male,1948,7,17,England,Dorset,Witchampton,,1.561,1.221,4.356,0.984,Colletidae,cavity nester,OUMNH,
IGproject0291,Hylaeus,communis,male,1976,6,26,England,Devon,Yelverton,Five Oaks,1.566,1.202,4.384,0.928,Colletidae,cavity nester,OUMNH,
IGproject0292,Hylaeus,communis,male,1977,8,11,England,Devon,Hawkchurch,,1.444,1.083,4.091,0.9,Colletidae,cavity nester,OUMNH,
IGproject0293,Hylaeus,communis,male,1982,7,5,England,Devon,Tavistock,Whitchurch Down,1.519,1.158,4.406,0.979,Colletidae,cavity nester,OUMNH,
IGproject0294,Hylaeus,communis,male,1963,6,22,England,Dorset,Weymouth,,1.565,1.21,4.497,0.972,Colletidae,cavity nester,OUMNH,
IGproject0295,Hylaeus,communis,male,1951,8,14,England,Gloucestershire,Chipping Campden,,1.413,1.057,4.079,0.886,Colletidae,cavity nester,OUMNH,
IGproject0296,Hylaeus,communis,female,1974,6,,England,Devon,Saunton,,1.609,1.219,4.725,1.021,Colletidae,cavity nester,OUMNH,
IGproject0297,Hylaeus,communis,female,1977,7,30,England,Devon,,South Devon - Buckland Down,1.649,1.263,4.679,1.03,Colletidae,cavity nester,OUMNH,
IGproject0298,Hylaeus,communis,male,1974,6,,England,Devon,Saunton,,1.551,1.116,4.397,0.956,Colletidae,cavity nester,OUMNH,
IGproject0299,Hylaeus,communis,female,1906,7,21,England,Kent,Faversham,,1.584,1.263,4.714,0.948,Colletidae,cavity nester,OUMNH,
IGproject0300,Hylaeus,communis,female,1954,8,3,England,Dorset,Warmwell,Warmwell Heath,1.708,1.315,5.013,1.076,Colletidae,cavity nester,OUMNH,
IGproject0301,Hylaeus,communis,female,1902,8,18,England,Kent,Faversham,Huntingfield,1.544,1.202,4.572,0.97,Colletidae,cavity nester,OUMNH,
IGproject0302,Hylaeus,communis,female,1953,8,12,England,Devon,Bovey Tracey,Bovey Heathfield,1.76,1.368,5.11,1.104,Colletidae,cavity nester,OUMNH,
IGproject0303,Hylaeus,communis,male,1909,7,12,England,Hampshire,,New Forest,1.475,0.998,3.977,0.909,Colletidae,cavity nester,OUMNH,
IGproject0304,Hylaeus,communis,female,1974,7,9,England,Devon,Saunton,,1.482,1.124,4.484,0.923,Colletidae,cavity nester,OUMNH,
IGproject0305,Hylaeus,communis,male,1902,8,18,England,Kent,Faversham,Huntingfield,1.506,1.069,4.219,0.878,Colletidae,cavity nester,OUMNH,
IGproject0306,Hylaeus,communis,female,1978,7,16,England,Cornwall,North Petherwin,,1.676,1.301,4.879,1.021,Colletidae,cavity nester,OUMNH,
IGproject0307,Hylaeus,communis,male,1986,7,15,England,Kent,Higham,,1.437,1.11,4.096,0.903,Colletidae,cavity nester,OUMNH,
IGproject0308,Hylaeus,communis,female,1909,7,15,England,Hampshire,,New Forest,1.528,1.188,4.634,0.97,Colletidae,cavity nester,OUMNH,
IGproject0309,Hylaeus,communis,female,1909,7,13,England,Hampshire,,New Forest,1.681,1.33,5.002,1.047,Colletidae,cavity nester,OUMNH,
IGproject0310,Hylaeus,communis,female,1903,7,23,England,Dorset,Lyme Regis,,1.626,1.29,4.753,1.011,Colletidae,cavity nester,OUMNH,
IGproject0311,Nomada,flava,female,1947,5,11,England,Devon,Sheepstor,,2.576,1.767,8.392,2.263,Apidae,kleptoparasite,OUMNH,
IGproject0312,Nomada,flava,female,1949,5,1,England,Devon,Sheepstor,,2.416,1.704,7.891,2.08,Apidae,kleptoparasite,OUMNH,
IGproject0313,Nomada,flava,female,1915,5,17,England,Gloucestershire,Wotton-under-Edge,,2.929,1.995,9.868,2.781,Apidae,kleptoparasite,OUMNH,
IGproject0314,Nomada,flava,female,1980,5,13,England,Devon,,Fernworthy Reservoir,2.56,1.829,8.387,2.348,Apidae,kleptoparasite,OUMNH,
IGproject0315,Nomada,flava,male,1977,5,24,England,Devon,Newton Abbot,Holne Wood,2.246,1.444,7.386,2.008,Apidae,kleptoparasite,OUMNH,
IGproject0316,Nomada,flava,male,1961,5,13,England,Devon,Bovey Tracey,Bovey Heathfield,1.919,1.141,6.348,1.59,Apidae,kleptoparasite,OUMNH,
IGproject0317,Nomada,flava,female,1916,5,,England,Devon,Paignton,,2.73,1.873,9.219,2.565,Apidae,kleptoparasite,OUMNH,
IGproject0318,Nomada,flava,female,1921,4,30,England,Devon,Newton Abbot,,2.24,1.438,7.468,2.083,Apidae,kleptoparasite,OUMNH,
IGproject0319,Nomada,flava,female,1897,5,,Wales,Monmouthshire,Raglan,,2.884,2.03,9.332,2.411,Apidae,kleptoparasite,OUMNH,
IGproject0320,Nomada,flava,female,1982,4,15,England,Devon,Clapham,Haldon Forest,2.536,1.872,8.508,2.35,Apidae,kleptoparasite,OUMNH,
IGproject0321,Nomada,flava,female,1946,5,4,England,Devon,Plymouth,"Dewerstone Forest, Near Shaugh Prior",2.399,1.631,7.924,2.32,Apidae,kleptoparasite,OUMNH,
IGproject0322,Nomada,flava,male,1916,5,,England,Devon,Paignton,,2.404,1.567,7.621,2.111,Apidae,kleptoparasite,OUMNH,
IGproject0323,Nomada,flava,female,1955,5,22,England,Devon,Torquay,Coast Path,2.82,1.986,9.609,2.728,Apidae,kleptoparasite,OUMNH,
IGproject0324,Nomada,flava,male,1955,5,29,England,Devon,Bovey Tracey,Bovey Heathfield,2.626,1.861,8.622,2.269,Apidae,kleptoparasite,OUMNH,
IGproject0325,Nomada,flava,female,1950,5,6,England,Devon,Exeter,Exwick,2.458,1.628,8.068,2.412,Apidae,kleptoparasite,OUMNH,
IGproject0326,Nomada,flava,female,1950,5,6,England,Devon,Exeter,Exwick,2.289,1.407,7.209,1.881,Apidae,kleptoparasite,OUMNH,
IGproject0327,Nomada,flava,female,1952,5,10,England,Devon,Newton Abbot,Bradley Woods,2.128,1.313,6.967,1.958,Apidae,kleptoparasite,OUMNH,
IGproject0328,Nomada,flava,male,1992,5,24,England,Wiltshire,Swindon,Coate Water Country Park,2.468,1.562,7.929,2.141,Apidae,kleptoparasite,OUMNH,
IGproject0329,Nomada,flava,female,1915,5,7,England,Surrey,Cobham,,2.324,1.569,7.69,2.16,Apidae,kleptoparasite,OUMNH,
IGproject0330,Nomada,flava,female,1973,6,3,England,Northamptonshire,,Salcey Forest,2.434,1.606,8.017,2.229,Apidae,kleptoparasite,OUMNH,
IGproject0331,Nomada,flava,male,1948,5,10,England,Devon,Barnstaple,,2.814,1.959,9.039,2.373,Apidae,kleptoparasite,OUMNH,
IGproject0332,Nomada,flava,male,1949,5,7,England,Devon,Chudleigh,,2.417,1.54,7.725,2.157,Apidae,kleptoparasite,OUMNH,
IGproject0333,Nomada,flava,male,1950,5,6,England,Devon,Exeter,Exwick,2.891,2.015,9.235,2.518,Apidae,kleptoparasite,OUMNH,
IGproject0334,Nomada,flava,female,1916,5,,England,Devon,Paignton,,2.66,1.834,9.054,2.589,Apidae,kleptoparasite,OUMNH,
IGproject0335,Nomada,flava,male,1972,5,14,England,Devon,Lydford,High Down,2.667,1.955,8.611,2.353,Apidae,kleptoparasite,OUMNH,
IGproject0336,Nomada,flava,male,1949,5,14,England,Devon,Woodbury,,2.441,1.486,7.536,2.051,Apidae,kleptoparasite,OUMNH,
IGproject0337,Nomada,flava,male,1949,5,2,England,Devon,Instow,,2.916,1.856,9.425,2.499,Apidae,kleptoparasite,OUMNH,
IGproject0338,Nomada,flava,male,1949,5,7,England,Devon,Chudleigh,,2.845,1.982,9.186,2.531,Apidae,kleptoparasite,OUMNH,
IGproject0339,Nomada,flava,male,1952,4,26,England,Devon,Sheepstor,Gutter Tor,2.511,1.752,8.071,2.138,Apidae,kleptoparasite,OUMNH,
IGproject0340,Nomada,flava,male,1921,4,26,England,Devon,Newton Abbot,,2.775,1.749,8.878,2.321,Apidae,kleptoparasite,OUMNH,
IGproject0341,Andrena,wilkella,female,1910,6,18,England,Devon,Budleigh Salterton,,3.384,2.245,7.848,2.548,Andrenidae,excavator,OUMNH,
IGproject0342,Andrena,wilkella,male,1910,6,14,England,Devon,Budleigh Salterton,,2.896,1.828,7.377,2.006,Andrenidae,excavator,OUMNH,
IGproject0343,Andrena,wilkella,male,1922,5,14,England,Devon,Newton Abbot,,3.001,2.005,7.557,2.041,Andrenidae,excavator,OUMNH,
IGproject0344,Andrena,wilkella,female,1907,5,9,England,Surrey,Oxshott,,3.422,2.344,7.812,2.514,Andrenidae,excavator,OUMNH,
IGproject0345,Andrena,wilkella,male,1900,5,28,England,Berkshire,Newbury,,3.083,2.036,7.732,2.175,Andrenidae,excavator,OUMNH,
IGproject0346,Andrena,wilkella,male,1898,6,2,England,Buckinghamshire,Great Missenden,,2.95,1.847,7.546,2.091,Andrenidae,excavator,OUMNH,
IGproject0347,Andrena,wilkella,female,1915,5,24,England,Devon,Brixham,,3.491,2.257,8.321,2.661,Andrenidae,excavator,OUMNH,
IGproject0348,Andrena,wilkella,female,1915,5,20,England,Gloucestershire,Wotton-under-Edge,,3.621,2.375,8.266,2.769,Andrenidae,excavator,OUMNH,
IGproject0349,Andrena,wilkella,female,1910,6,14,England,Devon,Budleigh Salterton,,3.302,2.161,7.79,2.48,Andrenidae,excavator,OUMNH,
IGproject0350,Andrena,wilkella,female,1908,6,14,England,Greater Manchester,Sale,,3.348,2.151,7.925,2.698,Andrenidae,excavator,OUMNH,
IGproject0351,Andrena,wilkella,male,1904,5,15,England,Greater London,Northwood,,2.982,1.925,7.512,2.081,Andrenidae,excavator,OUMNH,
IGproject0352,Andrena,wilkella,male,1900,5,29,England,Hampshire,,New Forest,3.025,1.92,7.764,2.167,Andrenidae,excavator,OUMNH,
IGproject0353,Andrena,wilkella,female,1900,5,29,England,Berkshire,Newbury,,3.438,2.254,8.13,2.697,Andrenidae,excavator,OUMNH,
IGproject0354,Andrena,wilkella,male,1904,5,22,England,Hampshire,,New Forest,2.907,1.632,7.256,2.072,Andrenidae,excavator,OUMNH,
IGproject0355,Andrena,wilkella,female,1953,6,1,England,Oxfordshire,Abingdon,Cothill,3.335,2.1,8.033,2.612,Andrenidae,excavator,OUMNH,
IGproject0356,Andrena,wilkella,male,1900,5,15,England,Essex,Theydon Bois,,2.876,1.712,7.125,2.049,Andrenidae,excavator,OUMNH,
IGproject0357,Andrena,wilkella,male,1899,6,,England,Cambridgeshire,Wicken,,2.994,1.879,7.477,2.124,Andrenidae,excavator,OUMNH,
IGproject0358,Andrena,wilkella,male,1900,5,18,England,Berkshire,Newbury,,2.942,1.787,7.384,2.046,Andrenidae,excavator,OUMNH,
IGproject0359,Andrena,wilkella,female,1905,5,24,Wales,Gwynedd,Criccieth,,3.538,2.451,8.438,2.8,Andrenidae,excavator,OUMNH,
IGproject0360,Andrena,wilkella,male,1949,6,7,England,Devon,Exminster,,2.996,1.898,7.395,2.088,Andrenidae,excavator,OUMNH,
IGproject0361,Andrena,wilkella,female,1915,6,2,England,Devon,Paignton,,3.411,2.174,8.255,2.524,Andrenidae,excavator,OUMNH,
IGproject0362,Andrena,wilkella,female,1923,6,5,England,Devon,Newton Abbot,,3.416,2.257,8.073,2.517,Andrenidae,excavator,OUMNH,
IGproject0363,Andrena,wilkella,female,1923,6,15,England,Devon,Newton Abbot,,3.44,2.202,8.124,2.584,Andrenidae,excavator,OUMNH,
IGproject0364,Andrena,wilkella,female,1896,5,5,England,Wiltshire,Sopworth,,3.21,2.048,7.793,2.475,Andrenidae,excavator,OUMNH,
IGproject0365,Andrena,wilkella,male,1900,5,28,England,Berkshire,Newbury,,2.991,1.896,7.565,2.091,Andrenidae,excavator,OUMNH,
IGproject0366,Andrena,wilkella,male,1900,5,25,England,Berkshire,Newbury,,2.834,1.841,7.293,2.015,Andrenidae,excavator,OUMNH,
IGproject0367,Andrena,wilkella,female,1918,5,,England,Devon,Paignton,,3.32,2.21,8.361,2.477,Andrenidae,excavator,OUMNH,
IGproject0368,Andrena,wilkella,female,1905,6,22,England,Surrey,Oxshott,,3.396,2.176,7.967,2.486,Andrenidae,excavator,OUMNH,
IGproject0369,Andrena,wilkella,female,1899,6,,England,Cambridgeshire,Wicken,,3.51,2.322,8.217,2.667,Andrenidae,excavator,OUMNH,
IGproject0370,Andrena,wilkella,female,1905,6,4,England,Surrey,Chobham,,3.448,2.146,8.211,2.618,Andrenidae,excavator,OUMNH,
IGproject0371,Andrena,wilkella,female,1904,6,17,England,Surrey,Chobham,,3.353,2.241,8.014,2.624,Andrenidae,excavator,OUMNH,
IGproject0372,Anthidium,manicatum,female,1946,7,29,England,Greater London,Osterley,,4.309,3.729,10.167,3.087,Megachilidae,cavity nester,OUMNH,
IGproject0373,Anthidium,manicatum,female,1905,7,15,England,Oxfordshire,Oxford,Lye Valley,3.927,3.302,9.067,2.782,Megachilidae,cavity nester,OUMNH,
IGproject0374,Anthidium,manicatum,male,1900,7,20,Wales,Gwynedd,Criccieth,,4.407,3.705,11.012,3.491,Megachilidae,cavity nester,OUMNH,
IGproject0375,Anthidium,manicatum,male,1938,7,29,England,Oxfordshire,Oxford,Sunnymead,4.392,3.506,10.723,3.361,Megachilidae,cavity nester,OUMNH,
IGproject0376,Anthidium,manicatum,female,1966,6,16,England,Devon,Paignton,,4.242,3.537,9.42,2.942,Megachilidae,cavity nester,OUMNH,
IGproject0377,Anthidium,manicatum,female,1909,6,,England,Gloucestershire,Wotton-under-Edge,Alderley,4.128,3.397,9.155,2.774,Megachilidae,cavity nester,OUMNH,
IGproject0378,Anthidium,manicatum,female,1905,7,22,England,Dorset,Lyme Regis,,4.047,3.509,9.149,2.889,Megachilidae,cavity nester,OUMNH,
IGproject0379,Anthidium,manicatum,male,1952,7,30,England,Northamptonshire,Aynho,,4.712,4.154,11.624,3.776,Megachilidae,cavity nester,OUMNH,
IGproject0380,Anthidium,manicatum,male,1915,7,25,England,Devon,Dartmoor,East Dartmoor,4.67,4.288,12.267,3.802,Megachilidae,cavity nester,OUMNH,
IGproject0381,Anthidium,manicatum,male,1904,7,9,England,Hampshire,,New Forest,4.321,3.721,10.444,3.306,Megachilidae,cavity nester,OUMNH,
IGproject0382,Anthidium,manicatum,female,1898,7,,Wales,Gwynedd,Criccieth,,4.074,3.449,9.005,2.745,Megachilidae,cavity nester,OUMNH,
IGproject0383,Anthidium,manicatum,male,1897,7,18,England,Oxfordshire,Oxford,Shotover,4.442,3.8,11.711,3.86,Megachilidae,cavity nester,OUMNH,
IGproject0384,Anthidium,manicatum,female,1907,7,21,England,Hampshire,,New Forest,3.77,3.115,8.28,2.429,Megachilidae,cavity nester,OUMNH,
IGproject0385,Anthidium,manicatum,male,1897,7,18,England,Oxfordshire,Oxford,Shotover,4.36,3.866,10.791,3.459,Megachilidae,cavity nester,OUMNH,
IGproject0386,Anthidium,manicatum,male,1897,7,18,England,Oxfordshire,Oxford,Shotover,4.549,3.899,11.597,3.865,Megachilidae,cavity nester,OUMNH,
IGproject0387,Anthidium,manicatum,male,1950,7,27,England,Northamptonshire,Aynho,,4.246,3.463,9.911,3.022,Megachilidae,cavity nester,OUMNH,
IGproject0388,Anthidium,manicatum,male,1898,7,,Wales,Gwynedd,Criccieth,,4.543,3.916,11.497,3.54,Megachilidae,cavity nester,OUMNH,
IGproject0389,Anthidium,manicatum,female,1906,7,20,England,Hampshire,,New Forest,4.178,3.54,9.448,2.802,Megachilidae,cavity nester,OUMNH,
IGproject0390,Anthidium,manicatum,female,1930,9,10,England,Devon,Newton Abbot,,3.813,3.189,8.536,2.554,Megachilidae,cavity nester,OUMNH,
IGproject0391,Anthidium,manicatum,female,1977,9,5,England,Oxfordshire,Abingdon,Dry Sandford Pit,4.086,3.384,9.102,2.751,Megachilidae,cavity nester,OUMNH,
IGproject0392,Anthidium,manicatum,female,1897,7,,Wales,Gwynedd,Criccieth,,4.103,3.463,9.061,2.867,Megachilidae,cavity nester,OUMNH,
IGproject0393,Anthidium,manicatum,female,1904,7,,England,Dorset,Lyme Regis,,4.251,3.596,9.597,3.077,Megachilidae,cavity nester,OUMNH,
IGproject0394,Anthidium,manicatum,female,1905,7,20,England,Dorset,Lyme Regis,,4.123,3.495,8.984,2.866,Megachilidae,cavity nester,OUMNH,
IGproject0395,Anthidium,manicatum,female,1900,7,7,Wales,Gwynedd,Criccieth,,4.136,3.532,9.245,2.781,Megachilidae,cavity nester,OUMNH,
IGproject0396,Anthidium,manicatum,female,1914,6,24,England,Devon,Paignton,,4.116,3.434,9.068,2.72,Megachilidae,cavity nester,OUMNH,
IGproject0397,Anthidium,manicatum,male,1919,8,,England,Surrey,Guildford,,4.651,4.018,11.979,3.863,Megachilidae,cavity nester,OUMNH,
IGproject0398,Anthidium,manicatum,male,1926,7,,England,Devon,Newton Abbot,,3.825,3.24,8.764,2.892,Megachilidae,cavity nester,OUMNH,
IGproject0399,Anthidium,manicatum,male,1898,7,,Wales,Gwynedd,Criccieth,,4.537,3.9,11.407,3.609,Megachilidae,cavity nester,OUMNH,
IGproject0400,Anthidium,manicatum,male,1948,8,1,England,Oxfordshire,Oxford,Hinksey,4.228,3.554,10.311,3.302,Megachilidae,cavity nester,OUMNH,
IGproject0401,Anthidium,manicatum,male,1900,7,,England,Worcestershire,Kidderminster,Wyre Forest,4.247,3.659,10.322,3.106,Megachilidae,cavity nester,OUMNH,
IGproject0402,Anthidium,manicatum,male,1916,6,16,England,Devon,Paignton,,4.599,3.844,11.377,3.679,Megachilidae,cavity nester,OUMNH,
IGproject0403,Anthidium,manicatum,male,1914,7,10,England,Devon,Bovey Tracey,,4.607,3.842,11.268,3.508,Megachilidae,cavity nester,OUMNH,
IGproject0404,Anthidium,manicatum,male,1902,,,England,Hertfordshire,Berkhamsted,,4.396,3.995,11.201,3.593,Megachilidae,cavity nester,OUMNH,
IGproject0405,Anthidium,manicatum,male,1926,7,,England,Devon,Newton Abbot,,4.185,3.691,10.746,3.451,Megachilidae,cavity nester,OUMNH,
IGproject0406,Anthidium,manicatum,male,1910,7,11,England,Oxfordshire,Oxford,Wykeham House (garden),4.381,3.921,10.896,3.365,Megachilidae,cavity nester,OUMNH,
IGproject0407,Anthidium,manicatum,male,1897,7,,England,Oxfordshire,Oxford,Shotover,4.431,3.732,11.177,3.342,Megachilidae,cavity nester,OUMNH,
IGproject0408,Anthidium,manicatum,male,1897,7,,England,Oxfordshire,Oxford,Shotover,4.513,3.982,11.366,3.582,Megachilidae,cavity nester,OUMNH,
IGproject0409,Anthidium,manicatum,male,1897,7,,England,Oxfordshire,Oxford,Shotover,4.218,3.736,10.535,3.326,Megachilidae,cavity nester,OUMNH,
IGproject0410,Anthidium,manicatum,male,1905,7,15,England,Oxfordshire,Oxford,Lye Valley,4.245,3.824,10.413,3.333,Megachilidae,cavity nester,OUMNH,
IGproject0411,Anthidium,manicatum,male,1905,7,15,England,Oxfordshire,Oxford,Lye Valley,3.885,3.257,9.226,2.798,Megachilidae,cavity nester,OUMNH,
IGproject0412,Anthidium,manicatum,male,1897,7,,England,Oxfordshire,Oxford,Shotover,4.566,3.949,11.608,3.947,Megachilidae,cavity nester,OUMNH,
IGproject0413,Anthidium,manicatum,female,1948,8,1,England,Oxfordshire,Oxford,Hinksey,4.01,3.382,9.262,2.833,Megachilidae,cavity nester,OUMNH,
IGproject0414,Anthidium,manicatum,female,1929,5,22,England,Devon,Bovey Tracey,,3.982,3.295,9.058,2.792,Megachilidae,cavity nester,OUMNH,
IGproject0415,Anthidium,manicatum,female,1914,6,20,England,Surrey,Woking,,4.194,3.461,9.354,2.929,Megachilidae,cavity nester,OUMNH,
IGproject0416,Anthidium,manicatum,female,1914,6,20,England,Surrey,Woking,,4.258,3.556,9.425,2.899,Megachilidae,cavity nester,OUMNH,
IGproject0417,Anthidium,manicatum,female,1899,6,27,England,Oxfordshire,Oxford,OUMNH,3.983,3.345,8.858,2.846,Megachilidae,cavity nester,OUMNH,
IGproject0418,Anthidium,manicatum,female,1897,7,18,England,Oxfordshire,Oxford,Shotover,3.988,3.459,8.974,2.797,Megachilidae,cavity nester,OUMNH,
IGproject0419,Anthidium,manicatum,female,1908,6,,England,Kent,Chattenden,,4.092,3.385,8.712,2.71,Megachilidae,cavity nester,OUMNH,
IGproject0420,Anthidium,manicatum,female,1902,7,27,England,Oxfordshire,Tubney,Tubney Wood,4.068,3.594,9.253,2.809,Megachilidae,cavity nester,OUMNH,
IGproject0421,Anthidium,manicatum,female,1984,6,30,England,Greater London,Woolwich,Spray Street,3.507,2.868,7.295,2.22,Megachilidae,cavity nester,OUMNH,
IGproject0422,Anthidium,manicatum,female,1897,7,18,England,Oxfordshire,Oxford,Shotover,3.961,3.283,8.704,2.724,Megachilidae,cavity nester,OUMNH,
IGproject0423,Anthidium,manicatum,female,1897,6,22,England,Berkshire,Sulhamstead,,4.203,3.552,9.162,2.847,Megachilidae,cavity nester,OUMNH,
IGproject0424,Anthidium,manicatum,male,1897,6,22,England,Berkshire,Sulhamstead,,4.196,3.499,10.116,3.172,Megachilidae,cavity nester,OUMNH,
IGproject0425,Nomada,ruficornis,female,1918,4,,England,Cumbria,Carlisle,,2.42,1.543,7.501,2.026,Apidae,kleptoparasite,OUMNH,
IGproject0426,Nomada,ruficornis,female,1915,5,21,England,Devon,Brixham,Churston Ferrers,2.772,1.823,8.434,2.369,Apidae,kleptoparasite,OUMNH,
IGproject0427,Nomada,ruficornis,female,1920,5,25,England,West Yorkshire,Leeds,Meanwood,2.651,1.743,7.959,2.24,Apidae,kleptoparasite,OUMNH,
IGproject0428,Nomada,ruficornis,female,1915,5,7,England,Devon,Bovey Tracey,,2.812,1.929,8.587,2.415,Apidae,kleptoparasite,OUMNH,
IGproject0429,Nomada,ruficornis,female,1915,5,7,England,Devon,Bovey Tracey,,2.835,1.884,8.565,2.265,Apidae,kleptoparasite,OUMNH,
IGproject0430,Nomada,ruficornis,female,1915,5,24,England,South Yorkshire,Sheffield,,2.76,1.817,8.428,2.21,Apidae,kleptoparasite,OUMNH,
IGproject0431,Nomada,ruficornis,male,1975,5,3,England,Devon,,South Devon - Buckland Down,2.344,1.54,7.277,1.959,Apidae,kleptoparasite,OUMNH,
IGproject0432,Nomada,ruficornis,female,1982,5,10,England,Devon,Plymouth,Plym Bridge,2.758,1.831,8.377,2.286,Apidae,kleptoparasite,OUMNH,
IGproject0433,Nomada,ruficornis,male,1978,5,7,England,Devon,Tavistock,Whitchurch Down,2.777,1.83,8.507,2.412,Apidae,kleptoparasite,OUMNH,
IGproject0434,Nomada,ruficornis,male,1982,5,10,England,Devon,Plymouth,Plym Bridge,2.334,1.428,7.228,1.935,Apidae,kleptoparasite,OUMNH,
IGproject0435,Nomada,ruficornis,male,1974,4,21,England,Devon,Lifton,,2.772,1.964,8.722,2.311,Apidae,kleptoparasite,OUMNH,
IGproject0436,Nomada,ruficornis,male,1982,4,20,England,Devon,Dartmoor,Burrator Reservoir,2.304,1.548,7.555,1.915,Apidae,kleptoparasite,OUMNH,
IGproject0437,Nomada,ruficornis,male,1975,5,6,England,Devon,Tavistock,Whitchurch Down,2.291,1.47,7.229,1.933,Apidae,kleptoparasite,OUMNH,
IGproject0438,Nomada,ruficornis,male,1918,4,,England,Oxfordshire,Oxford,,2.683,1.901,8.353,2.225,Apidae,kleptoparasite,OUMNH,
IGproject0439,Nomada,ruficornis,male,1901,4,25,England,Oxfordshire,Oxford,University Parks,2.834,2.06,8.468,2.282,Apidae,kleptoparasite,OUMNH,
IGproject0440,Nomada,ruficornis,male,1917,5,3,England,Devon,Brixham,,2.393,1.543,7.445,1.973,Apidae,kleptoparasite,OUMNH,
IGproject0441,Nomada,ruficornis,male,1918,4,,England,Oxfordshire,Oxford,,2.66,1.747,8.188,2.237,Apidae,kleptoparasite,OUMNH,
IGproject0442,Nomada,ruficornis,male,1914,4,14,England,Devon,Dartmoor,East Dartmoor,2.62,1.779,8.487,2.272,Apidae,kleptoparasite,OUMNH,
IGproject0443,Nomada,ruficornis,male,1918,4,27,England,Devon,Paignton,,2.575,1.66,7.685,2.032,Apidae,kleptoparasite,OUMNH,
IGproject0444,Nomada,ruficornis,female,1920,5,15,England,West Yorkshire,Leeds,Roundhay,2.815,1.996,8.539,2.362,Apidae,kleptoparasite,OUMNH,
IGproject0445,Nomada,ruficornis,male,1901,4,25,England,Oxfordshire,Oxford,University Parks,2.58,1.779,8.063,2.056,Apidae,kleptoparasite,OUMNH,
IGproject0446,Nomada,ruficornis,male,1935,4,28,England,Dorset,Swanage,South Haven Point,2.642,1.824,7.939,2.146,Apidae,kleptoparasite,OUMNH,
IGproject0447,Nomada,ruficornis,female,1984,6,8,England,Devon,Tavistock,Whitchurch Down,2.752,1.88,8.652,2.247,Apidae,kleptoparasite,OUMNH,
IGproject0448,Nomada,ruficornis,male,1901,7,14,Wales,Gwynedd,Criccieth,,2.652,1.778,8.218,2.13,Apidae,kleptoparasite,OUMNH,
IGproject0449,Nomada,ruficornis,female,1989,5,19,England,Wiltshire,Swindon,Coate Water Country Park,2.788,1.898,8.464,2.269,Apidae,kleptoparasite,OUMNH,
IGproject0450,Nomada,ruficornis,female,1989,5,19,England,Wiltshire,Swindon,Coate Water Country Park,2.752,1.843,8.603,2.294,Apidae,kleptoparasite,OUMNH,
IGproject0451,Nomada,ruficornis,female,1976,4,21,England,Devon,Lifton,,2.907,1.918,8.973,2.48,Apidae,kleptoparasite,OUMNH,
IGproject0452,Nomada,ruficornis,male,1983,5,4,England,Devon,Dartmoor,Leather Tor,2.738,1.827,8.648,2.2,Apidae,kleptoparasite,OUMNH,
IGproject0453,Nomada,ruficornis,female,1976,5,7,England,Devon,Harford,,2.761,1.808,8.46,2.287,Apidae,kleptoparasite,OUMNH,
IGproject0454,Nomada,ruficornis,male,1904,5,18,England,Greater London,London,Hampstead,2.46,1.633,7.525,2.035,Apidae,kleptoparasite,OUMNH,
IGproject0455,Nomada,ruficornis,male,1941,5,17,England,Hampshire,Tadley,Pamber Forest,2.631,1.729,7.858,2.039,Apidae,kleptoparasite,OUMNH,
IGproject0456,Nomada,ruficornis,female,1953,5,24,England,Devon,Lustleigh,,2.641,1.789,8.026,2.235,Apidae,kleptoparasite,OUMNH,
IGproject0457,Nomada,ruficornis,male,1954,4,12,England,Devon,Teignbridge,,2.718,1.805,8.442,2.224,Apidae,kleptoparasite,OUMNH,
IGproject0458,Nomada,ruficornis,female,1921,5,27,England,Hertfordshire,Tring,,2.626,1.774,8.229,2.299,Apidae,kleptoparasite,OUMNH,
IGproject0459,Nomada,ruficornis,female,1902,5,19,England,Hampshire,,New Forest,2.649,1.773,8.346,2.382,Apidae,kleptoparasite,OUMNH,
IGproject0460,Nomada,ruficornis,male,1917,5,3,England,Surrey,Guildford,Merrow,2.373,1.573,7.071,1.939,Apidae,kleptoparasite,OUMNH,
IGproject0461,Nomada,ruficornis,male,1917,5,5,England,Surrey,Tadworth,Box Hill,2.808,1.958,8.498,2.332,Apidae,kleptoparasite,OUMNH,
IGproject0462,Nomada,ruficornis,female,1931,5,25,England,North Yorkshire,Rainton,,2.568,1.664,7.699,2.152,Apidae,kleptoparasite,OUMNH,
IGproject0463,Nomada,ruficornis,female,1945,3,25,England,Devon,Lydford,,2.529,1.573,7.65,2.073,Apidae,kleptoparasite,OUMNH,
IGproject0464,Nomada,ruficornis,male,1925,5,15,England,Devon,Brixham,,2.345,1.561,7.142,1.94,Apidae,kleptoparasite,OUMNH,
IGproject0465,Nomada,ruficornis,male,1915,4,14,England,Devon,Dartmoor,East Dartmoor,2.723,1.9,8.303,2.291,Apidae,kleptoparasite,OUMNH,
IGproject0466,Andrena,chrysosceles,female,1899,6,18,England,East Sussex,Polegate,,2.805,1.673,7.764,2.116,Andrenidae,excavator,OUMNH,
IGproject0467,Andrena,chrysosceles,male,1907,5,23,England,Hampshire,,New Forest,2.969,1.832,8.182,2.32,Andrenidae,excavator,OUMNH,
IGproject0468,Andrena,chrysosceles,female,1899,5,,Wales,Monmouthshire,Raglan,,2.973,1.815,8.224,2.256,Andrenidae,excavator,OUMNH,
IGproject0469,Andrena,chrysosceles,female,1913,5,23,England,Dorset,Cerne Abbas,,2.853,1.782,7.849,2.203,Andrenidae,excavator,OUMNH,
IGproject0470,Andrena,chrysosceles,female,1914,4,,England,Devon,Newton Abbot,,2.968,1.816,8.119,2.184,Andrenidae,excavator,OUMNH,
IGproject0471,Andrena,chrysosceles,female,1899,5,,Wales,Monmouthshire,Raglan,,2.945,1.822,8.128,2.283,Andrenidae,excavator,OUMNH,
IGproject0472,Andrena,chrysosceles,female,1899,6,5,England,Cambridgeshire,Sawtry,Monks Wood,2.864,1.851,7.811,2.258,Andrenidae,excavator,OUMNH,
IGproject0473,Andrena,chrysosceles,male,1923,4,21,England,Devon,Newton Abbot,Bradley Woods,2.54,1.541,6.724,1.777,Andrenidae,excavator,OUMNH,
IGproject0474,Andrena,chrysosceles,male,1912,5,,England,Hampshire,,New Forest,2.505,1.473,6.712,1.805,Andrenidae,excavator,OUMNH,
IGproject0475,Andrena,chrysosceles,male,1912,5,,England,Hampshire,,New Forest,2.481,1.461,6.566,1.755,Andrenidae,excavator,OUMNH,
IGproject0476,Andrena,chrysosceles,female,1899,6,,England,Cambridgeshire,Wicken,,2.785,1.736,7.62,2.152,Andrenidae,excavator,OUMNH,
IGproject0477,Andrena,chrysosceles,female,1906,5,28,Wales,Bridgend,Porthcawl,,2.824,1.72,7.786,2.26,Andrenidae,excavator,OUMNH,
IGproject0478,Andrena,chrysosceles,female,1990,5,26,England,Wiltshire,Wroughton,Clouts Wood,3.285,2.098,7.831,2.487,Andrenidae,excavator,OUMNH,
IGproject0479,Andrena,chrysosceles,male,1990,4,28,England,Wiltshire,Swindon,Coate Water Country Park,2.658,1.447,6.921,1.928,Andrenidae,excavator,OUMNH,
IGproject0480,Andrena,chrysosceles,male,1990,3,31,England,Wiltshire,Swindon,Coate Water Country Park,2.43,1.382,6.546,1.763,Andrenidae,excavator,OUMNH,
IGproject0481,Andrena,chrysosceles,male,2004,5,19,England,Surrey,Guildford,Pewley Down,2.461,1.366,6.81,1.78,Andrenidae,excavator,OUMNH,
IGproject0482,Andrena,chrysosceles,male,2007,4,17,England,Surrey,Godalming,Mare Hill,2.551,1.427,6.773,1.812,Andrenidae,excavator,OUMNH,
IGproject0483,Andrena,chrysosceles,female,1981,6,29,England,Oxfordshire,Wendlebury,,2.769,1.683,7.341,2.113,Andrenidae,excavator,OUMNH,
IGproject0484,Andrena,chrysosceles,male,2003,4,5,England,Oxfordshire,Oxford,Shotover,2.556,1.481,6.933,1.785,Andrenidae,excavator,OUMNH,
IGproject0485,Andrena,chrysosceles,female,2003,4,5,England,Oxfordshire,Oxford,Shotover,2.799,1.782,7.554,2.198,Andrenidae,excavator,OUMNH,
IGproject0486,Andrena,chrysosceles,female,2007,6,6,England,Surrey,Grayswood,Holmens Grove,2.906,1.873,8.188,2.111,Andrenidae,excavator,OUMNH,
IGproject0487,Andrena,chrysosceles,female,2002,4,20,England,Oxfordshire,Oxford,Shotover,2.964,1.861,8.011,2.318,Andrenidae,excavator,OUMNH,
IGproject0488,Andrena,chrysosceles,female,2005,6,21,England,Surrey,Wrecclesham,,3.058,1.849,8.339,2.418,Andrenidae,excavator,OUMNH,
IGproject0489,Andrena,chrysosceles,female,1926,6,13,England,Greater London,London,South Norwood,2.972,1.775,8.065,2.255,Andrenidae,excavator,OUMNH,
IGproject0490,Andrena,chrysosceles,male,1984,4,26,England,Greater London,London,Lewisham,2.268,1.279,6.25,1.714,Andrenidae,excavator,OUMNH,
IGproject0491,Andrena,chrysosceles,male,1984,5,9,England,Greater London,London,Lewisham,2.476,1.442,6.648,1.744,Andrenidae,excavator,OUMNH,
IGproject0492,Andrena,chrysosceles,male,1996,4,27,England,Northamptonshire,Marston St Lawrence,,2.641,1.488,7.017,1.899,Andrenidae,excavator,OUMNH,
IGproject0493,Andrena,chrysosceles,male,1996,4,27,England,Northamptonshire,Marston St Lawrence,,2.138,1.206,5.317,1.482,Andrenidae,excavator,OUMNH,
IGproject0494,Andrena,chrysosceles,male,1996,4,27,England,Northamptonshire,Marston St Lawrence,,2.484,1.332,6.637,1.779,Andrenidae,excavator,OUMNH,
IGproject0495,Andrena,chrysosceles,male,1996,4,27,England,Northamptonshire,Marston St Lawrence,,2.946,1.682,7.737,2.023,Andrenidae,excavator,OUMNH,
IGproject0496,Andrena,chrysosceles,male,1996,4,27,England,Northamptonshire,Marston St Lawrence,,2.393,1.291,6.193,1.691,Andrenidae,excavator,OUMNH,
IGproject0497,Andrena,chrysosceles,male,1996,4,27,England,Northamptonshire,Marston St Lawrence,,2.2,1.23,6.04,1.655,Andrenidae,excavator,OUMNH,
IGproject0498,Andrena,chrysosceles,male,1996,4,27,England,Northamptonshire,Brackley,,2.412,1.336,6.623,1.738,Andrenidae,excavator,OUMNH,
IGproject0499,Andrena,chrysosceles,male,1996,4,27,England,Northamptonshire,Brackley,,2.467,1.475,6.675,1.781,Andrenidae,excavator,OUMNH,
IGproject0500,Andrena,chrysosceles,male,1996,4,27,England,Northamptonshire,Brackley,,2.38,1.364,6.569,1.716,Andrenidae,excavator,OUMNH,
IGproject0501,Andrena,chrysosceles,female,1901,5,27,England,Kent,Faversham,Huntingfield,2.515,1.497,7.319,1.927,Andrenidae,excavator,OUMNH,
IGproject0502,Andrena,chrysosceles,female,1901,6,1,England,Kent,Faversham,Huntingfield,2.591,1.593,7.399,2.05,Andrenidae,excavator,OUMNH,
IGproject0503,Andrena,chrysosceles,female,1901,6,1,England,Kent,Faversham,Huntingfield,2.844,1.702,7.953,2.15,Andrenidae,excavator,OUMNH,
IGproject0504,Andrena,chrysosceles,female,1901,6,1,England,Kent,Faversham,Huntingfield,2.526,1.546,7.354,2.027,Andrenidae,excavator,OUMNH,
IGproject0505,Andrena,chrysosceles,female,1901,6,1,England,Kent,Faversham,Huntingfield,2.701,1.718,7.545,2.164,Andrenidae,excavator,OUMNH,
IGproject0506,Andrena,chrysosceles,female,1900,,,England,Kent,Faversham,,2.859,1.772,7.867,2.213,Andrenidae,excavator,OUMNH,
IGproject0507,Andrena,chrysosceles,female,1900,3,8,England,Kent,Faversham,Huntingfield,2.861,1.714,7.959,2.19,Andrenidae,excavator,OUMNH,
IGproject0508,Andrena,chrysosceles,female,1897,,,England,Hampshire,,New Forest,2.887,1.702,8.001,2.235,Andrenidae,excavator,OUMNH,
IGproject0509,Andrena,chrysosceles,female,1893,,,England,Hampshire,,New Forest,2.817,1.664,7.753,2.214,Andrenidae,excavator,OUMNH,
IGproject0510,Andrena,chrysosceles,female,1901,5,6,England,Kent,Faversham,,2.545,1.431,7.474,2.026,Andrenidae,excavator,OUMNH,
IGproject0511,Andrena,chrysosceles,female,1900,,,England,Kent,Faversham,Huntingfield,2.888,1.692,7.808,2.28,Andrenidae,excavator,OUMNH,
IGproject0512,Andrena,chrysosceles,female,1901,6,2,England,Kent,Faversham,Huntingfield,2.852,1.671,7.713,2.133,Andrenidae,excavator,OUMNH,
IGproject0513,Hylaeus,communis,female,1948,7,17,England,Dorset,Witchampton,,1.69,1.35,5.013,1.048,Colletidae,cavity nester,OUMNH,
IGproject0514,Hylaeus,communis,female,1952,8,22,England,Devon,Dawlish Warren,,1.616,1.19,4.419,0.965,Colletidae,cavity nester,OUMNH,
IGproject0515,Hylaeus,communis,female,1953,8,6,England,Devon,Bovey Tracey,Chudleigh Knighton Heath,1.597,1.223,4.682,1.001,Colletidae,cavity nester,OUMNH,
IGproject0516,Hylaeus,communis,female,1953,8,6,England,Devon,Bovey Tracey,Chudleigh Knighton Heath,1.69,1.356,5.126,1.07,Colletidae,cavity nester,OUMNH,
IGproject0517,Hylaeus,communis,female,1949,7,7,England,Devon,Bideford,,1.696,1.32,5.272,1.133,Colletidae,cavity nester,OUMNH,
IGproject0518,Hylaeus,communis,male,1949,6,18,England,Devon,Ottery Saint Mary,,1.491,1.071,4.291,0.978,Colletidae,cavity nester,OUMNH,
IGproject0519,Hylaeus,communis,male,1952,7,21,England,Devon,Kenton,,1.598,1.202,4.529,1.015,Colletidae,cavity nester,OUMNH,
IGproject0520,Hylaeus,communis,female,1962,8,18,England,Dorset,Morden,,1.469,1.139,4.425,0.961,Colletidae,cavity nester,OUMNH,
IGproject0521,Hylaeus,communis,female,1971,7,11,England,Cornwall,Morwenstow,,1.525,1.145,4.51,0.955,Colletidae,cavity nester,OUMNH,
IGproject0522,Hylaeus,communis,male,1940,6,19,England,Dorset,Weymouth,,1.402,0.998,4.054,0.907,Colletidae,cavity nester,OUMNH,
IGproject0523,Hylaeus,communis,male,1928,6,13,England,Dorset,Weymouth,Cranford Ave,1.409,1.044,4.241,0.927,Colletidae,cavity nester,OUMNH,
IGproject0524,Hylaeus,communis,male,1970,6,21,England,Oxfordshire,Oxford,Holywell Road,1.378,1.008,4.005,0.874,Colletidae,cavity nester,OUMNH,
IGproject0525,Hylaeus,communis,male,1968,6,23,England,Devon,Paignton,,1.539,1.167,4.336,0.936,Colletidae,cavity nester,OUMNH,
IGproject0526,Hylaeus,communis,female,1977,9,3,England,Devon,Kelly,,1.661,1.26,4.765,1.03,Colletidae,cavity nester,OUMNH,
IGproject0527,Hylaeus,communis,female,1981,8,2,England,Devon,Chudleigh,,1.569,1.202,4.659,1.009,Colletidae,cavity nester,OUMNH,
IGproject0528,Hylaeus,communis,male,1973,7,9,England,Devon,Meavy,,1.462,1.122,4.317,0.905,Colletidae,cavity nester,OUMNH,
IGproject0529,Hylaeus,communis,female,1962,7,23,England,Devon,Wembury,,1.6,1.244,4.802,1.042,Colletidae,cavity nester,OUMNH,
IGproject0530,Hylaeus,communis,male,1940,6,19,England,Dorset,Weymouth,,1.358,0.948,3.764,0.857,Colletidae,cavity nester,OUMNH,
IGproject0531,Hylaeus,communis,female,1937,7,25,England,Dorset,Bexington,,1.666,1.263,5.008,1.046,Colletidae,cavity nester,OUMNH,
IGproject0532,Hylaeus,communis,female,1939,8,13,England,Dorset,Morden,,1.537,1.221,4.673,1.036,Colletidae,cavity nester,OUMNH,
IGproject0533,Hylaeus,communis,female,1935,8,9,England,Devon,Braunton,Braunton Burrows,1.629,1.264,4.89,1.075,Colletidae,cavity nester,OUMNH,
IGproject0534,Hylaeus,communis,female,1935,7,16,England,Devon,Plymouth,Elfordleigh,1.614,1.285,4.789,1.053,Colletidae,cavity nester,OUMNH,
IGproject0535,Hylaeus,communis,female,1938,8,12,England,Dorset,Chamouth,Charmouth Cliffs,1.613,1.259,4.712,1.024,Colletidae,cavity nester,OUMNH,
IGproject0536,Hylaeus,communis,female,1935,7,16,England,Devon,Plymouth,Elfordleigh,1.608,1.206,4.662,0.995,Colletidae,cavity nester,OUMNH,
IGproject0537,Hylaeus,communis,female,1935,8,9,England,Devon,Braunton,Braunton Burrows,1.635,1.268,4.88,1.052,Colletidae,cavity nester,OUMNH,
IGproject0538,Hylaeus,communis,female,1935,8,9,England,Devon,Braunton,Braunton Burrows,1.729,1.371,5.059,1.147,Colletidae,cavity nester,OUMNH,
IGproject0539,Hylaeus,communis,female,1939,7,23,England,Dorset,Weymouth,Two Mile Coppice,1.525,1.131,4.403,0.986,Colletidae,cavity nester,OUMNH,
IGproject0540,Hylaeus,communis,female,1988,8,6,England,Wiltshire,Swindon,,1.528,1.164,4.532,0.973,Colletidae,cavity nester,OUMNH,
IGproject0541,Hylaeus,communis,female,1984,6,24,England,Kent,Farningham,Farningham Woods,1.471,1.114,4.332,0.961,Colletidae,cavity nester,OUMNH,
IGproject0542,Hylaeus,communis,female,1984,8,14,England,Greater London,London,Lesnes Abbey Woods,1.716,1.423,5.057,1.146,Colletidae,cavity nester,OUMNH,
IGproject0543,Nomada,goodeniana,male,1900,4,24,England,Essex,Theydon Bois,,2.593,1.568,8.153,2.22,Apidae,kleptoparasite,OUMNH,
IGproject0544,Nomada,goodeniana,male,1903,5,18,Wales,Gwynedd,Criccieth,,2.673,1.673,8.172,2.262,Apidae,kleptoparasite,OUMNH,
IGproject0545,Nomada,goodeniana,male,1900,5,6,England,Essex,Theydon Bois,,2.441,1.559,7.665,2.143,Apidae,kleptoparasite,OUMNH,
IGproject0546,Nomada,goodeniana,male,1903,7,20,England,Dorset,Lyme Regis,,2.649,1.703,8.201,2.313,Apidae,kleptoparasite,OUMNH,
IGproject0547,Nomada,goodeniana,male,1950,5,12,England,Devon,Woodbury,,2.492,1.535,7.668,2.279,Apidae,kleptoparasite,OUMNH,
IGproject0548,Nomada,goodeniana,female,1949,4,24,England,Devon,Exeter,,3.108,2.085,9.593,2.786,Apidae,kleptoparasite,OUMNH,
IGproject0549,Nomada,goodeniana,female,1953,5,8,England,Devon,Chudleigh,,2.77,1.68,8.42,2.376,Apidae,kleptoparasite,OUMNH,
IGproject0550,Nomada,goodeniana,male,1950,5,13,England,Devon,Dartmoor,Mardon Down,2.734,1.679,8.362,2.315,Apidae,kleptoparasite,OUMNH,
IGproject0551,Nomada,goodeniana,male,1900,5,16,England,Essex,Theydon Bois,,3.053,2.198,9.636,2.666,Apidae,kleptoparasite,OUMNH,
IGproject0552,Nomada,goodeniana,male,1900,4,26,England,East Sussex,Polegate,,2.664,1.73,8.214,2.253,Apidae,kleptoparasite,OUMNH,
IGproject0553,Nomada,goodeniana,female,1903,5,18,Wales,Gwynedd,Criccieth,,3.094,1.948,9.252,2.564,Apidae,kleptoparasite,OUMNH,
IGproject0554,Nomada,goodeniana,female,1898,5,22,England,Surrey,Godstone,,3.206,2.12,9.706,2.772,Apidae,kleptoparasite,OUMNH,
IGproject0555,Nomada,goodeniana,male,1900,5,16,England,Essex,Theydon Bois,,3.019,1.966,9.067,2.565,Apidae,kleptoparasite,OUMNH,
IGproject0556,Nomada,goodeniana,female,1961,4,5,England,Bristol,Bristol,Westbury on Trym,3.075,2.069,9.262,2.76,Apidae,kleptoparasite,OUMNH,
IGproject0557,Nomada,goodeniana,male,1911,5,13,England,Oxfordshire,Enslow,,2.946,1.94,9.09,2.377,Apidae,kleptoparasite,OUMNH,
IGproject0558,Nomada,goodeniana,female,1912,5,20,England,Oxfordshire,Wolvercote,,3.075,2.123,9.55,2.82,Apidae,kleptoparasite,OUMNH,
IGproject0559,Nomada,goodeniana,female,1922,8,17,England,Oxfordshire,Tubney,,3.149,2.139,8.972,2.625,Apidae,kleptoparasite,OUMNH,
IGproject0560,Nomada,goodeniana,male,1932,5,1,England,Oxfordshire,Wolvercote,,2.8,1.818,9.078,2.385,Apidae,kleptoparasite,OUMNH,
IGproject0561,Nomada,goodeniana,male,1930,5,4,England,Oxfordshire,Yarnton,,2.544,1.648,8.045,2.074,Apidae,kleptoparasite,OUMNH,
IGproject0562,Nomada,goodeniana,female,1926,5,21,England,Oxfordshire,Yarnton,,2.905,1.957,9.046,2.686,Apidae,kleptoparasite,OUMNH,
IGproject0563,Nomada,goodeniana,male,1922,8,14,England,Oxfordshire,Tubney,,2.904,1.779,8.473,2.471,Apidae,kleptoparasite,OUMNH,
IGproject0564,Nomada,goodeniana,female,1926,4,18,England,Oxfordshire,Tubney,,2.656,1.686,8.078,2.26,Apidae,kleptoparasite,OUMNH,
IGproject0565,Nomada,goodeniana,female,1927,5,25,England,Oxfordshire,Yarnton,,2.856,1.927,9.057,2.686,Apidae,kleptoparasite,OUMNH,
IGproject0566,Nomada,goodeniana,female,1936,6,8,England,Oxfordshire,Oxford,Wytham,3.064,2.21,9.647,2.829,Apidae,kleptoparasite,OUMNH,
IGproject0567,Nomada,goodeniana,male,1930,5,4,England,Oxfordshire,Yarnton,,3.017,2.067,9.268,2.383,Apidae,kleptoparasite,OUMNH,
IGproject0568,Nomada,goodeniana,female,1910,5,22,England,Oxfordshire,Enslow,,2.908,2.047,8.965,2.584,Apidae,kleptoparasite,OUMNH,
IGproject0569,Nomada,goodeniana,female,1926,6,6,England,Oxfordshire,Oxford,Waterperry Wood,2.776,1.909,8.539,2.513,Apidae,kleptoparasite,OUMNH,
IGproject0570,Nomada,goodeniana,male,1930,4,,England,Oxfordshire,Yarnton,,2.94,2.095,9.329,2.567,Apidae,kleptoparasite,OUMNH,
IGproject0571,Nomada,goodeniana,female,1926,4,18,England,Oxfordshire,Tubney,,2.899,1.885,8.753,2.464,Apidae,kleptoparasite,OUMNH,
IGproject0572,Nomada,goodeniana,female,1983,6,22,England,Oxfordshire,Ardley,,3.105,2.089,9.685,2.8,Apidae,kleptoparasite,OUMNH,
IGproject0573,Nomada,goodeniana,male,1997,5,13,England,Kent,Westwood,,2.777,1.81,8.721,2.375,Apidae,kleptoparasite,OUMNH,
IGproject0574,Nomada,goodeniana,female,1949,5,29,England,Devon,Exeter,,2.999,1.915,8.594,2.603,Apidae,kleptoparasite,OUMNH,
IGproject0575,Nomada,goodeniana,male,1929,5,19,England,Cambridgeshire,Wicken,,2.731,1.767,8.544,2.444,Apidae,kleptoparasite,OUMNH,
IGproject0576,Nomada,goodeniana,male,1918,4,27,England,Devon,Paignton,,2.505,1.609,7.672,2.194,Apidae,kleptoparasite,OUMNH,
IGproject0577,Nomada,goodeniana,male,1918,4,,England,Oxfordshire,Oxford,,2.839,2.063,8.945,2.549,Apidae,kleptoparasite,OUMNH,
IGproject0578,Nomada,goodeniana,male,1914,4,4,England,Devon,Dawlish Warren,,2.567,1.731,8.044,2.193,Apidae,kleptoparasite,OUMNH,
IGproject0579,Nomada,goodeniana,male,1930,7,17,England,Devon,Sidmouth,,2.665,1.906,7.941,2.235,Apidae,kleptoparasite,OUMNH,
IGproject0580,Nomada,goodeniana,male,1918,4,27,England,Devon,Paignton,,2.464,1.553,7.69,2.123,Apidae,kleptoparasite,OUMNH,
IGproject0581,Colletes,succintus,female,1927,8,15,England,Dorset,Warmwell,Warmwell Heath,3.268,2.661,8.2,2.117,Colletidae,excavator,OUMNH,
IGproject0582,Colletes,succintus,male,1928,8,31,England,Cornwall,Lizard,,2.967,2.009,7.219,1.813,Colletidae,excavator,OUMNH,
IGproject0583,Colletes,succintus,male,1961,8,6,Wales,Gwynedd,Criccieth,,3.106,2.516,7.483,1.942,Colletidae,excavator,OUMNH,
IGproject0584,Colletes,succintus,male,1989,6,16,England,Cornwall,,Holywell Beach,2.836,1.849,5.866,1.651,Colletidae,excavator,OUMNH,
IGproject0585,Colletes,succintus,male,1934,8,17,England,Dorset,Swanage,South Haven Point,2.848,1.923,6.356,1.809,Colletidae,excavator,OUMNH,
IGproject0586,Colletes,succintus,male,1971,8,20,England,Devon,South Brent,Shipley Bridge,3.197,2.564,7.62,1.997,Colletidae,excavator,OUMNH,
IGproject0587,Colletes,succintus,female,1975,7,30,England,Devon,Throwleigh,Shilstone Tor,3.491,2.804,8.744,2.288,Colletidae,excavator,OUMNH,
IGproject0588,Colletes,succintus,female,1972,9,20,England,Devon,Belstone,,3.625,3.038,8.971,2.363,Colletidae,excavator,OUMNH,
IGproject0589,Colletes,succintus,male,1934,8,17,England,Dorset,Swanage,South Haven Point,3.393,2.556,7.866,2.062,Colletidae,excavator,OUMNH,
IGproject0590,Colletes,succintus,female,1934,9,8,England,Dorset,Swanage,South Haven Point,3.236,2.526,7.77,2.16,Colletidae,excavator,OUMNH,
IGproject0591,Colletes,succintus,male,1907,8,28,England,Dorset,Bournemouth,,3.139,2.401,7.593,2.023,Colletidae,excavator,OUMNH,
IGproject0592,Colletes,succintus,female,1914,8,10,England,Devon,Bovey Tracey,,3.368,2.76,8.734,2.249,Colletidae,excavator,OUMNH,
IGproject0593,Colletes,succintus,female,1919,8,,England,Devon,Dartmoor,,3.492,2.814,8.67,2.29,Colletidae,excavator,OUMNH,
IGproject0594,Colletes,succintus,female,1917,8,9,England,Cumbria,Port Carlisle,,3.508,2.898,8.802,2.484,Colletidae,excavator,OUMNH,
IGproject0595,Colletes,succintus,male,1917,8,9,England,Cumbria,Port Carlisle,,3.072,2.272,7.274,2.023,Colletidae,excavator,OUMNH,
IGproject0596,Colletes,succintus,male,1900,7,31,England,Surrey,Oxshott,,2.892,2.143,6.829,1.746,Colletidae,excavator,OUMNH,
IGproject0597,Colletes,succintus,female,1934,9,8,England,Dorset,Swanage,South Haven Point,3.178,2.541,7.77,2.119,Colletidae,excavator,OUMNH,
IGproject0598,Colletes,succintus,female,1914,8,10,England,Devon,Bovey Tracey,,3.134,2.394,7.784,2.084,Colletidae,excavator,OUMNH,
IGproject0599,Colletes,succintus,female,1939,8,15,England,Devon,Meavy,,3.315,2.576,8.234,2.263,Colletidae,excavator,OUMNH,
IGproject0600,Colletes,succintus,female,1968,9,2,England,Devon,Mary Tavy,,3.412,2.729,8.275,2.318,Colletidae,excavator,OUMNH,
IGproject0601,Colletes,succintus,male,1937,8,2,England,Dorset,Swanage,South Haven Point,3.095,2.345,7.06,1.966,Colletidae,excavator,OUMNH,
IGproject0602,Colletes,succintus,male,1937,8,2,England,Dorset,Swanage,South Haven Point,3.117,2.36,7.359,1.964,Colletidae,excavator,OUMNH,
IGproject0603,Colletes,succintus,male,1981,8,11,England,Devon,Dartmoor,Burrator Reservoir,2.954,2.337,6.644,1.806,Colletidae,excavator,OUMNH,
IGproject0604,Colletes,succintus,male,1935,8,31,England,Dorset,Swanage,South Haven Point,2.925,1.996,6.767,1.823,Colletidae,excavator,OUMNH,
IGproject0605,Colletes,succintus,male,1933,7,24,England,Dorset,Swanage,South Haven Point,3.051,2.218,7.201,1.918,Colletidae,excavator,OUMNH,
IGproject0606,Colletes,succintus,female,1936,8,31,England,Dorset,Warmwell,Warmwell Heath,3.186,2.554,8.083,2.139,Colletidae,excavator,OUMNH,
IGproject0607,Colletes,succintus,male,1928,8,31,England,Cornwall,Lizard,,3.122,2.429,7.4,1.939,Colletidae,excavator,OUMNH,
IGproject0608,Colletes,succintus,female,1988,7,20,Wales,Pembrokeshire,Stackpole,,3.407,2.337,7.018,2.102,Colletidae,excavator,OUMNH,
IGproject0609,Colletes,succintus,female,1926,8,,England,Dorset,Warmwell,Warmwell Heath,3.133,2.453,7.786,2.085,Colletidae,excavator,OUMNH,
IGproject0610,Colletes,succintus,male,1962,8,20,England,Norfolk,Thetford,Ringmere,3.025,2.4,7.312,1.945,Colletidae,excavator,OUMNH,
IGproject0611,Colletes,succintus,male,1979,8,28,England,Devon,Lydford,,3.163,2.48,7.38,1.925,Colletidae,excavator,OUMNH,
IGproject0612,Colletes,succintus,male,1935,7,27,England,Dorset,Swanage,South Haven Point,2.901,2.159,6.905,1.847,Colletidae,excavator,OUMNH,
IGproject0613,Colletes,succintus,male,1927,8,17,England,Dorset,Moreton,,3.09,2.324,6.997,1.879,Colletidae,excavator,OUMNH,
IGproject0614,Colletes,succintus,male,1927,8,17,England,Dorset,Moreton,,2.951,2.172,6.691,1.738,Colletidae,excavator,OUMNH,
IGproject0615,Colletes,succintus,female,1920,7,,England,Devon,Chudleigh,,3.467,2.803,9.111,2.446,Colletidae,excavator,OUMNH,
IGproject0616,Colletes,succintus,female,1973,9,17,Wales,Pembrokeshire,St David's,St David's Head,3.587,2.927,9.119,2.479,Colletidae,excavator,OUMNH,
IGproject0617,Colletes,succintus,male,1953,8,10,England,Devon,Dawlish Warren,,2.94,2.13,6.946,1.826,Colletidae,excavator,OUMNH,
IGproject0618,Colletes,succintus,male,1977,8,13,England,Suffolk,Lakenheath,,2.954,2.228,6.674,1.77,Colletidae,excavator,OUMNH,
IGproject0619,Colletes,succintus,male,1953,8,10,England,Devon,Dawlish Warren,,3.002,2.129,7.072,1.913,Colletidae,excavator,OUMNH,
IGproject0620,Colletes,succintus,female,1917,9,22,England,Oxfordshire,Tubney,,3.337,2.548,8.145,2.197,Colletidae,excavator,OUMNH,
IGproject0621,Colletes,succintus,male,1945,9,7,England,Devon,Lydford,,3.038,2.378,7.246,1.908,Colletidae,excavator,OUMNH,
IGproject0622,Colletes,succintus,female,1927,8,,England,Devon,Bovey Tracey,,3.411,2.797,8.436,2.168,Colletidae,excavator,OUMNH,
IGproject0623,Colletes,succintus,male,2001,7,26,England,Oxfordshire,Oxford,Shotover,2.839,2.004,6.693,1.769,Colletidae,excavator,OUMNH,
IGproject0624,Colletes,succintus,male,2007,9,6,England,Surrey,Frensham,,2.988,2.131,7.044,1.853,Colletidae,excavator,OUMNH,
IGproject0625,Colletes,succintus,male,1989,7,11,England,Cornwall,Crackington Haven,,2.957,2.118,6.724,1.837,Colletidae,excavator,OUMNH,
IGproject0626,Colletes,succintus,female,2006,8,17,England,Surrey,,Witley and Milford Commons,3.377,2.306,8.284,2.244,Colletidae,excavator,OUMNH,
IGproject0627,Colletes,succintus,male,1906,8,13,England,Suffolk,,Tuddenham Fen,3.026,2.195,7.028,1.846,Colletidae,excavator,OUMNH,
IGproject0628,Hylaeus,hyalinatus,female,1937,7,25,England,Dorset,Bexington,,1.706,1.286,4.642,1.137,Colletidae,cavity nester,OUMNH,
IGproject0629,Hylaeus,hyalinatus,female,1939,5,21,England,Dorset,Swanage,South Haven Point,1.487,1.108,4.072,0.965,Colletidae,cavity nester,OUMNH,
IGproject0630,Hylaeus,hyalinatus,female,1941,8,10,England,Dorset,Weymouth,Radipole Lake,1.659,1.29,4.42,1.076,Colletidae,cavity nester,OUMNH,
IGproject0631,Hylaeus,hyalinatus,female,1937,8,2,England,Dorset,Swanage,South Haven Point,1.518,1.176,4.196,1.013,Colletidae,cavity nester,OUMNH,
IGproject0632,Hylaeus,hyalinatus,male,1939,7,19,England,Cornwall,Looe,West Looe,1.513,1.109,3.926,0.957,Colletidae,cavity nester,OUMNH,
IGproject0633,Hylaeus,hyalinatus,male,1934,6,13,England,Dorset,Swanage,South Haven Point,1.511,1.147,3.914,0.94,Colletidae,cavity nester,OUMNH,
IGproject0634,Hylaeus,hyalinatus,female,1946,7,9,England,Devon,Plymouth,,1.732,1.384,4.786,1.153,Colletidae,cavity nester,OUMNH,
IGproject0635,Hylaeus,hyalinatus,female,1939,7,30,England,Cornwall,St Blazey,,1.694,1.277,4.606,1.103,Colletidae,cavity nester,OUMNH,
IGproject0636,Hylaeus,hyalinatus,male,1984,8,7,England,Greater London,Woolwich,Spray Street,1.427,0.993,3.648,0.898,Colletidae,cavity nester,OUMNH,
IGproject0637,Hylaeus,hyalinatus,male,1937,7,25,England,Dorset,Abbotsbury,Abbotsbury Hillfort,1.625,1.237,4.164,1.072,Colletidae,cavity nester,OUMNH,
IGproject0638,Hylaeus,hyalinatus,male,1964,7,10,England,Cornwall,Tintagel,,1.644,1.286,4.389,1.034,Colletidae,cavity nester,OUMNH,
IGproject0639,Hylaeus,hyalinatus,male,1971,6,22,England,Devon,Wembury,,1.419,0.958,3.649,0.896,Colletidae,cavity nester,OUMNH,
IGproject0640,Hylaeus,hyalinatus,female,1959,7,5,England,Somerset,Minehead,,1.709,1.322,4.76,1.116,Colletidae,cavity nester,OUMNH,
IGproject0641,Hylaeus,hyalinatus,female,1939,7,9,England,Cornwall,Rame,,1.533,1.169,4.152,1.012,Colletidae,cavity nester,OUMNH,
IGproject0642,Hylaeus,hyalinatus,female,1939,7,9,England,Cornwall,Rame,,1.594,1.201,4.404,1.045,Colletidae,cavity nester,OUMNH,
IGproject0643,Hylaeus,hyalinatus,male,1939,5,27,England,Cornwall,Rame,,1.491,1.067,3.868,0.963,Colletidae,cavity nester,OUMNH,
IGproject0644,Hylaeus,hyalinatus,male,1939,7,19,England,Cornwall,Looe,,1.582,1.139,3.997,1.008,Colletidae,cavity nester,OUMNH,
IGproject0645,Hylaeus,hyalinatus,male,1904,6,24,England,Kent,Walmer,,1.515,1.154,4.019,1.004,Colletidae,cavity nester,OUMNH,
IGproject0646,Hylaeus,hyalinatus,male,1904,6,24,England,Kent,Walmer,,1.616,1.218,4.125,1.01,Colletidae,cavity nester,OUMNH,
IGproject0647,Hylaeus,hyalinatus,male,1900,7,3,England,Oxfordshire,Oxford,,1.587,1.148,4.258,1.013,Colletidae,cavity nester,OUMNH,
IGproject0648,Hylaeus,hyalinatus,male,1904,6,11,England,Kent,Charing,,1.542,1.188,4.726,1.06,Colletidae,cavity nester,OUMNH,
IGproject0649,Hylaeus,hyalinatus,female,1906,7,29,England,Sussex,Pevensey,,1.654,1.285,4.304,1.064,Colletidae,cavity nester,OUMNH,
IGproject0650,Hylaeus,hyalinatus,female,1906,7,29,England,Sussex,Pevensey,,1.613,1.238,4.062,1.008,Colletidae,cavity nester,OUMNH,
IGproject0651,Hylaeus,hyalinatus,female,1901,7,27,England,Kent,Faversham,,1.612,1.26,4.357,1.066,Colletidae,cavity nester,OUMNH,
IGproject0652,Hylaeus,hyalinatus,female,1900,8,13,England,Kent,Faversham,Huntingfield,1.667,1.31,4.428,1.137,Colletidae,cavity nester,OUMNH,
IGproject0653,Hylaeus,hyalinatus,female,1906,8,14,England,Wiltshire,Chippenham,,1.825,1.287,5.538,1.218,Colletidae,cavity nester,OUMNH,
IGproject0654,Hylaeus,hyalinatus,male,1905,7,27,England,Dorset,Lyme Regis,,1.661,1.258,4.02,1.042,Colletidae,cavity nester,OUMNH,
IGproject0655,Hylaeus,hyalinatus,male,1904,7,9,England,Kent,Walmer,,1.531,1.1,3.918,1.012,Colletidae,cavity nester,OUMNH,
IGproject0656,Hylaeus,hyalinatus,male,1904,7,9,England,Kent,Walmer,,1.516,1.036,3.76,0.924,Colletidae,cavity nester,OUMNH,
IGproject0657,Hylaeus,hyalinatus,male,1910,6,18,England,Devon,Budleigh Salterton,,1.574,1.205,4.198,0.983,Colletidae,cavity nester,OUMNH,
IGproject0658,Hylaeus,hyalinatus,male,1910,6,19,England,Devon,Budleigh Salterton,,1.642,1.217,4.342,1.055,Colletidae,cavity nester,OUMNH,
IGproject0659,Hylaeus,hyalinatus,male,1910,6,3,England,Devon,Budleigh Salterton,,1.609,1.218,4.326,1.026,Colletidae,cavity nester,OUMNH,
IGproject0660,Hylaeus,hyalinatus,male,1910,6,3,England,Devon,Budleigh Salterton,,1.49,1.117,4.014,0.957,Colletidae,cavity nester,OUMNH,
IGproject0661,Hylaeus,hyalinatus,male,1910,6,12,England,Devon,Budleigh Salterton,,1.609,1.153,4.198,1.061,Colletidae,cavity nester,OUMNH,
IGproject0662,Hylaeus,hyalinatus,female,1908,8,12,England,East Sussex,Polegate,,1.712,1.292,4.578,1.125,Colletidae,cavity nester,OUMNH,
IGproject0663,Hylaeus,hyalinatus,male,1910,6,14,England,Devon,Budleigh Salterton,,1.724,1.269,4.622,1.124,Colletidae,cavity nester,OUMNH,
IGproject0664,Hylaeus,hyalinatus,male,1954,6,14,England,Devon,Torquay,123 Abbey Road,1.604,1.198,4.246,1.003,Colletidae,cavity nester,OUMNH,
IGproject0665,Hylaeus,hyalinatus,male,1908,6,14,England,Greater Manchester,Sale,,1.473,1.042,3.916,0.92,Colletidae,cavity nester,OUMNH,
IGproject0666,Hylaeus,hyalinatus,female,1910,6,12,England,Devon,Budleigh Salterton,,1.54,1.165,4.344,0.984,Colletidae,cavity nester,OUMNH,
IGproject0667,Hylaeus,hyalinatus,female,1906,8,20,England,Merseyside,Wallasey,,1.639,1.239,4.516,1.056,Colletidae,cavity nester,OUMNH,
IGproject0668,Sphecodes,geoffrellus,male,1976,,,England,Oxfordshire,Oxford,30 Cope Close,1.443,0.976,3.816,0.927,Halictidae,kleptoparasite,OUMNH,
IGproject0669,Sphecodes,geoffrellus,female,1989,7,3,England,Wiltshire,Wroughton,Clouts Wood,1.755,1.121,4.638,1.215,Halictidae,kleptoparasite,OUMNH,
IGproject0670,Sphecodes,geoffrellus,female,1919,5,,England,Surrey,Woking,,1.517,1.021,4.033,1,Halictidae,kleptoparasite,OUMNH,
IGproject0671,Sphecodes,geoffrellus,female,1907,6,9,England,Merseyside,Wallasey,,1.495,0.97,4.074,0.987,Halictidae,kleptoparasite,OUMNH,
IGproject0672,Sphecodes,geoffrellus,female,1915,5,9,England,Devon,Bovey Tracey,,1.881,1.243,4.832,1.274,Halictidae,kleptoparasite,OUMNH,
IGproject0673,Sphecodes,geoffrellus,male,1952,8,2,England,Northamptonshire,Aynho,,1.602,1.095,4.259,0.986,Halictidae,kleptoparasite,OUMNH,
IGproject0674,Sphecodes,geoffrellus,male,1948,8,6,England,Oxfordshire,Oxford,Hinksey,1.436,0.908,3.958,0.922,Halictidae,kleptoparasite,OUMNH,
IGproject0675,Sphecodes,geoffrellus,female,1921,9,,England,Devon,Dartmoor,,1.566,0.986,4.283,1.023,Halictidae,kleptoparasite,OUMNH,
IGproject0676,Sphecodes,geoffrellus,female,1925,6,7,England,Cornwall,Trethevy,Rocky Valley,1.671,1.092,4.655,1.092,Halictidae,kleptoparasite,OUMNH,
IGproject0677,Sphecodes,geoffrellus,male,1898,7,,Wales,Gwynedd,Criccieth,,1.544,1.038,4.221,0.963,Halictidae,kleptoparasite,OUMNH,
IGproject0678,Sphecodes,geoffrellus,male,1898,7,,Wales,Gwynedd,Criccieth,,1.555,1.069,4.12,0.999,Halictidae,kleptoparasite,OUMNH,
IGproject0679,Sphecodes,geoffrellus,female,1919,5,,England,Surrey,Woking,,1.645,1.092,4.404,1.157,Halictidae,kleptoparasite,OUMNH,
IGproject0680,Sphecodes,geoffrellus,female,1915,5,20,England,Gloucestershire,Wotton-under-Edge,,1.73,1.123,4.784,1.158,Halictidae,kleptoparasite,OUMNH,
IGproject0681,Sphecodes,geoffrellus,female,1914,5,19,England,Devon,Bovey Tracey,,1.282,0.817,3.354,0.851,Halictidae,kleptoparasite,OUMNH,
IGproject0682,Sphecodes,geoffrellus,female,1920,8,10,Scotland,Argyll and Bute,,Loch Sween,1.73,1.127,4.919,1.155,Halictidae,kleptoparasite,OUMNH,
IGproject0683,Sphecodes,geoffrellus,female,1919,5,,England,Surrey,Woking,,1.605,1.019,4.24,0.749,Halictidae,kleptoparasite,OUMNH,
IGproject0684,Sphecodes,geoffrellus,female,1915,7,14,England,Devon,Bovey Tracey,,1.63,1.077,4.371,1.069,Halictidae,kleptoparasite,OUMNH,
IGproject0685,Sphecodes,geoffrellus,female,1917,6,,England,Devon,Bovey Tracey,,1.652,1.109,4.527,1.089,Halictidae,kleptoparasite,OUMNH,
IGproject0686,Sphecodes,geoffrellus,female,1915,5,24,England,Devon,Lustleigh,,1.697,1.076,4.572,1.166,Halictidae,kleptoparasite,OUMNH,
IGproject0687,Sphecodes,geoffrellus,female,1900,5,15,England,Essex,Theydon Bois,,1.513,0.983,4.079,1.022,Halictidae,kleptoparasite,OUMNH,
IGproject0688,Sphecodes,geoffrellus,female,1912,9,,England,Devon,Bovey Tracey,,1.564,0.989,4.204,1.046,Halictidae,kleptoparasite,OUMNH,
IGproject0689,Sphecodes,geoffrellus,female,1911,5,17,England,Devon,Newton Abbot,,1.633,1.026,4.377,1.092,Halictidae,kleptoparasite,OUMNH,
IGproject0690,Sphecodes,geoffrellus,female,1911,8,,England,Devon,Dawlish Warren,,1.707,1.165,4.685,1.114,Halictidae,kleptoparasite,OUMNH,
IGproject0691,Sphecodes,geoffrellus,female,1919,6,3,England,Devon,Chudleigh,,1.641,1.086,4.539,1.126,Halictidae,kleptoparasite,OUMNH,
IGproject0692,Sphecodes,geoffrellus,male,1914,8,,England,Gloucestershire,Wotton-under-Edge,,1.564,1.103,4.23,1.009,Halictidae,kleptoparasite,OUMNH,
IGproject0693,Sphecodes,geoffrellus,female,1901,7,,England,Cornwall,Newquay,,1.586,1.041,4.303,1.041,Halictidae,kleptoparasite,OUMNH,
IGproject0694,Sphecodes,geoffrellus,female,1900,8,,Wales,Gwynedd,Criccieth,,1.474,0.979,4.038,0.982,Halictidae,kleptoparasite,OUMNH,
IGproject0695,Sphecodes,geoffrellus,female,1898,7,,Wales,Gwynedd,Criccieth,,1.574,1.063,4.233,1.035,Halictidae,kleptoparasite,OUMNH,
IGproject0696,Sphecodes,geoffrellus,female,1898,7,,Wales,Gwynedd,Criccieth,,1.573,1.14,4.358,1.068,Halictidae,kleptoparasite,OUMNH,
IGproject0697,Sphecodes,geoffrellus,male,1897,7,19,England,Berkshire,Reading,Sulhamstead Park,1.47,1.002,3.775,0.928,Halictidae,kleptoparasite,OUMNH,
IGproject0698,Sphecodes,geoffrellus,female,1912,14,,England,Devon,Dawlish Warren,,1.381,0.833,3.663,0.927,Halictidae,kleptoparasite,OUMNH,
IGproject0699,Sphecodes,geoffrellus,male,1976,,,England,Oxfordshire,Oxford,30 Cope Close,1.462,1.043,3.777,0.919,Halictidae,kleptoparasite,OUMNH,
IGproject0700,Sphecodes,geoffrellus,male,1991,10,4,England,Wiltshire,Swindon,,1.397,1.003,3.966,0.915,Halictidae,kleptoparasite,OUMNH,
IGproject0701,Sphecodes,geoffrellus,female,2002,6,2,England,Oxfordshire,Oxford,Shotover,1.398,0.839,3.663,0.948,Halictidae,kleptoparasite,OUMNH,
IGproject0702,Sphecodes,geoffrellus,female,1990,6,10,England,Devon,Bovey Tracey,Bovey Heathfield,1.524,0.958,4.078,1.085,Halictidae,kleptoparasite,OUMNH,
IGproject0703,Sphecodes,geoffrellus,female,1978,6,19,England,Oxfordshire,Abingdon,Dry Sandford Pit,1.466,0.938,4.043,0.994,Halictidae,kleptoparasite,OUMNH,
IGproject0704,Sphecodes,geoffrellus,male,1919,7,,England,Dorset,Lyme Regis,,1.732,1.209,4.551,1.071,Halictidae,kleptoparasite,OUMNH,
IGproject0705,Sphecodes,geoffrellus,male,1914,8,,England,Gloucestershire,Wotton-under-Edge,,1.791,1.221,4.677,1.152,Halictidae,kleptoparasite,OUMNH,
IGproject0706,Sphecodes,geoffrellus,male,1913,7,13,England,Devon,Dawlish Warren,,1.595,1.171,4.206,1.053,Halictidae,kleptoparasite,OUMNH,
IGproject0707,Sphecodes,geoffrellus,male,1914,8,12,England,Devon,Dawlish Warren,,1.482,1.009,4.041,0.965,Halictidae,kleptoparasite,OUMNH,
IGproject0708,Sphecodes,geoffrellus,male,1913,8,4,England,Devon,Bovey Tracey,,1.552,1.129,4.258,1.011,Halictidae,kleptoparasite,OUMNH,
IGproject0709,Sphecodes,geoffrellus,male,1913,7,24,England,Devon,Bovey Tracey,,1.505,1.024,4.112,0.964,Halictidae,kleptoparasite,OUMNH,
IGproject0710,Sphecodes,geoffrellus,male,1913,8,2,England,Devon,Bovey Tracey,,1.575,1.109,4.395,0.99,Halictidae,kleptoparasite,OUMNH,
IGproject0711,Sphecodes,geoffrellus,male,1904,5,15,England,Greater London,London,Wimbledon,1.504,1.052,4.061,1.002,Halictidae,kleptoparasite,OUMNH,
IGproject0712,Sphecodes,geoffrellus,male,1920,7,24,England,Devon,Trusham,,1.41,0.936,3.818,0.883,Halictidae,kleptoparasite,OUMNH,
IGproject0713,Sphecodes,geoffrellus,male,1919,7,23,England,Dorset,Lyme Regis,,1.564,1.143,4.328,1.005,Halictidae,kleptoparasite,OUMNH,
IGproject0714,Sphecodes,geoffrellus,female,1915,5,25,England,Devon,Brixham,,1.625,1.095,4.496,1.102,Halictidae,kleptoparasite,OUMNH,
IGproject0715,Sphecodes,geoffrellus,male,1914,7,3,England,Devon,Dawlish Warren,,1.54,1.059,4.075,0.984,Halictidae,kleptoparasite,OUMNH,
IGproject0716,Sphecodes,geoffrellus,male,1907,7,,England,Hampshire,,New Forest,1.545,1.059,4.156,0.965,Halictidae,kleptoparasite,OUMNH,
IGproject0717,Sphecodes,geoffrellus,female,1907,7,,England,Hampshire,,New Forest,1.523,0.942,4.039,1.06,Halictidae,kleptoparasite,OUMNH,
IGproject0718,Sphecodes,geoffrellus,male,1913,7,24,England,Devon,Bovey Tracey,,1.546,1.075,4.049,1.009,Halictidae,kleptoparasite,OUMNH,
IGproject0719,Sphecodes,geoffrellus,male,1913,7,10,England,Devon,Dawlish Warren,,1.372,0.868,3.699,0.891,Halictidae,kleptoparasite,OUMNH,
IGproject0720,Sphecodes,geoffrellus,male,1913,7,24,England,Devon,Bovey Tracey,,1.495,1.057,4.083,1.015,Halictidae,kleptoparasite,OUMNH,
IGproject0721,Sphecodes,geoffrellus,female,1914,7,24,England,Devon,Bovey Tracey,,1.717,1.176,4.5,1.152,Halictidae,kleptoparasite,OUMNH,
IGproject0722,Lasioglossum,fulvicorne,male,1927,9,,England,Gloucestershire,Wotton-under-Edge,,1.688,1.191,5.193,1.215,Halictidae,excavator,OUMNH,
IGproject0723,Lasioglossum,fulvicorne,male,1907,9,,England,Gloucestershire,Wotton-under-Edge,Alderley,1.714,1.238,5.2,1.242,Halictidae,excavator,OUMNH,
IGproject0724,Lasioglossum,fulvicorne,male,1907,9,,England,Gloucestershire,Wotton-under-Edge,Alderley,1.719,1.23,5.047,1.21,Halictidae,excavator,OUMNH,
IGproject0725,Lasioglossum,fulvicorne,male,1920,8,,England,Staffordshire,Peak Distict,Dovedale,1.846,1.342,5.511,1.325,Halictidae,excavator,OUMNH,
IGproject0726,Lasioglossum,fulvicorne,male,1914,8,,England,Gloucestershire,Wotton-under-Edge,,1.891,1.336,5.565,1.289,Halictidae,excavator,OUMNH,
IGproject0727,Lasioglossum,fulvicorne,male,1977,9,13,England,Oxfordshire,Hook Norton,,1.743,1.245,5.233,1.235,Halictidae,excavator,OUMNH,
IGproject0728,Lasioglossum,fulvicorne,male,1977,9,13,England,Oxfordshire,Hook Norton,,1.742,1.245,5.255,1.263,Halictidae,excavator,OUMNH,
IGproject0729,Lasioglossum,fulvicorne,male,1904,8,24,England,Surrey,Reigate,,1.698,1.201,5.317,1.262,Halictidae,excavator,OUMNH,
IGproject0730,Lasioglossum,fulvicorne,male,1904,8,24,England,Surrey,Reigate,,1.709,1.154,5.046,1.157,Halictidae,excavator,OUMNH,
IGproject0731,Lasioglossum,fulvicorne,male,1927,9,,England,Gloucestershire,Wotton-under-Edge,,1.761,1.267,5.473,1.292,Halictidae,excavator,OUMNH,
IGproject0732,Lasioglossum,fulvicorne,male,1977,9,13,England,Oxfordshire,Hook Norton,,1.635,1.124,4.766,1.187,Halictidae,excavator,OUMNH,
IGproject0733,Lasioglossum,fulvicorne,male,1977,9,13,England,Oxfordshire,Hook Norton,,1.751,1.239,5.205,1.254,Halictidae,excavator,OUMNH,
IGproject0734,Lasioglossum,fulvicorne,male,1948,8,9,England,Oxfordshire,Cumnor,,1.706,1.257,5.012,1.22,Halictidae,excavator,OUMNH,
IGproject0735,Lasioglossum,fulvicorne,male,1914,9,,England,Gloucestershire,Wotton-under-Edge,,1.768,1.316,5.421,1.246,Halictidae,excavator,OUMNH,
IGproject0736,Lasioglossum,fulvicorne,male,1948,8,9,England,Oxfordshire,Cumnor,,1.733,1.274,5.319,1.301,Halictidae,excavator,OUMNH,
IGproject0737,Lasioglossum,fulvicorne,female,1900,8,10,England,Kent,Faversham,Huntingfield,1.784,1.299,5.334,1.452,Halictidae,excavator,OUMNH,
IGproject0738,Lasioglossum,fulvicorne,male,1998,8,18,England,Somerset,Draycott,,1.852,1.265,5.309,1.287,Halictidae,excavator,OUMNH,
IGproject0739,Lasioglossum,fulvicorne,female,1896,,,England,Kent,Doddington,,1.763,1.2,5.305,1.39,Halictidae,excavator,OUMNH,
IGproject0740,Lasioglossum,fulvicorne,female,1896,,,England,Kent,Doddington,,1.931,1.392,5.662,1.463,Halictidae,excavator,OUMNH,
IGproject0741,Lasioglossum,fulvicorne,male,1991,8,31,England,Wiltshire,Wroughton,Clouts Wood,1.735,1.258,5.107,1.308,Halictidae,excavator,OUMNH,
IGproject0742,Lasioglossum,fulvicorne,female,1896,,,England,Kent,Doddington,,1.758,1.288,5.258,1.421,Halictidae,excavator,OUMNH,
IGproject0743,Lasioglossum,fulvicorne,female,1900,8,11,England,Kent,Faversham,Huntingfield,1.649,1.161,4.843,1.331,Halictidae,excavator,OUMNH,
IGproject0744,Lasioglossum,fulvicorne,male,1933,7,25,England,Warwickshie,Harbury,,1.909,1.364,5.708,1.369,Halictidae,excavator,OUMNH,
IGproject0745,Lasioglossum,fulvicorne,female,1893,5,7,England,Greater London,London,Purley,1.829,1.338,5.327,1.43,Halictidae,excavator,OUMNH,
IGproject0746,Lasioglossum,fulvicorne,female,1896,,,England,Kent,Doddington,,1.706,1.226,5.126,1.342,Halictidae,excavator,OUMNH,
IGproject0747,Lasioglossum,fulvicorne,female,1896,,,England,Kent,Doddington,,1.651,1.161,4.78,1.294,Halictidae,excavator,OUMNH,
IGproject0748,Lasioglossum,fulvicorne,female,1899,,,England,Kent,Faversham,Huntingfield,1.707,1.135,5.051,1.358,Halictidae,excavator,OUMNH,
IGproject0749,Lasioglossum,fulvicorne,female,1897,,,England,Kent,Doddington,,1.924,1.425,5.663,1.515,Halictidae,excavator,OUMNH,
IGproject0750,Lasioglossum,fulvicorne,female,1896,,,England,Kent,Doddington,,1.881,1.429,5.403,1.422,Halictidae,excavator,OUMNH,
IGproject0751,Lasioglossum,fulvicorne,female,1894,,,England,Kent,Doddington,,1.732,1.207,4.993,1.388,Halictidae,excavator,OUMNH,
IGproject0752,Lasioglossum,fulvicorne,female,1896,,,England,Kent,Doddington,,1.819,1.318,5.446,1.4,Halictidae,excavator,OUMNH,
IGproject0753,Anthidium,manicatum,female,1966,6,28,Wales,Gwynedd,Ynys Llanddwyn,,4.026,3.511,9.181,2.862,Megachilidae,cavity nester,OUMNH,
IGproject0754,Anthidium,manicatum,male,1977,,,England,Oxfordshire,Oxford,30 Cope Close,4.643,3.948,12.059,3.829,Megachilidae,cavity nester,OUMNH,
IGproject0755,Anthidium,manicatum,male,1976,,,England,Oxfordshire,Oxford,30 Cope Close,4.503,3.836,11.256,3.721,Megachilidae,cavity nester,OUMNH,
IGproject0756,Anthidium,manicatum,male,1976,,,England,Oxfordshire,Oxford,30 Cope Close,4.257,3.636,10.569,3.384,Megachilidae,cavity nester,OUMNH,
IGproject0757,Anthidium,manicatum,male,1976,,,England,Oxfordshire,Oxford,30 Cope Close,4.469,3.81,11.012,3.721,Megachilidae,cavity nester,OUMNH,
IGproject0758,Anthidium,manicatum,male,1976,,,England,Oxfordshire,Oxford,30 Cope Close,4.534,4.036,11.778,3.868,Megachilidae,cavity nester,OUMNH,
IGproject0759,Anthidium,manicatum,female,2014,7,27,England,Surrey,Dorking,Juniper Hall,4.139,3.434,9.104,2.895,Megachilidae,cavity nester,OUMNH,
IGproject0760,Anthidium,manicatum,male,1926,7,12,England,Surrey,Woking,,4.339,3.709,10.39,3.412,Megachilidae,cavity nester,OUMNH,
IGproject0761,Anthidium,manicatum,male,1976,,,England,Oxfordshire,Oxford,30 Cope Close,4.356,3.661,10.97,3.652,Megachilidae,cavity nester,OUMNH,
IGproject0762,Anthidium,manicatum,male,1976,,,England,Oxfordshire,Oxford,30 Cope Close,4.315,3.695,10.672,3.404,Megachilidae,cavity nester,OUMNH,
IGproject0763,Anthidium,manicatum,male,1976,,,England,Oxfordshire,Oxford,30 Cope Close,4.305,3.817,11.136,3.572,Megachilidae,cavity nester,OUMNH,
IGproject0764,Anthidium,manicatum,male,1977,,,England,Oxfordshire,Oxford,30 Cope Close,4.336,3.701,10.843,3.534,Megachilidae,cavity nester,OUMNH,
IGproject0765,Anthidium,manicatum,male,1977,,,England,Oxfordshire,Oxford,30 Cope Close,3.766,3.089,8.713,2.852,Megachilidae,cavity nester,OUMNH,
IGproject0766,Anthidium,manicatum,male,1976,,,England,Oxfordshire,Oxford,30 Cope Close,3.621,2.992,8.444,2.624,Megachilidae,cavity nester,OUMNH,
IGproject0767,Anthidium,manicatum,male,1976,,,England,Oxfordshire,Oxford,30 Cope Close,3.811,3.178,8.804,2.742,Megachilidae,cavity nester,OUMNH,
IGproject0768,Anthidium,manicatum,male,1976,,,England,Oxfordshire,Oxford,30 Cope Close,3.853,3.285,8.689,2.788,Megachilidae,cavity nester,OUMNH,
IGproject0769,Anthidium,manicatum,male,1976,,,England,Oxfordshire,Oxford,30 Cope Close,3.99,3.396,9.086,2.917,Megachilidae,cavity nester,OUMNH,
IGproject0770,Anthidium,manicatum,male,1931,8,,England,Warwickshie,Rugby,,4.674,3.881,11.579,3.864,Megachilidae,cavity nester,OUMNH,
IGproject0771,Anthidium,manicatum,male,1940,6,19,England,Dorset,Weymouth,,3.645,3.103,8.284,2.485,Megachilidae,cavity nester,OUMNH,
IGproject0772,Anthidium,manicatum,male,1939,7,30,England,Northamptonshire,Oundle,Ashton Wold,4.553,3.838,11.689,3.692,Megachilidae,cavity nester,OUMNH,
IGproject0773,Anthidium,manicatum,male,1946,7,28,England,Dorset,Morden,,3.955,3.448,9.688,3.115,Megachilidae,cavity nester,OUMNH,
IGproject0774,Anthidium,manicatum,female,1927,8,14,England,Dorset,Weymouth,,4.202,3.604,9.63,2.997,Megachilidae,cavity nester,OUMNH,
IGproject0775,Anthidium,manicatum,male,1927,8,14,England,Dorset,Weymouth,,4.449,3.759,11,3.585,Megachilidae,cavity nester,OUMNH,
IGproject0776,Anthidium,manicatum,female,1927,8,14,England,Dorset,Weymouth,,3.746,3.089,8.235,2.568,Megachilidae,cavity nester,OUMNH,
IGproject0777,Andrena,chrysosceles,female,1939,4,10,England,Dorset,Dorchester,Yellowham Wood,1.815,1.179,4.871,1.486,Andrenidae,excavator,OUMNH,
IGproject0778,Andrena,chrysosceles,female,1947,8,22,England,Devon,Dartmoor,Burrator Reservoir,2.108,1.439,5.694,1.62,Andrenidae,excavator,OUMNH,
IGproject0779,Andrena,wilkella,male,1976,4,22,England,Devon,Tavistock,Whitchurch Down,3.481,2.048,10.049,2.682,Andrenidae,excavator,OUMNH,
IGproject0780,Andrena,wilkella,male,1978,4,27,England,Devon,Buckland Monachorum,,3.05,1.696,9.012,2.366,Andrenidae,excavator,OUMNH,
IGproject0781,Andrena,wilkella,male,1953,4,26,England,Devon,Yelverton,Five Oaks,2.574,1.514,6.527,1.92,Andrenidae,excavator,OUMNH,
IGproject0782,Andrena,wilkella,male,1977,6,4,England,Devon,Tavistock,Whitchurch Down,2.882,1.707,7.39,2.1,Andrenidae,excavator,OUMNH,
IGproject0783,Andrena,wilkella,male,1958,6,12,England,Devon,Bickleigh,,2.823,1.619,6.969,1.972,Andrenidae,excavator,OUMNH,
IGproject0784,Andrena,wilkella,male,1950,6,7,England,Devon,Yelverton,Five Oaks,2.978,1.851,7.58,2.158,Andrenidae,excavator,OUMNH,
IGproject0785,Andrena,wilkella,male,1977,6,4,England,Devon,Tavistock,Whitchurch Down,2.918,1.948,7.331,2.06,Andrenidae,excavator,OUMNH,
IGproject0786,Andrena,wilkella,male,1977,6,4,England,Devon,Tavistock,Whitchurch Down,3.375,2.2,8.496,2.35,Andrenidae,excavator,OUMNH,
IGproject0787,Megachile,centuncularis,male,1927,6,22,England,Dorset,Weymouth,,3.494,2.71,7.67,2.166,Megachilidae,cavity nester,OUMNH,
IGproject0788,Megachile,centuncularis,female,1927,8,10,England,Dorset,Weymouth,,3.827,3.38,8.751,2.312,Megachilidae,cavity nester,OUMNH,
IGproject0789,Megachile,centuncularis,female,1927,8,5,England,Dorset,Weymouth,,3.857,3.291,8.883,2.426,Megachilidae,cavity nester,OUMNH,
IGproject0790,Megachile,centuncularis,male,1927,6,22,England,Dorset,Weymouth,,3.601,2.761,8.363,2.242,Megachilidae,cavity nester,OUMNH,
IGproject0791,Megachile,centuncularis,male,1928,6,13,England,Suffolk,Barton Mills,,3.439,2.674,7.825,2.12,Megachilidae,cavity nester,OUMNH,
IGproject0792,Megachile,centuncularis,female,1927,8,27,England,Dorset,Weymouth,,3.882,3.08,8.817,2.391,Megachilidae,cavity nester,OUMNH,
IGproject0793,Megachile,centuncularis,male,1957,6,22,England,Devon,,Hartland Cliffs,3.201,2.378,7.132,1.95,Megachilidae,cavity nester,OUMNH,
IGproject0794,Megachile,centuncularis,male,1962,7,28,England,Devon,Wembury,,3.588,2.691,8.059,2.272,Megachilidae,cavity nester,OUMNH,
IGproject0795,Megachile,centuncularis,female,1953,7,5,England,Devon,Yelverton,Five Oaks,3.79,3.301,8.652,2.447,Megachilidae,cavity nester,OUMNH,
IGproject0796,Megachile,centuncularis,male,1927,7,3,England,Dorset,Moreton,,3.284,2.419,7.393,2.092,Megachilidae,cavity nester,OUMNH,
IGproject0797,Megachile,centuncularis,male,1969,6,24,England,Devon,Wembury,,3.579,2.739,7.768,2.173,Megachilidae,cavity nester,OUMNH,
IGproject0798,Megachile,centuncularis,male,1957,6,22,England,Devon,,Hartland Cliffs,3.258,2.484,7.596,2.04,Megachilidae,cavity nester,OUMNH,
IGproject0799,Megachile,centuncularis,male,1952,7,13,England,Devon,Yelverton,,3.552,2.783,8.129,2.291,Megachilidae,cavity nester,OUMNH,
IGproject0800,Megachile,centuncularis,male,1968,7,5,England,Devon,Braunton,Braunton Burrows,3.605,2.71,8.183,2.223,Megachilidae,cavity nester,OUMNH,
IGproject0801,Megachile,centuncularis,male,1978,7,23,England,Devon,Okehampton,Taw Green,3.421,2.634,7.785,2.28,Megachilidae,cavity nester,OUMNH,
IGproject0802,Megachile,centuncularis,male,1962,7,28,England,Devon,Wembury,,3.64,2.78,8.237,2.327,Megachilidae,cavity nester,OUMNH,
IGproject0803,Megachile,centuncularis,male,1927,6,22,England,Dorset,Weymouth,,3.434,2.581,7.646,2.149,Megachilidae,cavity nester,OUMNH,
IGproject0804,Megachile,centuncularis,male,1974,7,9,England,Devon,Wembury,,3.46,2.608,7.624,2.147,Megachilidae,cavity nester,OUMNH,
IGproject0805,Megachile,centuncularis,male,1950,7,8,England,Dorset,Weymouth,Two Mile Coppice,3.151,2.368,7.041,2.027,Megachilidae,cavity nester,OUMNH,
IGproject0806,Megachile,centuncularis,female,1948,9,,England,Devon,Plymouth,,3.741,3.055,8.564,2.364,Megachilidae,cavity nester,OUMNH,
IGproject0807,Megachile,centuncularis,male,1942,7,1,England,Leicestershire,Woodhouse Eaves,,3.221,2.428,7.274,2.027,Megachilidae,cavity nester,OUMNH,
IGproject0808,Megachile,centuncularis,male,1941,8,10,England,Dorset,Weymouth,Radipole Lake,3.025,2.231,6.826,1.882,Megachilidae,cavity nester,OUMNH,
IGproject0809,Colletes,succintus,male,1928,8,30,England,Cornwall,Lizard,Goonhilly Downs,3.191,2.545,7.692,1.959,Colletidae,excavator,OUMNH,
IGproject0810,Colletes,succintus,female,1927,8,17,England,Dorset,Warmwell,Warmwell Heath,3.233,2.595,7.972,2.106,Colletidae,excavator,OUMNH,
IGproject0811,Colletes,succintus,female,1927,8,28,England,Dorset,Warmwell,,3.401,2.844,8.597,2.284,Colletidae,excavator,OUMNH,
IGproject0812,Colletes,succintus,male,1927,6,17,England,Dorset,Warmwell,Warmwell Heath,2.886,2.221,6.51,1.77,Colletidae,excavator,OUMNH,
IGproject0813,Colletes,succintus,female,1927,8,15,England,Dorset,Warmwell,Warmwell Heath,3.251,2.718,8.175,2.133,Colletidae,excavator,OUMNH,
IGproject0814,Colletes,succintus,female,1927,8,15,England,Dorset,Warmwell,Warmwell Heath,3.197,2.517,8.089,2.178,Colletidae,excavator,OUMNH,
IGproject0815,Colletes,succintus,male,1928,8,30,England,Cornwall,Lizard,Goonhilly Downs,3,2.256,7.199,1.86,Colletidae,excavator,OUMNH,
IGproject0816,Anthidium,manicatum,male,1983,7,6,England,Cornwall,Goonvrea,,4.543,3.888,11.622,3.789,Megachilidae,cavity nester,BENHS,
IGproject0817,Anthidium,manicatum,female,1914,6,28,England,Kent,Gravesend,,4.215,3.6,9.373,2.689,Megachilidae,cavity nester,BENHS,
IGproject0818,Anthidium,manicatum,male,1891,7,,England,Hampshire,Andover,,4.496,3.968,11.807,3.721,Megachilidae,cavity nester,BENHS,
IGproject0819,Anthidium,manicatum,male,1891,7,,England,Hampshire,Andover,,4.464,3.787,11.257,3.441,Megachilidae,cavity nester,BENHS,
IGproject0820,Anthidium,manicatum,male,1891,7,,England,Hampshire,Andover,,4.694,3.887,11.758,3.787,Megachilidae,cavity nester,BENHS,
IGproject0821,Anthidium,manicatum,male,1912,7,14,England,Kent,,Pegwell Bay,3.997,3.273,9.588,3.055,Megachilidae,cavity nester,BENHS,
IGproject0822,Anthidium,manicatum,male,1914,7,12,England,Kent,Chalk,,4.166,3.529,10.024,3.306,Megachilidae,cavity nester,BENHS,
IGproject0823,Anthidium,manicatum,female,1915,7,29,England,Kent,Chatham,,4.026,3.303,8.634,2.773,Megachilidae,cavity nester,BENHS,
IGproject0824,Anthidium,manicatum,female,1918,6,27,England,Kent,Gravesend,,4.069,3.474,8.723,2.714,Megachilidae,cavity nester,BENHS,
IGproject0825,Anthidium,manicatum,female,1891,7,,England,Hampshire,Andover,,4.229,3.55,9.497,3.036,Megachilidae,cavity nester,BENHS,
IGproject0826,Anthidium,manicatum,male,1931,6,21,England,Greater London,London,Wood Green,4.37,3.75,10.64,3.299,Megachilidae,cavity nester,BENHS,
IGproject0827,Anthidium,manicatum,male,1906,7,26,England,Surrey,Redhill,,4.636,3.992,11.75,3.966,Megachilidae,cavity nester,BENHS,
IGproject0828,Anthidium,manicatum,male,1918,7,7,England,Kent,Higham,,4.439,3.737,10.933,3.537,Megachilidae,cavity nester,BENHS,
IGproject0829,Anthidium,manicatum,male,1912,7,21,England,Kent,Gravesend,,4.319,3.748,10.358,3.432,Megachilidae,cavity nester,BENHS,
IGproject0830,Anthidium,manicatum,male,1914,6,28,England,Kent,Gravesend,,4.419,3.715,10.531,3.487,Megachilidae,cavity nester,BENHS,
IGproject0831,Andrena,wilkella,male,1920,5,30,England,Kent,Meopham,,3.012,1.953,7.276,2.192,Andrenidae,excavator,BENHS,
IGproject0832,Andrena,wilkella,male,1920,5,24,England,Kent,Meopham,,2.849,1.773,7.037,2.084,Andrenidae,excavator,BENHS,
IGproject0833,Andrena,wilkella,male,1911,6,4,England,Kent,Cobham,,3.038,1.944,7.395,2.2,Andrenidae,excavator,BENHS,
IGproject0834,Andrena,wilkella,male,1979,6,14,England,Hampshire,,Old Winchester Hill,2.793,1.627,7.037,1.99,Andrenidae,excavator,BENHS,
IGproject0835,Andrena,wilkella,male,1979,6,26,England,West Yorkshire,,Newmillerdam Country Park,2.979,1.874,7.539,2.067,Andrenidae,excavator,BENHS,
IGproject0836,Andrena,wilkella,male,1911,6,4,England,Kent,Cobham,,3.036,1.873,7.368,2.275,Andrenidae,excavator,BENHS,
IGproject0837,Andrena,wilkella,female,1938,5,10,England,Shropshire,,,3.174,2.066,7.62,2.4,Andrenidae,excavator,BENHS,
IGproject0838,Andrena,wilkella,male,1974,6,9,England,Berkshire,Windsor,,2.866,1.791,7.393,2.08,Andrenidae,excavator,BENHS,
IGproject0839,Andrena,wilkella,female,1918,6,2,England,Kent,Wrotham,,3.468,2.285,8.035,2.66,Andrenidae,excavator,BENHS,
IGproject0840,Andrena,wilkella,female,1918,5,19,England,Kent,Dartford,,3.518,2.279,8.173,2.701,Andrenidae,excavator,BENHS,
IGproject0841,Colletes,succintus,male,1974,7,30,England,Hampshire,,Woolme Forest,2.968,2.14,6.96,1.805,Colletidae,excavator,BENHS,
IGproject0842,Colletes,succintus,female,1999,8,30,England,Bristol,Bristol,Troopers Hill,3.376,2.789,8.566,2.267,Colletidae,excavator,BENHS,
IGproject0843,Colletes,succintus,female,1971,8,29,England,Surrey,Wisley,Wisley Common,3.222,2.718,8.192,2.102,Colletidae,excavator,BENHS,
IGproject0844,Colletes,succintus,female,1998,8,15,England,Surrey,Chobham,Chobham Common,3.226,2.573,7.943,2.139,Colletidae,excavator,BENHS,
IGproject0845,Anthidium,manicatum,male,1976,,,England,Oxfordshire,Oxford,30 Cope Close,4.029,3.416,9.722,3.099,Megachilidae,cavity nester,OUMNH,
IGproject0846,Anthidium,manicatum,male,1976,,,England,Oxfordshire,Oxford,30 Cope Close,3.832,3.36,8.892,2.784,Megachilidae,cavity nester,OUMNH,
IGproject0847,Anthidium,manicatum,male,1976,,,England,Oxfordshire,Oxford,30 Cope Close,3.934,3.422,9.344,2.952,Megachilidae,cavity nester,OUMNH,
IGproject0848,Anthidium,manicatum,male,1977,,,England,Oxfordshire,Oxford,30 Cope Close,3.984,3.269,9.057,2.905,Megachilidae,cavity nester,OUMNH,
IGproject0849,Anthidium,manicatum,male,1976,,,England,Oxfordshire,Oxford,30 Cope Close,4.06,3.464,9.684,3.035,Megachilidae,cavity nester,OUMNH,
IGproject0850,Anthidium,manicatum,male,1976,,,England,Oxfordshire,Oxford,30 Cope Close,4.286,3.685,10.926,3.532,Megachilidae,cavity nester,OUMNH,
IGproject0851,Anthidium,manicatum,male,1976,,,England,Oxfordshire,Oxford,30 Cope Close,4.205,3.642,10.616,3.234,Megachilidae,cavity nester,OUMNH,
IGproject0852,Anthidium,manicatum,male,1977,,,England,Oxfordshire,Oxford,30 Cope Close,4.187,3.628,10.606,3.338,Megachilidae,cavity nester,OUMNH,
IGproject0853,Anthidium,manicatum,male,1976,,,England,Oxfordshire,Oxford,30 Cope Close,4.43,3.838,11.153,3.685,Megachilidae,cavity nester,OUMNH,
IGproject0854,Anthidium,manicatum,male,1976,,,England,Oxfordshire,Oxford,30 Cope Close,4.357,3.713,10.757,3.407,Megachilidae,cavity nester,OUMNH,
IGproject0855,Anthidium,manicatum,female,1976,,,England,Oxfordshire,Oxford,30 Cope Close,4.276,3.709,9.905,3.108,Megachilidae,cavity nester,OUMNH,
IGproject0856,Anthidium,manicatum,female,1976,,,England,Oxfordshire,Oxford,30 Cope Close,3.864,3.214,8.515,2.532,Megachilidae,cavity nester,OUMNH,
IGproject0857,Anthidium,manicatum,female,1976,,,England,Oxfordshire,Oxford,30 Cope Close,4.136,3.616,9.635,2.842,Megachilidae,cavity nester,OUMNH,
IGproject0858,Anthidium,manicatum,female,1976,,,England,Oxfordshire,Oxford,30 Cope Close,3.865,3.252,8.609,2.605,Megachilidae,cavity nester,OUMNH,
IGproject0859,Anthidium,manicatum,female,1976,,,England,Oxfordshire,Oxford,30 Cope Close,3.997,3.331,9.136,2.648,Megachilidae,cavity nester,OUMNH,
IGproject0860,Anthidium,manicatum,female,1977,,,England,Oxfordshire,Oxford,30 Cope Close,4.298,3.647,9.877,2.919,Megachilidae,cavity nester,OUMNH,
IGproject0861,Anthidium,manicatum,female,1977,,,England,Oxfordshire,Oxford,30 Cope Close,4.056,3.421,9.188,2.886,Megachilidae,cavity nester,OUMNH,
IGproject0862,Anthidium,manicatum,female,1977,,,England,Oxfordshire,Oxford,30 Cope Close,4.037,3.385,8.857,2.872,Megachilidae,cavity nester,OUMNH,
IGproject0863,Anthidium,manicatum,female,1977,,,England,Oxfordshire,Oxford,30 Cope Close,3.981,3.573,9.172,2.869,Megachilidae,cavity nester,OUMNH,
IGproject0864,Anthidium,manicatum,female,1977,,,England,Oxfordshire,Oxford,30 Cope Close,4.07,3.475,9.398,2.776,Megachilidae,cavity nester,OUMNH,
IGproject0865,Anthidium,manicatum,female,1977,,,England,Oxfordshire,Oxford,30 Cope Close,4.052,3.496,9.28,2.808,Megachilidae,cavity nester,OUMNH,
IGproject0866,Anthidium,manicatum,female,1977,,,England,Oxfordshire,Oxford,30 Cope Close,4.043,3.331,8.922,2.966,Megachilidae,cavity nester,OUMNH,
IGproject0867,Nomada,goodeniana,male,1977,5,22,England,Herefordshire,Hereford,Cusop Dingle,3.195,2.366,9.89,2.749,Apidae,kleptoparasite,BENHS,
IGproject0868,Nomada,goodeniana,male,1991,4,27,England,Kent,Whitstable,,2.514,1.57,8.025,2.227,Apidae,kleptoparasite,BENHS,
IGproject0869,Nomada,goodeniana,female,1978,6,1,England,Devon,Plymouth,,2.948,1.869,8.932,2.633,Apidae,kleptoparasite,BENHS,
IGproject0870,Nomada,goodeniana,female,1978,6,3,England,Devon,Bigbury,,3.098,2.115,9.766,2.851,Apidae,kleptoparasite,BENHS,
IGproject0871,Nomada,goodeniana,male,1999,4,19,England,Bristol,Bristol,Troopers Hill,2.78,1.742,8.634,2.435,Apidae,kleptoparasite,BENHS,
IGproject0872,Nomada,goodeniana,female,1978,5,28,England,Devon,Newton Abbot,Yarner Wood,3.065,1.983,9.13,2.675,Apidae,kleptoparasite,BENHS,
IGproject0873,Nomada,goodeniana,female,1999,4,22,England,Devon,Branscombe,,3.164,2.16,9.874,2.872,Apidae,kleptoparasite,BENHS,
IGproject0874,Andrena,chrysosceles,male,1986,4,16,England,Buckinghamshire,,Bovney Lock,2.302,1.323,5.923,1.522,Andrenidae,excavator,BENHS,
IGproject0875,Andrena,chrysosceles,female,1979,7,7,England,Hampshire,,Oidham Common,2.961,1.77,8.133,2.351,Andrenidae,excavator,BENHS,
IGproject0876,Andrena,chrysosceles,female,1979,5,27,England,Hampshire,Leckford,,3.056,2.017,8.323,2.298,Andrenidae,excavator,BENHS,
IGproject0877,Andrena,chrysosceles,female,1985,7,6,England,Somerset,,Withial Combe,2.821,1.763,7.762,2.207,Andrenidae,excavator,BENHS,
IGproject0878,Andrena,chrysosceles,female,1970,6,13,England,Oxfordshire,,Bald Hill,2.894,1.795,7.848,2.199,Andrenidae,excavator,BENHS,
IGproject0879,Andrena,chrysosceles,female,1985,6,30,England,Somerset,Rodney Stoke,,2.799,1.679,7.758,2.237,Andrenidae,excavator,BENHS,
IGproject0880,Andrena,chrysosceles,female,1985,7,2,England,Somerset,,Postlebury Wood,2.826,1.756,7.891,2.118,Andrenidae,excavator,BENHS,
IGproject0881,Andrena,chrysosceles,female,1985,6,30,England,Somerset,Rodney Stoke,,2.235,1.283,6.161,1.738,Andrenidae,excavator,BENHS,
IGproject0882,Andrena,chrysosceles,female,1985,6,30,England,Somerset,Rodney Stoke,,2.714,1.598,7.359,2.128,Andrenidae,excavator,BENHS,
IGproject0883,Andrena,chrysosceles,female,1927,5,14,England,Dorset,,Yellowham Wood,2.78,1.75,7.71,2.221,Andrenidae,excavator,BENHS,
IGproject0884,Andrena,chrysosceles,male,1927,6,3,England,Dorset,,Powerstock Common,2.318,1.435,6.402,1.654,Andrenidae,excavator,BENHS,
IGproject0885,Andrena,chrysosceles,female,1938,4,30,England,Greater London,London,Mill Hill,2.541,1.538,6.982,1.946,Andrenidae,excavator,BENHS,
IGproject0886,Andrena,chrysosceles,male,1938,4,30,England,Greater London,London,Mill Hill,2.231,1.249,6.067,1.584,Andrenidae,excavator,BENHS,
IGproject0887,Andrena,chrysosceles,male,1936,4,26,England,Greater London,London,Mill Hill,2.519,1.342,6.779,1.762,Andrenidae,excavator,BENHS,
IGproject0888,Andrena,chrysosceles,female,1927,5,14,England,Dorset,,Yellowham Wood,2.993,1.869,8.317,2.388,Andrenidae,excavator,BENHS,
IGproject0889,Megachile,centuncularis,male,1918,6,28,England,Kent,Gravesend,,3.367,2.464,7.522,2.177,Megachilidae,cavity nester,BENHS,
IGproject0890,Megachile,centuncularis,male,1914,7,19,England,Kent,Darenth,,3.505,2.778,7.463,2.247,Megachilidae,cavity nester,BENHS,
IGproject0891,Megachile,centuncularis,male,1918,6,21,England,Kent,Gravesend,,3.441,2.514,7.34,2.035,Megachilidae,cavity nester,BENHS,
IGproject0892,Megachile,centuncularis,male,1983,8,6,England,Buckinghamshire,,,3.463,2.578,7.3,2.054,Megachilidae,cavity nester,BENHS,
IGproject0893,Megachile,centuncularis,male,1918,6,28,England,Kent,Gravesend,,3.424,2.673,7.601,2.158,Megachilidae,cavity nester,BENHS,
IGproject0894,Megachile,centuncularis,female,1932,8,4,England,Norfolk,King's Lynn,,3.798,3.206,8.857,2.358,Megachilidae,cavity nester,BENHS,
IGproject0895,Megachile,centuncularis,female,1923,7,18,England,Dorset,,Yellowham Wood,3.658,3.041,8.343,2.288,Megachilidae,cavity nester,BENHS,
IGproject0896,Megachile,centuncularis,female,1915,7,29,England,Kent,Chatham,,3.592,3.057,8.048,2.225,Megachilidae,cavity nester,BENHS,
IGproject0897,Megachile,centuncularis,female,1918,6,23,England,Kent,Gravesend,,3.703,3.123,8.251,2.365,Megachilidae,cavity nester,BENHS,
IGproject0898,Megachile,centuncularis,female,1918,6,23,England,Kent,Gravesend,,3.65,3.006,8.081,2.371,Megachilidae,cavity nester,BENHS,
IGproject0899,Megachile,centuncularis,female,1982,7,10,England,Buckinghamshire,Burnham,,3.552,3.084,8.227,2.27,Megachilidae,cavity nester,BENHS,
IGproject0900,Lasioglossum,fulvicorne,male,1964,9,2,England,Greater London,Keston,,1.659,1.18,5.019,1.202,Halictidae,excavator,BENHS,
IGproject0901,Lasioglossum,fulvicorne,male,1969,8,24,England,Oxfordshire,Moulsford,,1.873,1.373,5.582,1.344,Halictidae,excavator,BENHS,
IGproject0902,Lasioglossum,fulvicorne,male,1968,10,6,England,Surrey,,White Down,1.709,1.198,5.054,1.258,Halictidae,excavator,BENHS,
IGproject0903,Lasioglossum,fulvicorne,female,1971,5,9,England,Berkshire,Windsor,,1.815,1.276,5.437,1.433,Halictidae,excavator,BENHS,
IGproject0904,Lasioglossum,fulvicorne,female,1974,8,17,England,Hampshire,Leckford,,1.765,1.307,5.323,1.454,Halictidae,excavator,BENHS,
IGproject0905,Lasioglossum,fulvicorne,female,1921,6,8,England,Kent,Fawkham,,1.839,1.306,5.403,1.422,Halictidae,excavator,BENHS,
IGproject0906,Lasioglossum,fulvicorne,female,1914,5,31,England,Kent,Halling,,1.812,1.34,5.398,1.454,Halictidae,excavator,BENHS,
IGproject0907,Lasioglossum,fulvicorne,female,1911,7,30,England,Kent,Gravesend,,1.762,1.271,5.027,1.345,Halictidae,excavator,BENHS,
IGproject0908,Lasioglossum,fulvicorne,male,1904,8,27,England,Berkshire,Newbury,,1.72,1.201,4.931,1.197,Halictidae,excavator,BENHS,
IGproject0909,Lasioglossum,fulvicorne,female,1968,10,6,England,Surrey,,White Down,1.775,1.273,5.243,1.341,Halictidae,excavator,BENHS,
IGproject0910,Hylaeus,hyalinatus,male,1983,7,8,England,Cornwall,,Tregardock Beach,1.583,1.127,4.068,0.984,Colletidae,cavity nester,BENHS,
IGproject0911,Hylaeus,hyalinatus,male,1983,7,9,England,Cornwall,Lizard,,1.729,1.423,4.389,1.086,Colletidae,cavity nester,BENHS,
IGproject0912,Hylaeus,hyalinatus,male,1982,7,10,England,Buckinghamshire,Burnham,,1.616,1.227,4.246,1.058,Colletidae,cavity nester,BENHS,
IGproject0913,Hylaeus,hyalinatus,female,1970,6,28,England,Surrey,Milford,,1.644,1.292,4.478,1.12,Colletidae,cavity nester,BENHS,
IGproject0914,Hylaeus,hyalinatus,female,1918,6,21,England,Kent,Gravesend,,1.733,1.321,4.55,1.122,Colletidae,cavity nester,BENHS,
IGproject0915,Hylaeus,hyalinatus,female,1982,5,31,England,Buckinghamshire,Burnham,,1.67,1.246,4.517,1.089,Colletidae,cavity nester,BENHS,
IGproject0916,Hylaeus,hyalinatus,female,1983,8,6,England,Buckinghamshire,Burnham,,1.54,1.195,4.304,0.986,Colletidae,cavity nester,BENHS,
IGproject0917,Hylaeus,hyalinatus,female,1937,7,11,England,Dorset,Dorchester,,1.64,1.265,4.487,1.098,Colletidae,cavity nester,BENHS,
IGproject0918,Hylaeus,hyalinatus,female,1982,6,23,England,Buckinghamshire,Burnham,,1.712,1.347,4.59,1.1,Colletidae,cavity nester,BENHS,
IGproject0919,Colletes,succintus,male,1973,8,27,England,Noth Yorkshire,,Sleddale Beck,3.246,2.495,7.719,2.06,Colletidae,excavator,OUMNH,
IGproject0920,Colletes,succintus,male,1973,8,27,England,Noth Yorkshire,,Sleddale Beck,3.11,2.221,7.473,1.999,Colletidae,excavator,OUMNH,
IGproject0921,Colletes,succintus,male,1973,8,27,England,Noth Yorkshire,,Sleddale Beck,3.027,2.268,7.259,1.878,Colletidae,excavator,OUMNH,
IGproject0922,Colletes,succintus,male,1973,8,27,England,Noth Yorkshire,,Sleddale Beck,3.059,2.328,7.414,1.921,Colletidae,excavator,OUMNH,
IGproject0923,Colletes,succintus,male,1973,8,27,England,Noth Yorkshire,,Sleddale Beck,3.153,2.352,7.23,1.921,Colletidae,excavator,OUMNH,
IGproject0924,Colletes,succintus,male,1973,8,27,England,Noth Yorkshire,,Sleddale Beck,3.171,2.41,7.602,1.964,Colletidae,excavator,OUMNH,
IGproject0925,Colletes,succintus,male,1973,8,27,England,Noth Yorkshire,,Sleddale Beck,2.981,2.371,6.781,1.865,Colletidae,excavator,OUMNH,
IGproject0926,Colletes,succintus,male,1973,8,27,England,Noth Yorkshire,,Sleddale Beck,3.108,2.392,7.342,1.965,Colletidae,excavator,OUMNH,
IGproject0927,Colletes,succintus,male,1973,8,27,England,Noth Yorkshire,,Sleddale Beck,3.143,2.403,7.672,1.948,Colletidae,excavator,OUMNH,
IGproject0928,Colletes,succintus,male,1973,8,27,England,Noth Yorkshire,,Sleddale Beck,3.171,2.533,7.658,2.053,Colletidae,excavator,OUMNH,
IGproject0929,Colletes,succintus,male,1973,8,27,England,Noth Yorkshire,,Sleddale Beck,3.031,2.477,7.108,1.902,Colletidae,excavator,OUMNH,
IGproject0930,Colletes,succintus,male,1973,8,27,England,Noth Yorkshire,,Sleddale Beck,3.144,2.436,7.411,1.984,Colletidae,excavator,OUMNH,
IGproject0931,Colletes,succintus,male,1973,8,27,England,Noth Yorkshire,,Sleddale Beck,3.125,2.369,7.528,1.896,Colletidae,excavator,OUMNH,
IGproject0932,Colletes,succintus,male,1973,8,27,England,Noth Yorkshire,,Sleddale Beck,3.131,2.465,7.803,1.967,Colletidae,excavator,OUMNH,
IGproject0933,Colletes,succintus,male,1973,8,27,England,Noth Yorkshire,,Sleddale Beck,3.181,2.51,7.633,1.982,Colletidae,excavator,OUMNH,
IGproject0934,Colletes,succintus,male,1973,8,27,England,Noth Yorkshire,,Sleddale Beck,3.191,2.441,7.695,1.971,Colletidae,excavator,OUMNH,
IGproject0935,Colletes,succintus,female,1973,8,27,England,Noth Yorkshire,,Sleddale Beck,3.101,2.406,7.903,2.081,Colletidae,excavator,OUMNH,
IGproject0936,Colletes,succintus,female,1973,8,27,England,Noth Yorkshire,,Sleddale Beck,3.624,2.868,8.784,2.469,Colletidae,excavator,OUMNH,
IGproject0937,Colletes,succintus,female,1973,8,27,England,Noth Yorkshire,,Sleddale Beck,3.367,2.657,8.479,2.343,Colletidae,excavator,OUMNH,
IGproject0938,Colletes,succintus,female,1973,8,27,England,Noth Yorkshire,,Sleddale Beck,3.496,2.853,8.467,2.388,Colletidae,excavator,OUMNH,
IGproject0939,Colletes,succintus,female,1973,8,27,England,Noth Yorkshire,,Sleddale Beck,3.458,2.79,8.855,2.343,Colletidae,excavator,OUMNH,
IGproject0940,Colletes,succintus,female,1973,8,27,England,Noth Yorkshire,,Sleddale Beck,3.333,2.595,8.268,2.192,Colletidae,excavator,OUMNH,
IGproject0941,Colletes,succintus,female,1973,8,27,England,Noth Yorkshire,,Sleddale Beck,3.331,2.613,8.62,2.191,Colletidae,excavator,OUMNH,
IGproject0942,Colletes,succintus,female,1973,8,27,England,Noth Yorkshire,,Sleddale Beck,3.534,2.9,8.709,2.48,Colletidae,excavator,OUMNH,
IGproject0943,Colletes,succintus,female,1973,8,27,England,Noth Yorkshire,,Sleddale Beck,3.374,2.82,8.572,2.286,Colletidae,excavator,OUMNH,
IGproject0944,Colletes,succintus,female,1973,8,27,England,Noth Yorkshire,,Sleddale Beck,3.26,2.485,7.715,2.162,Colletidae,excavator,OUMNH,
IGproject0945,Colletes,succintus,male,1973,8,27,England,Noth Yorkshire,,Sleddale Beck,2.991,2.369,6.932,1.771,Colletidae,excavator,OUMNH,
IGproject0946,Colletes,succintus,male,1973,8,27,England,Noth Yorkshire,,Sleddale Beck,3.284,2.603,7.826,2.061,Colletidae,excavator,OUMNH,
IGproject0947,Colletes,succintus,male,1973,8,27,England,Noth Yorkshire,,Sleddale Beck,3.163,2.38,7.247,1.954,Colletidae,excavator,OUMNH,
IGproject0948,Colletes,succintus,male,1973,8,27,England,Noth Yorkshire,,Sleddale Beck,3.339,2.428,7.372,2.077,Colletidae,excavator,OUMNH,
IGproject0949,Colletes,succintus,male,1973,8,27,England,Noth Yorkshire,,Sleddale Beck,3.239,2.561,7.625,1.953,Colletidae,excavator,OUMNH,
IGproject0950,Colletes,succintus,male,1973,8,27,England,Noth Yorkshire,,Sleddale Beck,3.168,2.481,7.575,2.009,Colletidae,excavator,OUMNH,
IGproject0951,Colletes,succintus,male,1973,8,27,England,Noth Yorkshire,,Sleddale Beck,3.135,2.362,7.242,2.032,Colletidae,excavator,OUMNH,
IGproject0952,Colletes,succintus,male,1973,8,27,England,Noth Yorkshire,,Sleddale Beck,3.132,2.355,7.257,2.029,Colletidae,excavator,OUMNH,
IGproject0953,Colletes,succintus,male,1973,8,27,England,Noth Yorkshire,,Sleddale Beck,3.182,2.405,7.385,1.93,Colletidae,excavator,OUMNH,
IGproject0954,Colletes,succintus,male,1973,8,27,England,Noth Yorkshire,,Sleddale Beck,3.209,2.583,7.721,2.035,Colletidae,excavator,OUMNH,
IGproject0955,Colletes,succintus,male,1973,8,27,England,Noth Yorkshire,,Sleddale Beck,3.136,2.406,7.556,2.036,Colletidae,excavator,OUMNH,
IGproject0956,Colletes,succintus,male,1973,8,27,England,Noth Yorkshire,,Sleddale Beck,3.185,2.407,7.32,2.039,Colletidae,excavator,OUMNH,
IGproject0957,Colletes,succintus,male,1973,8,27,England,Noth Yorkshire,,Sleddale Beck,3.261,2.577,7.611,2.152,Colletidae,excavator,OUMNH,
IGproject0958,Colletes,succintus,male,1973,8,27,England,Noth Yorkshire,,Sleddale Beck,3.022,2.304,7.091,1.928,Colletidae,excavator,OUMNH,
IGproject0959,Colletes,succintus,male,1973,8,27,England,Noth Yorkshire,,Sleddale Beck,3.223,2.516,7.33,2.036,Colletidae,excavator,OUMNH,
IGproject0960,Colletes,succintus,female,1973,8,27,England,Noth Yorkshire,,Sleddale Beck,3.071,2.297,6.912,1.946,Colletidae,excavator,OUMNH,
IGproject0961,Colletes,succintus,female,1973,8,27,England,Noth Yorkshire,,Sleddale Beck,3.42,2.829,8.693,2.303,Colletidae,excavator,OUMNH,
IGproject0962,Colletes,succintus,female,1973,8,27,England,Noth Yorkshire,,Sleddale Beck,3.53,2.994,8.491,2.435,Colletidae,excavator,OUMNH,
IGproject0963,Colletes,succintus,female,1973,8,27,England,Noth Yorkshire,,Sleddale Beck,3.429,2.708,8.818,2.288,Colletidae,excavator,OUMNH,
IGproject0964,Colletes,succintus,female,1973,8,27,England,Noth Yorkshire,,Sleddale Beck,3.471,2.829,8.854,2.36,Colletidae,excavator,OUMNH,
IGproject0965,Colletes,succintus,female,1973,8,27,England,Noth Yorkshire,,Sleddale Beck,3.376,2.762,7.811,2.247,Colletidae,excavator,OUMNH,
IGproject0966,Colletes,succintus,female,1973,8,27,England,Noth Yorkshire,,Sleddale Beck,3.422,2.882,8.668,2.265,Colletidae,excavator,OUMNH,
IGproject0967,Colletes,succintus,female,1973,8,27,England,Noth Yorkshire,,Sleddale Beck,3.457,2.938,8.607,2.331,Colletidae,excavator,OUMNH,
IGproject0968,Colletes,succintus,female,1973,8,27,England,Noth Yorkshire,,Sleddale Beck,3.508,2.895,9.074,2.407,Colletidae,excavator,OUMNH,
IGproject0969,Colletes,succintus,female,1973,8,27,England,Noth Yorkshire,,Sleddale Beck,3.486,2.736,8.831,2.401,Colletidae,excavator,OUMNH,
IGproject0970,Colletes,succintus,female,1973,8,27,England,Noth Yorkshire,,Sleddale Beck,3.339,2.703,8.505,2.271,Colletidae,excavator,OUMNH,
IGproject0971,Colletes,succintus,female,1973,8,27,England,Noth Yorkshire,,Sleddale Beck,3.481,2.878,8.917,2.317,Colletidae,excavator,OUMNH,
IGproject0972,Colletes,succintus,female,1973,8,27,England,Noth Yorkshire,,Sleddale Beck,3.554,2.994,8.687,2.473,Colletidae,excavator,OUMNH,
IGproject0973,Colletes,succintus,female,1973,8,27,England,Noth Yorkshire,,Sleddale Beck,3.446,2.669,8.704,2.314,Colletidae,excavator,OUMNH,
IGproject0974,Nomada,flava,female,1916,5,,England,Devon,Paignton,,2.659,1.739,8.921,2.485,Apidae,kleptoparasite,OUMNH,
IGproject0975,Nomada,flava,female,1916,5,,England,Devon,Paignton,,2.747,1.877,9.291,2.572,Apidae,kleptoparasite,OUMNH,
IGproject0976,Nomada,flava,female,1916,5,,England,Devon,Paignton,,2.793,1.947,9.328,2.691,Apidae,kleptoparasite,OUMNH,
IGproject0977,Nomada,flava,female,1916,5,,England,Devon,Paignton,,2.412,1.553,8.013,2.3,Apidae,kleptoparasite,OUMNH,
IGproject0978,Nomada,flava,female,1915,6,3,England,Devon,Brixham,Churston Ferrers,2.933,2.036,9.818,2.796,Apidae,kleptoparasite,OUMNH,
IGproject0979,Nomada,flava,female,1921,5,,England,Devon,Newton Abbot,,2.805,1.979,9.455,2.744,Apidae,kleptoparasite,OUMNH,
IGproject0980,Nomada,flava,female,1916,5,,England,Devon,Paignton,,2.346,1.571,7.976,2.262,Apidae,kleptoparasite,OUMNH,
IGproject0981,Nomada,flava,female,1908,5,30,England,West Midlands,Knowle,,2.784,1.96,9.43,2.806,Apidae,kleptoparasite,OUMNH,
IGproject0982,Nomada,flava,female,1916,5,,England,Devon,Paignton,,2.424,1.613,8.099,2.39,Apidae,kleptoparasite,OUMNH,
IGproject0983,Nomada,flava,female,1915,5,17,England,Gloucestershire,Wotton-under-Edge,,2.789,1.911,9.613,2.664,Apidae,kleptoparasite,OUMNH,
IGproject0984,Nomada,flava,female,1921,5,,England,Devon,Newton Abbot,,2.511,1.648,8.59,2.472,Apidae,kleptoparasite,OUMNH,
IGproject0985,Nomada,flava,female,1915,5,18,England,Gloucestershire,Wotton-under-Edge,,2.833,1.948,9.48,2.777,Apidae,kleptoparasite,OUMNH,
IGproject0986,Nomada,flava,female,1902,5,25,England,Greater London,London,Wimbledon,2.883,2.016,9.881,2.709,Apidae,kleptoparasite,OUMNH,
IGproject0987,Nomada,flava,female,1918,5,19,England,Devon,Paignton,,2.853,1.983,9.605,2.77,Apidae,kleptoparasite,OUMNH,
IGproject0988,Nomada,flava,female,1915,5,18,England,Gloucestershire,Wotton-under-Edge,,2.239,1.387,7.371,2.161,Apidae,kleptoparasite,OUMNH,
IGproject0989,Nomada,flava,female,1918,5,19,England,Devon,Paignton,,2.203,1.369,7.349,2,Apidae,kleptoparasite,OUMNH,
IGproject0990,Nomada,flava,female,1947,5,11,England,Devon,Sheepstor,,2.416,1.675,7.927,2.19,Apidae,kleptoparasite,OUMNH,
IGproject0991,Nomada,flava,female,1947,5,1,England,Devon,Sheepstor,,2.517,1.734,8.097,2.259,Apidae,kleptoparasite,OUMNH,
IGproject0992,Nomada,flava,female,1947,5,1,England,Devon,Sheepstor,,2.438,1.663,8.08,2.315,Apidae,kleptoparasite,OUMNH,
IGproject0993,Nomada,flava,female,1947,5,11,England,Devon,Sheepstor,,2.358,1.628,7.71,2.274,Apidae,kleptoparasite,OUMNH,
IGproject0994,Nomada,flava,female,1947,5,1,England,Devon,Sheepstor,,2.517,1.703,8.122,2.372,Apidae,kleptoparasite,OUMNH,
IGproject0995,Nomada,flava,female,1947,5,11,England,Devon,Sheepstor,,2.452,1.69,8.006,2.332,Apidae,kleptoparasite,OUMNH,
IGproject0996,Nomada,flava,female,1947,5,11,England,Devon,Dewerstone,,2.477,1.708,8.242,2.309,Apidae,kleptoparasite,OUMNH,
IGproject0997,Nomada,flava,female,1946,5,4,England,Devon,Plymouth,"Dewerstone Forest, Near Shaugh Prior",2.192,1.428,7.067,2.11,Apidae,kleptoparasite,OUMNH,
IGproject0998,Nomada,flava,female,1947,5,11,England,Devon,Sheepstor,,2.402,1.684,8.11,2.33,Apidae,kleptoparasite,OUMNH,
IGproject0999,Nomada,flava,female,1947,5,11,England,Devon,Sheepstor,,2.5,1.733,8.285,2.444,Apidae,kleptoparasite,OUMNH,
IGproject1000,Nomada,flava,female,1947,5,11,England,Devon,Sheepstor,,2.149,1.405,7.08,1.972,Apidae,kleptoparasite,OUMNH,
IGproject1001,Nomada,flava,female,1943,5,43,England,Hampshire,,New Forest,2.069,1.35,6.699,1.974,Apidae,kleptoparasite,OUMNH,
IGproject1002,Nomada,flava,female,1947,5,11,England,Devon,Sheepstor,,2.056,1.277,6.701,1.946,Apidae,kleptoparasite,OUMNH,
IGproject1003,Nomada,flava,female,1979,5,14,England,Devon,Sheepstor,,2.531,1.755,8.368,2.342,Apidae,kleptoparasite,OUMNH,
IGproject1004,Nomada,flava,female,1943,5,16,England,Hampshire,Lyndhurst,,2.462,1.687,7.925,2.285,Apidae,kleptoparasite,OUMNH,
IGproject1005,Nomada,flava,female,1936,5,3,England,Devon,Dartmoor,Hexworthy,2.5,1.76,8.277,2.421,Apidae,kleptoparasite,OUMNH,
IGproject1006,Nomada,flava,female,1930,4,25,England,Devon,Plymouth,"Dewerstone Forest, Near Shaugh Prior",2.457,1.77,8.239,2.322,Apidae,kleptoparasite,OUMNH,
IGproject1007,Nomada,flava,female,1930,4,25,England,Devon,Plymouth,"Dewerstone Forest, Near Shaugh Prior",2.448,1.655,8.038,2.244,Apidae,kleptoparasite,OUMNH,
IGproject1008,Nomada,flava,female,1930,4,25,England,Devon,Plymouth,"Dewerstone Forest, Near Shaugh Prior",2.477,1.73,8.152,2.373,Apidae,kleptoparasite,OUMNH,
IGproject1009,Nomada,flava,female,1947,5,4,England,Devon,Plymouth,"Dewerstone Forest, Near Shaugh Prior",2.389,1.563,7.689,2.177,Apidae,kleptoparasite,OUMNH,
IGproject1010,Nomada,flava,female,1946,5,4,England,Devon,Plymouth,"Dewerstone Forest, Near Shaugh Prior",2.31,1.555,7.805,2.116,Apidae,kleptoparasite,OUMNH,
IGproject1011,Nomada,flava,male,1918,4,27,England,Devon,Paignton,,2.368,1.438,7.542,2.085,Apidae,kleptoparasite,OUMNH,
IGproject1012,Nomada,flava,male,1918,5,19,England,Devon,Paignton,,2.847,1.92,9.326,2.556,Apidae,kleptoparasite,OUMNH,
IGproject1013,Nomada,flava,male,1916,5,,England,Devon,Paignton,,2.37,1.49,7.554,2.094,Apidae,kleptoparasite,OUMNH,
IGproject1014,Nomada,flava,male,1915,6,3,England,Devon,Brixham,Churston Ferrers,2.892,2.001,9.355,2.522,Apidae,kleptoparasite,OUMNH,
IGproject1015,Nomada,flava,male,1916,5,,England,Devon,Paignton,,2.818,1.854,9.021,2.353,Apidae,kleptoparasite,OUMNH,
IGproject1016,Nomada,flava,male,1914,4,25,England,Devon,Chudleigh,Ugbrooke,2.376,1.448,7.726,2.137,Apidae,kleptoparasite,OUMNH,
IGproject1017,Nomada,flava,male,1897,5,,Wales,Monmouthshire,Raglan,,2.837,1.969,9.287,2.507,Apidae,kleptoparasite,OUMNH,
IGproject1018,Nomada,flava,male,1916,5,,England,Devon,Paignton,,2.034,1.201,6.312,1.754,Apidae,kleptoparasite,OUMNH,
IGproject1019,Nomada,flava,male,1914,4,25,England,Devon,Chudleigh,Ugbrooke,2.232,1.404,7.367,1.932,Apidae,kleptoparasite,OUMNH,
IGproject1020,Nomada,flava,male,1915,5,31,England,Devon,Newton Abbot,,2.757,1.87,9.134,2.495,Apidae,kleptoparasite,OUMNH,
IGproject1021,Nomada,flava,male,1918,5,19,England,Devon,Brixham,Churston Ferrers,2.709,1.814,8.921,2.37,Apidae,kleptoparasite,OUMNH,
IGproject1022,Nomada,flava,male,1897,5,,Wales,Monmouthshire,Raglan,,2.958,1.988,9.583,2.657,Apidae,kleptoparasite,OUMNH,
IGproject1023,Nomada,flava,male,1914,4,25,England,Devon,Chudleigh,Ugbrooke,2.694,1.823,9.146,2.451,Apidae,kleptoparasite,OUMNH,
IGproject1024,Nomada,flava,male,1916,5,,England,Devon,Paignton,,2.347,1.486,7.379,2.013,Apidae,kleptoparasite,OUMNH,
IGproject1025,Nomada,flava,male,1913,5,13,England,Devon,Newton Abbot,,2.738,1.844,8.974,2.403,Apidae,kleptoparasite,OUMNH,
IGproject1026,Nomada,flava,male,1897,5,,Wales,Monmouthshire,Raglan,,2.912,1.937,9.408,2.526,Apidae,kleptoparasite,OUMNH,
IGproject1027,Nomada,flava,female,1914,5,20,England,Devon,Bovey Tracey,,2.557,1.782,8.76,2.592,Apidae,kleptoparasite,OUMNH,
IGproject1028,Nomada,flava,male,1992,5,13,England,Oxfordshire,Oxford,Wolfson College,2.46,1.601,8.051,2.271,Apidae,kleptoparasite,OUMNH,
IGproject1029,Nomada,flava,male,1992,5,13,England,Oxfordshire,Oxford,Wolfson College,2.926,1.949,9.483,2.551,Apidae,kleptoparasite,OUMNH,
IGproject1030,Nomada,flava,female,2002,5,16,England,Oxfordshire,Oxford,Shotover,2.782,2.018,9.386,2.609,Apidae,kleptoparasite,OUMNH,
IGproject1031,Nomada,flava,male,1992,4,29,England,Oxfordshire,Oxford,Wolfson College,2.818,1.896,8.989,2.456,Apidae,kleptoparasite,OUMNH,
IGproject1032,Nomada,flava,female,1963,6,13,Wales,Gwynedd,Conwy,,2.794,1.929,9.525,2.678,Apidae,kleptoparasite,OUMNH,
IGproject1033,Nomada,flava,female,1999,5,29,England,Oxfordshire,Eynsham,,2.867,2.074,9.2,2.762,Apidae,kleptoparasite,OUMNH,
IGproject1034,Nomada,flava,female,1999,5,26,England,Worcestershire,Droitwich,Porters Mill,2.876,1.968,9.515,2.789,Apidae,kleptoparasite,OUMNH,
IGproject1035,Nomada,flava,female,1948,5,15,England,Devon,Woodbury,,2.14,1.31,7.252,2.032,Apidae,kleptoparasite,OUMNH,
IGproject1036,Nomada,flava,male,1950,5,12,England,Devon,Woodbury,,2.383,1.511,7.838,2.015,Apidae,kleptoparasite,OUMNH,
IGproject1037,Nomada,flava,female,1950,5,6,England,Devon,Exeter,Exwick,2.811,1.945,9.548,2.84,Apidae,kleptoparasite,OUMNH,
IGproject1038,Nomada,flava,male,1950,5,6,England,Devon,Exeter,Exwick,2.814,1.947,9.168,2.544,Apidae,kleptoparasite,OUMNH,
IGproject1039,Nomada,flava,female,1950,5,6,England,Devon,Exeter,Exwick,2.673,1.836,9.051,2.572,Apidae,kleptoparasite,OUMNH,
IGproject1040,Nomada,flava,female,1949,5,7,England,Devon,Bovey Tracey,Chudleigh Knighton Heath,2.789,1.894,9.295,2.721,Apidae,kleptoparasite,OUMNH,
IGproject1041,Nomada,flava,female,1955,5,22,England,Devon,Torquay,Coast Path,2.872,2.046,9.542,2.708,Apidae,kleptoparasite,OUMNH,
IGproject1042,Nomada,flava,female,1978,6,19,England,Oxfordshire,Abingdon,Dry Sandford Pit,2.892,2.099,9.718,2.791,Apidae,kleptoparasite,OUMNH,
IGproject1043,Nomada,flava,female,1972,6,3,England,Oxfordshire,Cumnor,Hill End,2.859,1.944,9.196,2.634,Apidae,kleptoparasite,OUMNH,
IGproject1044,Nomada,flava,female,1955,5,20,England,Devon,Dawlish Warren,,2.302,1.483,7.801,2.28,Apidae,kleptoparasite,OUMNH,
IGproject1045,Nomada,flava,female,1915,5,7,England,Surrey,Cobham,,2.089,1.298,7.009,2.083,Apidae,kleptoparasite,OUMNH,
IGproject1046,Nomada,flava,female,1961,5,3,England,Bristol,Bristol,Coombe Dingle,2.803,1.905,9.305,2.754,Apidae,kleptoparasite,OUMNH,
IGproject1047,Nomada,flava,female,1982,5,13,England,Oxfordshire,,Bernwood Forest,2.527,1.671,8.251,2.45,Apidae,kleptoparasite,OUMNH,
IGproject1048,Nomada,flava,female,1982,5,13,England,Oxfordshire,,Bernwood Forest,2.537,1.711,8.671,2.418,Apidae,kleptoparasite,OUMNH,
IGproject1049,Nomada,flava,female,1982,5,13,England,Oxfordshire,,Bernwood Forest,2.435,1.659,8.085,2.377,Apidae,kleptoparasite,OUMNH,
IGproject1050,Nomada,flava,female,1982,5,13,England,Oxfordshire,,Bernwood Forest,2.264,1.511,7.535,2.158,Apidae,kleptoparasite,OUMNH,
IGproject1051,Nomada,flava,female,1982,5,13,England,Oxfordshire,,Bernwood Forest,2.618,1.822,8.701,2.505,Apidae,kleptoparasite,OUMNH,
IGproject1052,Nomada,flava,female,1982,5,13,England,Oxfordshire,,Bernwood Forest,2.706,1.923,9.055,2.63,Apidae,kleptoparasite,OUMNH,
IGproject1053,Nomada,flava,female,1982,5,13,England,Oxfordshire,,Bernwood Forest,2.663,1.83,8.845,2.617,Apidae,kleptoparasite,OUMNH,
IGproject1054,Nomada,flava,female,1982,5,13,England,Oxfordshire,,Bernwood Forest,2.584,1.762,8.426,2.401,Apidae,kleptoparasite,OUMNH,
IGproject1055,Nomada,flava,female,1949,5,1,England,Devon,Sheepstor,,2.443,1.633,7.95,2.301,Apidae,kleptoparasite,OUMNH,
IGproject1056,Nomada,flava,female,1947,5,11,England,Devon,Sheepstor,,2.34,1.645,7.648,2.272,Apidae,kleptoparasite,OUMNH,
IGproject1057,Nomada,flava,female,1949,5,1,England,Devon,Sheepstor,,2.414,1.655,8.059,2.349,Apidae,kleptoparasite,OUMNH,
IGproject1058,Nomada,flava,female,1947,5,11,England,Devon,Sheepstor,,2.442,1.642,8.132,2.319,Apidae,kleptoparasite,OUMNH,
IGproject1059,Nomada,flava,female,1949,5,1,England,Devon,Sheepstor,,2.519,1.731,8.136,2.396,Apidae,kleptoparasite,OUMNH,
IGproject1060,Nomada,flava,male,1947,5,11,England,Devon,Sheepstor,,2.602,1.797,8.316,2.265,Apidae,kleptoparasite,OUMNH,
IGproject1061,Nomada,flava,male,1949,5,1,England,Devon,Sheepstor,,2.573,1.834,8.064,2.189,Apidae,kleptoparasite,OUMNH,
IGproject1062,Nomada,flava,male,1930,4,25,England,Devon,Plymouth,Shaugh Bridge,2.414,1.679,8.004,2.154,Apidae,kleptoparasite,OUMNH,
IGproject1063,Nomada,flava,male,1947,5,11,England,Devon,Sheepstor,,2.472,1.696,8.147,2.055,Apidae,kleptoparasite,OUMNH,
IGproject1064,Nomada,flava,male,1955,5,23,England,Devon,Sheepstor,,2.213,1.479,7.228,1.949,Apidae,kleptoparasite,OUMNH,
IGproject1065,Nomada,flava,male,1949,4,24,England,Devon,Dartmoor,,2.159,1.341,7.093,1.82,Apidae,kleptoparasite,OUMNH,
IGproject1066,Nomada,flava,male,1949,5,1,England,Devon,Sheepstor,,2.235,1.507,7.498,2.03,Apidae,kleptoparasite,OUMNH,
IGproject1067,Nomada,flava,male,1948,4,24,England,Devon,Sheepstor,,2.466,1.743,7.977,2.089,Apidae,kleptoparasite,OUMNH,
IGproject1068,Nomada,flava,female,1941,6,2,England,Hampshire,Burley,,2.54,1.664,8.665,2.556,Apidae,kleptoparasite,OUMNH,
IGproject1069,Nomada,flava,female,1941,6,2,England,Hampshire,Burley,,2.64,1.744,8.46,2.449,Apidae,kleptoparasite,OUMNH,
IGproject1070,Nomada,flava,female,1941,6,2,England,Hampshire,Burley,,2.634,1.8,8.81,2.617,Apidae,kleptoparasite,OUMNH,
IGproject1071,Nomada,flava,female,1941,6,2,England,Hampshire,Burley,,2.563,1.683,8.562,2.382,Apidae,kleptoparasite,OUMNH,
IGproject1072,Nomada,flava,male,1904,6,5,England,Hampshire,Tadley,Pamber Forest,2.443,1.623,8.035,2.186,Apidae,kleptoparasite,OUMNH,
IGproject1073,Nomada,flava,female,1893,,,England,Hampshire,,New Forest,2.68,1.765,8.818,2.475,Apidae,kleptoparasite,OUMNH,
IGproject1074,Nomada,flava,male,1906,5,27,England,Hampshire,Headley,,2.888,1.938,9.486,2.658,Apidae,kleptoparasite,OUMNH,
IGproject1075,Nomada,flava,female,1893,,,England,Hampshire,,New Forest,2.589,1.668,8.539,2.569,Apidae,kleptoparasite,OUMNH,
IGproject1076,Nomada,flava,female,1892,,,England,Hampshire,,New Forest,2.87,1.997,9.729,2.894,Apidae,kleptoparasite,OUMNH,
IGproject1077,Nomada,flava,female,1892,,,England,Hampshire,,New Forest,2.762,1.817,9.333,2.696,Apidae,kleptoparasite,OUMNH,
IGproject1078,Andrena,chrysosceles,female,1900,6,17,England,Oxfordshire,Oxford,Shotover,2.944,1.797,7.917,2.269,Andrenidae,excavator,OUMNH,
IGproject1079,Andrena,chrysosceles,male,1926,5,4,England,Greater London,London,,2.304,1.227,5.953,1.651,Andrenidae,excavator,OUMNH,
IGproject1080,Andrena,chrysosceles,male,1926,5,4,England,Greater London,London,,2.819,1.567,7.482,2.022,Andrenidae,excavator,OUMNH,
IGproject1081,Andrena,chrysosceles,female,1933,5,29,England,Oxfordshire,,Bagley Wood,2.871,1.813,7.877,2.2,Andrenidae,excavator,OUMNH,
IGproject1082,Andrena,chrysosceles,female,1931,6,13,England,Oxfordshire,,Bagley Wood,2.838,1.699,7.76,2.164,Andrenidae,excavator,OUMNH,
IGproject1083,Andrena,chrysosceles,male,1926,5,4,England,Greater London,London,,2.487,1.333,6.598,1.806,Andrenidae,excavator,OUMNH,
IGproject1084,Andrena,chrysosceles,female,1925,6,,England,Oxfordshire,,Bagley Wood,2.66,1.617,7.579,2.133,Andrenidae,excavator,OUMNH,
IGproject1085,Andrena,chrysosceles,female,1925,7,3,England,Oxfordshire,,Bagley Wood,2.874,1.781,7.975,2.231,Andrenidae,excavator,OUMNH,
IGproject1086,Andrena,chrysosceles,male,1925,7,4,England,Oxfordshire,,Bagley Wood,2.33,1.289,6.212,1.65,Andrenidae,excavator,OUMNH,
IGproject1087,Andrena,chrysosceles,female,1924,6,24,England,Oxfordshire,Wolvercote,,2.862,1.801,7.878,2.164,Andrenidae,excavator,OUMNH,
IGproject1088,Andrena,chrysosceles,male,1925,5,28,England,Oxfordshire,,Bagley Wood,2.436,1.36,6.483,1.77,Andrenidae,excavator,OUMNH,
IGproject1089,Andrena,chrysosceles,male,1926,5,4,England,Greater London,London,,2.494,1.356,6.584,1.745,Andrenidae,excavator,OUMNH,
IGproject1090,Andrena,chrysosceles,female,1936,6,1,England,Oxfordshire,Oxford,Lye Valley,3.113,1.963,8.379,2.421,Andrenidae,excavator,OUMNH,
IGproject1091,Andrena,chrysosceles,female,1999,6,19,England,Worcestershire,Eldersfield,,2.739,1.684,7.563,2.192,Andrenidae,excavator,OUMNH,
IGproject1092,Andrena,chrysosceles,female,1999,6,19,England,Worcestershire,Eldersfield,,2.719,1.667,7.142,2.022,Andrenidae,excavator,OUMNH,
IGproject1093,Andrena,chrysosceles,female,1999,6,19,England,Worcestershire,Eldersfield,,2.8,1.657,7.475,2.107,Andrenidae,excavator,OUMNH,
IGproject1094,Andrena,chrysosceles,female,1998,5,28,England,Warwickshie,,Baddesley Clinton,2.905,1.738,7.994,2.365,Andrenidae,excavator,OUMNH,
IGproject1095,Andrena,chrysosceles,male,1925,5,15,England,Oxfordshire,Oxford,Hinksey,2.394,1.38,6.26,1.669,Andrenidae,excavator,OUMNH,
IGproject1096,Andrena,chrysosceles,male,1925,5,30,England,Oxfordshire,,Bagley Wood,2.627,1.454,7.119,1.847,Andrenidae,excavator,OUMNH,
IGproject1097,Andrena,chrysosceles,male,1925,5,30,England,Oxfordshire,,Bagley Wood,2.304,1.281,6.292,1.625,Andrenidae,excavator,OUMNH,
IGproject1098,Andrena,chrysosceles,male,1925,5,12,England,Cambridgeshire,Wicken,,2.657,1.498,6.996,1.895,Andrenidae,excavator,OUMNH,
IGproject1099,Andrena,chrysosceles,female,1926,5,4,England,Greater London,London,,2.728,1.669,7.426,2.186,Andrenidae,excavator,OUMNH,
IGproject1100,Andrena,chrysosceles,female,1926,5,4,England,Greater London,London,,2.78,1.625,7.475,2.113,Andrenidae,excavator,OUMNH,
IGproject1101,Andrena,chrysosceles,male,1926,5,4,England,Greater London,London,,2.704,1.548,7.166,1.903,Andrenidae,excavator,OUMNH,
IGproject1102,Andrena,chrysosceles,male,1926,5,4,England,Greater London,London,,2.438,1.372,6.582,1.738,Andrenidae,excavator,OUMNH,
IGproject1103,Andrena,chrysosceles,male,1926,5,4,England,Greater London,London,,2.856,1.664,7.135,1.92,Andrenidae,excavator,OUMNH,
IGproject1104,Andrena,chrysosceles,male,1926,5,4,England,Greater London,London,,2.816,1.627,7.2,1.916,Andrenidae,excavator,OUMNH,
IGproject1105,Andrena,chrysosceles,male,1926,5,4,England,Greater London,London,,2.238,1.16,5.912,1.578,Andrenidae,excavator,OUMNH,
IGproject1106,Andrena,chrysosceles,male,1925,4,21,England,Cambridgeshire,Wicken,Wicken Fen,2.483,1.456,7.158,1.92,Andrenidae,excavator,OUMNH,
IGproject1107,Andrena,chrysosceles,male,1926,5,4,England,Greater London,London,,2.644,1.4,7.108,1.965,Andrenidae,excavator,OUMNH,
IGproject1108,Andrena,chrysosceles,male,1926,5,4,England,Greater London,London,,2.513,1.452,6.683,1.797,Andrenidae,excavator,OUMNH,
IGproject1109,Andrena,chrysosceles,male,1936,5,4,England,Oxfordshire,Woodeaton,,2.503,1.432,6.667,1.756,Andrenidae,excavator,OUMNH,
IGproject1110,Andrena,chrysosceles,male,1936,5,4,England,Oxfordshire,Woodeaton,,2.442,1.369,6.899,1.908,Andrenidae,excavator,OUMNH,
IGproject1111,Andrena,chrysosceles,male,1936,5,4,England,Oxfordshire,Woodeaton,,2.635,1.424,6.617,1.786,Andrenidae,excavator,OUMNH,
IGproject1112,Andrena,chrysosceles,female,1939,5,9,England,Oxfordshire,Woodeaton,,2.653,1.623,7.393,2.044,Andrenidae,excavator,OUMNH,
IGproject1113,Andrena,chrysosceles,female,1904,5,18,England,Gloucestershire,Tewkesbury,,2.724,1.617,7.599,2.152,Andrenidae,excavator,OUMNH,
IGproject1114,Andrena,chrysosceles,female,1936,5,18,England,Oxfordshire,Oxford,Waterperry Wood,2.919,1.792,7.911,2.26,Andrenidae,excavator,OUMNH,
IGproject1115,Andrena,chrysosceles,female,1949,4,18,England,Oxfordshire,Chastleton,,2.77,1.681,7.485,2.146,Andrenidae,excavator,OUMNH,
IGproject1116,Andrena,chrysosceles,male,1923,7,7,England,Oxfordshire,Wolvercote,,2.221,1.228,5.892,1.617,Andrenidae,excavator,OUMNH,
IGproject1117,Andrena,chrysosceles,male,1900,4,20,England,Oxfordshire,Abingdon,Dry Sandford Pit,2.239,1.349,6.509,1.831,Andrenidae,excavator,OUMNH,
IGproject1118,Andrena,chrysosceles,female,1991,6,10,England,Northamptonshire,Oundle,,3.062,1.956,8.456,2.351,Andrenidae,excavator,OUMNH,
IGproject1119,Andrena,chrysosceles,male,1991,6,1,England,Wiltshire,,Flisteridge Wood,2.642,1.509,7.055,1.858,Andrenidae,excavator,OUMNH,
IGproject1120,Andrena,chrysosceles,male,1991,4,19,England,Wiltshire,Swindon,,2.357,1.359,6.699,1.672,Andrenidae,excavator,OUMNH,
IGproject1121,Nomada,ruficornis,male,1917,5,3,England,Surrey,Guildford,Merrow,2.585,1.717,8.173,2.101,Apidae,kleptoparasite,OUMNH,
IGproject1122,Nomada,ruficornis,female,1980,6,6,England,Oxfordshire,,Bernwood Forest,2.634,1.885,7.744,2.242,Apidae,kleptoparasite,OUMNH,
IGproject1123,Nomada,ruficornis,female,1980,6,6,England,Oxfordshire,,Bernwood Forest,2.639,1.892,8.032,2.317,Apidae,kleptoparasite,OUMNH,
IGproject1124,Nomada,ruficornis,female,1980,6,6,England,Oxfordshire,,Bernwood Forest,2.579,1.697,7.979,2.329,Apidae,kleptoparasite,OUMNH,
IGproject1125,Nomada,ruficornis,female,1981,5,9,England,Oxfordshire,,Bernwood Forest,2.385,1.608,7.05,2.055,Apidae,kleptoparasite,OUMNH,
IGproject1126,Nomada,ruficornis,male,1991,5,27,England,Dorset,Swanage,,2.409,1.521,7.188,1.993,Apidae,kleptoparasite,OUMNH,
IGproject1127,Nomada,ruficornis,female,1917,5,13,England,Surrey,Cobham,,2.706,1.889,8.407,2.435,Apidae,kleptoparasite,OUMNH,
IGproject1128,Nomada,ruficornis,male,1901,7,14,Wales,Gwynedd,Criccieth,,2.817,1.916,8.588,2.376,Apidae,kleptoparasite,OUMNH,
IGproject1129,Nomada,ruficornis,female,1901,7,14,Wales,Gwynedd,Criccieth,,2.75,1.795,8.426,2.457,Apidae,kleptoparasite,OUMNH,
IGproject1130,Nomada,ruficornis,male,1989,5,7,England,Wiltshire,Swindon,Coate Water Country Park,2.691,1.848,8.384,2.177,Apidae,kleptoparasite,OUMNH,
IGproject1131,Nomada,ruficornis,female,1989,5,19,England,Wiltshire,Swindon,Coate Water Country Park,2.222,1.364,6.725,1.848,Apidae,kleptoparasite,OUMNH,
IGproject1132,Nomada,ruficornis,male,1989,5,7,England,Wiltshire,Swindon,Coate Water Country Park,2.635,1.79,8.059,2.225,Apidae,kleptoparasite,OUMNH,
IGproject1133,Nomada,ruficornis,male,1989,5,7,England,Wiltshire,Swindon,Coate Water Country Park,2.606,1.72,8.044,2.036,Apidae,kleptoparasite,OUMNH,
IGproject1134,Nomada,ruficornis,female,1935,4,28,England,Dorset,Swanage,South Haven Point,2.704,1.775,8.362,2.316,Apidae,kleptoparasite,OUMNH,
IGproject1135,Nomada,ruficornis,male,1973,5,,England,Devon,Exeter,,2.008,1.243,6.273,1.698,Apidae,kleptoparasite,OUMNH,
IGproject1136,Nomada,ruficornis,male,1982,4,20,England,Devon,Dartmoor,Burrator Reservoir,2.411,1.567,7.35,1.943,Apidae,kleptoparasite,OUMNH,
IGproject1137,Nomada,ruficornis,male,1958,5,26,England,Herefordshire,Abbey Dore,,2.332,1.511,7.34,1.991,Apidae,kleptoparasite,OUMNH,
IGproject1138,Nomada,ruficornis,female,1968,5,12,England,Oxfordshire,Oxford,,2.31,1.42,7.03,1.98,Apidae,kleptoparasite,OUMNH,
IGproject1139,Nomada,ruficornis,female,2006,5,4,England,Surrey,,Holmen's Grove,2.712,1.913,8.561,2.398,Apidae,kleptoparasite,OUMNH,
IGproject1140,Nomada,ruficornis,female,1990,5,26,England,Wiltshire,Wroughton,Clouts Wood,2.749,1.789,8.405,2.238,Apidae,kleptoparasite,OUMNH,
IGproject1141,Nomada,ruficornis,male,1979,5,14,England,Derbyshire,Dronfield,,2.399,1.563,7.223,2.036,Apidae,kleptoparasite,OUMNH,
IGproject1142,Nomada,ruficornis,female,1912,5,,England,Hampshire,,New Forest,2.717,1.881,8.076,2.299,Apidae,kleptoparasite,OUMNH,
IGproject1143,Nomada,ruficornis,female,1917,5,13,England,Surrey,Cobham,,2.539,1.732,7.879,2.209,Apidae,kleptoparasite,OUMNH,
IGproject1144,Nomada,ruficornis,male,1918,4,,England,Oxfordshire,Oxford,,2.246,1.504,6.66,1.91,Apidae,kleptoparasite,OUMNH,
IGproject1145,Nomada,ruficornis,male,1915,5,,England,Gloucestershire,Wotton-under-Edge,,2.468,1.581,7.539,2.072,Apidae,kleptoparasite,OUMNH,
IGproject1146,Nomada,ruficornis,female,1929,4,27,England,Dorset,Badbury,,2.743,1.967,8.46,2.377,Apidae,kleptoparasite,OUMNH,
IGproject1147,Nomada,ruficornis,male,1916,5,,England,Kent,Deal,,2.636,1.789,8.122,2.217,Apidae,kleptoparasite,OUMNH,
IGproject1148,Nomada,ruficornis,male,1954,4,24,England,Devon,Lustleigh,,2.452,1.584,7.501,2.069,Apidae,kleptoparasite,OUMNH,
IGproject1149,Nomada,ruficornis,female,1968,6,16,England,Oxfordshire,Oxford,Waterperry Wood,2.701,1.89,8.056,2.368,Apidae,kleptoparasite,OUMNH,
IGproject1150,Nomada,ruficornis,female,1968,6,16,England,Oxfordshire,Oxford,Waterperry Wood,2.775,1.91,8.476,2.405,Apidae,kleptoparasite,OUMNH,
IGproject1151,Nomada,ruficornis,male,1954,5,29,England,Cambridgeshire,Duxford,,2.81,1.795,8.821,2.47,Apidae,kleptoparasite,OUMNH,
IGproject1152,Nomada,ruficornis,female,1990,5,20,England,Cornwall,Boconnoc,,2.784,1.744,8.323,2.395,Apidae,kleptoparasite,OUMNH,
IGproject1153,Nomada,ruficornis,female,1984,5,15,England,Oxfordshire,Cogges,,2.707,1.819,8.433,2.334,Apidae,kleptoparasite,OUMNH,
IGproject1154,Nomada,ruficornis,female,1984,5,15,England,Oxfordshire,Cogges,,2.417,1.587,7.271,2.14,Apidae,kleptoparasite,OUMNH,
IGproject1155,Nomada,ruficornis,male,1931,5,19,England,Oxfordshire,Yarnton,,2.436,1.5,7.61,2.075,Apidae,kleptoparasite,OUMNH,
IGproject1156,Nomada,ruficornis,female,1926,5,21,England,Oxfordshire,Yarnton,,2.39,1.589,7.065,1.96,Apidae,kleptoparasite,OUMNH,
IGproject1157,Nomada,ruficornis,female,1926,5,21,England,Oxfordshire,Yarnton,,2.548,1.623,7.662,2.245,Apidae,kleptoparasite,OUMNH,
IGproject1158,Nomada,ruficornis,female,1930,5,18,England,Oxfordshire,Yarnton,,2.55,1.619,7.748,2.316,Apidae,kleptoparasite,OUMNH,
IGproject1159,Nomada,ruficornis,female,1931,6,11,England,Oxfordshire,Yarnton,,2.433,1.618,7.28,2.084,Apidae,kleptoparasite,OUMNH,
IGproject1160,Nomada,ruficornis,female,1931,6,4,England,Oxfordshire,Yarnton,,2.745,1.797,8.29,2.256,Apidae,kleptoparasite,OUMNH,
IGproject1161,Nomada,ruficornis,female,1930,5,27,England,Oxfordshire,Yarnton,,2.805,1.893,8.569,2.498,Apidae,kleptoparasite,OUMNH,
IGproject1162,Nomada,ruficornis,female,1926,6,5,England,Oxfordshire,Oxford,Waterperry Wood,2.512,1.695,7.632,2.117,Apidae,kleptoparasite,OUMNH,
IGproject1163,Nomada,ruficornis,female,1926,6,12,England,Oxfordshire,Oxford,Waterperry Wood,2.599,1.684,7.831,2.168,Apidae,kleptoparasite,OUMNH,
IGproject1164,Nomada,ruficornis,female,1926,6,5,England,Oxfordshire,Oxford,Waterperry Wood,2.313,1.473,7.166,2.034,Apidae,kleptoparasite,OUMNH,
IGproject1165,Nomada,ruficornis,female,1926,6,3,England,Oxfordshire,Yarnton,,2.679,1.723,8.082,2.276,Apidae,kleptoparasite,OUMNH,
IGproject1166,Nomada,ruficornis,female,1927,5,20,England,Oxfordshire,Oxford,Waterperry Wood,2.523,1.704,7.429,1.995,Apidae,kleptoparasite,OUMNH,
IGproject1167,Nomada,ruficornis,female,1926,5,21,England,Oxfordshire,Yarnton,,2.663,1.738,7.877,2.182,Apidae,kleptoparasite,OUMNH,
IGproject1168,Nomada,ruficornis,male,1914,4,14,England,Devon,Dartmoor,East Dartmoor,2.66,1.842,8.484,2.281,Apidae,kleptoparasite,OUMNH,
IGproject1169,Nomada,ruficornis,male,1914,4,14,England,Devon,Dartmoor,East Dartmoor,2.391,1.631,7.399,2.011,Apidae,kleptoparasite,OUMNH,
IGproject1170,Nomada,ruficornis,male,1914,4,,England,Devon,Newton Abbot,,2.343,1.557,7.287,1.874,Apidae,kleptoparasite,OUMNH,
IGproject1171,Nomada,ruficornis,male,1918,4,,England,Cumbria,Carlisle,,2.646,1.722,8.179,2.259,Apidae,kleptoparasite,OUMNH,
IGproject1172,Nomada,ruficornis,female,1918,5,6,England,Devon,Paignton,,2.659,1.737,7.917,2.333,Apidae,kleptoparasite,OUMNH,
IGproject1173,Nomada,ruficornis,male,1911,5,12,England,Cambridgeshire,Cambridge,,2.026,1.237,6.362,1.697,Apidae,kleptoparasite,OUMNH,
IGproject1174,Nomada,ruficornis,female,1908,5,11,England,Bedfordshire,Wilden,,2.635,1.747,7.923,2.309,Apidae,kleptoparasite,OUMNH,
IGproject1175,Nomada,ruficornis,female,1902,5,28,England,Hampshire,Lyndhurst,,2.753,1.887,8.433,2.43,Apidae,kleptoparasite,OUMNH,
IGproject1176,Nomada,ruficornis,female,1893,5,8,England,Warwickshie,Rugby,,2.509,1.646,7.426,2.109,Apidae,kleptoparasite,OUMNH,
IGproject1177,Nomada,ruficornis,male,1893,5,8,England,Warwickshie,Rugby,,2.225,1.426,6.765,1.901,Apidae,kleptoparasite,OUMNH,
IGproject1178,Nomada,ruficornis,female,1902,5,28,England,Hampshire,Lyndhurst,,2.584,1.726,8.143,2.224,Apidae,kleptoparasite,OUMNH,
IGproject1179,Nomada,ruficornis,female,1902,5,29,England,Hampshire,Lyndhurst,,2.434,1.591,7.319,2.131,Apidae,kleptoparasite,OUMNH,
IGproject1180,Nomada,ruficornis,female,1902,6,,England,Hampshire,Lyndhurst,,2.708,1.93,8.304,2.377,Apidae,kleptoparasite,OUMNH,
IGproject1181,Megachile,centuncularis,male,1898,7,,Wales,Gwynedd,Criccieth,,3.528,2.832,8.165,2.26,Megachilidae,cavity nester,OUMNH,
IGproject1182,Megachile,centuncularis,male,1898,7,,Wales,Gwynedd,Criccieth,,3.484,2.836,7.926,2.216,Megachilidae,cavity nester,OUMNH,
IGproject1183,Megachile,centuncularis,female,1904,7,,England,Dorset,Lyme Regis,,3.497,2.923,8.192,2.17,Megachilidae,cavity nester,OUMNH,
IGproject1184,Megachile,centuncularis,female,1926,7,,England,Cornwall,Bude,,3.506,2.835,7.874,2.052,Megachilidae,cavity nester,OUMNH,
IGproject1185,Megachile,centuncularis,female,1898,7,,Wales,Gwynedd,Criccieth,,3.431,2.653,7.736,1.988,Megachilidae,cavity nester,OUMNH,
IGproject1186,Megachile,centuncularis,female,1905,7,8,England,Dorset,Lyme Regis,,3.706,3.019,8.307,2.247,Megachilidae,cavity nester,OUMNH,
IGproject1187,Megachile,centuncularis,female,1998,7,,Wales,Gwynedd,Criccieth,,3.696,3.016,8.373,2.33,Megachilidae,cavity nester,OUMNH,
IGproject1188,Megachile,centuncularis,female,1905,7,15,England,Dorset,Lyme Regis,,3.781,3.147,8.486,2.319,Megachilidae,cavity nester,OUMNH,
IGproject1189,Megachile,centuncularis,female,1904,7,,England,Dorset,Lyme Regis,,3.739,2.999,8.494,2.451,Megachilidae,cavity nester,OUMNH,
IGproject1190,Megachile,centuncularis,female,1904,7,11,England,Dorset,Lyme Regis,,3.864,3.145,8.447,2.27,Megachilidae,cavity nester,OUMNH,
IGproject1191,Megachile,centuncularis,female,1904,7,,England,Dorset,Lyme Regis,,3.63,2.994,8.224,2.292,Megachilidae,cavity nester,OUMNH,
IGproject1192,Megachile,centuncularis,female,1903,7,20,England,Dorset,Lyme Regis,,3.579,2.988,8.27,2.307,Megachilidae,cavity nester,OUMNH,
IGproject1193,Megachile,centuncularis,female,1898,7,,Wales,Gwynedd,Criccieth,,3.896,3.236,8.888,2.361,Megachilidae,cavity nester,OUMNH,
IGproject1194,Megachile,centuncularis,female,1897,9,7,England,Oxfordshire,Oxford,Shotover,3.833,3.169,8.571,2.394,Megachilidae,cavity nester,OUMNH,
IGproject1195,Megachile,centuncularis,male,1980,7,20,England,Devon,Seaton,,3.596,2.762,8.034,2.291,Megachilidae,cavity nester,OUMNH,
IGproject1196,Megachile,centuncularis,male,1926,6,,England,Devon,Bovey Tracey,,3.332,2.428,7.457,2.084,Megachilidae,cavity nester,OUMNH,
IGproject1197,Megachile,centuncularis,female,1898,8,14,England,Oxfordshire,Oxford,Shotover,3.812,3.046,8.409,2.481,Megachilidae,cavity nester,OUMNH,
IGproject1198,Megachile,centuncularis,male,1908,7,19,England,Kent,Gravesend,,3.97,3.244,8.494,2.574,Megachilidae,cavity nester,OUMNH,
IGproject1199,Megachile,centuncularis,male,1910,6,16,England,Devon,Budleigh Salterton,,3.398,2.622,7.533,2.118,Megachilidae,cavity nester,OUMNH,
IGproject1200,Megachile,centuncularis,male,1910,7,18,England,Cheshire,Delamere,,3.408,2.558,7.812,2.091,Megachilidae,cavity nester,OUMNH,
IGproject1201,Megachile,centuncularis,male,1926,7,,England,Devon,Newton Abbot,,3.563,2.796,7.998,2.233,Megachilidae,cavity nester,OUMNH,
IGproject1202,Megachile,centuncularis,male,1910,6,16,England,Devon,Budleigh Salterton,,3.245,2.57,7.071,1.847,Megachilidae,cavity nester,OUMNH,
IGproject1203,Megachile,centuncularis,male,1919,6,12,England,Devon,Bovey Tracey,,3.546,2.831,8.04,2.22,Megachilidae,cavity nester,OUMNH,
IGproject1204,Megachile,centuncularis,male,1910,6,16,England,Devon,Budleigh Salterton,,3.436,2.621,7.595,2.054,Megachilidae,cavity nester,OUMNH,
IGproject1205,Megachile,centuncularis,male,1927,8,,England,Devon,Bovey Tracey,,3.547,2.773,7.915,2.32,Megachilidae,cavity nester,OUMNH,
IGproject1206,Megachile,centuncularis,male,1913,7,10,England,Devon,Dawlish Warren,,3.678,2.924,8.343,2.249,Megachilidae,cavity nester,OUMNH,
IGproject1207,Megachile,centuncularis,male,1926,7,,England,Devon,Newton Abbot,,3.676,2.758,8.213,2.327,Megachilidae,cavity nester,OUMNH,
IGproject1208,Megachile,centuncularis,female,1950,8,6,England,Northamptonshire,Aynho,,3.676,2.956,8.183,2.238,Megachilidae,cavity nester,OUMNH,
IGproject1209,Megachile,centuncularis,female,1953,9,8,England,Devon,Dartmouth,,3.884,3.151,8.72,2.19,Megachilidae,cavity nester,OUMNH,
IGproject1210,Megachile,centuncularis,female,1914,7,24,England,Devon,Bovey Tracey,,3.807,3.116,8.219,2.432,Megachilidae,cavity nester,OUMNH,
IGproject1211,Megachile,centuncularis,female,1913,7,11,England,Devon,Brixham,,3.641,2.925,7.986,2.17,Megachilidae,cavity nester,OUMNH,
IGproject1212,Megachile,centuncularis,female,1915,6,12,England,Devon,Bovey Tracey,,3.497,2.898,7.861,2.11,Megachilidae,cavity nester,OUMNH,
IGproject1213,Megachile,centuncularis,female,1915,6,30,England,Devon,Bovey Tracey,,3.605,3.031,8.167,2.379,Megachilidae,cavity nester,OUMNH,
IGproject1214,Megachile,centuncularis,male,1915,6,19,England,Devon,Dartmoor,,3.338,2.585,7.127,2.13,Megachilidae,cavity nester,OUMNH,
IGproject1215,Megachile,centuncularis,male,1926,6,,England,Devon,Bovey Tracey,,3.149,2.455,7.092,1.803,Megachilidae,cavity nester,OUMNH,
IGproject1216,Megachile,centuncularis,male,1926,7,,England,Devon,Newton Abbot,,3.339,2.512,7.683,2.064,Megachilidae,cavity nester,OUMNH,
IGproject1217,Megachile,centuncularis,male,1989,6,4,England,Wiltshire,Swindon,,3.49,2.613,7.767,2.141,Megachilidae,cavity nester,OUMNH,
IGproject1218,Megachile,centuncularis,female,1910,6,15,England,Devon,Budleigh Salterton,,3.739,3.099,8.412,2.262,Megachilidae,cavity nester,OUMNH,
IGproject1219,Megachile,centuncularis,male,1953,7,22,England,Devon,Torquay,,3.582,2.706,8.083,2.185,Megachilidae,cavity nester,OUMNH,
IGproject1220,Megachile,centuncularis,female,1975,7,6,England,Oxfordshire,Oxford,10 Stile Road,3.522,2.807,7.912,2.178,Megachilidae,cavity nester,OUMNH,
IGproject1221,Megachile,centuncularis,male,1976,,,England,Oxfordshire,Oxford,30 Cope Close,3.328,2.518,7.28,2.091,Megachilidae,cavity nester,OUMNH,
IGproject1222,Megachile,centuncularis,male,1974,7,14,England,Oxfordshire,Oxford,10 Stile Road,3.334,2.546,7.384,2.178,Megachilidae,cavity nester,OUMNH,
IGproject1223,Megachile,centuncularis,female,1978,7,14,Wales,Pembrokeshire,Roch,Roch Castle,3.761,3.218,8.561,2.32,Megachilidae,cavity nester,OUMNH,
IGproject1224,Hylaeus,hyalinatus,male,1974,7,7,England,Oxfordshire,Oxford,10 Stile Road,1.408,1.002,3.654,0.921,Colletidae,cavity nester,OUMNH,
IGproject1225,Hylaeus,hyalinatus,female,1974,7,7,England,Oxfordshire,Oxford,10 Stile Road,1.584,1.247,4.616,1.005,Colletidae,cavity nester,OUMNH,
IGproject1226,Hylaeus,hyalinatus,female,1976,,,England,Oxfordshire,Oxford,30 Cope Close,1.635,1.249,4.399,1.023,Colletidae,cavity nester,OUMNH,
IGproject1227,Hylaeus,hyalinatus,female,1963,7,13,England,Devon,Hartland Quay,,1.64,1.23,4.395,1.059,Colletidae,cavity nester,OUMNH,
IGproject1228,Hylaeus,hyalinatus,female,1980,7,23,England,Suffolk,Westleton,,1.603,1.198,4.322,1.057,Colletidae,cavity nester,OUMNH,
IGproject1229,Hylaeus,hyalinatus,female,1976,,,England,Oxfordshire,Oxford,30 Cope Close,1.683,1.272,4.459,1.085,Colletidae,cavity nester,OUMNH,
IGproject1230,Hylaeus,hyalinatus,female,1976,,,England,Oxfordshire,Oxford,30 Cope Close,1.546,1.191,4.07,0.949,Colletidae,cavity nester,OUMNH,
IGproject1231,Hylaeus,hyalinatus,female,1976,,,England,Oxfordshire,Oxford,30 Cope Close,1.64,1.244,4.422,1.084,Colletidae,cavity nester,OUMNH,
IGproject1232,Hylaeus,hyalinatus,female,1976,,,England,Oxfordshire,Oxford,30 Cope Close,1.702,1.303,4.447,1.037,Colletidae,cavity nester,OUMNH,
IGproject1233,Hylaeus,hyalinatus,female,1976,,,England,Oxfordshire,Oxford,30 Cope Close,1.573,1.168,4.093,1.066,Colletidae,cavity nester,OUMNH,
IGproject1234,Hylaeus,hyalinatus,female,1976,,,England,Oxfordshire,Oxford,30 Cope Close,1.581,1.234,4.302,1.003,Colletidae,cavity nester,OUMNH,
IGproject1235,Hylaeus,hyalinatus,female,1976,,,England,Oxfordshire,Oxford,30 Cope Close,1.669,1.282,4.378,1.055,Colletidae,cavity nester,OUMNH,
IGproject1236,Hylaeus,hyalinatus,female,1976,,,England,Oxfordshire,Oxford,30 Cope Close,1.584,1.203,4.167,0.962,Colletidae,cavity nester,OUMNH,
IGproject1237,Hylaeus,hyalinatus,female,1976,,,England,Oxfordshire,Oxford,30 Cope Close,1.614,1.228,4.185,1.041,Colletidae,cavity nester,OUMNH,
IGproject1238,Hylaeus,hyalinatus,male,1989,6,4,England,Wiltshire,Swindon,,1.431,1.062,3.676,0.893,Colletidae,cavity nester,OUMNH,
IGproject1239,Hylaeus,hyalinatus,female,1941,8,2,England,Berkshire,Reading,,1.651,1.274,4.343,1.042,Colletidae,cavity nester,OUMNH,
IGproject1240,Hylaeus,hyalinatus,male,1929,6,26,England,Dorset,Portland,,1.768,1.395,4.294,1.1,Colletidae,cavity nester,OUMNH,
IGproject1241,Hylaeus,hyalinatus,female,1976,7,3,England,Devon,Dartmoor,,1.663,1.247,4.538,1.099,Colletidae,cavity nester,OUMNH,
IGproject1242,Hylaeus,hyalinatus,male,1929,6,25,England,Dorset,Weymouth,,1.727,1.288,4.508,1.15,Colletidae,cavity nester,OUMNH,
IGproject1243,Hylaeus,hyalinatus,female,1971,8,9,England,Devon,Dartmoor,Burrator Reservoir,1.747,1.298,4.599,1.102,Colletidae,cavity nester,OUMNH,
IGproject1244,Hylaeus,hyalinatus,male,1949,6,30,England,Devon,Plymouth,Plymouth Hoe,1.526,1.157,3.899,0.969,Colletidae,cavity nester,OUMNH,
IGproject1245,Hylaeus,hyalinatus,female,1972,7,25,England,Cornwall,Lizard,Chynalls Point,1.841,1.468,4.875,1.201,Colletidae,cavity nester,OUMNH,
IGproject1246,Hylaeus,hyalinatus,female,1972,7,25,England,Cornwall,Lizard,Chynalls Point,1.674,1.31,4.519,1.096,Colletidae,cavity nester,OUMNH,
IGproject1247,Hylaeus,hyalinatus,male,1929,6,26,England,Dorset,Portland,,1.525,1.114,3.931,0.948,Colletidae,cavity nester,OUMNH,
IGproject1248,Hylaeus,hyalinatus,female,1928,6,10,England,Buckinghamshire,Farnham Common,,1.656,1.242,4.428,1.078,Colletidae,cavity nester,OUMNH,
IGproject1249,Hylaeus,hyalinatus,male,1972,8,24,England,Devon,Dartmoor,Cox Tor,1.735,1.22,4.413,1.022,Colletidae,cavity nester,OUMNH,
IGproject1250,Hylaeus,hyalinatus,male,1946,6,13,England,Devon,Plymouth,Plymouth Hoe,1.631,1.167,4.143,1.028,Colletidae,cavity nester,OUMNH,
IGproject1251,Hylaeus,hyalinatus,male,1969,6,24,England,Devon,Wembury,,1.629,1.136,4.08,1.036,Colletidae,cavity nester,OUMNH,
IGproject1252,Hylaeus,hyalinatus,female,1960,7,23,England,Suffolk,Westleton,,1.653,1.263,4.638,1.092,Colletidae,cavity nester,OUMNH,
IGproject1253,Hylaeus,hyalinatus,female,1970,7,7,England,Devon,Bovey Tracey,Bovey Heathfield,1.688,1.296,4.513,1.094,Colletidae,cavity nester,OUMNH,
IGproject1254,Hylaeus,hyalinatus,female,1972,7,27,England,Cornwall,Coverack,Lowland Point,1.591,1.186,4.278,0.978,Colletidae,cavity nester,OUMNH,
IGproject1255,Hylaeus,hyalinatus,male,1975,7,11,England,Devon,Dartmouth,Coleton Fishacre,1.502,1.028,3.678,0.945,Colletidae,cavity nester,OUMNH,
IGproject1256,Hylaeus,hyalinatus,female,1929,6,26,England,Dorset,Portland,,1.668,1.261,4.501,1.105,Colletidae,cavity nester,OUMNH,
IGproject1257,Hylaeus,hyalinatus,male,1950,6,7,England,Devon,Yelverton,,1.437,1.024,3.662,0.888,Colletidae,cavity nester,OUMNH,
IGproject1258,Hylaeus,hyalinatus,male,1963,6,22,England,Dorset,Weymouth,,1.498,1.091,3.853,0.933,Colletidae,cavity nester,OUMNH,
IGproject1259,Hylaeus,hyalinatus,female,1949,7,12,England,Dorset,Weymouth,,1.674,1.318,4.494,1.092,Colletidae,cavity nester,OUMNH,
IGproject1260,Hylaeus,hyalinatus,female,1960,7,23,England,Suffolk,Westleton,,1.782,1.374,4.846,1.177,Colletidae,cavity nester,OUMNH,
IGproject1261,Hylaeus,hyalinatus,male,1974,6,20,England,Devon,Bovey Tracey,Chudleigh Knighton Heath,1.598,1.165,4.167,0.968,Colletidae,cavity nester,OUMNH,
IGproject1262,Hylaeus,hyalinatus,female,1972,7,30,England,Cornwall,Coverack,,1.719,1.364,4.631,1.113,Colletidae,cavity nester,OUMNH,
IGproject1263,Hylaeus,hyalinatus,male,1929,6,26,England,Dorset,Portland,,1.439,1.027,3.657,0.891,Colletidae,cavity nester,OUMNH,
IGproject1264,Hylaeus,hyalinatus,female,1933,7,24,England,Dorset,Swanage,South Haven Point,1.697,1.336,4.477,1.142,Colletidae,cavity nester,OUMNH,
IGproject1265,Hylaeus,hyalinatus,male,1951,7,2,England,Devon,Plymouth,,1.501,1.038,3.576,0.917,Colletidae,cavity nester,OUMNH,
IGproject1266,Hylaeus,hyalinatus,female,1910,6,14,England,Devon,Budleigh Salterton,,1.602,1.218,4.485,1.068,Colletidae,cavity nester,OUMNH,
IGproject1267,Hylaeus,hyalinatus,female,1953,9,1,England,Devon,Torquay,,1.727,1.313,4.637,1.125,Colletidae,cavity nester,OUMNH,
IGproject1268,Hylaeus,hyalinatus,male,1910,6,19,England,Devon,Budleigh Salterton,,1.77,1.36,4.506,1.105,Colletidae,cavity nester,OUMNH,
IGproject1269,Hylaeus,hyalinatus,female,1910,6,5,England,Devon,Budleigh Salterton,,1.526,1.146,4.225,1.025,Colletidae,cavity nester,OUMNH,
IGproject1270,Hylaeus,hyalinatus,female,1906,8,,England,Cornwall,Polkerris,,1.655,1.266,4.522,1.035,Colletidae,cavity nester,OUMNH,
IGproject1271,Hylaeus,hyalinatus,female,1910,6,19,England,Devon,Budleigh Salterton,,1.641,1.263,4.617,1.084,Colletidae,cavity nester,OUMNH,
IGproject1272,Hylaeus,hyalinatus,female,1910,6,19,England,Devon,Budleigh Salterton,,1.757,1.338,4.85,1.162,Colletidae,cavity nester,OUMNH,
IGproject1273,Hylaeus,hyalinatus,male,1910,6,6,England,Devon,Budleigh Salterton,,1.888,1.417,4.615,1.165,Colletidae,cavity nester,OUMNH,
IGproject1274,Hylaeus,hyalinatus,female,1901,7,,England,Cornwall,Newquay,,1.648,1.315,4.428,1.112,Colletidae,cavity nester,OUMNH,
IGproject1275,Hylaeus,hyalinatus,female,1898,7,,Wales,Gwynedd,Criccieth,,1.653,1.301,4.574,1.08,Colletidae,cavity nester,OUMNH,
IGproject1276,Hylaeus,hyalinatus,male,1898,7,,Wales,Gwynedd,Criccieth,,1.499,1.038,3.958,0.921,Colletidae,cavity nester,OUMNH,
IGproject1277,Hylaeus,hyalinatus,male,1903,7,20,England,Dorset,Lyme Regis,,1.599,1.16,4.023,0.969,Colletidae,cavity nester,OUMNH,
IGproject1278,Hylaeus,hyalinatus,male,1901,7,,England,Cornwall,Newquay,,1.65,1.203,4.1,1.016,Colletidae,cavity nester,OUMNH,
IGproject1279,Hylaeus,hyalinatus,male,1904,7,,England,Dorset,Lyme Regis,,1.432,1.045,3.937,0.929,Colletidae,cavity nester,OUMNH,
IGproject1280,Hylaeus,hyalinatus,female,1901,7,,England,Cornwall,Newquay,,1.754,1.347,4.752,1.141,Colletidae,cavity nester,OUMNH,
IGproject1281,Hylaeus,hyalinatus,male,1908,7,6,England,Dorset,Swanage,,1.708,1.255,4.186,1.024,Colletidae,cavity nester,OUMNH,
IGproject1282,Hylaeus,hyalinatus,female,1915,7,18,England,Surrey,Cobham,,1.638,1.233,4.42,1.034,Colletidae,cavity nester,OUMNH,
IGproject1283,Hylaeus,hyalinatus,male,1904,7,,England,Dorset,Lyme Regis,,1.518,1.034,3.756,0.95,Colletidae,cavity nester,OUMNH,
IGproject1284,Hylaeus,hyalinatus,female,1904,7,,England,Dorset,Lyme Regis,,1.653,1.232,4.506,1.103,Colletidae,cavity nester,OUMNH,
IGproject1285,Hylaeus,hyalinatus,male,1903,7,20,England,Dorset,Lyme Regis,,1.5,1.051,3.963,0.989,Colletidae,cavity nester,OUMNH,
IGproject1286,Hylaeus,hyalinatus,female,1928,8,27,England,Norfolk,Horning,,1.747,1.246,5.191,1.184,Colletidae,cavity nester,OUMNH,
IGproject1287,Hylaeus,hyalinatus,female,1922,8,8,England,Oxfordshire,Tubney,,1.695,1.306,4.584,1.067,Colletidae,cavity nester,OUMNH,
IGproject1288,Hylaeus,hyalinatus,female,1922,8,15,England,Oxfordshire,Stanton Harcourt,,1.581,1.24,4.601,1.023,Colletidae,cavity nester,OUMNH,
IGproject1289,Hylaeus,hyalinatus,female,1922,8,8,England,Oxfordshire,Tubney,,1.565,1.236,4.63,1.028,Colletidae,cavity nester,OUMNH,
IGproject1290,Hylaeus,hyalinatus,male,1992,6,14,England,Devon,,Prawle Point,1.64,1.152,4.103,0.987,Colletidae,cavity nester,OUMNH,
IGproject1291,Hylaeus,hyalinatus,male,1992,6,14,England,Devon,,Prawle Point,1.607,1.131,4.012,1.013,Colletidae,cavity nester,OUMNH,
IGproject1292,Hylaeus,hyalinatus,male,1988,7,20,Wales,Pembrokeshire,Stackpole,,1.634,1.156,3.909,1.024,Colletidae,cavity nester,OUMNH,
IGproject1293,Hylaeus,hyalinatus,male,1989,6,15,England,Devon,Braunton,Braunton Burrows,1.602,1.266,4.115,1.024,Colletidae,cavity nester,OUMNH,
IGproject1294,Hylaeus,hyalinatus,female,1992,6,7,England,Oxfordshire,Oxford,,1.637,1.248,4.364,1.019,Colletidae,cavity nester,OUMNH,
IGproject1295,Hylaeus,hyalinatus,female,1984,7,13,England,Kent,,Lydd Ranges,1.553,1.15,3.909,0.988,Colletidae,cavity nester,OUMNH,
IGproject1296,Hylaeus,hyalinatus,female,1984,7,13,England,Kent,,Lydd Ranges,1.726,1.315,4.514,1.09,Colletidae,cavity nester,OUMNH,
IGproject1297,Hylaeus,hyalinatus,female,1984,7,13,England,Kent,,Lydd Ranges,1.563,1.182,4.101,1.017,Colletidae,cavity nester,OUMNH,
IGproject1298,Hylaeus,hyalinatus,male,1984,7,13,England,Kent,,Lydd Ranges,1.346,0.911,3.288,0.821,Colletidae,cavity nester,OUMNH,
IGproject1299,Hylaeus,hyalinatus,male,1984,7,13,England,Kent,,Lydd Ranges,1.478,0.99,3.647,0.899,Colletidae,cavity nester,OUMNH,
IGproject1300,Hylaeus,hyalinatus,female,1984,7,13,England,Kent,,Lydd Ranges,1.678,1.264,4.354,0.979,Colletidae,cavity nester,OUMNH,
IGproject1301,Hylaeus,communis,male,1904,7,,England,Dorset,Lyme Regis,,1.41,1.035,4.06,0.924,Colletidae,cavity nester,OUMNH,
IGproject1302,Hylaeus,communis,female,1915,6,,England,Cambridgeshire,Wicken,,1.68,1.309,4.922,1.057,Colletidae,cavity nester,OUMNH,
IGproject1303,Hylaeus,communis,male,1904,7,,England,Dorset,Lyme Regis,,1.488,1.03,4.164,0.906,Colletidae,cavity nester,OUMNH,
IGproject1304,Hylaeus,communis,male,1904,7,,England,Dorset,Lyme Regis,,1.437,1.087,4.034,0.894,Colletidae,cavity nester,OUMNH,
IGproject1305,Hylaeus,communis,male,1953,6,26,England,Devon,Braunton,Braunton Burrows,1.623,1.262,4.689,1.03,Colletidae,cavity nester,OUMNH,
IGproject1306,Hylaeus,communis,female,1905,7,23,England,Dorset,Lyme Regis,,1.611,1.232,4.748,0.996,Colletidae,cavity nester,OUMNH,
IGproject1307,Hylaeus,communis,female,1897,7,20,England,Berkshire,Reading,Sulhamstead Park,1.615,1.369,4.695,1.036,Colletidae,cavity nester,OUMNH,
IGproject1308,Hylaeus,communis,female,1897,8,7,England,Berkshire,Reading,Sulhamstead Park,1.677,1.323,4.568,1.145,Colletidae,cavity nester,OUMNH,
IGproject1309,Hylaeus,communis,female,1902,8,27,England,Norfolk,Wroxham,,1.514,1.138,4.263,0.941,Colletidae,cavity nester,OUMNH,
IGproject1310,Hylaeus,communis,female,1902,8,27,England,Norfolk,Wroxham,,1.543,1.158,4.425,1.004,Colletidae,cavity nester,OUMNH,
IGproject1311,Hylaeus,communis,female,1902,8,27,England,Norfolk,Wroxham,,1.622,1.235,4.592,1.006,Colletidae,cavity nester,OUMNH,
IGproject1312,Hylaeus,communis,female,1902,9,5,England,Norfolk,Wroxham,,1.822,1.278,5.303,1.192,Colletidae,cavity nester,OUMNH,
IGproject1313,Hylaeus,communis,female,1953,8,6,England,Devon,Bovey Tracey,Chudleigh Knighton Heath,1.559,1.201,4.371,0.987,Colletidae,cavity nester,OUMNH,
IGproject1314,Hylaeus,communis,female,1948,7,17,England,Dorset,Witchampton,,1.692,1.357,5.052,1.096,Colletidae,cavity nester,OUMNH,
IGproject1315,Hylaeus,communis,female,1948,8,31,England,Oxfordshire,Oxford,Hinksey,1.685,1.344,5.015,1.069,Colletidae,cavity nester,OUMNH,
IGproject1316,Hylaeus,communis,female,1942,8,9,England,Berkshire,Calcot,,1.635,1.247,4.571,0.994,Colletidae,cavity nester,OUMNH,
IGproject1317,Hylaeus,communis,male,1941,8,2,England,Berkshire,Calcot,,1.55,1.17,4.14,0.917,Colletidae,cavity nester,OUMNH,
IGproject1318,Hylaeus,communis,female,1942,8,6,England,Berkshire,Calcot,,1.616,1.287,4.736,1.063,Colletidae,cavity nester,OUMNH,
IGproject1319,Hylaeus,communis,female,1942,9,2,England,Berkshire,Calcot,,1.664,1.312,4.711,1.074,Colletidae,cavity nester,OUMNH,
IGproject1320,Hylaeus,communis,male,1976,,,England,Oxfordshire,Oxford,30 Cope Close,1.517,1.142,4.212,0.916,Colletidae,cavity nester,OUMNH,
IGproject1321,Hylaeus,communis,female,1978,8,19,England,Oxfordshire,Abingdon,Dry Sandford Pit,1.482,1.117,4.266,0.949,Colletidae,cavity nester,OUMNH,
IGproject1322,Hylaeus,communis,male,1976,,,England,Oxfordshire,Oxford,30 Cope Close,1.437,1.053,3.946,0.904,Colletidae,cavity nester,OUMNH,
IGproject1323,Hylaeus,communis,male,1976,,,England,Oxfordshire,Oxford,30 Cope Close,1.397,0.992,3.821,0.885,Colletidae,cavity nester,OUMNH,
IGproject1324,Hylaeus,communis,female,1976,,,England,Oxfordshire,Oxford,30 Cope Close,1.692,1.322,4.61,1.093,Colletidae,cavity nester,OUMNH,
IGproject1325,Hylaeus,communis,female,1976,,,England,Oxfordshire,Oxford,30 Cope Close,1.526,1.186,4.527,0.961,Colletidae,cavity nester,OUMNH,
IGproject1326,Hylaeus,communis,female,1968,9,7,England,Hertfordshire,Harpenden,Hatching Green,1.53,1.178,4.6,0.987,Colletidae,cavity nester,OUMNH,
IGproject1327,Hylaeus,communis,female,1968,8,12,England,Hertfordshire,,Gustard Wood,1.671,1.328,4.87,1.095,Colletidae,cavity nester,OUMNH,
IGproject1328,Hylaeus,communis,male,1968,7,24,England,Hertfordshire,Harpenden,Rothamsted Lodge,1.376,0.969,3.838,0.815,Colletidae,cavity nester,OUMNH,
IGproject1329,Hylaeus,communis,male,1969,6,11,England,Hertfordshire,Harpenden,Hatching Green,1.358,0.926,3.541,0.821,Colletidae,cavity nester,OUMNH,
IGproject1330,Hylaeus,communis,male,1930,7,5,England,Dorset,Dorchester,Oakerswood,1.512,1.148,4.277,0.924,Colletidae,cavity nester,OUMNH,
IGproject1331,Hylaeus,communis,male,1989,6,24,England,Wiltshire,Swindon,,1.508,1.086,4.367,0.961,Colletidae,cavity nester,OUMNH,
IGproject1332,Hylaeus,communis,male,1989,5,19,England,Wiltshire,Swindon,Coate Water Country Park,1.468,1.101,4.107,0.932,Colletidae,cavity nester,OUMNH,
IGproject1333,Hylaeus,communis,female,1989,6,24,England,Wiltshire,Swindon,,1.707,1.37,4.865,1.064,Colletidae,cavity nester,OUMNH,
IGproject1334,Hylaeus,communis,female,1989,6,24,England,Wiltshire,Swindon,,1.561,1.218,4.44,0.977,Colletidae,cavity nester,OUMNH,
IGproject1335,Hylaeus,communis,male,1987,6,14,England,Kent,Aylesford,,1.62,1.25,4.567,1.016,Colletidae,cavity nester,OUMNH,
IGproject1336,Hylaeus,communis,female,1984,8,18,England,Kent,Penden Heath,,1.521,1.164,4.424,0.939,Colletidae,cavity nester,OUMNH,
IGproject1337,Hylaeus,communis,male,1986,7,6,England,Kent,Shadoxhurst,Stone Wood,1.414,0.999,4.025,0.864,Colletidae,cavity nester,OUMNH,
IGproject1338,Hylaeus,communis,male,1995,7,8,Wales,Cardiff,Cardiff,,1.433,1.133,4.176,0.906,Colletidae,cavity nester,OUMNH,
IGproject1339,Hylaeus,communis,male,1995,7,8,Wales,Cardiff,Cardiff,,1.539,1.155,4.305,0.916,Colletidae,cavity nester,OUMNH,
IGproject1340,Hylaeus,communis,male,1992,6,27,England,Wiltshire,Cricklade,,1.684,1.293,4.432,0.992,Colletidae,cavity nester,OUMNH,
IGproject1341,Hylaeus,communis,female,2007,6,6,England,Surrey,Woking,Stickledown,1.702,1.331,4.788,1.091,Colletidae,cavity nester,OUMNH,
IGproject1342,Hylaeus,communis,male,1992,7,4,England,Oxfordshire,,Lashford Lane Fen,1.379,0.988,3.825,0.828,Colletidae,cavity nester,OUMNH,
IGproject1343,Hylaeus,communis,male,1992,7,15,England,Devon,,Hellingly Country Park,1.325,0.956,3.759,0.825,Colletidae,cavity nester,OUMNH,
IGproject1344,Hylaeus,communis,female,1990,6,16,England,Wiltshire,Swindon,,1.709,1.299,4.49,1.109,Colletidae,cavity nester,OUMNH,
IGproject1345,Hylaeus,communis,female,1988,8,6,England,Wiltshire,Swindon,,1.571,1.15,4.525,1.016,Colletidae,cavity nester,OUMNH,
IGproject1346,Hylaeus,communis,female,1988,8,6,England,Wiltshire,Swindon,,1.72,1.398,4.975,1.104,Colletidae,cavity nester,OUMNH,
IGproject1347,Hylaeus,communis,female,1991,8,3,England,Oxfordshire,Shellingford,,2.087,1.685,5.554,1.346,Colletidae,cavity nester,OUMNH,
IGproject1348,Hylaeus,communis,male,1989,7,20,England,Wiltshire,Swindon,,1.854,1.522,5.13,1.288,Colletidae,cavity nester,OUMNH,
IGproject1349,Hylaeus,communis,male,1992,6,14,England,Devon,,Prawle Point,1.427,1.097,4.194,0.869,Colletidae,cavity nester,OUMNH,
IGproject1350,Hylaeus,communis,male,1902,6,26,England,Kent,Faversham,Huntingfield,1.554,1.106,4.281,0.929,Colletidae,cavity nester,OUMNH,
IGproject1351,Hylaeus,communis,male,1902,8,12,England,Kent,Faversham,Huntingfield,1.429,0.985,3.974,0.893,Colletidae,cavity nester,OUMNH,
IGproject1352,Hylaeus,communis,male,1902,8,14,England,Kent,Faversham,Huntingfield,1.507,1.057,4.113,0.935,Colletidae,cavity nester,OUMNH,
IGproject1353,Hylaeus,communis,male,1902,8,3,England,Kent,Faversham,Huntingfield,1.472,1.058,4.039,0.885,Colletidae,cavity nester,OUMNH,
IGproject1354,Hylaeus,communis,male,1904,8,,England,Kent,Faversham,Huntingfield,1.421,1.025,3.788,0.78,Colletidae,cavity nester,OUMNH,
IGproject1355,Hylaeus,communis,male,1906,6,,England,Cambridgeshire,Wicken,Wicken Fen,1.461,1.085,4.165,0.922,Colletidae,cavity nester,OUMNH,
IGproject1356,Hylaeus,communis,female,1903,8,3,England,Kent,Faversham,Huntingfield,1.469,1.12,4.335,0.942,Colletidae,cavity nester,OUMNH,
IGproject1357,Hylaeus,communis,female,1902,8,3,England,Kent,Faversham,Huntingfield,1.569,1.218,4.516,0.976,Colletidae,cavity nester,OUMNH,
IGproject1358,Hylaeus,communis,female,1902,8,4,England,Kent,Faversham,Huntingfield,1.533,1.138,4.472,0.954,Colletidae,cavity nester,OUMNH,
IGproject1359,Hylaeus,communis,female,1901,8,4,England,Kent,Faversham,Huntingfield,1.674,1.291,4.661,1.07,Colletidae,cavity nester,OUMNH,
IGproject1360,Hylaeus,communis,female,1902,8,16,England,Kent,Faversham,Huntingfield,1.482,1.111,4.213,0.931,Colletidae,cavity nester,OUMNH,
IGproject1361,Nomada,goodeniana,female,1942,6,20,England,Berkshire,Calcot,,3.039,1.981,9.408,2.665,Apidae,kleptoparasite,OUMNH,
IGproject1362,Nomada,goodeniana,female,1942,6,20,England,Berkshire,Calcot,,3.009,1.933,9.15,2.477,Apidae,kleptoparasite,OUMNH,
IGproject1363,Nomada,goodeniana,female,1942,6,20,England,Berkshire,Calcot,,3.094,2.146,9.664,2.8,Apidae,kleptoparasite,OUMNH,
IGproject1364,Nomada,goodeniana,female,1942,6,20,England,Berkshire,Calcot,,2.671,1.641,8.252,2.311,Apidae,kleptoparasite,OUMNH,
IGproject1365,Nomada,goodeniana,female,1942,6,24,England,Berkshire,Calcot,,2.61,1.51,7.715,2.333,Apidae,kleptoparasite,OUMNH,
IGproject1366,Nomada,goodeniana,female,1942,6,24,England,Berkshire,Calcot,,3.051,1.958,8.939,2.636,Apidae,kleptoparasite,OUMNH,
IGproject1367,Nomada,goodeniana,female,1942,6,24,England,Berkshire,Calcot,,3.074,2.008,9.321,2.653,Apidae,kleptoparasite,OUMNH,
IGproject1368,Nomada,goodeniana,male,2000,4,,England,Essex,Colne Engaine,,2.624,1.689,8.252,2.35,Apidae,kleptoparasite,OUMNH,
IGproject1369,Nomada,goodeniana,female,1942,4,2,England,Berkshire,Calcot,,2.886,1.825,8.6,2.512,Apidae,kleptoparasite,OUMNH,
IGproject1370,Nomada,goodeniana,female,1942,5,31,England,Berkshire,Calcot,,3.097,2.086,9.751,2.796,Apidae,kleptoparasite,OUMNH,
IGproject1371,Nomada,goodeniana,female,1942,5,30,England,Berkshire,Calcot,,3.085,1.979,9.312,2.774,Apidae,kleptoparasite,OUMNH,
IGproject1372,Nomada,goodeniana,female,1902,6,22,England,Kent,Charing,,3.125,2.105,9.379,2.671,Apidae,kleptoparasite,OUMNH,
IGproject1373,Nomada,goodeniana,female,1893,5,,England,Gloucestershire,Dodington,,3.079,1.98,9.282,2.841,Apidae,kleptoparasite,OUMNH,
IGproject1374,Nomada,goodeniana,male,1991,5,22,England,Hampshire,Bramshaw,,2.654,1.676,8.171,2.218,Apidae,kleptoparasite,OUMNH,
IGproject1375,Nomada,goodeniana,male,1991,4,27,England,Somerset,Winford,,2.699,1.776,8.417,2.344,Apidae,kleptoparasite,OUMNH,
IGproject1376,Nomada,goodeniana,male,1991,4,27,England,Somerset,Winford,,2.423,1.522,7.601,2.132,Apidae,kleptoparasite,OUMNH,
IGproject1377,Nomada,goodeniana,female,1991,4,27,England,Somerset,Winford,,3.185,2.108,9.697,2.805,Apidae,kleptoparasite,OUMNH,
IGproject1378,Nomada,goodeniana,female,1991,6,16,England,Devon,Lynmouth,,2.966,2.018,9.145,2.552,Apidae,kleptoparasite,OUMNH,
IGproject1379,Nomada,goodeniana,female,1942,4,2,England,Berkshire,Calcot,,2.978,1.939,8.824,2.697,Apidae,kleptoparasite,OUMNH,
IGproject1380,Nomada,goodeniana,female,1991,5,4,England,Oxfordshire,,,2.594,1.655,7.906,2.213,Apidae,kleptoparasite,OUMNH,
IGproject1381,Nomada,goodeniana,male,1991,4,27,England,Devon,Winford,,2.542,1.66,8.122,2.36,Apidae,kleptoparasite,OUMNH,
IGproject1382,Nomada,goodeniana,female,1991,4,26,England,Devon,Croyde,,3.12,2.166,9.509,2.821,Apidae,kleptoparasite,OUMNH,
IGproject1383,Nomada,goodeniana,female,1991,4,26,England,Devon,Croyde,,3.224,2.17,9.894,2.808,Apidae,kleptoparasite,OUMNH,
IGproject1384,Nomada,goodeniana,female,1991,4,27,England,Devon,Arlington,Arlington Court,2.793,1.805,8.856,2.521,Apidae,kleptoparasite,OUMNH,
IGproject1385,Nomada,goodeniana,male,1991,4,27,England,Devon,Arlington,Arlington Court,2.541,1.548,7.754,2.25,Apidae,kleptoparasite,OUMNH,
IGproject1386,Nomada,goodeniana,male,1991,5,22,England,Hampshire,Bramshaw,,2.942,1.885,8.687,2.459,Apidae,kleptoparasite,OUMNH,
IGproject1387,Nomada,goodeniana,male,1991,5,27,England,Devon,Winford,,2.765,1.82,8.788,2.483,Apidae,kleptoparasite,OUMNH,
IGproject1388,Nomada,goodeniana,male,1991,4,27,England,Devon,Arlington,Arlington Court,2.659,1.659,8.476,2.214,Apidae,kleptoparasite,OUMNH,
IGproject1389,Nomada,goodeniana,male,1991,4,27,England,Devon,Winford,,3.017,2.059,9.079,2.637,Apidae,kleptoparasite,OUMNH,
IGproject1390,Nomada,goodeniana,female,1904,5,25,England,Kent,Faversham,Huntingfield,2.591,1.614,7.839,2.366,Apidae,kleptoparasite,OUMNH,
IGproject1391,Nomada,goodeniana,male,1898,,,England,Gloucestershire,Dodington,,2.372,1.45,7.134,2.097,Apidae,kleptoparasite,OUMNH,
IGproject1392,Nomada,goodeniana,female,1897,,,England,Gloucestershire,Dodington,,2.771,1.668,8.443,2.455,Apidae,kleptoparasite,OUMNH,
IGproject1393,Nomada,goodeniana,female,1905,5,14,England,Kent,Faversham,Huntingfield,2.78,1.756,8.531,2.511,Apidae,kleptoparasite,OUMNH,
IGproject1394,Nomada,goodeniana,female,1900,4,,England,Kent,Faversham,Huntingfield,3.052,2.04,9.182,2.693,Apidae,kleptoparasite,OUMNH,
IGproject1395,Nomada,goodeniana,female,1904,5,20,England,Kent,Faversham,Huntingfield,2.782,1.81,8.452,2.461,Apidae,kleptoparasite,OUMNH,
IGproject1396,Nomada,goodeniana,female,1896,,,England,Gloucestershire,Dodington,,3.063,2.086,9.122,2.712,Apidae,kleptoparasite,OUMNH,
IGproject1397,Nomada,goodeniana,female,1900,,,England,Kent,Faversham,,3.08,1.95,9.22,2.665,Apidae,kleptoparasite,OUMNH,
IGproject1398,Nomada,goodeniana,male,1899,,,England,Devon,Sidmouth,,2.576,1.617,8.12,2.297,Apidae,kleptoparasite,OUMNH,
IGproject1399,Nomada,goodeniana,female,1899,4,,England,Devon,Sidmouth,,3.13,2.122,9.395,2.767,Apidae,kleptoparasite,OUMNH,
IGproject1400,Nomada,goodeniana,female,1896,,,England,Gloucestershire,Dodington,,3.093,2.191,9.364,2.733,Apidae,kleptoparasite,OUMNH,
IGproject1401,Nomada,goodeniana,female,1896,,,England,Gloucestershire,Dodington,,3.002,2.008,8.834,2.63,Apidae,kleptoparasite,OUMNH,
IGproject1402,Nomada,goodeniana,male,1899,4,,England,Devon,Sidmouth,,2.53,1.692,7.857,2.243,Apidae,kleptoparasite,OUMNH,
IGproject1403,Nomada,goodeniana,male,1896,,,England,Gloucestershire,Dodington,,2.835,1.833,8.858,2.526,Apidae,kleptoparasite,OUMNH,
IGproject1404,Nomada,goodeniana,male,1896,,,England,Gloucestershire,Dodington,,3.082,2.136,9.795,2.643,Apidae,kleptoparasite,OUMNH,
IGproject1405,Nomada,goodeniana,male,1896,,,England,Gloucestershire,Dodington,,3.06,1.938,9.57,2.657,Apidae,kleptoparasite,OUMNH,
IGproject1406,Nomada,goodeniana,female,1899,,,England,Devon,Sidmouth,,2.533,1.49,7.72,2.122,Apidae,kleptoparasite,OUMNH,
IGproject1407,Nomada,goodeniana,female,1899,,,England,Devon,Sidmouth,,2.774,1.696,8.415,2.464,Apidae,kleptoparasite,OUMNH,
IGproject1408,Nomada,goodeniana,male,1900,5,27,England,Oxfordshire,Boars Hill,,3.118,2.067,9.319,2.813,Apidae,kleptoparasite,OUMNH,
IGproject1409,Nomada,goodeniana,female,1941,6,2,England,Hampshire,Burley,,3.239,2.146,9.525,2.894,Apidae,kleptoparasite,OUMNH,
IGproject1410,Nomada,goodeniana,male,1937,5,4,England,Greater London,London,Wimbledon,3.036,2.002,9.268,2.526,Apidae,kleptoparasite,OUMNH,
IGproject1411,Nomada,goodeniana,female,1937,5,4,England,Greater London,London,Wimbledon,2.982,1.999,9.12,2.646,Apidae,kleptoparasite,OUMNH,
IGproject1412,Nomada,goodeniana,female,1937,5,4,England,Greater London,London,Wimbledon,3.239,2.149,9.96,2.935,Apidae,kleptoparasite,OUMNH,
IGproject1413,Nomada,goodeniana,male,1937,5,4,England,Greater London,London,Wimbledon,2.618,1.54,7.976,2.311,Apidae,kleptoparasite,OUMNH,
IGproject1414,Nomada,goodeniana,male,1937,5,4,England,Greater London,London,Wimbledon,2.742,1.766,8.413,2.468,Apidae,kleptoparasite,OUMNH,
IGproject1415,Nomada,goodeniana,male,1941,4,17,England,Oxfordshire,Hardwick,,2.275,1.286,6.984,2.004,Apidae,kleptoparasite,OUMNH,
IGproject1416,Nomada,goodeniana,female,1939,6,10,England,Somerset,Bath,,2.824,1.7731,8.375,2.505,Apidae,kleptoparasite,OUMNH,
IGproject1417,Nomada,goodeniana,male,1941,5,4,England,Berkshire,Padworth,,2.47,1.509,7.673,2.231,Apidae,kleptoparasite,OUMNH,
IGproject1418,Nomada,goodeniana,male,1941,5,4,England,Berkshire,Padworth,,2.366,1.423,7.257,2.053,Apidae,kleptoparasite,OUMNH,
IGproject1419,Nomada,goodeniana,male,1941,5,4,England,Berkshire,Padworth,,3.111,1.968,9.338,2.596,Apidae,kleptoparasite,OUMNH,
IGproject1420,Nomada,goodeniana,male,1941,5,4,England,Berkshire,Padworth,,2.592,1.498,7.981,2.236,Apidae,kleptoparasite,OUMNH,
IGproject1421,Nomada,goodeniana,male,1941,5,4,England,Berkshire,Padworth,,3.054,2.094,9.367,2.522,Apidae,kleptoparasite,OUMNH,
IGproject1422,Nomada,goodeniana,male,1941,5,4,England,Berkshire,Padworth,,2.806,1.806,8.561,2.438,Apidae,kleptoparasite,OUMNH,
IGproject1423,Nomada,goodeniana,male,1976,5,4,England,Derbyshire,Unstone,,3.02,2.117,9.478,2.605,Apidae,kleptoparasite,OUMNH,
IGproject1424,Nomada,goodeniana,male,1964,5,19,Wales,Conwy,Llandudno,,2.962,1.87,9.315,2.515,Apidae,kleptoparasite,OUMNH,
IGproject1425,Nomada,goodeniana,female,2007,4,16,England,Surrey,Reigate,Reigate Heath,2.684,1.768,7.961,2.428,Apidae,kleptoparasite,OUMNH,
IGproject1426,Lasioglossum,fulvicorne,female,1991,5,27,England,Wiltshire,Wroughton,Clouts Wood,1.734,1.247,5.317,1.447,Halictidae,excavator,OUMNH,
IGproject1427,Lasioglossum,fulvicorne,female,1991,6,22,England,Gloucestershire,Coombe,,1.76,1.215,5.21,1.39,Halictidae,excavator,OUMNH,
IGproject1428,Lasioglossum,fulvicorne,female,1991,6,22,England,Gloucestershire,Coombe,,1.871,1.314,5.458,1.4,Halictidae,excavator,OUMNH,
IGproject1429,Lasioglossum,fulvicorne,male,1942,7,31,England,West Sussex,Arundel,,1.728,1.193,5.018,1.232,Halictidae,excavator,OUMNH,
IGproject1430,Lasioglossum,fulvicorne,female,1974,5,7,England,Oxfordshire,Oxford,Wytham,1.763,1.323,5.412,1.429,Halictidae,excavator,OUMNH,
IGproject1431,Lasioglossum,fulvicorne,female,1974,5,7,England,Oxfordshire,Oxford,Wytham,1.794,1.31,5.414,1.424,Halictidae,excavator,OUMNH,
IGproject1432,Lasioglossum,fulvicorne,female,1949,8,20,England,Northamptonshire,Newbottle,,1.922,1.397,5.617,1.472,Halictidae,excavator,OUMNH,
IGproject1433,Lasioglossum,fulvicorne,male,1991,9,7,England,Gloucestershire,Fairford,Whelford Pool,1.761,1.246,5.54,1.344,Halictidae,excavator,OUMNH,
IGproject1434,Lasioglossum,fulvicorne,female,1991,6,29,England,Gloucestershire,Stroud,Bull Banks Lake,1.93,1.432,5.652,1.469,Halictidae,excavator,OUMNH,
IGproject1435,Lasioglossum,fulvicorne,female,1915,5,21,England,Devon,Brixham,,1.862,1.368,5.396,1.465,Halictidae,excavator,OUMNH,
IGproject1436,Lasioglossum,fulvicorne,female,1991,6,22,England,Gloucestershire,Coombe,,1.78,1.287,5.228,1.395,Halictidae,excavator,OUMNH,
IGproject1437,Lasioglossum,fulvicorne,female,1904,7,6,England,Dorset,Lyme Regis,,1.531,1.156,4.704,1.168,Halictidae,excavator,OUMNH,
IGproject1438,Lasioglossum,fulvicorne,female,1958,6,25,England,Dorset,Witchampton,,1.816,1.43,5.52,1.334,Halictidae,excavator,OUMNH,
IGproject1439,Lasioglossum,fulvicorne,female,1904,5,1,England,Gloucestershire,Horsley,,1.756,1.259,5.255,1.327,Halictidae,excavator,OUMNH,
IGproject1440,Lasioglossum,fulvicorne,female,1913,5,16,England,Devon,Newton Abbot,,1.81,1.364,5.449,1.388,Halictidae,excavator,OUMNH,
IGproject1441,Lasioglossum,fulvicorne,female,1904,5,1,England,Gloucestershire,Horsley,,1.766,1.288,5.288,1.384,Halictidae,excavator,OUMNH,
IGproject1442,Lasioglossum,fulvicorne,female,1904,8,24,England,Surrey,Reigate,,1.624,1.153,4.913,1.298,Halictidae,excavator,OUMNH,
IGproject1443,Lasioglossum,fulvicorne,female,1915,4,30,England,Devon,Brixham,,1.813,1.359,5.415,1.455,Halictidae,excavator,OUMNH,
IGproject1444,Lasioglossum,fulvicorne,female,1903,7,26,England,Dorset,Lyme Regis,,1.875,1.34,5.502,1.526,Halictidae,excavator,OUMNH,
IGproject1445,Lasioglossum,fulvicorne,female,1916,4,26,England,Devon,Brixham,,1.92,1.502,5.705,1.527,Halictidae,excavator,OUMNH,
IGproject1446,Lasioglossum,fulvicorne,female,1915,4,30,England,Devon,Brixham,,1.785,1.302,5.323,1.415,Halictidae,excavator,OUMNH,
IGproject1447,Lasioglossum,fulvicorne,female,1919,4,23,England,Devon,Brixham,Churston Ferrers,1.776,1.243,5.23,1.401,Halictidae,excavator,OUMNH,
IGproject1448,Lasioglossum,fulvicorne,female,1916,4,26,England,Devon,Brixham,,1.863,1.386,5.782,1.405,Halictidae,excavator,OUMNH,
IGproject1449,Lasioglossum,fulvicorne,female,1905,9,4,England,Kent,Faversham,Huntingfield,1.745,1.35,5.117,1.459,Halictidae,excavator,OUMNH,
IGproject1450,Lasioglossum,fulvicorne,female,1905,9,19,England,Kent,Faversham,Huntingfield,1.793,1.287,5.254,1.372,Halictidae,excavator,OUMNH,
IGproject1451,Lasioglossum,fulvicorne,female,1902,5,22,England,Kent,Faversham,Huntingfield,1.823,1.357,5.316,1.449,Halictidae,excavator,OUMNH,
IGproject1452,Lasioglossum,fulvicorne,female,1900,,,England,Kent,Faversham,Huntingfield,1.801,1.297,5.313,1.38,Halictidae,excavator,OUMNH,
IGproject1453,Lasioglossum,fulvicorne,female,1900,5,1,England,Surrey,,,1.964,1.59,6.048,1.57,Halictidae,excavator,OUMNH,
IGproject1454,Lasioglossum,fulvicorne,male,1901,7,7,England,Kent,Faversham,Huntingfield,1.716,1.222,5.17,1.228,Halictidae,excavator,OUMNH,
IGproject1455,Lasioglossum,fulvicorne,male,1894,,,England,Gloucestershire,Dodington,,1.817,1.238,5.192,1.258,Halictidae,excavator,OUMNH,
IGproject1456,Lasioglossum,fulvicorne,male,1894,8,,England,Gloucestershire,Dodington,,1.579,1.109,4.593,1.115,Halictidae,excavator,OUMNH,
IGproject1457,Lasioglossum,fulvicorne,male,1902,8,8,England,Kent,Faversham,Huntingfield,1.699,1.182,4.907,1.254,Halictidae,excavator,OUMNH,
IGproject1458,Lasioglossum,fulvicorne,male,1894,8,,England,Gloucestershire,Dodington,,1.568,1.013,4.688,1.121,Halictidae,excavator,OUMNH,
IGproject1459,Lasioglossum,fulvicorne,male,1894,,,England,Gloucestershire,Dodington,,1.719,1.165,5.144,1.229,Halictidae,excavator,OUMNH,
IGproject1460,Lasioglossum,fulvicorne,male,1894,,,England,Gloucestershire,Dodington,,1.637,1.033,4.709,1.148,Halictidae,excavator,OUMNH,
IGproject1461,Lasioglossum,fulvicorne,male,1901,9,3,England,Kent,Faversham,Huntingfield,1.829,1.357,5.416,1.295,Halictidae,excavator,OUMNH,
IGproject1462,Lasioglossum,fulvicorne,male,1894,,,England,Gloucestershire,Dodington,,1.754,1.218,5.113,1.27,Halictidae,excavator,OUMNH,
IGproject1463,Lasioglossum,fulvicorne,male,1901,8,19,England,Kent,Faversham,Huntingfield,1.682,1.171,5.037,1.187,Halictidae,excavator,OUMNH,
IGproject1464,Lasioglossum,fulvicorne,male,1893,,,England,Gloucestershire,Dodington,,1.694,1.21,5.008,1.194,Halictidae,excavator,OUMNH,
IGproject1465,Lasioglossum,fulvicorne,male,1894,,,England,Gloucestershire,Dodington,,1.708,1.192,5.192,1.281,Halictidae,excavator,OUMNH,
IGproject1466,Lasioglossum,fulvicorne,male,1901,7,7,England,Kent,Faversham,Huntingfield,1.764,1.256,5.006,1.202,Halictidae,excavator,OUMNH,
IGproject1467,Lasioglossum,fulvicorne,male,1922,7,24,England,Surrey,Tadworth,Box Hill,1.879,1.38,5.666,1.315,Halictidae,excavator,OUMNH,
IGproject1468,Lasioglossum,fulvicorne,male,1921,8,1,England,Oxfordshire,Aston Rowant,,1.844,1.309,5.553,1.364,Halictidae,excavator,OUMNH,
IGproject1469,Lasioglossum,fulvicorne,male,1904,8,,England,Kent,Faversham,Huntingfield,1.711,1.199,4.958,1.247,Halictidae,excavator,OUMNH,
IGproject1470,Lasioglossum,fulvicorne,male,1903,8,8,England,Kent,Blean,,1.782,1.283,5.15,1.244,Halictidae,excavator,OUMNH,
IGproject1471,Lasioglossum,fulvicorne,male,1900,,,England,Kent,Faversham,Huntingfield,1.706,1.155,4.841,1.184,Halictidae,excavator,OUMNH,
IGproject1472,Lasioglossum,fulvicorne,male,1915,7,15,England,Devon,Brixham,,1.857,1.338,5.722,1.356,Halictidae,excavator,OUMNH,
IGproject1473,Lasioglossum,fulvicorne,male,1902,8,30,England,Kent,Faversham,Huntingfield,1.724,1.177,5.147,1.278,Halictidae,excavator,OUMNH,
IGproject1474,Lasioglossum,fulvicorne,male,1901,9,3,England,Kent,Faversham,Huntingfield,1.769,1.282,5.308,1.326,Halictidae,excavator,OUMNH,
IGproject1475,Lasioglossum,fulvicorne,female,1991,6,22,England,Gloucestershire,Coombe,,1.839,1.326,5.253,1.424,Halictidae,excavator,OUMNH,
IGproject1476,Lasioglossum,fulvicorne,male,2007,8,8,England,Surrey,Walton-on-Thames,,1.957,1.332,5.594,1.426,Halictidae,excavator,OUMNH,
IGproject1477,Lasioglossum,fulvicorne,female,1989,7,21,England,Greater London,London,Selsdon Wood,1.848,1.35,5.375,1.459,Halictidae,excavator,OUMNH,
IGproject1478,Lasioglossum,fulvicorne,female,1940,4,21,England,Oxfordshire,Oxford,Wytham,1.843,1.347,5.221,1.414,Halictidae,excavator,OUMNH,
IGproject1479,Lasioglossum,fulvicorne,male,1968,9,7,England,Bedfordshire,Whipsnade,Bison Hill,1.794,1.286,5.266,1.239,Halictidae,excavator,OUMNH,
IGproject1480,Lasioglossum,fulvicorne,male,1968,9,7,England,Bedfordshire,Whipsnade,Bison Hill,1.658,1.169,5.005,1.252,Halictidae,excavator,OUMNH,
IGproject1481,Lasioglossum,fulvicorne,male,1968,9,7,England,Bedfordshire,Hitchin,Pegsdon,1.876,1.278,5.532,1.352,Halictidae,excavator,OUMNH,
IGproject1482,Lasioglossum,fulvicorne,male,1968,9,7,England,Bedfordshire,Whipsnade,Bison Hill,1.787,1.308,5.198,1.147,Halictidae,excavator,OUMNH,
IGproject1483,Lasioglossum,fulvicorne,male,1968,9,7,England,Bedfordshire,Whipsnade,Bison Hill,1.782,1.315,5.304,1.29,Halictidae,excavator,OUMNH,
IGproject1484,Sphecodes,geoffrellus,female,1976,,,England,Oxfordshire,Oxford,30 Cope Close,1.506,0.935,4.053,1.053,Halictidae,kleptoparasite,OUMNH,
IGproject1485,Sphecodes,geoffrellus,male,1976,,,England,Oxfordshire,Oxford,30 Cope Close,1.471,0.919,3.752,0.983,Halictidae,kleptoparasite,OUMNH,
IGproject1486,Sphecodes,geoffrellus,female,1976,,,England,Oxfordshire,Oxford,30 Cope Close,1.784,1.068,4.644,1.121,Halictidae,kleptoparasite,OUMNH,
IGproject1487,Sphecodes,geoffrellus,female,1976,,,England,Oxfordshire,Oxford,30 Cope Close,1.536,0.924,3.977,1.03,Halictidae,kleptoparasite,OUMNH,
IGproject1488,Sphecodes,geoffrellus,male,1989,7,3,England,Cornwall,St Anthony,,1.59,1.054,4.449,1.043,Halictidae,kleptoparasite,OUMNH,
IGproject1489,Sphecodes,geoffrellus,male,1903,,,England,Kent,Faversham,Huntingfield,1.451,0.956,3.913,0.936,Halictidae,kleptoparasite,OUMNH,
IGproject1490,Sphecodes,geoffrellus,male,1902,8,20,England,Kent,Faversham,Huntingfield,1.469,0.938,4.012,0.961,Halictidae,kleptoparasite,OUMNH,
IGproject1491,Sphecodes,geoffrellus,male,1905,9,1,England,Kent,Faversham,Huntingfield,1.629,1.09,4.41,1.117,Halictidae,kleptoparasite,OUMNH,
IGproject1492,Sphecodes,geoffrellus,female,1906,9,3,England,Kent,Charing,,1.531,0.915,4.11,1.03,Halictidae,kleptoparasite,OUMNH,
IGproject1493,Sphecodes,geoffrellus,female,1903,4,14,England,Kent,,,1.529,0.959,3.992,0.989,Halictidae,kleptoparasite,OUMNH,
IGproject1494,Sphecodes,geoffrellus,male,1901,8,4,England,Kent,Faversham,Huntingfield,1.42,0.883,3.824,0.815,Halictidae,kleptoparasite,OUMNH,
IGproject1495,Sphecodes,geoffrellus,male,1902,9,1,England,Kent,Faversham,Huntingfield,1.624,1.139,4.531,1.06,Halictidae,kleptoparasite,OUMNH,
IGproject1496,Sphecodes,geoffrellus,male,1900,,,England,Kent,Faversham,Huntingfield,1.63,1.132,4.17,1.006,Halictidae,kleptoparasite,OUMNH,
IGproject1497,Sphecodes,geoffrellus,male,1902,9,6,England,Kent,Faversham,Huntingfield,1.509,0.978,4.059,0.932,Halictidae,kleptoparasite,OUMNH,
IGproject1498,Sphecodes,geoffrellus,male,1900,8,4,England,Kent,Faversham,Huntingfield,1.673,1.126,4.343,1.075,Halictidae,kleptoparasite,OUMNH,
IGproject1499,Sphecodes,geoffrellus,female,1905,9,3,England,Kent,Charing,,1.392,0.877,3.664,0.95,Halictidae,kleptoparasite,OUMNH,
IGproject1500,Sphecodes,geoffrellus,female,1902,5,21,England,Kent,Faversham,Huntingfield,1.338,0.83,3.559,0.909,Halictidae,kleptoparasite,OUMNH,
IGproject1501,Sphecodes,geoffrellus,female,1902,9,6,England,Kent,Faversham,Huntingfield,1.514,0.919,3.999,1.018,Halictidae,kleptoparasite,OUMNH,
IGproject1502,Sphecodes,geoffrellus,female,1902,6,1,England,Kent,Faversham,Huntingfield,1.581,1.02,4.21,1.022,Halictidae,kleptoparasite,OUMNH,
IGproject1503,Sphecodes,geoffrellus,female,1902,9,18,England,Kent,Faversham,Huntingfield,1.516,0.934,3.923,1.023,Halictidae,kleptoparasite,OUMNH,
IGproject1504,Sphecodes,geoffrellus,female,1899,,,England,Devon,Sidmouth,,1.686,1.116,4.439,1.206,Halictidae,kleptoparasite,OUMNH,
IGproject1505,Sphecodes,geoffrellus,female,1902,6,1,England,Hampshire,Tadley,Pamber Forest,1.625,1.07,4.301,1.091,Halictidae,kleptoparasite,OUMNH,
IGproject1506,Sphecodes,geoffrellus,male,1902,9,18,England,Kent,Faversham,Huntingfield,1.523,1.076,4.024,0.947,Halictidae,kleptoparasite,OUMNH,
IGproject1507,Sphecodes,geoffrellus,female,1893,5,10,England,Surrey,Caterham,,1.504,0.92,4.016,1.025,Halictidae,kleptoparasite,OUMNH,
IGproject1508,Sphecodes,geoffrellus,female,1902,6,1,England,Hampshire,Tadley,Pamber Forest,1.555,0.989,4.067,1.023,Halictidae,kleptoparasite,OUMNH,
IGproject1509,Sphecodes,geoffrellus,female,1899,,,England,Devon,Sidmouth,,1.557,0.984,4.196,1.086,Halictidae,kleptoparasite,OUMNH,
IGproject1510,Sphecodes,geoffrellus,female,1901,6,1,England,Kent,Faversham,Huntingfield,1.443,0.908,3.845,0.993,Halictidae,kleptoparasite,OUMNH,
IGproject1511,Sphecodes,geoffrellus,female,1899,,,England,Devon,Sidmouth,,1.729,1.152,4.67,1.164,Halictidae,kleptoparasite,OUMNH,
IGproject1512,Sphecodes,geoffrellus,female,1901,6,1,England,Kent,Faversham,Huntingfield,1.665,1.049,4.388,1.095,Halictidae,kleptoparasite,OUMNH,
IGproject1513,Sphecodes,geoffrellus,female,1896,,,England,Gloucestershire,Dodington,,1.836,1.115,4.755,1.246,Halictidae,kleptoparasite,OUMNH,
IGproject1514,Sphecodes,geoffrellus,male,1902,8,16,England,Kent,Faversham,Huntingfield,1.296,0.839,3.511,0.89,Halictidae,kleptoparasite,OUMNH,
IGproject1515,Sphecodes,geoffrellus,male,1905,9,1,England,Kent,Faversham,Huntingfield,1.548,1.047,4.041,1,Halictidae,kleptoparasite,OUMNH,
IGproject1516,Sphecodes,geoffrellus,female,1899,,,England,Devon,Sidmouth,,1.581,0.999,4.425,1.091,Halictidae,kleptoparasite,OUMNH,
IGproject1517,Sphecodes,geoffrellus,female,1902,9,6,England,Kent,Faversham,Huntingfield,1.466,0.89,3.787,0.994,Halictidae,kleptoparasite,OUMNH,
IGproject1518,Sphecodes,geoffrellus,male,1900,7,1,England,Kent,Faversham,Huntingfield,1.396,0.905,3.832,0.89,Halictidae,kleptoparasite,OUMNH,
IGproject1519,Sphecodes,geoffrellus,male,1903,9,1,England,Kent,Faversham,Huntingfield,1.54,1.1,4.176,1.073,Halictidae,kleptoparasite,OUMNH,
IGproject1520,Sphecodes,geoffrellus,female,1914,8,3,England,Devon,Dawlish,,1.371,0.836,3.713,0.962,Halictidae,kleptoparasite,OUMNH,
IGproject1521,Sphecodes,geoffrellus,male,1914,8,3,England,Devon,Dawlish,,1.475,1.033,3.82,0.982,Halictidae,kleptoparasite,OUMNH,
IGproject1522,Sphecodes,geoffrellus,female,1904,6,27,England,Greater London,London,Wimbledon,1.586,1.015,4.146,1.075,Halictidae,kleptoparasite,OUMNH,
IGproject1523,Sphecodes,geoffrellus,female,1914,8,3,England,Devon,Dawlish,,1.577,1.018,4.151,1.092,Halictidae,kleptoparasite,OUMNH,
IGproject1524,Sphecodes,geoffrellus,female,1914,5,18,England,Devon,Longdown,,1.521,1.002,4.204,1.067,Halictidae,kleptoparasite,OUMNH,
IGproject1525,Sphecodes,geoffrellus,female,1915,7,24,England,Devon,Bovey Tracey,,1.666,1.089,4.626,1.133,Halictidae,kleptoparasite,OUMNH,
IGproject1526,Sphecodes,geoffrellus,female,1914,5,18,England,Devon,Longdown,,1.609,1.047,4.315,1.134,Halictidae,kleptoparasite,OUMNH,
IGproject1527,Sphecodes,geoffrellus,male,1907,8,1,England,Hampshire,,New Forest,1.491,0.988,3.992,0.969,Halictidae,kleptoparasite,OUMNH,
IGproject1528,Sphecodes,geoffrellus,female,1919,5,,England,Surrey,Woking,,1.555,1.06,4.203,1.053,Halictidae,kleptoparasite,OUMNH,
IGproject1529,Sphecodes,geoffrellus,female,1902,5,,England,Kent,Faversham,Huntingfield,1.911,1.229,4.844,1.208,Halictidae,kleptoparasite,OUMNH,
IGproject1530,Sphecodes,geoffrellus,female,1902,6,1,England,Hampshire,,New Forest,1.665,1.108,4.408,1.088,Halictidae,kleptoparasite,OUMNH,
IGproject1531,Sphecodes,geoffrellus,female,1893,4,,England,Hampshire,,New Forest,1.574,1.007,4.174,1.123,Halictidae,kleptoparasite,OUMNH,
IGproject1532,Sphecodes,geoffrellus,female,1901,6,1,England,Kent,Faversham,Huntingfield,1.611,1.008,4.261,1.162,Halictidae,kleptoparasite,OUMNH,
IGproject1533,Sphecodes,geoffrellus,female,1905,9,14,England,Kent,Faversham,Huntingfield,1.644,1.024,4.35,1.134,Halictidae,kleptoparasite,OUMNH,
IGproject1534,Sphecodes,geoffrellus,female,1902,5,24,England,Kent,Faversham,Huntingfield,1.744,1.097,4.616,1.186,Halictidae,kleptoparasite,OUMNH,
IGproject1535,Sphecodes,geoffrellus,female,1902,9,18,England,Kent,Faversham,Huntingfield,1.479,0.973,4.107,1.026,Halictidae,kleptoparasite,OUMNH,
IGproject1536,Sphecodes,geoffrellus,female,1905,9,14,England,Kent,Faversham,Huntingfield,1.341,0.87,3.701,0.932,Halictidae,kleptoparasite,OUMNH,
IGproject1537,Sphecodes,geoffrellus,female,1902,9,6,England,Kent,Faversham,Huntingfield,1.36,0.817,3.733,0.914,Halictidae,kleptoparasite,OUMNH,
IGproject1538,Sphecodes,geoffrellus,female,1902,9,7,England,Kent,Faversham,Huntingfield,1.47,0.987,3.978,0.963,Halictidae,kleptoparasite,OUMNH,
IGproject1539,Sphecodes,geoffrellus,female,1902,9,18,England,Kent,Faversham,Huntingfield,1.497,0.978,4.086,0.972,Halictidae,kleptoparasite,OUMNH,
IGproject1540,Sphecodes,geoffrellus,male,1901,8,10,England,Kent,Faversham,Huntingfield,1.41,0.928,3.878,0.931,Halictidae,kleptoparasite,OUMNH,
IGproject1541,Megachile,centuncularis,male,1922,5,11,England,Devon,Newton Abbot,,3.768,2.984,8.417,2.398,Megachilidae,cavity nester,OUMNH,
IGproject1542,Megachile,centuncularis,female,1926,6,,England,Devon,Newton Abbot,,3.725,3.026,8.568,2.255,Megachilidae,cavity nester,OUMNH,
IGproject1543,Megachile,centuncularis,male,1927,8,,England,Devon,Newton Abbot,,3.509,2.745,7.69,2.13,Megachilidae,cavity nester,OUMNH,
IGproject1544,Megachile,centuncularis,male,1913,6,15,England,Devon,Bovey Tracey,,3.605,2.731,7.945,2.391,Megachilidae,cavity nester,OUMNH,
IGproject1545,Megachile,centuncularis,female,1926,8,,England,Devon,Bovey Tracey,,3.857,3.173,8.683,2.333,Megachilidae,cavity nester,OUMNH,
IGproject1546,Megachile,centuncularis,female,1918,5,19,England,Devon,Paignton,,3.358,2.745,7.797,2.015,Megachilidae,cavity nester,OUMNH,
IGproject1547,Megachile,centuncularis,female,1909,7,15,England,Hampshire,,New Forest,3.682,3.196,8.775,2.317,Megachilidae,cavity nester,OUMNH,
IGproject1548,Megachile,centuncularis,female,1913,7,8,England,Devon,Paignton,,3.608,2.975,8.338,2.336,Megachilidae,cavity nester,OUMNH,
IGproject1549,Megachile,centuncularis,female,1961,8,10,England,Devon,Torquay,123 Abbey Road,3.661,3.003,8.236,2.2,Megachilidae,cavity nester,OUMNH,
IGproject1550,Megachile,centuncularis,female,1913,8,5,England,Devon,Bovey Tracey,,3.938,3.471,9.023,2.473,Megachilidae,cavity nester,OUMNH,
IGproject1551,Megachile,centuncularis,female,1913,6,15,England,Devon,Bovey Tracey,,3.723,3.152,8.597,2.409,Megachilidae,cavity nester,OUMNH,
IGproject1552,Megachile,centuncularis,female,1913,8,1,England,Devon,Bovey Tracey,,3.613,3.023,8.106,2.272,Megachilidae,cavity nester,OUMNH,
IGproject1553,Megachile,centuncularis,male,1905,7,15,England,Dorset,Lyme Regis,,3.457,2.643,7.721,2.135,Megachilidae,cavity nester,OUMNH,
IGproject1554,Megachile,centuncularis,female,1945,7,5,England,Oxfordshire,Oxford,Cowley,3.595,2.953,8.219,2.328,Megachilidae,cavity nester,OUMNH,
IGproject1555,Megachile,centuncularis,male,1920,7,13,England,Hampshire,,New Forest,3.424,2.57,8.147,2.184,Megachilidae,cavity nester,OUMNH,
IGproject1556,Megachile,centuncularis,male,1910,7,10,Wales,Gwynedd,Criccieth,,3.514,2.666,7.945,2.132,Megachilidae,cavity nester,OUMNH,
IGproject1557,Megachile,centuncularis,male,1905,7,,England,Dorset,Lyme Regis,,3.411,2.552,7.623,2.107,Megachilidae,cavity nester,OUMNH,
IGproject1558,Megachile,centuncularis,male,1901,7,,England,Cornwall,Newquay,,3.686,2.957,8.142,2.271,Megachilidae,cavity nester,OUMNH,
IGproject1559,Megachile,centuncularis,male,1899,7,,Wales,Conwy,Towyn,,3.672,2.878,8.094,2.273,Megachilidae,cavity nester,OUMNH,
IGproject1560,Megachile,centuncularis,male,1900,7,15,Wales,Gwynedd,Criccieth,,3.455,2.685,7.549,2.121,Megachilidae,cavity nester,OUMNH,
IGproject1561,Megachile,centuncularis,male,1906,6,,England,Cambridgeshire,Wicken,,3.724,3.132,8.15,2.25,Megachilidae,cavity nester,OUMNH,
IGproject1562,Megachile,centuncularis,male,1904,6,24,England,Kent,Walmer,,3.624,2.922,7.878,2.299,Megachilidae,cavity nester,OUMNH,
IGproject1563,Megachile,centuncularis,male,1904,7,9,England,Kent,Walmer,,3.489,2.648,7.875,2.054,Megachilidae,cavity nester,OUMNH,
IGproject1564,Megachile,centuncularis,male,1893,,,England,Hampshire,,New Forest,2.96,2.274,6.528,1.805,Megachilidae,cavity nester,OUMNH,
IGproject1565,Megachile,centuncularis,male,1899,,,England,Kent,Faversham,Huntingfield,3.668,2.677,7.478,2.247,Megachilidae,cavity nester,OUMNH,
IGproject1566,Megachile,centuncularis,female,1893,8,,England,Oxfordshire,Dodington,,3.773,3.045,8.005,2.408,Megachilidae,cavity nester,OUMNH,
IGproject1567,Megachile,centuncularis,male,1900,8,,England,Kent,Faversham,Huntingfield,3.974,3.011,8.525,2.52,Megachilidae,cavity nester,OUMNH,
IGproject1568,Megachile,centuncularis,male,1901,8,17,England,Kent,Faversham,Huntingfield,3.672,2.763,8.023,2.339,Megachilidae,cavity nester,OUMNH,
IGproject1569,Megachile,centuncularis,female,1900,8,21,England,Kent,Faversham,Huntingfield,3.861,3.097,8.538,2.428,Megachilidae,cavity nester,OUMNH,
IGproject1570,Megachile,centuncularis,female,1902,6,16,England,Kent,Faversham,Huntingfield,3.872,3.071,9.142,2.451,Megachilidae,cavity nester,OUMNH,
IGproject1571,Megachile,centuncularis,female,1905,9,1,England,Kent,Faversham,Huntingfield,3.751,3.087,8.211,2.312,Megachilidae,cavity nester,OUMNH,
IGproject1572,Megachile,centuncularis,female,1974,8,10,England,Cornwall,St Ervan,,3.767,3.222,8.582,2.38,Megachilidae,cavity nester,OUMNH,
IGproject1573,Megachile,centuncularis,female,1982,7,13,England,West Midlands,Coventry,,3.761,3.111,8.835,2.406,Megachilidae,cavity nester,OUMNH,