"label_no","genus","species","sex","year","month","day","country","county","city_town_village","specific_location","HW_mm","intertegular_distance_mm","FW_length_mm","tibia_length_mm","family","ecology","Source","interocular_distance_mm","location_string","latitude","longitude","full_name","mean_preflight_temp","sd_preflight_temp","max_preflight_monthly_mean","max_preflight_temp"
"IGproject0004","Nomada","ruficornis","female",1917,5,3,"England","Surrey","Guildford","Merrow",2.777,1.779,8.348,2.236,"Apidae","kleptoparasite","OUMNH",1.749,"Merrow, Guildford, Surrey, England",51.2443481,-0.5335147,"Nomada ruficornis",10.9509990125962,2.03571066177661,12.3735820343848,17.9438471039161
"IGproject0005","Nomada","ruficornis","female",1980,6,NA,"England","Oxfordshire","","Bernwood Forest",2.652,1.789,7.628,2.105,"Apidae","kleptoparasite","OUMNH",1.661,"Bernwood Forest, Oxfordshire, England",51.80063858,-1.114713435,"Nomada ruficornis",10.6256569270031,3.0752602335123,13.9011914023366,18.4625966068037
"IGproject0006","Nomada","ruficornis","male",1915,5,5,"England","Surrey","Tadworth","Box Hill",2.435,1.636,7.572,1.875,"Apidae","kleptoparasite","OUMNH",1.611,"Box Hill, Tadworth, Surrey, England",51.2543699,-0.2776725,"Nomada ruficornis",11.1795264352502,2.51665748284203,13.9588897289085,20.1830666268547
"IGproject0012","Nomada","ruficornis","female",1901,7,14,"Wales","Gwynedd","Criccieth","",2.717,1.895,8.34,2.321,"Apidae","kleptoparasite","OUMNH",1.722,"Criccieth, Gwynedd, Wales",52.9206106,-4.2332414,"Nomada ruficornis",10.7490385337802,2.737999288977,13.804707195817,17.500301620291
"IGproject0013","Nomada","ruficornis","female",1919,4,NA,"England","West Yorkshire","Leeds","Roundhay Park",2.493,1.621,7.15,2.077,"Apidae","kleptoparasite","OUMNH",1.65,"Roundhay Park, Leeds, West Yorkshire, England",53.8393511,-1.4978422,"Nomada ruficornis",10.4428742550071,3.46101393071698,12.5576276277826,17.7097600171741
"IGproject0015","Nomada","ruficornis","female",1925,5,15,"England","Devon","Brixham","",2.582,1.694,8.029,2.186,"Apidae","kleptoparasite","OUMNH",1.63,"Brixham, Devon, England",50.3952404,-3.514544,"Nomada ruficornis",11.17903138926,2.96221283254272,14.0499297305049,17.0439967049037
"IGproject0016","Nomada","ruficornis","female",1919,4,21,"England","Devon","Bovey Tracey","Chudleigh Knighton Heath",2.192,1.377,6.509,1.803,"Apidae","kleptoparasite","OUMNH",1.438,"Chudleigh Knighton Heath, Bovey Tracey, Devon, England",50.58100978,-3.64619059,"Nomada ruficornis",11.8131025053204,3.10110705378373,14.0899909956068,19.3848211473516
"IGproject0018","Nomada","ruficornis","male",1907,5,19,"England","Oxfordshire","Tubney","",2.281,1.525,7.185,1.894,"Apidae","kleptoparasite","OUMNH",1.444,"Tubney, Oxfordshire, England",51.6852443,-1.3699399,"Nomada ruficornis",10.804739367237,3.40799725915314,14.2075788047005,19.9939609606644
"IGproject0019","Nomada","ruficornis","female",1981,5,20,"England","Oxfordshire","","Bernwood Forest",2.307,1.443,6.856,1.809,"Apidae","kleptoparasite","OUMNH",1.467,"Bernwood Forest, Oxfordshire, England",51.80063858,-1.114713435,"Nomada ruficornis",11.0723185223452,2.79701159533549,14.0027092141156,18.6664274969379
"IGproject0021","Andrena","wilkella","male",1959,5,23,"England","Devon","Chudleigh","",2.748,1.685,6.699,1.859,"Andrenidae","excavator","OUMNH",1.879,"Chudleigh, Devon, England",50.6156543,-3.5869448,"Andrena wilkella",10.5366217510856,2.93598822451492,13.206244458079,17.290900445315
"IGproject0022","Andrena","wilkella","female",1900,6,5,"England","Oxfordshire","Oxford","University Parks",3.466,2.246,8.5,2.523,"Andrenidae","excavator","OUMNH",2.145,"University Parks, Oxford, Oxfordshire, England",51.7623666,-1.2544132,"Andrena wilkella",11.6982605782757,3.83580691691909,15.94623115793,21.8614811825846
"IGproject0023","Andrena","wilkella","female",1906,5,19,"Wales","Bridgend","Porthcawl","",3.419,2.254,8.12,2.776,"Andrenidae","excavator","OUMNH",2.174,"Porthcawl, Bridgend, Wales",51.4795563,-3.7040704,"Andrena wilkella",11.8269300812605,3.27875058728416,15.3226134749998,18.6641526005163
"IGproject0024","Andrena","wilkella","male",1898,NA,NA,"England","Kent","Doddington","",3.314,2.235,8.256,2.337,"Andrenidae","excavator","OUMNH",2.171,"Doddington, Kent, England",51.2792113,0.7717749,"Andrena wilkella",10.7047352119476,3.99668090167763,15.0733622607752,19.9687807744272
"IGproject0025","Andrena","wilkella","male",1955,4,13,"England","Devon","Bovey Tracey","Bovey Heathfield",2.725,1.772,6.594,1.793,"Andrenidae","excavator","OUMNH",1.89,"Bovey Heathfield, Bovey Tracey, Devon, England",50.5778633,-3.6644648,"Andrena wilkella",11.2403777875472,2.73120832403709,13.7894830593693,17.6057237303596
"IGproject0026","Andrena","wilkella","female",1935,6,18,"England","Warwickshie","Hatton","",3.409,2.276,7.964,2.718,"Andrenidae","excavator","OUMNH",2.142,"Hatton, Warwickshie, England",52.30064811,-1.646222116,"Andrena wilkella",11.0819978910793,3.65673145283535,14.7782966678692,20.409457064895
"IGproject0027","Andrena","wilkella","female",1903,3,24,"England","Surrey","Woking","",3.421,2.389,7.71,2.374,"Andrenidae","excavator","OUMNH",2.17,"Woking, Surrey, England",51.3201891,-0.5564726,"Andrena wilkella",10.5475925913899,3.29195390028029,14.2781799138536,19.2545288213686
"IGproject0028","Andrena","wilkella","male",1900,6,5,"England","Oxfordshire","Oxford","University Parks",3.077,1.985,7.618,2.121,"Andrenidae","excavator","OUMNH",1.985,"University Parks, Oxford, Oxfordshire, England",51.7623666,-1.2544132,"Andrena wilkella",11.6982605782757,3.83580691691909,15.94623115793,21.8614811825846
"IGproject0029","Andrena","wilkella","female",1905,5,24,"England","Oxfordshire","Oxford","University Parks",3.277,2.084,7.946,2.391,"Andrenidae","excavator","OUMNH",2.094,"University Parks, Oxford, Oxfordshire, England",51.7623666,-1.2544132,"Andrena wilkella",11.5677271189607,2.21393142905016,13.8722810497471,18.7953401134054
"IGproject0030","Andrena","wilkella","male",1954,6,18,"England","Devon","Bovey Tracey","Chudleigh Knighton Heath",2.898,1.903,7.268,2.056,"Andrenidae","excavator","OUMNH",1.965,"Chudleigh Knighton Heath, Bovey Tracey, Devon, England",50.58100978,-3.64619059,"Andrena wilkella",12.0108944292305,3.13233766089255,14.6877329591204,19.1363798414035
"IGproject0031","Andrena","wilkella","female",1900,7,8,"England","Oxfordshire","Tubney","",3.497,2.226,8.568,2.635,"Andrenidae","excavator","OUMNH",2.274,"Tubney, Oxfordshire, England",51.6852443,-1.3699399,"Andrena wilkella",11.3757244967194,3.85950965878034,15.654284530761,21.9175616811376
"IGproject0032","Andrena","wilkella","male",1902,5,25,"England","Kent","Faversham","Huntingfield",2.955,1.903,8.009,2.163,"Andrenidae","excavator","OUMNH",1.983,"Huntingfield, Faversham, Kent, England",51.25792226,0.822018012,"Andrena wilkella",10.8595952532181,2.90530364402879,13.8746022746256,19.1756978798996
"IGproject0033","Andrena","wilkella","male",1977,7,2,"England","Oxfordshire","Oxford","Sydlings Copse",3.038,1.845,7.453,2.012,"Andrenidae","excavator","OUMNH",2.037,"Sydlings Copse, Oxford, Oxfordshire, England",51.78219916,-1.192042059,"Andrena wilkella",12.9027534532801,4.93470771494334,17.9638501005093,24.0892880547192
"IGproject0034","Andrena","wilkella","male",1949,5,7,"England","Devon","Bovey Tracey","Chudleigh Knighton Heath",2.833,1.936,7.427,2.03,"Andrenidae","excavator","OUMNH",1.919,"Chudleigh Knighton Heath, Bovey Tracey, Devon, England",50.58100978,-3.64619059,"Andrena wilkella",12.0337359141115,2.46414761095887,14.3040826911781,18.3754285477207
"IGproject0035","Andrena","wilkella","male",1990,5,26,"England","Wiltshire","Wroughton","Clouts Wood",3.313,1.965,7.984,2.175,"Andrenidae","excavator","OUMNH",2.248,"Clouts Wood, Wroughton, Wiltshire, England",51.51489206,-1.804044057,"Andrena wilkella",11.466926820665,4.41536434528185,14.6752525075847,20.3019971788621
"IGproject0036","Andrena","wilkella","male",1900,5,23,"England","Devon","Newton Abbot","",2.957,1.81,7.395,2.092,"Andrenidae","excavator","OUMNH",2,"Newton Abbot, Devon, England",50.5296441,-3.6112097,"Andrena wilkella",11.7113754797153,3.697104410692,15.813931998233,21.0607982543192
"IGproject0037","Andrena","wilkella","female",1905,7,31,"England","Kent","Faversham","Huntingfield",3.494,2.341,7.973,2.495,"Andrenidae","excavator","OUMNH",2.211,"Huntingfield, Faversham, Kent, England",51.25792226,0.822018012,"Andrena wilkella",10.9906135158848,2.36102862415337,13.3826545181693,18.0756144957332
"IGproject0038","Andrena","wilkella","female",1900,6,5,"England","Oxfordshire","Oxford","University Parks",3.524,2.291,8.27,2.576,"Andrenidae","excavator","OUMNH",2.241,"University Parks, Oxford, Oxfordshire, England",51.7623666,-1.2544132,"Andrena wilkella",11.6982605782757,3.83580691691909,15.94623115793,21.8614811825846
"IGproject0039","Andrena","wilkella","female",1922,7,20,"England","Devon","Newton Abbot","",3.227,2.194,7.067,2.227,"Andrenidae","excavator","OUMNH",2,"Newton Abbot, Devon, England",50.5296441,-3.6112097,"Andrena wilkella",12.4720220929822,3.22215514304305,15.7948979186044,20.9719116664217
"IGproject0040","Andrena","wilkella","female",1900,5,24,"England","Oxfordshire","Oxford","University Parks",3.434,2.225,8.227,2.644,"Andrenidae","excavator","OUMNH",2.168,"University Parks, Oxford, Oxfordshire, England",51.7623666,-1.2544132,"Andrena wilkella",11.6982605782757,3.83580691691909,15.94623115793,21.8614811825846
"IGproject0041","Andrena","wilkella","female",1910,7,18,"England","Devon","Budleigh Salterton","",3.031,1.939,7.038,1.95,"Andrenidae","excavator","OUMNH",2.008,"Budleigh Salterton, Devon, England",50.6310504,-3.3299844,"Andrena wilkella",11.344251294808,1.70305364465282,13.0170883462255,16.3939046041743
"IGproject0042","Andrena","wilkella","male",1904,5,29,"England","Greater London","London","Wimbledon",2.937,1.879,7.288,2.05,"Andrenidae","excavator","OUMNH",1.969,"Wimbledon, London, Greater London, England",51.4214787,-0.2064027,"Andrena wilkella",10.9562333551371,3.42727360045386,13.5444386028069,18.1728459540007
"IGproject0043","Andrena","wilkella","female",1977,6,12,"England","Oxfordshire","Hook Norton","",3.529,2.268,8.264,2.656,"Andrenidae","excavator","OUMNH",2.251,"Hook Norton, Oxfordshire, England",51.9939848,-1.4822644,"Andrena wilkella",11.3260084741402,4.67355168250056,16.2025413045668,22.7944282257682
"IGproject0044","Andrena","wilkella","male",1915,4,20,"England","Gloucestershire","Wotton-under-Edge","",2.849,1.745,7.235,1.837,"Andrenidae","excavator","OUMNH",1.943,"Wotton-under-Edge, Gloucestershire, England",51.6378241,-2.3547251,"Andrena wilkella",11.8561706437816,2.62864888433412,14.7980816567123,20.1851836349757
"IGproject0045","Andrena","wilkella","female",1903,6,26,"England","Surrey","Chobham","",3.261,2.127,7.532,2.403,"Andrenidae","excavator","OUMNH",2.086,"Chobham, Surrey, England",51.3477705,-0.6010128,"Andrena wilkella",10.4152430622384,3.28703628620466,14.1406183501689,19.1075952634153
"IGproject0046","Hylaeus","communis","female",1904,7,NA,"England","Dorset","Lyme Regis","",1.642,1.318,5.086,1.049,"Colletidae","cavity nester","OUMNH",1.091,"Lyme Regis, Dorset, England",50.7252897,-2.934559,"Hylaeus communis",14.1679493073694,1.30463356026486,15.2395292155061,19.7112190954345
"IGproject0047","Hylaeus","communis","female",1979,7,12,"England","Devon","Newton Abbot","Teign Valley",1.671,1.24,4.948,1.037,"Colletidae","cavity nester","OUMNH",1.101,"Teign Valley, Newton Abbot, Devon, England",50.61515132,-3.623629783,"Hylaeus communis",14.2712177757232,0.671882830653249,14.7910396399169,19.0241111615309
"IGproject0048","Hylaeus","communis","female",1948,7,26,"England","Oxfordshire","Coleshill","",1.581,1.191,4.648,0.987,"Colletidae","cavity nester","OUMNH",1.038,"Coleshill, Oxfordshire, England",51.6427615,-1.659708,"Hylaeus communis",17.1966234883581,1.70085470750833,18.9144948168669,25.7601102064088
"IGproject0049","Hylaeus","communis","male",1905,7,8,"England","Dorset","Lyme Regis","",1.504,1.152,4.342,0.939,"Colletidae","cavity nester","OUMNH",0.953,"Lyme Regis, Dorset, England",50.7252897,-2.934559,"Hylaeus communis",15.0707330310714,1.72195556678507,16.6678192838039,21.0904125765718
"IGproject0050","Hylaeus","communis","male",1978,6,16,"England","Devon","Diptford","",1.437,1.073,4.011,0.897,"Colletidae","cavity nester","OUMNH",0.968,"Diptford, Devon, England",50.3840452,-3.7629722,"Hylaeus communis",14.6157297725392,1.94598171146369,16.0815266562894,20.23823782399
"IGproject0051","Hylaeus","communis","male",1980,6,24,"England","Devon","Milton Combe","",1.567,1.244,4.406,0.988,"Colletidae","cavity nester","OUMNH",1.02,"Milton Combe, Devon, England",50.4745875,-4.131055,"Hylaeus communis",14.4142675660184,1.37283357722494,15.799572957464,20.2334614121708
"IGproject0052","Hylaeus","communis","female",1902,9,6,"England","Kent","Faversham","Huntingfield",1.499,1.138,4.476,0.941,"Colletidae","cavity nester","OUMNH",0.996,"Huntingfield, Faversham, Kent, England",51.25792226,0.822018012,"Hylaeus communis",15.8240599479737,1.7220069136953,17.1379331428239,22.8189475840829
"IGproject0053","Hylaeus","communis","male",1902,8,12,"England","Kent","Faversham","Huntingfield",1.592,1.144,4.608,0.986,"Colletidae","cavity nester","OUMNH",1.011,"Huntingfield, Faversham, Kent, England",51.25792226,0.822018012,"Hylaeus communis",15.8240599479737,1.7220069136953,17.1379331428239,22.8189475840829
"IGproject0054","Hylaeus","communis","female",1968,7,18,"England","Hertfordshire","Harpenden","Hatching Green",1.657,1.248,4.919,0.993,"Colletidae","cavity nester","OUMNH",1.085,"Hatching Green, Harpenden, Hertfordshire, England",51.8034314,-0.3580286,"Hylaeus communis",15.5613508937691,1.71058033130516,17.1485461371553,22.2908443716896
"IGproject0055","Hylaeus","communis","male",2005,7,19,"England","Surrey","Richmond","Ham House",1.49,1.154,4.241,0.92,"Colletidae","cavity nester","OUMNH",0.95,"Ham House, Richmond, Surrey, England",51.44419259,-0.313872304,"Hylaeus communis",17.9977255067218,1.1445186537436,19.2467625920887,23.577272962247
"IGproject0056","Hylaeus","communis","male",1949,6,7,"England","Devon","Axminster","",1.538,1.126,4.444,0.963,"Colletidae","cavity nester","OUMNH",0.981,"Axminster, Devon, England",50.7820966,-2.9979915,"Hylaeus communis",15.127319701583,0.61449847952371,15.7070895317493,20.3873179998885
"IGproject0057","Hylaeus","communis","female",1897,7,11,"England","Berkshire","Reading","Sulhamstead Park",1.737,1.309,5.222,1.008,"Colletidae","cavity nester","OUMNH",1.112,"Sulhamstead Park, Reading, Berkshire, England",51.41681285,-1.09530783,"Hylaeus communis",15.9192568601135,1.16881616169687,16.9424804102253,22.9920984022132
"IGproject0058","Nomada","goodeniana","female",1990,7,18,"England","Devon","Salcombe Regis","",3.032,2.048,9.062,2.414,"Apidae","kleptoparasite","OUMNH",1.997,"Salcombe Regis, Devon, England",50.6935703,-3.2066743,"Nomada goodeniana",11.2974787003801,4.30360589885976,14.2276740918393,18.7257825154142
"IGproject0059","Nomada","goodeniana","female",1903,5,18,"Wales","Gwynedd","Criccieth","",3.222,2.284,9.782,2.835,"Apidae","kleptoparasite","OUMNH",2.103,"Criccieth, Gwynedd, Wales",52.9206106,-4.2332414,"Nomada goodeniana",9.98557661280993,3.14144866610944,13.5300840837002,17.4094594591829
"IGproject0060","Nomada","goodeniana","male",1916,4,22,"England","Oxfordshire","Tubney","",2.843,1.916,8.883,2.403,"Apidae","kleptoparasite","OUMNH",1.905,"Tubney, Oxfordshire, England",51.6852443,-1.3699399,"Nomada goodeniana",11.3532644490207,3.50606182645003,14.7846569061538,20.8177791029578
"IGproject0061","Nomada","goodeniana","male",1896,NA,NA,"England","Kent","Doddington","",3.029,1.985,9.415,2.566,"Apidae","kleptoparasite","OUMNH",2.055,"Doddington, Kent, England",51.2792113,0.7717749,"Nomada goodeniana",10.8508969808203,3.22671905679309,14.0235865397817,19.3439669781123
"IGproject0062","Nomada","goodeniana","male",1917,5,3,"England","Devon","Brixham","",2.314,1.534,7.09,1.983,"Apidae","kleptoparasite","OUMNH",1.635,"Brixham, Devon, England",50.3952404,-3.514544,"Nomada goodeniana",10.7868739819161,1.73200490530103,11.8813237287629,15.2526477750335
"IGproject0063","Nomada","goodeniana","female",1910,6,1,"England","Devon","Littleham","",3.257,2.219,10.096,2.832,"Apidae","kleptoparasite","OUMNH",2.183,"Littleham, Devon, England",50.9930461,-4.2236852,"Nomada goodeniana",11.0965495189041,1.58077082266616,12.513278828017,16.0286812526513
"IGproject0064","Nomada","goodeniana","female",1928,4,21,"England","Devon","Newton Abbot","",3.185,2.372,9.971,2.638,"Apidae","kleptoparasite","OUMNH",2.151,"Newton Abbot, Devon, England",50.5296441,-3.6112097,"Nomada goodeniana",11.8731908957281,2.47007710640904,13.6473243336073,17.8318848447251
"IGproject0065","Nomada","goodeniana","female",1991,4,26,"England","Devon","Croyde","",3.347,2.367,10.436,2.807,"Apidae","kleptoparasite","OUMNH",2.208,"Croyde, Devon, England",51.1303398,-4.2215393,"Nomada goodeniana",11.6875316184519,2.7997166718242,13.305392451334,18.0175449004424
"IGproject0066","Nomada","goodeniana","male",1949,4,18,"England","Oxfordshire","Chastleton","",2.36,1.486,7.029,1.959,"Apidae","kleptoparasite","OUMNH",1.666,"Chastleton, Oxfordshire, England",51.9599665,-1.6409204,"Nomada goodeniana",10.820313360769,2.31541699288438,13.1247495199117,17.3452305692517
"IGproject0067","Nomada","goodeniana","female",1937,5,28,"England","Greater London","London","Wimbledon",3.011,2.124,9.116,2.515,"Apidae","kleptoparasite","OUMNH",1.958,"Wimbledon, London, Greater London, England",51.4214787,-0.2064027,"Nomada goodeniana",12.0541072996367,4.62664555027126,16.3306718398959,20.8780699831533
"IGproject0068","Nomada","goodeniana","female",1954,4,16,"England","Devon","Torquay","",3.168,2.243,9.924,2.765,"Apidae","kleptoparasite","OUMNH",2.086,"Torquay, Devon, England",50.4652392,-3.5211361,"Nomada goodeniana",11.9631879270299,3.10783199547573,14.6564038156974,18.2033824743713
"IGproject0069","Nomada","goodeniana","male",1954,4,29,"England","Devon","Lustleigh","",2.715,1.755,8.14,2.184,"Apidae","kleptoparasite","OUMNH",1.857,"Lustleigh, Devon, England",50.6228301,-3.7304463,"Nomada goodeniana",11.0737793351195,3.11761188791543,13.7659808095222,18.1081794872784
"IGproject0070","Nomada","goodeniana","female",1949,4,29,"England","Devon","Exeter","",2.962,1.859,8.801,2.482,"Apidae","kleptoparasite","OUMNH",2.006,"Exeter, Devon, England",50.7256138,-3.5269209,"Nomada goodeniana",11.864167977284,2.44720116510101,14.2545532089492,18.1811802225526
"IGproject0071","Nomada","goodeniana","female",1936,5,27,"England","Berkshire","Slough","",2.93,1.906,9.047,2.397,"Apidae","kleptoparasite","OUMNH",1.938,"Slough, Berkshire, England",51.512103,-0.591276,"Nomada goodeniana",11.5753467238062,3.76584610915875,15.7261712760866,20.5288610215911
"IGproject0072","Nomada","goodeniana","male",1903,5,18,"Wales","Gwynedd","Criccieth","",2.774,1.864,8.704,2.284,"Apidae","kleptoparasite","OUMNH",1.934,"Criccieth, Gwynedd, Wales",52.9206106,-4.2332414,"Nomada goodeniana",9.98557661280993,3.14144866610944,13.5300840837002,17.4094594591829
"IGproject0073","Nomada","goodeniana","female",1914,4,20,"England","Devon","Budleigh Salterton","",2.936,1.91,8.907,2.471,"Apidae","kleptoparasite","OUMNH",1.935,"Budleigh Salterton, Devon, England",50.6310504,-3.3299844,"Nomada goodeniana",11.4406818838415,2.74117061944925,13.960938372497,17.849471512187
"IGproject0074","Nomada","goodeniana","male",1915,4,30,"England","Devon","Brixham","",3.223,2.197,10.305,2.826,"Apidae","kleptoparasite","OUMNH",2.215,"Brixham, Devon, England",50.3952404,-3.514544,"Nomada goodeniana",12.3574396336247,2.40054637640603,14.9952012785908,18.959369419758
"IGproject0075","Nomada","goodeniana","male",1902,5,18,"England","Kent","Faversham","Huntingfield",2.952,1.963,8.989,2.407,"Apidae","kleptoparasite","OUMNH",1.938,"Huntingfield, Faversham, Kent, England",51.25792226,0.822018012,"Nomada goodeniana",10.8595952532181,2.90530364402879,13.8746022746256,19.1756978798996
"IGproject0076","Nomada","goodeniana","male",1909,5,9,"England","Oxfordshire","Oxford","Shotover",2.933,2.01,8.812,2.442,"Apidae","kleptoparasite","OUMNH",1.954,"Shotover, Oxford, Oxfordshire, England",51.7561128,-1.1551229,"Nomada goodeniana",11.0271398957954,4.62178690452506,14.5829547574355,20.287497910909
"IGproject0077","Nomada","goodeniana","female",1953,8,10,"England","Devon","Dawlish","",2.844,1.86,8.422,2.384,"Apidae","kleptoparasite","OUMNH",1.879,"Dawlish, Devon, England",50.5797391,-3.468931,"Nomada goodeniana",12.0042538331076,2.52762092544614,14.2218988403468,18.5672554833583
"IGproject0078","Nomada","goodeniana","female",1910,6,8,"England","Devon","Budleigh Salterton","",3.196,2.103,9.852,2.829,"Apidae","kleptoparasite","OUMNH",2.114,"Budleigh Salterton, Devon, England",50.6310504,-3.3299844,"Nomada goodeniana",11.344251294808,1.70305364465282,13.0170883462255,16.3939046041743
"IGproject0079","Nomada","goodeniana","male",1900,4,21,"England","Surrey","Woking","",3.108,2.203,9.466,2.564,"Apidae","kleptoparasite","OUMNH",2.095,"Woking, Surrey, England",51.3201891,-0.5564726,"Nomada goodeniana",11.7238398915563,3.81283562859993,15.9716136068785,22.236799864146
"IGproject0080","Nomada","goodeniana","female",1941,6,2,"England","Hampshire","Burley","",3.167,2.167,9.681,2.769,"Apidae","kleptoparasite","OUMNH",2.034,"Burley, Hampshire, England",50.8266,-1.70164,"Nomada goodeniana",12.6030973898533,3.88544583545018,16.4926265319244,23.0673001099445
"IGproject0081","Nomada","goodeniana","female",1900,6,3,"England","Oxfordshire","Oxford","Shotover",2.715,1.731,8.141,2.39,"Apidae","kleptoparasite","OUMNH",1.853,"Shotover, Oxford, Oxfordshire, England",51.7561128,-1.1551229,"Nomada goodeniana",11.2137818007644,3.78540695435975,15.4140427843454,21.5862644927787
"IGproject0082","Nomada","goodeniana","female",1983,1,28,"England","Berkshire","Slough","Langley",2.705,1.74,8.177,2.325,"Apidae","kleptoparasite","OUMNH",1.85,"Langley, Slough, Berkshire, England",51.507818,-0.5409049,"Nomada goodeniana",12.7100669169345,3.76330924965364,16.6589627679294,21.1043592069522
"IGproject0083","Nomada","goodeniana","female",1991,5,22,"England","Hampshire","Bramshaw","",2.716,1.763,8.231,2.365,"Apidae","kleptoparasite","OUMNH",1.763,"Bramshaw, Hampshire, England",50.9407584,-1.617454,"Nomada goodeniana",11.7229864135182,2.86531370308003,13.596716244891,19.4127809215105
"IGproject0084","Nomada","goodeniana","female",1917,5,3,"England","Surrey","Guildford","Merrow",2.925,1.973,8.945,2.55,"Apidae","kleptoparasite","OUMNH",1.97,"Merrow, Guildford, Surrey, England",51.2443481,-0.5335147,"Nomada goodeniana",10.9509990125962,2.03571066177661,12.3735820343848,17.9438471039161
"IGproject0085","Nomada","goodeniana","female",1954,4,16,"England","Devon","Torquay","",3.161,2.145,9.751,2.706,"Apidae","kleptoparasite","OUMNH",2.187,"Torquay, Devon, England",50.4652392,-3.5211361,"Nomada goodeniana",11.9631879270299,3.10783199547573,14.6564038156974,18.2033824743713
"IGproject0086","Nomada","goodeniana","female",1955,5,20,"England","Devon","Dawlish","",3.21,2.232,9.795,2.634,"Apidae","kleptoparasite","OUMNH",2.145,"Dawlish, Devon, England",50.5797391,-3.468931,"Nomada goodeniana",10.8917531928669,2.75034417773501,13.4748340622569,16.6696127292929
"IGproject0087","Nomada","goodeniana","female",1977,6,12,"England","Oxfordshire","Hook Norton","",3.011,2.014,9.361,2.579,"Apidae","kleptoparasite","OUMNH",2.025,"Hook Norton, Oxfordshire, England",51.9939848,-1.4822644,"Nomada goodeniana",11.3260084741402,4.67355168250056,16.2025413045668,22.7944282257682
"IGproject0090","Lasioglossum","fulvicorne","female",1998,5,21,"England","Devon","Salcombe","Coast Path",1.836,1.324,5.315,1.331,"Halictidae","excavator","OUMNH",1.15,"Coast Path, Salcombe, Devon, England",50.2375257,-3.769493274,"Lasioglossum fulvicorne",13.8680044324425,3.23667708542006,17.9379738992481,20.8101536171657
"IGproject0091","Lasioglossum","fulvicorne","female",1991,6,9,"England","Cambridgeshire","Barnack","Barnack Hills and Holes",1.815,1.355,5.386,1.43,"Halictidae","excavator","OUMNH",1.143,"Barnack Hills and Holes, Barnack, Cambridgeshire, England",52.62910152,-0.412116287,"Lasioglossum fulvicorne",14.1010106849268,4.25887903671829,19.0565400835848,25.2088426238134
"IGproject0092","Lasioglossum","fulvicorne","male",1998,7,28,"England","Gloucestershire","Wotton-under-Edge","Newark Park",1.79,1.396,5.295,1.221,"Halictidae","excavator","OUMNH",1.056,"Newark Park, Wotton-under-Edge, Gloucestershire, England",51.6363693,-2.3176907,"Lasioglossum fulvicorne",13.7292804958634,3.94933249059843,18.5491618846339,22.9941853316088
"IGproject0093","Lasioglossum","fulvicorne","female",1956,6,26,"England","Dorset","Wimborne","",1.827,1.347,5.357,1.432,"Halictidae","excavator","OUMNH",1.126,"Wimborne, Dorset, England",50.7995189,-1.987339,"Lasioglossum fulvicorne",13.868335772547,4.27665209463136,18.1418415093687,23.981433556457
"IGproject0094","Lasioglossum","fulvicorne","male",1902,8,4,"England","Kent","Faversham","Huntingfield",1.731,1.291,5.377,1.195,"Halictidae","excavator","OUMNH",1.066,"Huntingfield, Faversham, Kent, England",51.25792226,0.822018012,"Lasioglossum fulvicorne",13.2352726657899,3.85488132385129,17.1379331428239,22.8189475840829
"IGproject0095","Lasioglossum","fulvicorne","male",1968,9,2,"England","Bedfordshire","Hitchin","",1.85,1.315,5.44,1.265,"Halictidae","excavator","OUMNH",1.141,"Hitchin, Bedfordshire, England",52.0085422,-0.3034,"Lasioglossum fulvicorne",13.3191419778011,4.03858820303192,17.6469309023663,22.9675126022156
"IGproject0096","Lasioglossum","fulvicorne","female",1956,9,26,"England","Dorset","Wimborne","",1.77,1.305,5.037,1.28,"Halictidae","excavator","OUMNH",1.096,"Wimborne, Dorset, England",50.7995189,-1.987339,"Lasioglossum fulvicorne",13.868335772547,4.27665209463136,18.1418415093687,23.981433556457
"IGproject0097","Lasioglossum","fulvicorne","male",1998,7,28,"England","Gloucestershire","Wotton-under-Edge","Newark Park",1.792,1.284,5.254,1.168,"Halictidae","excavator","OUMNH",1.051,"Newark Park, Wotton-under-Edge, Gloucestershire, England",51.6363693,-2.3176907,"Lasioglossum fulvicorne",13.7292804958634,3.94933249059843,18.5491618846339,22.9941853316088
"IGproject0098","Lasioglossum","fulvicorne","male",1914,8,NA,"England","Gloucestershire","Wotton-under-Edge","",1.86,1.443,5.744,1.276,"Halictidae","excavator","OUMNH",1.149,"Wotton-under-Edge, Gloucestershire, England",51.6378241,-2.3547251,"Lasioglossum fulvicorne",12.9263994084011,3.26885883218609,15.7138992405726,20.7023350185138
"IGproject0100","Lasioglossum","fulvicorne","female",1977,9,13,"England","Oxfordshire","Hook Norton","",1.759,1.269,5.155,1.296,"Halictidae","excavator","OUMNH",1.088,"Hook Norton, Oxfordshire, England",51.9939848,-1.4822644,"Lasioglossum fulvicorne",13.7133919361056,4.6566465905145,17.6857858989192,24.4257721037428
"IGproject0101","Lasioglossum","fulvicorne","male",1915,7,15,"England","Devon","Brixham","",1.787,1.305,5.33,1.241,"Halictidae","excavator","OUMNH",1.096,"Brixham, Devon, England",50.3952404,-3.514544,"Lasioglossum fulvicorne",13.8918626614901,2.70699989283738,16.4462249771946,19.5473807907127
"IGproject0102","Lasioglossum","fulvicorne","male",1968,9,7,"England","Bedfordshire","Whipsnade","Bison Hill",1.727,1.222,5.031,1.178,"Halictidae","excavator","OUMNH",1.037,"Bison Hill, Whipsnade, Bedfordshire, England",51.854781,-0.5482012,"Lasioglossum fulvicorne",12.6716397336042,3.99497256513789,16.9625693213363,22.0293041737971
"IGproject0103","Lasioglossum","fulvicorne","male",1902,6,8,"England","Kent","Faversham","Huntingfield",1.784,1.311,5.297,1.23,"Halictidae","excavator","OUMNH",1.094,"Huntingfield, Faversham, Kent, England",51.25792226,0.822018012,"Lasioglossum fulvicorne",13.2352726657899,3.85488132385129,17.1379331428239,22.8189475840829
"IGproject0104","Lasioglossum","fulvicorne","female",1917,5,3,"England","Devon","Brixham","",1.925,1.469,5.977,1.472,"Halictidae","excavator","OUMNH",1.189,"Brixham, Devon, England",50.3952404,-3.514544,"Lasioglossum fulvicorne",13.0727747309731,3.40709703415486,17.2901345918492,20.55527038427
"IGproject0105","Lasioglossum","fulvicorne","male",1919,8,19,"England","Worcestershire","Malvern","",1.681,1.228,5.194,1.193,"Halictidae","excavator","OUMNH",1.057,"Malvern, Worcestershire, England",52.1159559,-2.3258985,"Lasioglossum fulvicorne",13.3052287070225,3.82701050909033,16.474555933772,21.0773417315931
"IGproject0106","Lasioglossum","fulvicorne","male",1919,8,19,"England","Worcestershire","Malvern","",1.815,1.296,5.372,1.133,"Halictidae","excavator","OUMNH",1.107,"Malvern, Worcestershire, England",52.1159559,-2.3258985,"Lasioglossum fulvicorne",13.3052287070225,3.82701050909033,16.474555933772,21.0773417315931
"IGproject0107","Lasioglossum","fulvicorne","female",2004,9,1,"England","Surrey","Seale","",1.818,1.263,5.396,1.359,"Halictidae","excavator","OUMNH",1.097,"Seale, Surrey, England",51.2223512,-0.7187413,"Lasioglossum fulvicorne",15.0185588325453,4.11952102322218,19.2549012996368,25.4578952411682
"IGproject0108","Lasioglossum","fulvicorne","female",1974,5,7,"England","Oxfordshire","Oxford","Wytham",1.854,1.34,5.52,1.384,"Halictidae","excavator","OUMNH",1.134,"Wytham, Oxford, Oxfordshire, England",51.7535169,-1.2131856,"Lasioglossum fulvicorne",13.7028667628311,3.97658693006854,17.4602059508467,22.4226733598324
"IGproject0109","Lasioglossum","fulvicorne","female",1974,5,7,"England","Oxfordshire","Oxford","Wytham",1.792,1.298,5.29,1.423,"Halictidae","excavator","OUMNH",1.079,"Wytham, Oxford, Oxfordshire, England",51.7535169,-1.2131856,"Lasioglossum fulvicorne",13.7028667628311,3.97658693006854,17.4602059508467,22.4226733598324
"IGproject0110","Lasioglossum","fulvicorne","female",1949,4,17,"England","Oxfordshire","Cumnor","",1.757,1.252,5.331,1.372,"Halictidae","excavator","OUMNH",1.099,"Cumnor, Oxfordshire, England",51.7349255,-1.3331621,"Lasioglossum fulvicorne",13.1894935123764,2.87718066973905,16.0824116786431,20.8017174610436
"IGproject0111","Lasioglossum","fulvicorne","male",1988,8,6,"England","Wiltshire","Wroughton","Clouts Wood",1.767,1.23,5.442,1.095,"Halictidae","excavator","OUMNH",1.057,"Clouts Wood, Wroughton, Wiltshire, England",51.51489206,-1.804044057,"Lasioglossum fulvicorne",12.9862786056029,2.94113639586348,15.9115164363595,20.7023202352652
"IGproject0112","Lasioglossum","fulvicorne","male",1903,7,22,"England","Dorset","Lyme Regis","",1.665,1.179,4.918,1.264,"Halictidae","excavator","OUMNH",0.996,"Lyme Regis, Dorset, England",50.7252897,-2.934559,"Lasioglossum fulvicorne",12.0256089941488,3.32488603298307,15.1429601876487,19.604229171124
"IGproject0113","Lasioglossum","fulvicorne","female",1925,5,NA,"England","Sussex","Brighton","Devil's Dyke",1.733,1.269,5.315,1.416,"Halictidae","excavator","OUMNH",1.062,"Devil's Dyke, Brighton, Sussex, England",50.8849935,-0.2123306,"Lasioglossum fulvicorne",12.7568197195203,3.35861147997827,15.4414267484774,19.9028464242163
"IGproject0114","Lasioglossum","fulvicorne","male",1905,7,10,"England","Kent","Faversham","",1.846,1.357,5.683,1.277,"Halictidae","excavator","OUMNH",1.114,"Faversham, Kent, England",51.3158434,0.8911283,"Lasioglossum fulvicorne",13.7866738726182,3.47822050342024,17.7683279046208,22.8961828913792
"IGproject0115","Lasioglossum","fulvicorne","male",1968,9,2,"England","Bedfordshire","Hitchin","Pegsdon",1.766,1.259,5.341,1.245,"Halictidae","excavator","OUMNH",1.139,"Pegsdon, Hitchin, Bedfordshire, England",51.96253534,-0.36842034,"Lasioglossum fulvicorne",12.9472257439699,4.02110492389015,17.2889530608177,22.4427835144114
"IGproject0116","Lasioglossum","fulvicorne","female",1956,9,26,"England","Dorset","Wimborne","",1.801,1.347,5.375,1.401,"Halictidae","excavator","OUMNH",1.117,"Wimborne, Dorset, England",50.7995189,-1.987339,"Lasioglossum fulvicorne",13.868335772547,4.27665209463136,18.1418415093687,23.981433556457
"IGproject0117","Lasioglossum","fulvicorne","male",1904,8,NA,"England","Kent","Faversham","Huntingfield",1.774,1.282,5.147,1.223,"Halictidae","excavator","OUMNH",1.067,"Huntingfield, Faversham, Kent, England",51.25792226,0.822018012,"Lasioglossum fulvicorne",11.9888143513952,3.79187973732213,15.6848977522507,20.6754052317366
"IGproject0118","Lasioglossum","fulvicorne","male",1905,9,3,"England","Kent","Charing","",1.783,1.276,5.555,1.242,"Halictidae","excavator","OUMNH",1.073,"Charing, Kent, England",51.2142039,0.7886033,"Lasioglossum fulvicorne",13.1845250990668,3.48355759988571,17.1946270645503,22.5542147031795
"IGproject0119","Lasioglossum","fulvicorne","female",1914,8,18,"England","Surrey","Gomshall","",1.814,1.305,5.416,1.505,"Halictidae","excavator","OUMNH",1.108,"Gomshall, Surrey, England",51.2192418,-0.4422487,"Lasioglossum fulvicorne",12.3880021310203,3.04577933039603,14.9807216391955,20.2231647958342
"IGproject0120","Lasioglossum","fulvicorne","female",1905,9,14,"England","Kent","Faversham","Huntingfield",1.967,1.366,5.646,1.514,"Halictidae","excavator","OUMNH",1.268,"Huntingfield, Faversham, Kent, England",51.25792226,0.822018012,"Lasioglossum fulvicorne",13.2083844389239,3.5051226224052,17.2786190174743,22.5835419871412
"IGproject0121","Lasioglossum","fulvicorne","female",1905,9,10,"England","Kent","Faversham","Huntingfield",1.909,1.286,5.475,1.356,"Halictidae","excavator","OUMNH",1.267,"Huntingfield, Faversham, Kent, England",51.25792226,0.822018012,"Lasioglossum fulvicorne",13.2083844389239,3.5051226224052,17.2786190174743,22.5835419871412
"IGproject0122","Lasioglossum","fulvicorne","female",1948,8,15,"England","Oxfordshire","Oxford","Hinksey",1.857,1.384,5.493,1.437,"Halictidae","excavator","OUMNH",1.175,"Hinksey, Oxford, Oxfordshire, England",51.7363525,-1.2575581,"Lasioglossum fulvicorne",15.23564378342,4.03602842804648,19.3911844690795,26.0332669598258
"IGproject0123","Lasioglossum","fulvicorne","male",1905,9,14,"England","Kent","Faversham","Huntingfield",1.912,1.42,6.007,1.295,"Halictidae","excavator","OUMNH",1.186,"Huntingfield, Faversham, Kent, England",51.25792226,0.822018012,"Lasioglossum fulvicorne",13.2083844389239,3.5051226224052,17.2786190174743,22.5835419871412
"IGproject0124","Lasioglossum","fulvicorne","male",1915,7,15,"England","Devon","Brixham","",1.811,1.309,5.357,1.258,"Halictidae","excavator","OUMNH",1.111,"Brixham, Devon, England",50.3952404,-3.514544,"Lasioglossum fulvicorne",13.8918626614901,2.70699989283738,16.4462249771946,19.5473807907127
"IGproject0125","Nomada","ruficornis","male",1904,5,18,"England","Greater London","London","Hampstead",2.075,1.294,6.697,1.795,"Apidae","kleptoparasite","OUMNH",1.367,"Hampstead, London, Greater London, England",51.55653,-0.1783011,"Nomada ruficornis",10.7880641288419,3.44878569240379,13.4158040528768,17.9956345752829
"IGproject0126","Nomada","ruficornis","female",1915,5,7,"England","Surrey","Cobham","",2.761,1.909,9.264,2.617,"Apidae","kleptoparasite","OUMNH",1.722,"Cobham, Surrey, England",51.3300079,-0.4120821,"Nomada ruficornis",12.1957544685676,2.63254655074706,15.0872175024869,21.0487665607951
"IGproject0127","Nomada","ruficornis","female",1915,4,20,"England","Devon","Dartmoor","East Dartmoor",2.838,1.949,8.544,2.479,"Apidae","kleptoparasite","OUMNH",1.819,"East Dartmoor, Dartmoor, Devon, England",50.486085,-3.9856305,"Nomada ruficornis",10.3640185516397,2.32135718411916,12.9641544381713,17.7205497533958
"IGproject0128","Nomada","ruficornis","male",1992,4,25,"England","Devon","","",2.615,1.899,8.209,1.936,"Apidae","kleptoparasite","OUMNH",1.745,"Devon, England",50.7241405,-3.6607788,"Nomada ruficornis",10.3291752583995,2.37940660684348,12.0854635862352,15.9241269844682
"IGproject0129","Nomada","ruficornis","female",1927,5,1,"England","Cheshire","Wilmslow","Bollin Valley",2.353,1.59,7.263,2.013,"Apidae","kleptoparasite","OUMNH",1.527,"Bollin Valley, Wilmslow, Cheshire, England",53.3299342,-2.2281098,"Nomada ruficornis",10.8154503609572,2.32652966810153,13.4817131922792,18.0757234619415
"IGproject0130","Nomada","ruficornis","female",1917,5,13,"England","Surrey","Cobham","",2.712,1.773,8.264,2.208,"Apidae","kleptoparasite","OUMNH",1.739,"Cobham, Surrey, England",51.3300079,-0.4120821,"Nomada ruficornis",11.245337127977,2.02703303508885,12.6854170260378,18.242393722183
"IGproject0131","Nomada","ruficornis","male",1953,4,24,"England","Devon","Newton Abbot","Teigngrace",2.685,1.869,8.35,2.278,"Apidae","kleptoparasite","OUMNH",1.801,"Teigngrace, Newton Abbot, Devon, England",50.55245864,-3.624364846,"Nomada ruficornis",12.3477520797256,2.52793242269346,14.5210477615549,19.3320594201477
"IGproject0132","Nomada","ruficornis","male",1904,5,18,"England","Greater London","London","Hampstead",2.297,1.45,7.115,1.823,"Apidae","kleptoparasite","OUMNH",1.496,"Hampstead, London, Greater London, England",51.55653,-0.1783011,"Nomada ruficornis",10.7880641288419,3.44878569240379,13.4158040528768,17.9956345752829
"IGproject0133","Nomada","ruficornis","female",1953,4,24,"England","Devon","Newton Abbot","Teigngrace",2.767,1.835,8.638,2.263,"Apidae","kleptoparasite","OUMNH",1.742,"Teigngrace, Newton Abbot, Devon, England",50.55245864,-3.624364846,"Nomada ruficornis",12.3477520797256,2.52793242269346,14.5210477615549,19.3320594201477
"IGproject0134","Nomada","ruficornis","male",1904,5,18,"England","Greater London","London","Hampstead",2.56,1.817,8.269,2.079,"Apidae","kleptoparasite","OUMNH",1.681,"Hampstead, London, Greater London, England",51.55653,-0.1783011,"Nomada ruficornis",10.7880641288419,3.44878569240379,13.4158040528768,17.9956345752829
"IGproject0135","Nomada","ruficornis","male",1901,5,19,"England","Gloucestershire","Horsley","",2.816,1.898,9.399,2.743,"Apidae","kleptoparasite","OUMNH",1.727,"Horsley, Gloucestershire, England",51.6780946,-2.2329134,"Nomada ruficornis",10.3712975078653,3.1754721724589,13.8589821812479,18.481589018868
"IGproject0136","Nomada","ruficornis","female",1902,5,24,"England","Hampshire","","New Forest",2.771,1.9,8.399,2.295,"Apidae","kleptoparasite","OUMNH",1.731,"New Forest, Hampshire, England",50.8557268,-1.5956844,"Nomada ruficornis",11.6505079182258,2.81115115869285,14.3445441759808,19.9960139783418
"IGproject0137","Nomada","ruficornis","male",1929,4,27,"England","Dorset","Wimborne","Badbury Rings",2.186,1.533,6.937,1.807,"Apidae","kleptoparasite","OUMNH",1.484,"Badbury Rings, Wimborne, Dorset, England",50.82687682,-2.052082813,"Nomada ruficornis",10.985228750959,2.45888764037228,13.2748286131386,18.117034271979
"IGproject0138","Nomada","ruficornis","male",1936,5,27,"England","Berkshire","Windsor","",1.942,1.182,6.203,1.624,"Apidae","kleptoparasite","OUMNH",1.252,"Windsor, Berkshire, England",51.4837886,-0.6040419,"Nomada ruficornis",11.6190931486403,3.76286264086563,15.7615637798965,20.5538262693332
"IGproject0139","Nomada","ruficornis","male",1933,5,NA,"England","Oxfordshire","Tubney","",2.108,1.368,6.666,1.742,"Apidae","kleptoparasite","OUMNH",1.33,"Tubney, Oxfordshire, England",51.6852443,-1.3699399,"Nomada ruficornis",10.5389519513007,3.52552526733992,14.0711951421354,19.4646082782897
"IGproject0140","Nomada","ruficornis","male",1904,5,15,"England","Greater London","Northwood","",1.811,1.065,5.844,1.579,"Apidae","kleptoparasite","OUMNH",1.224,"Northwood, Greater London, England",51.6051713,-0.4205812,"Nomada ruficornis",10.4214238927206,3.39563507156007,12.963774534189,17.5628619979109
"IGproject0141","Nomada","ruficornis","female",1901,7,14,"Wales","Gwynedd","Criccieth","",2.832,1.883,8.31,2.469,"Apidae","kleptoparasite","OUMNH",1.807,"Criccieth, Gwynedd, Wales",52.9206106,-4.2332414,"Nomada ruficornis",10.7490385337802,2.737999288977,13.804707195817,17.500301620291
"IGproject0142","Nomada","ruficornis","male",1917,5,31,"England","Devon","Brixham","",2.361,1.502,7.182,1.926,"Apidae","kleptoparasite","OUMNH",1.542,"Brixham, Devon, England",50.3952404,-3.514544,"Nomada ruficornis",10.7868739819161,1.73200490530103,11.8813237287629,15.2526477750335
"IGproject0143","Nomada","ruficornis","male",1900,5,1,"England","Dorset","Swanage","",2.387,1.598,7.565,2.022,"Apidae","kleptoparasite","OUMNH",1.543,"Swanage, Dorset, England",50.6086976,-1.9571971,"Nomada ruficornis",11.7963678304597,3.90889062619752,16.1014178621386,20.255481774105
"IGproject0144","Nomada","ruficornis","male",1991,NA,NA,"England","Northamptonshire","Oundle","Ashton Pond",2.739,1.855,8.332,2.213,"Apidae","kleptoparasite","OUMNH",1.78,"Ashton Pond, Oundle, Northamptonshire, England",52.47975966,-0.452349151,"Nomada ruficornis",11.263944942069,3.08226212247784,13.6959522295075,18.6480192690233
"IGproject0145","Nomada","ruficornis","female",1911,5,19,"England","Oxfordshire","Oxford","",2.593,1.85,8.871,2.312,"Apidae","kleptoparasite","OUMNH",1.679,"Oxford, Oxfordshire, England",51.7520131,-1.2578499,"Nomada ruficornis",11.769700844643,3.80929177018583,15.5403804457805,19.9651922367373
"IGproject0146","Nomada","ruficornis","female",2003,6,13,"England","Oxfordshire","Stratton Audley","",2.73,1.82,8.651,2.27,"Apidae","kleptoparasite","OUMNH",1.709,"Stratton Audley, Oxfordshire, England",51.9336182,-1.109515,"Nomada ruficornis",11.5724466388277,2.51616691450199,14.0998864170646,19.2318510175387
"IGproject0147","Nomada","ruficornis","male",1990,5,16,"England","Cornwall","Camborne","",2.586,1.778,8.24,2.172,"Apidae","kleptoparasite","OUMNH",1.732,"Camborne, Cornwall, England",50.2138828,-5.2990347,"Nomada ruficornis",11.5653245366656,3.79955853433644,14.2637527317141,18.152175974537
"IGproject0148","Nomada","ruficornis","female",1982,5,14,"England","Devon","Tavistock","",2.437,1.572,7.559,2.01,"Apidae","kleptoparasite","OUMNH",1.563,"Tavistock, Devon, England",50.5496154,-4.1446358,"Nomada ruficornis",10.3185362117242,2.34201605279969,12.6152108942176,16.6581420552351
"IGproject0149","Nomada","ruficornis","male",1976,4,21,"England","Devon","Lifton","",2.497,1.746,8.1,2.045,"Apidae","kleptoparasite","OUMNH",1.595,"Lifton, Devon, England",50.6429503,-4.2988119,"Nomada ruficornis",11.2836725139662,3.13619143658766,14.6251778172421,20.2629129620325
"IGproject0150","Nomada","ruficornis","female",1989,5,21,"England","Wiltshire","Wroughton","Clouts Wood",2.672,1.802,7.999,2.345,"Apidae","kleptoparasite","OUMNH",1.746,"Clouts Wood, Wroughton, Wiltshire, England",51.51489206,-1.804044057,"Nomada ruficornis",11.2680884980869,3.23206923459899,14.2433763745644,18.7525426248812
"IGproject0151","Nomada","ruficornis","male",1989,5,7,"England","Wiltshire","Swindon","Coate Water Country Park",2.576,1.675,8.02,2.041,"Apidae","kleptoparasite","OUMNH",1.682,"Coate Water Country Park, Swindon, Wiltshire, England",51.53925894,-1.74822582,"Nomada ruficornis",11.6854644597705,3.26605342427679,14.7097001561262,19.1923540960398
"IGproject0152","Nomada","ruficornis","male",1941,6,4,"England","Berkshire","Padworth","",2.648,1.709,8.311,2.233,"Apidae","kleptoparasite","OUMNH",1.735,"Padworth, Berkshire, England",51.3916205,-1.1187515,"Nomada ruficornis",12.6954036503249,3.86591055816524,16.5407344008123,22.973796936447
"IGproject0153","Nomada","ruficornis","female",1911,5,13,"England","West Yorkshire","Keighley","",2.774,1.902,8.397,2.274,"Apidae","kleptoparasite","OUMNH",1.81,"Keighley, West Yorkshire, England",53.8684021,-1.9020456,"Nomada ruficornis",9.60267762325943,3.87695712234324,13.3858963242688,17.7673276477804
"IGproject0154","Nomada","ruficornis","male",1917,5,5,"England","Surrey","Tadworth","Box Hill",2.653,1.911,8.324,2.238,"Apidae","kleptoparasite","OUMNH",1.773,"Box Hill, Tadworth, Surrey, England",51.2543699,-0.2776725,"Nomada ruficornis",10.2181088783374,1.9428021328434,11.6266529499993,17.4361381697539
"IGproject0155","Hylaeus","hyalinatus","male",1904,7,NA,"England","Dorset","Lyme Regis","",1.674,1.226,4.253,1.008,"Colletidae","cavity nester","OUMNH",1.103,"Lyme Regis, Dorset, England",50.7252897,-2.934559,"Hylaeus hyalinatus",14.1679493073694,1.30463356026486,15.2395292155061,19.7112190954345
"IGproject0156","Hylaeus","hyalinatus","male",1904,7,NA,"England","Dorset","Lyme Regis","",1.608,1.116,4.138,0.941,"Colletidae","cavity nester","OUMNH",1.078,"Lyme Regis, Dorset, England",50.7252897,-2.934559,"Hylaeus hyalinatus",14.1679493073694,1.30463356026486,15.2395292155061,19.7112190954345
"IGproject0157","Hylaeus","hyalinatus","male",1972,7,11,"England","Cornwall","East Cornwall","",1.624,1.253,4.194,1.036,"Colletidae","cavity nester","OUMNH",1.051,"East Cornwall, Cornwall, England",50.5041841,-4.2790642,"Hylaeus hyalinatus",14.9779694023479,2.37322032802886,16.9008286279973,21.951043281276
"IGproject0158","Hylaeus","hyalinatus","female",1952,8,14,"England","Oxfordshire","Tubney","",1.675,1.279,4.507,1.071,"Colletidae","cavity nester","OUMNH",1.127,"Tubney, Oxfordshire, England",51.6852443,-1.3699399,"Hylaeus hyalinatus",15.3442878921797,1.33353951855664,16.7462545307704,22.2276566193369
"IGproject0159","Hylaeus","hyalinatus","female",1949,6,30,"England","Devon","Plymouth","Plymouth Hoe",1.718,1.334,4.751,1.111,"Colletidae","cavity nester","OUMNH",1.128,"Plymouth Hoe, Plymouth, Devon, England",50.36584396,-4.142166636,"Hylaeus hyalinatus",15.1362455698186,0.91163140262687,15.7687477007663,19.1027221191906
"IGproject0160","Hylaeus","hyalinatus","female",1939,7,1,"England","Dorset","Swanage","South Haven Point",1.55,1.198,4.142,1.018,"Colletidae","cavity nester","OUMNH",1.023,"South Haven Point, Swanage, Dorset, England",50.6787269,-1.94390688,"Hylaeus hyalinatus",15.5937439740689,1.05058731811998,16.7794462662529,21.1509839927038
"IGproject0161","Hylaeus","hyalinatus","female",1934,6,16,"England","Dorset","Swanage","South Haven Point",1.621,1.324,4.492,1.074,"Colletidae","cavity nester","OUMNH",1.077,"South Haven Point, Swanage, Dorset, England",50.6787269,-1.94390688,"Hylaeus hyalinatus",17.1635652428739,1.21186271091627,17.9466767340373,22.8558942578081
"IGproject0162","Hylaeus","hyalinatus","female",1974,7,1,"England","Devon","Saunton","",1.689,1.295,4.37,1.031,"Colletidae","cavity nester","OUMNH",1.116,"Saunton, Devon, England",51.1167185,-4.2093963,"Hylaeus hyalinatus",15.5638877557212,1.34992480546978,17.0205120132962,20.6566850848046
"IGproject0163","Hylaeus","hyalinatus","female",1928,7,17,"England","Dorset","Portland","",1.582,1.199,4.345,1.024,"Colletidae","cavity nester","OUMNH",1.073,"Portland, Dorset, England",50.5672516,-2.4472529,"Hylaeus hyalinatus",15.1086372687288,1.50210432716138,16.3281530173646,18.1861047437586
"IGproject0164","Hylaeus","hyalinatus","female",1908,8,14,"England","East Sussex","Hellingly","",1.53,1.172,4.18,1.027,"Colletidae","cavity nester","OUMNH",1.046,"Hellingly, East Sussex, England",50.895456,0.2499944,"Hylaeus hyalinatus",13.8369596727549,1.05001281742557,14.8506840388665,19.3459428890124
"IGproject0165","Hylaeus","hyalinatus","female",2002,7,28,"England","Oxfordshire","Oxford","Shotover",1.758,1.351,4.848,1.085,"Colletidae","cavity nester","OUMNH",1.151,"Shotover, Oxford, Oxfordshire, England",51.7561128,-1.1551229,"Hylaeus hyalinatus",16.7191993039353,1.6201694090456,17.8378128912716,22.9516779402399
"IGproject0166","Hylaeus","hyalinatus","male",1992,6,19,"England","Oxfordshire","","Hitchcopse Pit",1.49,1.137,3.945,0.945,"Colletidae","cavity nester","OUMNH",0.999,"Hitchcopse Pit, Oxfordshire, England",51.69442627,-1.347413049,"Hylaeus hyalinatus",16.0423876825882,2.9866045731043,17.8053210119645,23.1930503835709
"IGproject0167","Hylaeus","hyalinatus","female",1904,7,9,"England","Kent","Walmer","",1.596,1.204,4.398,1.035,"Colletidae","cavity nester","OUMNH",1.026,"Walmer, Kent, England",51.2068884,1.3999154,"Hylaeus hyalinatus",14.7488385108334,1.68634637421233,15.9728049124494,20.0426136951746
"IGproject0168","Hylaeus","hyalinatus","female",1898,7,NA,"Wales","Gwynedd","Criccieth","",1.648,1.27,4.516,1.004,"Colletidae","cavity nester","OUMNH",1.087,"Criccieth, Gwynedd, Wales",52.9206106,-4.2332414,"Hylaeus hyalinatus",15.0701349601524,0.806145648993445,15.6476353548299,19.7124157224474
"IGproject0169","Hylaeus","hyalinatus","female",1904,7,8,"England","Dorset","Lyme Regis","",1.743,1.403,4.714,1.135,"Colletidae","cavity nester","OUMNH",1.162,"Lyme Regis, Dorset, England",50.7252897,-2.934559,"Hylaeus hyalinatus",14.1679493073694,1.30463356026486,15.2395292155061,19.7112190954345
"IGproject0170","Hylaeus","hyalinatus","female",1984,7,13,"England","Kent","","Lydd Ranges",1.627,1.252,4.49,1.076,"Colletidae","cavity nester","OUMNH",1.078,"Lydd Ranges, Kent, England",50.9298725,0.8684773,"Hylaeus hyalinatus",17.4539248157053,2.01833163973044,19.120441954114,23.4424205373787
"IGproject0171","Anthidium","manicatum","male",1901,7,NA,"England","Cornwall","Newquay","",4.546,4.087,11.732,3.824,"Megachilidae","cavity nester","OUMNH",2.574,"Newquay, Cornwall, England",50.4134414,-5.0848836,"Anthidium manicatum",15.5416841890244,1.17012258218358,16.6509591863451,19.5747950438299
"IGproject0172","Anthidium","manicatum","female",1898,7,NA,"Wales","Gwynedd","Criccieth","",4.115,3.401,9.179,2.756,"Megachilidae","cavity nester","OUMNH",2.497,"Criccieth, Gwynedd, Wales",52.9206106,-4.2332414,"Anthidium manicatum",15.0701349601524,0.806145648993445,15.6476353548299,19.7124157224474
"IGproject0173","Anthidium","manicatum","male",1948,8,5,"England","Oxfordshire","Farmoor","",4.483,3.898,11.304,3.562,"Megachilidae","cavity nester","OUMNH",2.613,"Farmoor, Oxfordshire, England",51.7600964,-1.3487839,"Anthidium manicatum",17.5991775255511,1.66958786704312,19.2308885712009,25.9368409722206
"IGproject0174","Anthidium","manicatum","female",1908,6,27,"England","Merseyside","Wallasey","",4.038,3.499,9.087,2.778,"Megachilidae","cavity nester","OUMNH",2.454,"Wallasey, Merseyside, England",53.42722649,-3.067881383,"Anthidium manicatum",13.91277022014,1.01167146132178,14.5227122146716,17.4080741965362
"IGproject0175","Anthidium","manicatum","male",1914,7,13,"England","Surrey","Woking","",4.659,4.139,12.203,3.699,"Megachilidae","cavity nester","OUMNH",2.556,"Woking, Surrey, England",51.3201891,-0.5564726,"Anthidium manicatum",15.2701418597301,0.511656223434381,15.8319886151671,21.0900792098506
"IGproject0176","Anthidium","manicatum","female",1914,7,13,"England","Surrey","Woking","",4.093,3.327,8.853,2.505,"Megachilidae","cavity nester","OUMNH",2.501,"Woking, Surrey, England",51.3201891,-0.5564726,"Anthidium manicatum",15.2701418597301,0.511656223434381,15.8319886151671,21.0900792098506
"IGproject0177","Anthidium","manicatum","male",1953,7,27,"England","Devon","Torquay","",4.145,3.473,9.686,2.942,"Megachilidae","cavity nester","OUMNH",2.33,"Torquay, Devon, England",50.4652392,-3.5211361,"Anthidium manicatum",16.0723498614188,1.37688904017475,17.129313846296,20.9429156649421
"IGproject0178","Anthidium","manicatum","female",1915,7,15,"England","Devon","Brixham","",4.012,3.55,9.019,2.673,"Megachilidae","cavity nester","OUMNH",2.495,"Brixham, Devon, England",50.3952404,-3.514544,"Anthidium manicatum",15.794065228389,0.736552126749451,16.4462249771946,19.5473807907127
"IGproject0179","Anthidium","manicatum","male",1961,7,17,"England","Cheshire","Hoylake","",4.422,3.889,11.114,3.413,"Megachilidae","cavity nester","OUMNH",2.477,"Hoylake, Cheshire, England",53.3931186,-3.176757221,"Anthidium manicatum",15.8452655144113,0.515417836037668,16.4177592212006,20.8079888811981
"IGproject0180","Anthidium","manicatum","female",1926,7,NA,"England","Devon","Newton Abbot","",4.138,3.526,9.218,2.795,"Megachilidae","cavity nester","OUMNH",2.52,"Newton Abbot, Devon, England",50.5296441,-3.6112097,"Anthidium manicatum",16.4853112238391,0.293562701117292,16.8130874261733,21.6603234495984
"IGproject0181","Anthidium","manicatum","male",1902,7,NA,"England","Leicestershire","Market Bosworth","",4.527,3.952,10.985,3.58,"Megachilidae","cavity nester","OUMNH",2.519,"Market Bosworth, Leicestershire, England",52.6217051,-1.4149268,"Anthidium manicatum",15.7122415079615,2.19800625683807,17.8648924396878,23.7143090089421
"IGproject0182","Anthidium","manicatum","female",1906,7,16,"England","Hampshire","","New Forest",4.1,3.475,9.287,2.838,"Megachilidae","cavity nester","OUMNH",2.489,"New Forest, Hampshire, England",50.8557268,-1.5956844,"Anthidium manicatum",16.3102714083947,1.69428494578184,18.2312562821045,23.6732252350607
"IGproject0183","Anthidium","manicatum","male",1897,7,18,"England","Oxfordshire","Oxford","Shotover",4.311,3.517,10.236,3.559,"Megachilidae","cavity nester","OUMNH",2.46,"Shotover, Oxford, Oxfordshire, England",51.7561128,-1.1551229,"Anthidium manicatum",15.8394567963677,1.18497070242327,16.7866910212914,22.5166610213675
"IGproject0184","Anthidium","manicatum","female",1914,6,17,"England","Surrey","Woking","",4.368,3.712,10.076,3.047,"Megachilidae","cavity nester","OUMNH",2.692,"Woking, Surrey, England",51.3201891,-0.5564726,"Anthidium manicatum",15.2701418597301,0.511656223434381,15.8319886151671,21.0900792098506
"IGproject0185","Anthidium","manicatum","male",1897,7,NA,"Wales","Gwynedd","Criccieth","",4.207,3.779,10.59,3.314,"Megachilidae","cavity nester","OUMNH",2.393,"Criccieth, Gwynedd, Wales",52.9206106,-4.2332414,"Anthidium manicatum",14.8231717873447,0.841878121839904,15.3705040036438,19.7512410783666
"IGproject0186","Anthidium","manicatum","female",1989,6,15,"England","Cornwall","Saint Austell","Old Inn Cottage",4.029,3.581,8.944,2.712,"Megachilidae","cavity nester","OUMNH",2.335,"Old Inn Cottage, Saint Austell, Cornwall, England",50.29371098,-4.780971796,"Anthidium manicatum",14.4268273671354,0.266454619261631,14.5970742073553,18.4499903455594
"IGproject0187","Anthidium","manicatum","male",1900,7,16,"Wales","Gwynedd","Criccieth","",4.199,3.677,10.022,3.029,"Megachilidae","cavity nester","OUMNH",2.349,"Criccieth, Gwynedd, Wales",52.9206106,-4.2332414,"Anthidium manicatum",15.79016148428,1.17605653087247,17.0793994665542,21.6735937259728
"IGproject0188","Anthidium","manicatum","female",1954,7,19,"England","Devon","Torquay","Manor Garden",3.931,3.258,8.792,2.688,"Megachilidae","cavity nester","OUMNH",2.352,"Manor Garden, Torquay, Devon, England",50.4611174,-3.507932,"Anthidium manicatum",15.836240718539,1.01732701157837,16.5918890565142,20.3922132429314
"IGproject0189","Anthidium","manicatum","male",1898,7,NA,"Wales","Gwynedd","Criccieth","",4.505,3.812,11.282,3.613,"Megachilidae","cavity nester","OUMNH",2.612,"Criccieth, Gwynedd, Wales",52.9206106,-4.2332414,"Anthidium manicatum",15.0701349601524,0.806145648993445,15.6476353548299,19.7124157224474
"IGproject0190","Anthidium","manicatum","female",1936,8,25,"England","Oxfordshire","Oxford","74 Islip Road, Sunnymead",4.165,3.683,9.299,2.826,"Megachilidae","cavity nester","OUMNH",2.533,"74 Islip Road, Sunnymead, Oxford, Oxfordshire, England",51.7844434,-1.2616549,"Anthidium manicatum",17.074068473696,1.38292422086735,18.1883072286696,23.8905755330523
"IGproject0191","Anthidium","manicatum","male",1897,7,18,"England","Oxfordshire","Oxford","Shotover",4.47,3.968,11.554,3.698,"Megachilidae","cavity nester","OUMNH",2.59,"Shotover, Oxford, Oxfordshire, England",51.7561128,-1.1551229,"Anthidium manicatum",15.8394567963677,1.18497070242327,16.7866910212914,22.5166610213675
"IGproject0192","Anthidium","manicatum","female",1998,7,NA,"Wales","Gwynedd","Criccieth","",4.101,3.605,8.931,2.825,"Megachilidae","cavity nester","OUMNH",2.477,"Criccieth, Gwynedd, Wales",52.9206106,-4.2332414,"Anthidium manicatum",15.7824335852142,2.07836384044653,17.8691647772138,21.5644735779643
"IGproject0193","Anthidium","manicatum","male",1908,7,15,"England","Oxfordshire","Oxford","Lye Valley",4.248,3.75,10.682,3.254,"Megachilidae","cavity nester","OUMNH",2.4,"Lye Valley, Oxford, Oxfordshire, England",51.7455776,-1.2056501,"Anthidium manicatum",14.1182461097733,1.03130802835619,14.9108932783586,19.3845062254652
"IGproject0194","Anthidium","manicatum","female",1948,8,22,"England","Oxfordshire","Oxford","Hinksey",4.018,3.586,8.963,2.791,"Megachilidae","cavity nester","OUMNH",2.482,"Hinksey, Oxford, Oxfordshire, England",51.7363525,-1.2575581,"Anthidium manicatum",17.7878408995067,1.65803747467357,19.3911844690795,26.0332669598258
"IGproject0195","Anthidium","manicatum","male",1936,7,26,"England","Oxfordshire","Oxford","Sunnymead",4.2,3.606,10.468,3.131,"Megachilidae","cavity nester","OUMNH",2.37,"Sunnymead, Oxford, Oxfordshire, England",51.7838335,-1.2642666,"Anthidium manicatum",17.071440546254,1.38298034248263,18.1859076400952,23.8868365102605
"IGproject0196","Anthidium","manicatum","female",1914,6,20,"England","Surrey","Woking","",4.074,3.293,8.741,2.673,"Megachilidae","cavity nester","OUMNH",2.444,"Woking, Surrey, England",51.3201891,-0.5564726,"Anthidium manicatum",15.2701418597301,0.511656223434381,15.8319886151671,21.0900792098506
"IGproject0197","Anthidium","manicatum","male",1897,7,18,"England","Oxfordshire","Oxford","Shotover",4.487,3.858,11.692,3.59,"Megachilidae","cavity nester","OUMNH",2.519,"Shotover, Oxford, Oxfordshire, England",51.7561128,-1.1551229,"Anthidium manicatum",15.8394567963677,1.18497070242327,16.7866910212914,22.5166610213675
"IGproject0198","Anthidium","manicatum","female",1914,6,20,"England","Surrey","Woking","",3.818,3.185,8.37,2.61,"Megachilidae","cavity nester","OUMNH",2.291,"Woking, Surrey, England",51.3201891,-0.5564726,"Anthidium manicatum",15.2701418597301,0.511656223434381,15.8319886151671,21.0900792098506
"IGproject0199","Anthidium","manicatum","male",1897,7,18,"England","Oxfordshire","Oxford","Shotover",4.201,3.695,10.591,3.412,"Megachilidae","cavity nester","OUMNH",2.413,"Shotover, Oxford, Oxfordshire, England",51.7561128,-1.1551229,"Anthidium manicatum",15.8394567963677,1.18497070242327,16.7866910212914,22.5166610213675
"IGproject0200","Anthidium","manicatum","female",1906,7,25,"England","Hampshire","","New Forest",4.187,3.488,9.191,2.809,"Megachilidae","cavity nester","OUMNH",2.486,"New Forest, Hampshire, England",50.8557268,-1.5956844,"Anthidium manicatum",16.3102714083947,1.69428494578184,18.2312562821045,23.6732252350607
"IGproject0201","Sphecodes","geoffrellus","female",1992,6,19,"England","Oxfordshire","","Hitchcopse Pit",1.579,1.059,3.859,1.007,"Halictidae","kleptoparasite","OUMNH",1.086,"Hitchcopse Pit, Oxfordshire, England",51.69442627,-1.347413049,"Sphecodes geoffrellus",13.4537257871545,4.26028352205372,17.8053210119645,23.1930503835709
"IGproject0202","Sphecodes","geoffrellus","male",1992,7,18,"England","Somerset","Weston-super-Mare","Sand Point",1.674,1.144,4.584,1.081,"Halictidae","kleptoparasite","OUMNH",1.107,"Sand Point, Weston-super-Mare, Somerset, England",51.3659434,-2.9342983,"Sphecodes geoffrellus",13.6508639318127,3.87066625694624,17.5987976936517,22.0149432177446
"IGproject0203","Sphecodes","geoffrellus","female",1948,7,2,"England","Devon","Lydford","",1.677,1.114,4.447,1.169,"Halictidae","kleptoparasite","OUMNH",1.083,"Lydford, Devon, England",50.6459989,-4.0827936,"Sphecodes geoffrellus",12.6311375778713,3.81591635902889,17.5408360925473,22.8044260347194
"IGproject0204","Sphecodes","geoffrellus","female",1952,8,2,"England","Northamptonshire","Aynho","",1.392,0.851,3.927,0.944,"Halictidae","kleptoparasite","OUMNH",0.917,"Aynho, Northamptonshire, England",51.9948605,-1.2520728,"Sphecodes geoffrellus",11.8366725770866,3.96311132186513,15.8899381965672,21.4554470680287
"IGproject0205","Sphecodes","geoffrellus","female",1901,7,NA,"England","Cornwall","Newquay","",1.425,0.908,3.886,0.9,"Halictidae","kleptoparasite","OUMNH",0.932,"Newquay, Cornwall, England",50.4134414,-5.0848836,"Sphecodes geoffrellus",13.3463978685843,3.15496468139677,16.6509591863451,19.5747950438299
"IGproject0206","Sphecodes","geoffrellus","male",1919,8,19,"England","Worcestershire","Malvern","",1.465,1.072,4.186,0.937,"Halictidae","kleptoparasite","OUMNH",0.971,"Malvern, Worcestershire, England",52.1159559,-2.3258985,"Sphecodes geoffrellus",13.3052287070225,3.82701050909033,16.474555933772,21.0773417315931
"IGproject0207","Sphecodes","geoffrellus","male",1900,8,NA,"Wales","Gwynedd","Criccieth","",1.528,1.021,4.246,0.952,"Halictidae","kleptoparasite","OUMNH",1.002,"Criccieth, Gwynedd, Wales",52.9206106,-4.2332414,"Sphecodes geoffrellus",13.0211508798016,3.94033654994755,17.0793994665542,21.6735937259728
"IGproject0208","Sphecodes","geoffrellus","female",1978,6,14,"England","Oxfordshire","Abingdon","Dry Sandford Pit",1.625,1.022,4.293,1.03,"Halictidae","kleptoparasite","OUMNH",1.005,"Dry Sandford Pit, Abingdon, Oxfordshire, England",51.69478825,-1.32635399,"Sphecodes geoffrellus",12.4267111148766,3.662230986848,16.2723580201578,21.1138910930642
"IGproject0209","Sphecodes","geoffrellus","male",1904,8,24,"England","Surrey","Reigate","",1.459,0.961,3.787,0.942,"Halictidae","kleptoparasite","OUMNH",0.96,"Reigate, Surrey, England",51.2376557,-0.2057067,"Sphecodes geoffrellus",11.9213400129091,3.67827480416732,15.4428137398013,20.4973481307944
"IGproject0210","Sphecodes","geoffrellus","female",1992,6,19,"England","Oxfordshire","","Hitchcopse Pit",1.782,1.17,4.724,1.148,"Halictidae","kleptoparasite","OUMNH",1.182,"Hitchcopse Pit, Oxfordshire, England",51.69442627,-1.347413049,"Sphecodes geoffrellus",13.4537257871545,4.26028352205372,17.8053210119645,23.1930503835709
"IGproject0211","Colletes","succintus","female",1940,8,4,"England","Devon","Meavy","",3.424,2.71,8.684,2.339,"Colletidae","excavator","OUMNH",NA,"Meavy, Devon, England",50.4796082,-4.0590464,"Colletes succintus",14.3135080537239,1.02502357059278,15.4967685851283,19.4170976684159
"IGproject0212","Colletes","succintus","male",1937,8,2,"England","Dorset","Swanage","",2.965,2.34,7.114,1.932,"Colletidae","excavator","OUMNH",NA,"Swanage, Dorset, England",50.6086976,-1.9571971,"Colletes succintus",15.5258690312937,0.761634292152102,16.4005495204924,20.4225214323867
"IGproject0213","Colletes","succintus","male",1953,8,10,"England","Devon","Dawlish Warren","",3.128,2.433,7.125,1.929,"Colletidae","excavator","OUMNH",NA,"Dawlish Warren, Devon, England",50.5986475,-3.4437159,"Colletes succintus",15.1995343413224,2.64044669052667,16.9964665943424,21.2365456674591
"IGproject0214","Colletes","succintus","male",1906,8,6,"England","Surrey","Woking","",2.795,2.168,6.334,1.658,"Colletidae","excavator","OUMNH",NA,"Woking, Surrey, England",51.3201891,-0.5564726,"Colletes succintus",15.629088097021,2.75156195752488,18.4709607777184,23.7738749393289
"IGproject0215","Colletes","succintus","male",1953,8,12,"England","Devon","Bovey Tracey","Bovey Heathfield",3.238,2.605,7.729,2.017,"Colletidae","excavator","OUMNH",NA,"Bovey Heathfield, Bovey Tracey, Devon, England",50.5778633,-3.6644648,"Colletes succintus",15.1925870042627,2.78197630287049,17.162783727818,21.6325008281217
"IGproject0216","Colletes","succintus","female",1927,8,25,"England","Dorset","Warmwell","Warmwell Heath",3.178,2.599,7.95,2.05,"Colletidae","excavator","OUMNH",NA,"Warmwell Heath, Warmwell, Dorset, England",50.68094,-2.35113,"Colletes succintus",16.336892705894,0.690514764679793,16.8631365456169,21.3256806447586
"IGproject0217","Colletes","succintus","male",1926,8,25,"England","Dorset","Warmwell","Warmwell Heath",2.851,2.184,6.73,1.639,"Colletidae","excavator","OUMNH",NA,"Warmwell Heath, Warmwell, Dorset, England",50.68094,-2.35113,"Colletes succintus",14.8261329336546,2.06482199498872,16.4356180577674,21.1747209357133
"IGproject0218","Colletes","succintus","male",1969,9,4,"England","Devon","Brixham","",3.051,2.401,7.343,1.936,"Colletidae","excavator","OUMNH",NA,"Brixham, Devon, England",50.3952404,-3.514544,"Colletes succintus",15.4752651737078,0.757202474831905,16.2358593739763,18.8784019548388
"IGproject0219","Colletes","succintus","female",1919,8,NA,"England","Devon","South Brent","",3.387,2.804,8.543,2.282,"Colletidae","excavator","OUMNH",NA,"South Brent, Devon, England",50.4427744,-3.847493,"Colletes succintus",13.677151890634,1.86251398256436,14.8616108411588,18.7197446512224
"IGproject0220","Colletes","succintus","male",1913,8,5,"England","Devon","Bovey Tracey","",3.255,2.461,7.746,2.115,"Colletidae","excavator","OUMNH",NA,"Bovey Tracey, Devon, England",50.6046632,-3.6856762,"Colletes succintus",13.618857411435,2.1393184449633,16.0430700341501,19.6426967798243
"IGproject0221","Colletes","succintus","female",1913,8,13,"England","Devon","Bovey Tracey","",3.323,2.732,8.452,2.15,"Colletidae","excavator","OUMNH",NA,"Bovey Tracey, Devon, England",50.6046632,-3.6856762,"Colletes succintus",13.618857411435,2.1393184449633,16.0430700341501,19.6426967798243
"IGproject0222","Colletes","succintus","male",1899,7,NA,"Wales","Conwy","Abergele","",3.23,2.497,7.661,1.988,"Colletidae","excavator","OUMNH",NA,"Abergele, Conwy, Wales",53.2840692,-3.5810655,"Colletes succintus",15.0867356660751,0.546696061502664,15.7155411786291,19.7892117102935
"IGproject0223","Colletes","succintus","male",1953,8,10,"England","Devon","Dawlish Warren","",3.071,2.311,7.295,1.9,"Colletidae","excavator","OUMNH",NA,"Dawlish Warren, Devon, England",50.5986475,-3.4437159,"Colletes succintus",15.1995343413224,2.64044669052667,16.9964665943424,21.2365456674591
"IGproject0224","Colletes","succintus","female",1927,8,15,"England","Dorset","Warmwell","",3.308,2.608,8.184,2.137,"Colletidae","excavator","OUMNH",NA,"Warmwell, Dorset, England",50.6749172,-2.3553494,"Colletes succintus",16.3413086751472,0.669483160292149,16.8461946293679,21.2379923835095
"IGproject0225","Colletes","succintus","male",1968,8,3,"England","Cornwall","Millook","",3.113,2.501,6.938,1.89,"Colletidae","excavator","OUMNH",NA,"Millook, Cornwall, England",50.7710435,-4.5756142,"Colletes succintus",14.9018268351108,0.989868424128404,15.7120788096946,19.1300801817192
"IGproject0226","Colletes","succintus","female",1900,NA,NA,"England","Gloucestershire","Horsley","",3.256,2.543,8.071,2.109,"Colletidae","excavator","OUMNH",NA,"Horsley, Gloucestershire, England",51.6780946,-2.2329134,"Colletes succintus",16.151499916464,2.50261841390048,18.0716499540187,24.2204315432858
"IGproject0227","Colletes","succintus","female",1973,9,15,"Wales","Pembrokeshire","St David's","St David's Head",3.708,3.091,9.292,2.429,"Colletidae","excavator","OUMNH",NA,"St David's Head, St David's, Pembrokeshire, Wales",51.9030217,-5.3127212,"Colletes succintus",13.7349843792359,0.876006057083808,14.3808055175931,16.807421993038
"IGproject0228","Colletes","succintus","male",1927,8,15,"England","Dorset","Warmwell","Warmwell Heath",2.734,2.054,6.628,1.687,"Colletidae","excavator","OUMNH",NA,"Warmwell Heath, Warmwell, Dorset, England",50.68094,-2.35113,"Colletes succintus",16.336892705894,0.690514764679793,16.8631365456169,21.3256806447586
"IGproject0229","Colletes","succintus","male",1934,8,17,"England","Dorset","Swanage","South Haven Point",2.965,2.096,6.8,1.791,"Colletidae","excavator","OUMNH",NA,"South Haven Point, Swanage, Dorset, England",50.6787269,-1.94390688,"Colletes succintus",17.1806359581247,1.18237030661735,17.9466767340373,22.8558942578081
"IGproject0230","Colletes","succintus","male",1934,8,17,"England","Dorset","Swanage","South Haven Point",3.024,2.284,7.074,1.933,"Colletidae","excavator","OUMNH",NA,"South Haven Point, Swanage, Dorset, England",50.6787269,-1.94390688,"Colletes succintus",17.1806359581247,1.18237030661735,17.9466767340373,22.8558942578081
"IGproject0231","Colletes","succintus","male",1933,7,24,"England","Dorset","Swanage","South Haven, S. Boundary",3.086,2.342,7.233,1.901,"Colletidae","excavator","OUMNH",NA,"South Haven, S. Boundary, Swanage, Dorset, England",50.61205076,-1.957719924,"Colletes succintus",15.8207389220371,1.56127918216692,17.4951534921618,21.1133329633331
"IGproject0234","Colletes","succintus","female",1901,NA,NA,"England","Hampshire","Lyndhurst","",3.448,3.006,8.373,2.269,"Colletidae","excavator","OUMNH",NA,"Lyndhurst, Hampshire, England",50.8727657,-1.5748436,"Colletes succintus",16.2216630800195,1.91725545978962,18.1872214263262,23.8561110528322
"IGproject0235","Colletes","succintus","female",1953,8,18,"England","Devon","Bovey Tracey","Bovey Heathfield",3.462,2.804,8.427,2.283,"Colletidae","excavator","OUMNH",NA,"Bovey Heathfield, Bovey Tracey, Devon, England",50.5778633,-3.6644648,"Colletes succintus",15.1925870042627,2.78197630287049,17.162783727818,21.6325008281217
"IGproject0236","Colletes","succintus","male",1905,8,4,"England","Hampshire","","New Forest",2.642,1.887,6.178,1.483,"Colletidae","excavator","OUMNH",NA,"New Forest, Hampshire, England",50.8557268,-1.5956844,"Colletes succintus",15.5283079161238,2.25349906033159,17.5343894577724,22.7909218319402
"IGproject0237","Colletes","succintus","female",1915,9,3,"England","Devon","Bovey Tracey","",3.458,2.773,8.436,2.207,"Colletidae","excavator","OUMNH",NA,"Bovey Tracey, Devon, England",50.6046632,-3.6856762,"Colletes succintus",15.1535742249958,1.13752758941919,15.9616082933886,20.038906060993
"IGproject0239","Colletes","succintus","male",1905,8,14,"England","Hampshire","","New Forest",2.952,2.232,7.011,1.798,"Colletidae","excavator","OUMNH",NA,"New Forest, Hampshire, England",50.8557268,-1.5956844,"Colletes succintus",15.5283079161238,2.25349906033159,17.5343894577724,22.7909218319402
"IGproject0240","Colletes","succintus","male",1909,8,13,"England","Hampshire","","New Forest",2.74,2.11,6.235,1.608,"Colletidae","excavator","OUMNH",NA,"New Forest, Hampshire, England",50.8557268,-1.5956844,"Colletes succintus",14.9549406053328,1.88501530437398,16.5236806766497,21.7687066232728
"IGproject0241","Sphecodes","geoffrellus","male",2011,7,30,"England","Oxfordshire","Oxford","Shotover",1.544,1.041,4.223,0.965,"Halictidae","kleptoparasite","OUMNH",NA,"Shotover, Oxford, Oxfordshire, England",51.7561128,-1.1551229,"Sphecodes geoffrellus",14.2720068004021,3.70803228396615,18.3809544736555,23.3346973998313
"IGproject0242","Sphecodes","geoffrellus","female",1955,8,1,"England","Oxfordshire","Abingdon","Cothill",1.545,1.123,4.219,1.053,"Halictidae","kleptoparasite","OUMNH",NA,"Cothill, Abingdon, Oxfordshire, England",51.69591033,-1.3292552,"Sphecodes geoffrellus",12.4094141430338,3.11676789002123,14.9530989882005,19.1706629900995
"IGproject0243","Sphecodes","geoffrellus","male",1989,7,3,"England","Wiltshire","Wroughton","Clouts Wood",1.694,1.146,4.543,1.126,"Halictidae","kleptoparasite","OUMNH",NA,"Clouts Wood, Wroughton, Wiltshire, England",51.51489206,-1.804044057,"Sphecodes geoffrellus",12.64938711974,2.97121385906229,14.9558664939255,19.6137152943662
"IGproject0244","Sphecodes","geoffrellus","female",1960,7,20,"England","Devon","Dawlish","",1.677,1.059,4.487,1.126,"Halictidae","kleptoparasite","OUMNH",NA,"Dawlish, Devon, England",50.5797391,-3.468931,"Sphecodes geoffrellus",14.0936785904237,3.15856000368606,16.9515670047544,21.1620583715352
"IGproject0245","Sphecodes","geoffrellus","female",1990,8,29,"England","Wiltshire","Swindon","Coate Water Country Park",1.379,0.931,3.693,0.906,"Halictidae","kleptoparasite","OUMNH",NA,"Coate Water Country Park, Swindon, Wiltshire, England",51.53925894,-1.74822582,"Sphecodes geoffrellus",14.372142476952,4.69247450931052,19.0972348446659,25.1476743381014
"IGproject0246","Sphecodes","geoffrellus","female",1901,7,NA,"England","Cornwall","Newquay","",1.438,0.919,3.889,1.009,"Halictidae","kleptoparasite","OUMNH",NA,"Newquay, Cornwall, England",50.4134414,-5.0848836,"Sphecodes geoffrellus",13.3463978685843,3.15496468139677,16.6509591863451,19.5747950438299
"IGproject0247","Sphecodes","geoffrellus","female",1905,7,23,"England","Hampshire","","New Forest",1.533,1.021,4.136,1.022,"Halictidae","kleptoparasite","OUMNH",NA,"New Forest, Hampshire, England",50.8557268,-1.5956844,"Sphecodes geoffrellus",13.6446768973719,3.33404394668579,17.5343894577724,22.7909218319402
"IGproject0248","Sphecodes","geoffrellus","male",1983,8,6,"England","Warwickshie","Coventry","Coombe",1.461,0.954,3.858,0.938,"Halictidae","kleptoparasite","OUMNH",NA,"Coombe, Coventry, Warwickshie, England",52.41011936,-1.407566014,"Sphecodes geoffrellus",13.4934382988484,3.47614801633705,16.3964963323593,21.5274825986401
"IGproject0249","Sphecodes","geoffrellus","male",1953,8,12,"England","Devon","Bovey Tracey","Bovey Heathfield",1.514,1.083,4.215,0.958,"Halictidae","kleptoparasite","OUMNH",NA,"Bovey Heathfield, Bovey Tracey, Devon, England",50.5778633,-3.6644648,"Sphecodes geoffrellus",14.1308388706623,3.01516981246034,17.162783727818,21.6325008281217
"IGproject0250","Sphecodes","geoffrellus","female",1902,9,6,"England","Kent","Faversham","Huntingfield",1.667,1.014,4.534,1.114,"Halictidae","kleptoparasite","OUMNH",NA,"Huntingfield, Faversham, Kent, England",51.25792226,0.822018012,"Sphecodes geoffrellus",13.2352726657899,3.85488132385129,17.1379331428239,22.8189475840829
"IGproject0251","Andrena","chrysosceles","female",1915,6,15,"England","Devon","Brixham","",2.978,1.829,8.135,2.275,"Andrenidae","excavator","OUMNH",NA,"Brixham, Devon, England",50.3952404,-3.514544,"Andrena chrysosceles",12.3574396336247,2.40054637640603,14.9952012785908,18.959369419758
"IGproject0252","Andrena","chrysosceles","male",1912,5,NA,"England","Hampshire","","New Forest",2.513,1.324,6.822,1.678,"Andrenidae","excavator","OUMNH",NA,"New Forest, Hampshire, England",50.8557268,-1.5956844,"Andrena chrysosceles",11.7990882631433,4.02728515025232,14.9822960516938,20.3686477675541
"IGproject0253","Andrena","chrysosceles","male",1898,6,2,"England","Buckinghamshire","Great Missenden","",2.61,1.531,7.013,1.859,"Andrenidae","excavator","OUMNH",NA,"Great Missenden, Buckinghamshire, England",51.7046508,-0.7086592,"Andrena chrysosceles",10.4312225971225,4.09890103475321,14.8784637001044,19.5922475540337
"IGproject0254","Andrena","chrysosceles","female",1902,8,NA,"England","Berkshire","Crowthorne","Wellington College",2.38,1.569,6.624,2.332,"Andrenidae","excavator","OUMNH",NA,"Wellington College, Crowthorne, Berkshire, England",51.3624135,-0.8080941,"Andrena chrysosceles",11.1106261600715,2.85447503788238,13.9825830978698,19.9160972251584
"IGproject0255","Andrena","chrysosceles","female",1949,5,14,"England","Devon","Woodbury","",2.94,1.864,8.134,2.284,"Andrenidae","excavator","OUMNH",NA,"Woodbury, Devon, England",50.6759768,-3.4061001,"Andrena chrysosceles",11.5688269342327,2.48743752049785,13.9299271037791,17.8126383435187
"IGproject0256","Andrena","chrysosceles","male",1949,4,18,"England","Oxfordshire","Chastleton","",2.484,1.515,6.265,1.686,"Andrenidae","excavator","OUMNH",NA,"Chastleton, Oxfordshire, England",51.9599665,-1.6409204,"Andrena chrysosceles",10.820313360769,2.31541699288438,13.1247495199117,17.3452305692517
"IGproject0257","Andrena","chrysosceles","male",1916,4,29,"England","Devon","Newton Abbot","",2.403,1.411,6.552,1.764,"Andrenidae","excavator","OUMNH",NA,"Newton Abbot, Devon, England",50.5296441,-3.6112097,"Andrena chrysosceles",11.9076656839528,2.64401977737943,14.2482794443571,18.3433804234231
"IGproject0258","Andrena","chrysosceles","female",1913,6,10,"England","Dorset","Swanage","",2.817,1.778,7.545,2.191,"Andrenidae","excavator","OUMNH",NA,"Swanage, Dorset, England",50.6086976,-1.9571971,"Andrena chrysosceles",11.9048609208242,2.23747691985141,13.7760433217638,16.6415753939068
"IGproject0259","Andrena","chrysosceles","female",1913,5,17,"England","Devon","Bovey Tracey","",2.762,1.761,7.625,1.966,"Andrenidae","excavator","OUMNH",NA,"Bovey Tracey, Devon, England",50.6046632,-3.6856762,"Andrena chrysosceles",11.6459785608295,1.91271235287614,13.3675649383347,17.4046828012715
"IGproject0260","Andrena","chrysosceles","female",1915,5,20,"England","Gloucestershire","Wotton-under-Edge","",3.004,1.897,8.482,2.249,"Andrenidae","excavator","OUMNH",NA,"Wotton-under-Edge, Gloucestershire, England",51.6378241,-2.3547251,"Andrena chrysosceles",11.8561706437816,2.62864888433412,14.7980816567123,20.1851836349757
"IGproject0261","Andrena","chrysosceles","female",1977,6,22,"England","Hampshire","Odiham","",2.832,1.705,7.739,2.16,"Andrenidae","excavator","OUMNH",NA,"Odiham, Hampshire, England",51.2496285,-0.9346917,"Andrena chrysosceles",12.7921973668069,4.93127978078268,17.8165400598014,23.7524695194752
"IGproject0262","Andrena","chrysosceles","male",1929,5,3,"England","Greater London","London","Wimbledon",2.513,1.41,6.672,1.729,"Andrenidae","excavator","OUMNH",NA,"Wimbledon, London, Greater London, England",51.4214787,-0.2064027,"Andrena chrysosceles",11.6721257057007,2.68091155494817,14.3297203721323,18.999188305195
"IGproject0263","Andrena","chrysosceles","female",1929,6,12,"England","Oxfordshire","Oxford","Waterperry Wood",2.649,1.603,7.3,2.058,"Andrenidae","excavator","OUMNH",NA,"Waterperry Wood, Oxford, Oxfordshire, England",51.77601288,-1.127008027,"Andrena chrysosceles",10.6500069516001,2.49846751551077,13.0954354248526,18.267165287058
"IGproject0264","Andrena","chrysosceles","male",1968,6,12,"England","Oxfordshire","Oxford","Waterperry Wood",2.337,1.31,6.071,1.632,"Andrenidae","excavator","OUMNH",NA,"Waterperry Wood, Oxford, Oxfordshire, England",51.77601288,-1.127008027,"Andrena chrysosceles",10.8484882909241,3.15733956518492,14.0642907708983,19.400079400252
"IGproject0265","Andrena","chrysosceles","female",1978,5,7,"England","Oxfordshire","Oxford","Hinksey",2.931,1.817,7.893,2.268,"Andrenidae","excavator","OUMNH",NA,"Hinksey, Oxford, Oxfordshire, England",51.7363525,-1.2575581,"Andrena chrysosceles",10.3056037298572,2.53990477465615,12.4960253744488,16.4726524090125
"IGproject0266","Andrena","chrysosceles","male",1980,5,1,"England","Buckinghamshire","Gerrards Cross","",2.913,1.706,7.457,1.987,"Andrenidae","excavator","OUMNH",NA,"Gerrards Cross, Buckinghamshire, England",51.5878131,-0.5537126,"Andrena chrysosceles",10.9435288809485,3.09286233949927,14.1923934955111,18.5522534830307
"IGproject0267","Andrena","chrysosceles","male",1917,4,22,"England","Devon","Newton Abbot","",2.503,1.454,6.777,1.746,"Andrenidae","excavator","OUMNH",NA,"Newton Abbot, Devon, England",50.5296441,-3.6112097,"Andrena chrysosceles",11.0565943456979,1.75002791643381,12.2310367193886,16.4088814103787
"IGproject0268","Andrena","chrysosceles","male",1983,5,17,"England","Buckinghamshire","Hedgerley","",2.478,1.373,6.362,1.728,"Andrenidae","excavator","OUMNH",NA,"Hedgerley, Buckinghamshire, England",51.5763466,-0.6040853,"Andrena chrysosceles",12.1368586276931,3.72110807575472,16.0491069701851,20.5810334048892
"IGproject0269","Andrena","chrysosceles","female",1984,5,9,"England","Greater London","London","Devonshire Road",2.774,1.836,7.639,2.123,"Andrenidae","excavator","OUMNH",NA,"Devonshire Road, London, Greater London, England",51.500887,-0.3132598,"Andrena chrysosceles",11.897107586354,4.03986705715484,16.1108026648224,20.6059625892233
"IGproject0270","Andrena","chrysosceles","female",1990,5,29,"England","Wiltshire","Swindon","Coate Water Country Park",3.044,1.945,8.306,2.321,"Andrenidae","excavator","OUMNH",NA,"Coate Water Country Park, Swindon, Wiltshire, England",51.53925894,-1.74822582,"Andrena chrysosceles",11.8824838685312,4.45121746326944,15.1470539988312,20.7665821758766
"IGproject0271","Andrena","chrysosceles","female",1907,6,22,"England","Hampshire","","New Forest",3.088,2.007,8.587,2.301,"Andrenidae","excavator","OUMNH",NA,"New Forest, Hampshire, England",50.8557268,-1.5956844,"Andrena chrysosceles",10.8208727226404,3.18690068023834,13.9687036528398,19.7714042628667
"IGproject0272","Andrena","chrysosceles","female",1904,5,22,"England","Hampshire","","New Forest",2.768,1.659,7.557,2.135,"Andrenidae","excavator","OUMNH",NA,"New Forest, Hampshire, England",50.8557268,-1.5956844,"Andrena chrysosceles",10.7051215528127,3.18736415873028,13.2090105022457,18.4917205262087
"IGproject0273","Andrena","chrysosceles","male",1906,5,19,"Wales","Bridgend","Porthcawl","",2.556,1.436,6.687,1.776,"Andrenidae","excavator","OUMNH",NA,"Porthcawl, Bridgend, Wales",51.4795563,-3.7040704,"Andrena chrysosceles",11.8269300812605,3.27875058728416,15.3226134749998,18.6641526005163
"IGproject0274","Andrena","chrysosceles","male",1935,5,3,"England","Cambridgeshire","Hardwick","Hardwick Wood",2.782,1.636,7.377,1.953,"Andrenidae","excavator","OUMNH",NA,"Hardwick Wood, Hardwick, Cambridgeshire, England",52.2002801,-0.0205034,"Andrena chrysosceles",11.4450759279623,3.34701606260487,14.8441846345006,20.4535671442193
"IGproject0275","Andrena","chrysosceles","male",1996,4,27,"England","Northamptonshire","Marston St Lawrence","",2.534,1.397,6.95,1.814,"Andrenidae","excavator","OUMNH",NA,"Marston St Lawrence, Northamptonshire, England",52.0766064,-1.2171139,"Andrena chrysosceles",11.0662240580126,2.56034360178285,13.5771189466436,18.6829359065646
"IGproject0276","Andrena","chrysosceles","male",1996,4,27,"England","Northamptonshire","Marston St Lawrence","",2.467,1.33,6.535,1.719,"Andrenidae","excavator","OUMNH",NA,"Marston St Lawrence, Northamptonshire, England",52.0766064,-1.2171139,"Andrena chrysosceles",11.0662240580126,2.56034360178285,13.5771189466436,18.6829359065646
"IGproject0277","Andrena","chrysosceles","female",1984,5,9,"England","Greater London","London","Devonshire Road",3.013,1.882,8.09,2.27,"Andrenidae","excavator","OUMNH",NA,"Devonshire Road, London, Greater London, England",51.500887,-0.3132598,"Andrena chrysosceles",11.897107586354,4.03986705715484,16.1108026648224,20.6059625892233
"IGproject0278","Andrena","chrysosceles","male",1996,4,27,"England","Northamptonshire","Brackley","",2.681,1.46,7.05,1.948,"Andrenidae","excavator","OUMNH",NA,"Brackley, Northamptonshire, England",52.0278975,-1.1484657,"Andrena chrysosceles",11.2419770309783,2.54998567573358,13.7410540697776,18.8086209936159
"IGproject0279","Andrena","chrysosceles","female",1990,5,29,"England","Wiltshire","Swindon","Coate Water Country Park",3.097,1.952,8.394,2.26,"Andrenidae","excavator","OUMNH",NA,"Coate Water Country Park, Swindon, Wiltshire, England",51.53925894,-1.74822582,"Andrena chrysosceles",11.8824838685312,4.45121746326944,15.1470539988312,20.7665821758766
"IGproject0280","Andrena","chrysosceles","female",1990,5,11,"England","Oxfordshire","North Leigh","North Leigh Common",2.377,1.552,7.16,1.958,"Andrenidae","excavator","OUMNH",NA,"North Leigh Common, North Leigh, Oxfordshire, England",51.8203059,-1.4197065,"Andrena chrysosceles",11.48813272507,4.39835002313605,14.7130489575752,20.405577698188
"IGproject0281","Hylaeus","communis","female",1950,4,2,"England","Devon","Topsham","",1.701,1.333,4.966,1.054,"Colletidae","cavity nester","OUMNH",NA,"Topsham, Devon, England",50.6850732,-3.4658063,"Hylaeus communis",16.4936538010237,1.10472369540205,17.4436889886147,23.0023571642837
"IGproject0282","Hylaeus","communis","male",1948,7,17,"England","Dorset","Witchampton","",1.495,1.046,4.214,0.894,"Colletidae","cavity nester","OUMNH",NA,"Witchampton, Dorset, England",50.8579978,-2.0168718,"Hylaeus communis",17.0875445049823,1.94159982381394,19.1068606364588,25.892449705756
"IGproject0283","Hylaeus","communis","female",1952,8,22,"England","Devon","Dawlish Warren","",1.538,1.116,4.121,0.933,"Colletidae","cavity nester","OUMNH",NA,"Dawlish Warren, Devon, England",50.5986475,-3.4437159,"Hylaeus communis",15.0638980814162,1.34617552389365,16.3977062027245,20.8931112758344
"IGproject0284","Hylaeus","communis","female",1949,7,9,"England","Devon","Exeter","",1.65,1.298,4.978,1.051,"Colletidae","cavity nester","OUMNH",NA,"Exeter, Devon, England",50.7256138,-3.5269209,"Hylaeus communis",15.0553193394677,0.731396577032089,15.6881269216245,20.4904339057648
"IGproject0285","Hylaeus","communis","male",1897,7,8,"England","Berkshire","Sulhamstead","",1.473,1.088,3.947,0.965,"Colletidae","cavity nester","OUMNH",NA,"Sulhamstead, Berkshire, England",51.4140897,-1.0929427,"Hylaeus communis",15.9235950677762,1.16918063409784,16.9487430562065,22.9964729131865
"IGproject0286","Hylaeus","communis","male",1904,7,NA,"England","Dorset","Lyme Regis","",1.758,1.44,4.82,1.046,"Colletidae","cavity nester","OUMNH",NA,"Lyme Regis, Dorset, England",50.7252897,-2.934559,"Hylaeus communis",14.1679493073694,1.30463356026486,15.2395292155061,19.7112190954345
"IGproject0287","Hylaeus","communis","female",1914,6,18,"England","Cambridgeshire","Wicken","",1.604,1.277,4.932,1.097,"Colletidae","cavity nester","OUMNH",NA,"Wicken, Cambridgeshire, England",52.3126328,0.2994755,"Hylaeus communis",14.8521835894074,0.613123479100937,15.5292705979793,21.0370339844803
"IGproject0288","Hylaeus","communis","male",1903,7,23,"England","Dorset","Lyme Regis","",1.423,0.99,3.996,0.809,"Colletidae","cavity nester","OUMNH",NA,"Lyme Regis, Dorset, England",50.7252897,-2.934559,"Hylaeus communis",14.3509103612868,1.13499064767345,15.1429601876487,19.604229171124
"IGproject0289","Hylaeus","communis","male",1953,8,12,"England","Devon","Bovey Tracey","Bovey Heathfield",1.489,1.108,4.254,0.924,"Colletidae","cavity nester","OUMNH",NA,"Bovey Heathfield, Bovey Tracey, Devon, England",50.5778633,-3.6644648,"Hylaeus communis",16.023705630586,1.3699672143734,17.162783727818,21.6325008281217
"IGproject0290","Hylaeus","communis","male",1948,7,17,"England","Dorset","Witchampton","",1.561,1.221,4.356,0.984,"Colletidae","cavity nester","OUMNH",NA,"Witchampton, Dorset, England",50.8579978,-2.0168718,"Hylaeus communis",17.0875445049823,1.94159982381394,19.1068606364588,25.892449705756
"IGproject0291","Hylaeus","communis","male",1976,6,26,"England","Devon","Yelverton","Five Oaks",1.566,1.202,4.384,0.928,"Colletidae","cavity nester","OUMNH",NA,"Five Oaks, Yelverton, Devon, England",50.4934281,-4.085997565,"Hylaeus communis",15.8782525033667,1.28414026600311,16.9320996700321,21.0707524321648
"IGproject0292","Hylaeus","communis","male",1977,8,11,"England","Devon","Hawkchurch","",1.444,1.083,4.091,0.9,"Colletidae","cavity nester","OUMNH",NA,"Hawkchurch, Devon, England",50.800438,-2.9354622,"Hylaeus communis",17.5858398846787,0.7422479589176,18.1928663687868,24.0317905567667
"IGproject0293","Hylaeus","communis","male",1982,7,5,"England","Devon","Tavistock","Whitchurch Down",1.519,1.158,4.406,0.979,"Colletidae","cavity nester","OUMNH",NA,"Whitchurch Down, Tavistock, Devon, England",50.5427342,-4.1150225,"Hylaeus communis",14.606504576584,1.86060669597625,16.2519295287545,20.934146433917
"IGproject0294","Hylaeus","communis","male",1963,6,22,"England","Dorset","Weymouth","",1.565,1.21,4.497,0.972,"Colletidae","cavity nester","OUMNH",NA,"Weymouth, Dorset, England",50.6096257,-2.4543424,"Hylaeus communis",14.9718217934697,0.843925197292145,15.5358088050574,18.7064825676462
"IGproject0295","Hylaeus","communis","male",1951,8,14,"England","Gloucestershire","Chipping Campden","",1.413,1.057,4.079,0.886,"Colletidae","cavity nester","OUMNH",NA,"Chipping Campden, Gloucestershire, England",52.0496652,-1.7813927,"Hylaeus communis",15.4222523808532,0.315084912283446,15.7620888884345,20.9095694937781
"IGproject0296","Hylaeus","communis","female",1974,6,NA,"England","Devon","Saunton","",1.609,1.219,4.725,1.021,"Colletidae","cavity nester","OUMNH",NA,"Saunton, Devon, England",51.1167185,-4.2093963,"Hylaeus communis",15.5638877557212,1.34992480546978,17.0205120132962,20.6566850848046
"IGproject0297","Hylaeus","communis","female",1977,7,30,"England","Devon","","South Devon - Buckland Down",1.649,1.263,4.679,1.03,"Colletidae","cavity nester","OUMNH",NA,"South Devon - Buckland Down, Devon, England",50.54448152,-3.807963495,"Hylaeus communis",16.6254849425073,0.764492987263338,17.0754654146295,22.4235641013745
"IGproject0298","Hylaeus","communis","male",1974,6,NA,"England","Devon","Saunton","",1.551,1.116,4.397,0.956,"Colletidae","cavity nester","OUMNH",NA,"Saunton, Devon, England",51.1167185,-4.2093963,"Hylaeus communis",15.5638877557212,1.34992480546978,17.0205120132962,20.6566850848046
"IGproject0299","Hylaeus","communis","female",1906,7,21,"England","Kent","Faversham","",1.584,1.263,4.714,0.948,"Colletidae","cavity nester","OUMNH",NA,"Faversham, Kent, England",51.3158434,0.8911283,"Hylaeus communis",16.4400563349352,1.6308380594247,18.2538278918757,23.3418065778306
"IGproject0300","Hylaeus","communis","female",1954,8,3,"England","Dorset","Warmwell","Warmwell Heath",1.708,1.315,5.013,1.076,"Colletidae","cavity nester","OUMNH",NA,"Warmwell Heath, Warmwell, Dorset, England",50.68094,-2.35113,"Hylaeus communis",15.5112523125625,0.924326094042786,16.4150442555978,21.124431933334
"IGproject0301","Hylaeus","communis","female",1902,8,18,"England","Kent","Faversham","Huntingfield",1.544,1.202,4.572,0.97,"Colletidae","cavity nester","OUMNH",NA,"Huntingfield, Faversham, Kent, England",51.25792226,0.822018012,"Hylaeus communis",15.8240599479737,1.7220069136953,17.1379331428239,22.8189475840829
"IGproject0302","Hylaeus","communis","female",1953,8,12,"England","Devon","Bovey Tracey","Bovey Heathfield",1.76,1.368,5.11,1.104,"Colletidae","cavity nester","OUMNH",NA,"Bovey Heathfield, Bovey Tracey, Devon, England",50.5778633,-3.6644648,"Hylaeus communis",16.023705630586,1.3699672143734,17.162783727818,21.6325008281217
"IGproject0303","Hylaeus","communis","male",1909,7,12,"England","Hampshire","","New Forest",1.475,0.998,3.977,0.909,"Colletidae","cavity nester","OUMNH",NA,"New Forest, Hampshire, England",50.8557268,-1.5956844,"Hylaeus communis",15.6427973982155,0.81090538705866,16.5236806766497,21.7687066232728
"IGproject0304","Hylaeus","communis","female",1974,7,9,"England","Devon","Saunton","",1.482,1.124,4.484,0.923,"Colletidae","cavity nester","OUMNH",NA,"Saunton, Devon, England",51.1167185,-4.2093963,"Hylaeus communis",15.5638877557212,1.34992480546978,17.0205120132962,20.6566850848046
"IGproject0305","Hylaeus","communis","male",1902,8,18,"England","Kent","Faversham","Huntingfield",1.506,1.069,4.219,0.878,"Colletidae","cavity nester","OUMNH",NA,"Huntingfield, Faversham, Kent, England",51.25792226,0.822018012,"Hylaeus communis",15.8240599479737,1.7220069136953,17.1379331428239,22.8189475840829
"IGproject0306","Hylaeus","communis","female",1978,7,16,"England","Cornwall","North Petherwin","",1.676,1.301,4.879,1.021,"Colletidae","cavity nester","OUMNH",NA,"North Petherwin, Cornwall, England",50.6931922,-4.4613253,"Hylaeus communis",14.162837590017,1.89147226250419,15.6454360442512,19.7824502584718
"IGproject0307","Hylaeus","communis","male",1986,7,15,"England","Kent","Higham","",1.437,1.11,4.096,0.903,"Colletidae","cavity nester","OUMNH",NA,"Higham, Kent, England",51.4310457,0.4709558,"Hylaeus communis",15.6336467216042,1.76350351010634,17.3984215081927,22.0329161049047
"IGproject0308","Hylaeus","communis","female",1909,7,15,"England","Hampshire","","New Forest",1.528,1.188,4.634,0.97,"Colletidae","cavity nester","OUMNH",NA,"New Forest, Hampshire, England",50.8557268,-1.5956844,"Hylaeus communis",15.6427973982155,0.81090538705866,16.5236806766497,21.7687066232728
"IGproject0309","Hylaeus","communis","female",1909,7,13,"England","Hampshire","","New Forest",1.681,1.33,5.002,1.047,"Colletidae","cavity nester","OUMNH",NA,"New Forest, Hampshire, England",50.8557268,-1.5956844,"Hylaeus communis",15.6427973982155,0.81090538705866,16.5236806766497,21.7687066232728
"IGproject0310","Hylaeus","communis","female",1903,7,23,"England","Dorset","Lyme Regis","",1.626,1.29,4.753,1.011,"Colletidae","cavity nester","OUMNH",NA,"Lyme Regis, Dorset, England",50.7252897,-2.934559,"Hylaeus communis",14.3509103612868,1.13499064767345,15.1429601876487,19.604229171124
"IGproject0311","Nomada","flava","female",1947,5,11,"England","Devon","Sheepstor","",2.576,1.767,8.392,2.263,"Apidae","kleptoparasite","OUMNH",NA,"Sheepstor, Devon, England",50.4908765,-4.0318718,"Nomada flava",10.1452252440194,1.31000725118669,11.4883281494026,15.1128276051803
"IGproject0312","Nomada","flava","female",1949,5,1,"England","Devon","Sheepstor","",2.416,1.704,7.891,2.08,"Apidae","kleptoparasite","OUMNH",NA,"Sheepstor, Devon, England",50.4908765,-4.0318718,"Nomada flava",10.6078212770051,2.33086866296895,12.5716126934666,16.3292351460381
"IGproject0313","Nomada","flava","female",1915,5,17,"England","Gloucestershire","Wotton-under-Edge","",2.929,1.995,9.868,2.781,"Apidae","kleptoparasite","OUMNH",NA,"Wotton-under-Edge, Gloucestershire, England",51.6378241,-2.3547251,"Nomada flava",11.8561706437816,2.62864888433412,14.7980816567123,20.1851836349757
"IGproject0314","Nomada","flava","female",1980,5,13,"England","Devon","","Fernworthy Reservoir",2.56,1.829,8.387,2.348,"Apidae","kleptoparasite","OUMNH",NA,"Fernworthy Reservoir, Devon, England",50.6408514,-3.8883035,"Nomada flava",8.35014743533152,2.75443554790736,11.4354488561053,15.2234974998832
"IGproject0315","Nomada","flava","male",1977,5,24,"England","Devon","Newton Abbot","Holne Wood",2.246,1.444,7.386,2.008,"Apidae","kleptoparasite","OUMNH",NA,"Holne Wood, Newton Abbot, Devon, England",50.52062012,-3.836495937,"Nomada flava",10.9667283768328,4.32351681881513,15.6046314480843,20.2901699572492
"IGproject0316","Nomada","flava","male",1961,5,13,"England","Devon","Bovey Tracey","Bovey Heathfield",1.919,1.141,6.348,1.59,"Apidae","kleptoparasite","OUMNH",NA,"Bovey Heathfield, Bovey Tracey, Devon, England",50.5778633,-3.6644648,"Nomada flava",12.8880934816668,3.128112598275,15.9875581054631,20.7192606487277
"IGproject0317","Nomada","flava","female",1916,5,NA,"England","Devon","Paignton","",2.73,1.873,9.219,2.565,"Apidae","kleptoparasite","OUMNH",NA,"Paignton, Devon, England",50.4377018,-3.5632704,"Nomada flava",11.795021346329,2.64214136962546,14.1018249682704,17.7223432559648
"IGproject0318","Nomada","flava","female",1921,4,30,"England","Devon","Newton Abbot","",2.24,1.438,7.468,2.083,"Apidae","kleptoparasite","OUMNH",NA,"Newton Abbot, Devon, England",50.5296441,-3.6112097,"Nomada flava",12.1320228246415,2.64698011761563,14.7632145274754,18.8010868016582
"IGproject0319","Nomada","flava","female",1897,5,NA,"Wales","Monmouthshire","Raglan","",2.884,2.03,9.332,2.411,"Apidae","kleptoparasite","OUMNH",NA,"Raglan, Monmouthshire, Wales",51.7650543,-2.8540602,"Nomada flava",12.9858079188551,3.46534506497615,16.5383722094238,22.2830727416821
"IGproject0320","Nomada","flava","female",1982,4,15,"England","Devon","Clapham","Haldon Forest",2.536,1.872,8.508,2.35,"Apidae","kleptoparasite","OUMNH",NA,"Haldon Forest, Clapham, Devon, England",50.6703299,-3.565771,"Nomada flava",10.6363351622254,2.63076935846614,13.2723779350192,17.2940487827935
"IGproject0321","Nomada","flava","female",1946,5,4,"England","Devon","Plymouth","Dewerstone Forest, Near Shaugh Prior",2.399,1.631,7.924,2.32,"Apidae","kleptoparasite","OUMNH",NA,"Dewerstone Forest, Near Shaugh Prior, Plymouth, Devon, England",50.45504038,-4.059848681,"Nomada flava",11.6453602538797,1.61250706049352,13.2611651922265,16.9206708174604
"IGproject0322","Nomada","flava","male",1916,5,NA,"England","Devon","Paignton","",2.404,1.567,7.621,2.111,"Apidae","kleptoparasite","OUMNH",NA,"Paignton, Devon, England",50.4377018,-3.5632704,"Nomada flava",11.795021346329,2.64214136962546,14.1018249682704,17.7223432559648
"IGproject0323","Nomada","flava","female",1955,5,22,"England","Devon","Torquay","Coast Path",2.82,1.986,9.609,2.728,"Apidae","kleptoparasite","OUMNH",NA,"Coast Path, Torquay, Devon, England",50.46942104,-3.493802538,"Nomada flava",11.2159262115185,2.72377926101152,13.762262268583,16.7018736580791
"IGproject0324","Nomada","flava","male",1955,5,29,"England","Devon","Bovey Tracey","Bovey Heathfield",2.626,1.861,8.622,2.269,"Apidae","kleptoparasite","OUMNH",NA,"Bovey Heathfield, Bovey Tracey, Devon, England",50.5778633,-3.6644648,"Nomada flava",11.2403777875472,2.73120832403709,13.7894830593693,17.6057237303596
"IGproject0325","Nomada","flava","female",1950,5,6,"England","Devon","Exeter","Exwick",2.458,1.628,8.068,2.412,"Apidae","kleptoparasite","OUMNH",NA,"Exwick, Exeter, Devon, England",50.7321721,-3.5501132,"Nomada flava",12.0040507765409,2.8231611904885,15.2223277847833,20.5581030495494
"IGproject0326","Nomada","flava","female",1950,5,6,"England","Devon","Exeter","Exwick",2.289,1.407,7.209,1.881,"Apidae","kleptoparasite","OUMNH",NA,"Exwick, Exeter, Devon, England",50.7321721,-3.5501132,"Nomada flava",12.0040507765409,2.8231611904885,15.2223277847833,20.5581030495494
"IGproject0327","Nomada","flava","female",1952,5,10,"England","Devon","Newton Abbot","Bradley Woods",2.128,1.313,6.967,1.958,"Apidae","kleptoparasite","OUMNH",NA,"Bradley Woods, Newton Abbot, Devon, England",50.525335,-3.627007989,"Nomada flava",10.6566712059795,3.12997918666359,13.989118154059,18.484492799318
"IGproject0328","Nomada","flava","male",1992,5,24,"England","Wiltshire","Swindon","Coate Water Country Park",2.468,1.562,7.929,2.141,"Apidae","kleptoparasite","OUMNH",NA,"Coate Water Country Park, Swindon, Wiltshire, England",51.53925894,-1.74822582,"Nomada flava",10.5787671796625,2.35646449329898,12.5863265687702,16.5594072154593
"IGproject0329","Nomada","flava","female",1915,5,7,"England","Surrey","Cobham","",2.324,1.569,7.69,2.16,"Apidae","kleptoparasite","OUMNH",NA,"Cobham, Surrey, England",51.3300079,-0.4120821,"Nomada flava",12.1957544685676,2.63254655074706,15.0872175024869,21.0487665607951
"IGproject0330","Nomada","flava","female",1973,6,3,"England","Northamptonshire","","Salcey Forest",2.434,1.606,8.017,2.229,"Apidae","kleptoparasite","OUMNH",NA,"Salcey Forest, Northamptonshire, England",52.154843,-0.8391565,"Nomada flava",9.842460484265,1.77818691846923,11.435606229971,15.9233254542778
"IGproject0331","Nomada","flava","male",1948,5,10,"England","Devon","Barnstaple","",2.814,1.959,9.039,2.373,"Apidae","kleptoparasite","OUMNH",NA,"Barnstaple, Devon, England",51.0804057,-4.0600467,"Nomada flava",11.8938063896056,2.97772128242008,14.605463582897,18.4986846286204
"IGproject0332","Nomada","flava","male",1949,5,7,"England","Devon","Chudleigh","",2.417,1.54,7.725,2.157,"Apidae","kleptoparasite","OUMNH",NA,"Chudleigh, Devon, England",50.6156543,-3.5869448,"Nomada flava",11.4466248219514,2.47149933639635,13.6672685725506,17.7645875024792
"IGproject0333","Nomada","flava","male",1950,5,6,"England","Devon","Exeter","Exwick",2.891,2.015,9.235,2.518,"Apidae","kleptoparasite","OUMNH",NA,"Exwick, Exeter, Devon, England",50.7321721,-3.5501132,"Nomada flava",12.0040507765409,2.8231611904885,15.2223277847833,20.5581030495494
"IGproject0334","Nomada","flava","female",1916,5,NA,"England","Devon","Paignton","",2.66,1.834,9.054,2.589,"Apidae","kleptoparasite","OUMNH",NA,"Paignton, Devon, England",50.4377018,-3.5632704,"Nomada flava",11.795021346329,2.64214136962546,14.1018249682704,17.7223432559648
"IGproject0335","Nomada","flava","male",1972,5,14,"England","Devon","Lydford","High Down",2.667,1.955,8.611,2.353,"Apidae","kleptoparasite","OUMNH",NA,"High Down, Lydford, Devon, England",50.64381702,-4.112981204,"Nomada flava",9.78565573154448,2.52388643218896,11.6409028918788,15.7438715749054
"IGproject0336","Nomada","flava","male",1949,5,14,"England","Devon","Woodbury","",2.441,1.486,7.536,2.051,"Apidae","kleptoparasite","OUMNH",NA,"Woodbury, Devon, England",50.6759768,-3.4061001,"Nomada flava",11.5688269342327,2.48743752049785,13.9299271037791,17.8126383435187
"IGproject0337","Nomada","flava","male",1949,5,2,"England","Devon","Instow","",2.916,1.856,9.425,2.499,"Apidae","kleptoparasite","OUMNH",NA,"Instow, Devon, England",51.0564265,-4.1694841,"Nomada flava",11.6053754444792,2.37735192267719,13.7687839689979,16.9418225555591
"IGproject0338","Nomada","flava","male",1949,5,7,"England","Devon","Chudleigh","",2.845,1.982,9.186,2.531,"Apidae","kleptoparasite","OUMNH",NA,"Chudleigh, Devon, England",50.6156543,-3.5869448,"Nomada flava",11.4466248219514,2.47149933639635,13.6672685725506,17.7645875024792
"IGproject0339","Nomada","flava","male",1952,4,26,"England","Devon","Sheepstor","Gutter Tor",2.511,1.752,8.071,2.138,"Apidae","kleptoparasite","OUMNH",NA,"Gutter Tor, Sheepstor, Devon, England",50.4883193,-4.0047507,"Nomada flava",9.13800325897538,3.27072919001027,12.5810652938726,16.4737284206204
"IGproject0340","Nomada","flava","male",1921,4,26,"England","Devon","Newton Abbot","",2.775,1.749,8.878,2.321,"Apidae","kleptoparasite","OUMNH",NA,"Newton Abbot, Devon, England",50.5296441,-3.6112097,"Nomada flava",12.1320228246415,2.64698011761563,14.7632145274754,18.8010868016582
"IGproject0341","Andrena","wilkella","female",1910,6,18,"England","Devon","Budleigh Salterton","",3.384,2.245,7.848,2.548,"Andrenidae","excavator","OUMNH",NA,"Budleigh Salterton, Devon, England",50.6310504,-3.3299844,"Andrena wilkella",11.344251294808,1.70305364465282,13.0170883462255,16.3939046041743
"IGproject0342","Andrena","wilkella","male",1910,6,14,"England","Devon","Budleigh Salterton","",2.896,1.828,7.377,2.006,"Andrenidae","excavator","OUMNH",NA,"Budleigh Salterton, Devon, England",50.6310504,-3.3299844,"Andrena wilkella",11.344251294808,1.70305364465282,13.0170883462255,16.3939046041743
"IGproject0343","Andrena","wilkella","male",1922,5,14,"England","Devon","Newton Abbot","",3.001,2.005,7.557,2.041,"Andrenidae","excavator","OUMNH",NA,"Newton Abbot, Devon, England",50.5296441,-3.6112097,"Andrena wilkella",12.4720220929822,3.22215514304305,15.7948979186044,20.9719116664217
"IGproject0344","Andrena","wilkella","female",1907,5,9,"England","Surrey","Oxshott","",3.422,2.344,7.812,2.514,"Andrenidae","excavator","OUMNH",NA,"Oxshott, Surrey, England",51.3361004,-0.3625418,"Andrena wilkella",11.0547087625314,3.38048103378397,14.2714068297777,19.9894309192738
"IGproject0345","Andrena","wilkella","male",1900,5,28,"England","Berkshire","Newbury","",3.083,2.036,7.732,2.175,"Andrenidae","excavator","OUMNH",NA,"Newbury, Berkshire, England",51.4020243,-1.3242212,"Andrena wilkella",11.3286104543521,3.88341579749051,15.6387094094861,21.8225706561013
"IGproject0346","Andrena","wilkella","male",1898,6,2,"England","Buckinghamshire","Great Missenden","",2.95,1.847,7.546,2.091,"Andrenidae","excavator","OUMNH",NA,"Great Missenden, Buckinghamshire, England",51.7046508,-0.7086592,"Andrena wilkella",10.4312225971225,4.09890103475321,14.8784637001044,19.5922475540337
"IGproject0347","Andrena","wilkella","female",1915,5,24,"England","Devon","Brixham","",3.491,2.257,8.321,2.661,"Andrenidae","excavator","OUMNH",NA,"Brixham, Devon, England",50.3952404,-3.514544,"Andrena wilkella",12.3574396336247,2.40054637640603,14.9952012785908,18.959369419758
"IGproject0348","Andrena","wilkella","female",1915,5,20,"England","Gloucestershire","Wotton-under-Edge","",3.621,2.375,8.266,2.769,"Andrenidae","excavator","OUMNH",NA,"Wotton-under-Edge, Gloucestershire, England",51.6378241,-2.3547251,"Andrena wilkella",11.8561706437816,2.62864888433412,14.7980816567123,20.1851836349757
"IGproject0349","Andrena","wilkella","female",1910,6,14,"England","Devon","Budleigh Salterton","",3.302,2.161,7.79,2.48,"Andrenidae","excavator","OUMNH",NA,"Budleigh Salterton, Devon, England",50.6310504,-3.3299844,"Andrena wilkella",11.344251294808,1.70305364465282,13.0170883462255,16.3939046041743
"IGproject0350","Andrena","wilkella","female",1908,6,14,"England","Greater Manchester","Sale","",3.348,2.151,7.925,2.698,"Andrenidae","excavator","OUMNH",NA,"Sale, Greater Manchester, England",53.4244939,-2.318415,"Andrena wilkella",10.366489822335,2.33662481038947,12.5302329714263,15.965093164728
"IGproject0351","Andrena","wilkella","male",1904,5,15,"England","Greater London","Northwood","",2.982,1.925,7.512,2.081,"Andrenidae","excavator","OUMNH",NA,"Northwood, Greater London, England",51.6051713,-0.4205812,"Andrena wilkella",10.4214238927206,3.39563507156007,12.963774534189,17.5628619979109
"IGproject0352","Andrena","wilkella","male",1900,5,29,"England","Hampshire","","New Forest",3.025,1.92,7.764,2.167,"Andrenidae","excavator","OUMNH",NA,"New Forest, Hampshire, England",50.8557268,-1.5956844,"Andrena wilkella",11.8414153159127,3.94634431143282,16.1772019399724,22.3180685379161
"IGproject0353","Andrena","wilkella","female",1900,5,29,"England","Berkshire","Newbury","",3.438,2.254,8.13,2.697,"Andrenidae","excavator","OUMNH",NA,"Newbury, Berkshire, England",51.4020243,-1.3242212,"Andrena wilkella",11.3286104543521,3.88341579749051,15.6387094094861,21.8225706561013
"IGproject0354","Andrena","wilkella","male",1904,5,22,"England","Hampshire","","New Forest",2.907,1.632,7.256,2.072,"Andrenidae","excavator","OUMNH",NA,"New Forest, Hampshire, England",50.8557268,-1.5956844,"Andrena wilkella",10.7051215528127,3.18736415873028,13.2090105022457,18.4917205262087
"IGproject0355","Andrena","wilkella","female",1953,6,1,"England","Oxfordshire","Abingdon","Cothill",3.335,2.1,8.033,2.612,"Andrenidae","excavator","OUMNH",NA,"Cothill, Abingdon, Oxfordshire, England",51.69591033,-1.3292552,"Andrena wilkella",12.7990470965735,2.65984173037954,14.9544850171541,20.160190032588
"IGproject0356","Andrena","wilkella","male",1900,5,15,"England","Essex","Theydon Bois","",2.876,1.712,7.125,2.049,"Andrenidae","excavator","OUMNH",NA,"Theydon Bois, Essex, England",51.6717759,0.1033213,"Andrena wilkella",11.3978852455162,3.74882682562119,15.5707488049753,21.9009367697515
"IGproject0357","Andrena","wilkella","male",1899,6,NA,"England","Cambridgeshire","Wicken","",2.994,1.879,7.477,2.124,"Andrenidae","excavator","OUMNH",NA,"Wicken, Cambridgeshire, England",52.3126328,0.2994755,"Andrena wilkella",11.3917338110757,2.71947178240315,13.6828060921563,18.8106719865428
"IGproject0358","Andrena","wilkella","male",1900,5,18,"England","Berkshire","Newbury","",2.942,1.787,7.384,2.046,"Andrenidae","excavator","OUMNH",NA,"Newbury, Berkshire, England",51.4020243,-1.3242212,"Andrena wilkella",11.3286104543521,3.88341579749051,15.6387094094861,21.8225706561013
"IGproject0359","Andrena","wilkella","female",1905,5,24,"Wales","Gwynedd","Criccieth","",3.538,2.451,8.438,2.8,"Andrenidae","excavator","OUMNH",NA,"Criccieth, Gwynedd, Wales",52.9206106,-4.2332414,"Andrena wilkella",10.807099383204,2.30346425149545,13.2300037709533,16.8521248709629
"IGproject0360","Andrena","wilkella","male",1949,6,7,"England","Devon","Exminster","",2.996,1.898,7.395,2.088,"Andrenidae","excavator","OUMNH",NA,"Exminster, Devon, England",50.6785394,-3.4955657,"Andrena wilkella",11.7947775179607,2.48734222817018,14.1789989381741,18.2545847102984
"IGproject0361","Andrena","wilkella","female",1915,6,2,"England","Devon","Paignton","",3.411,2.174,8.255,2.524,"Andrenidae","excavator","OUMNH",NA,"Paignton, Devon, England",50.4377018,-3.5632704,"Andrena wilkella",12.4892537194306,2.49472194211164,15.2309720836862,19.6991587045818
"IGproject0362","Andrena","wilkella","female",1923,6,5,"England","Devon","Newton Abbot","",3.416,2.257,8.073,2.517,"Andrenidae","excavator","OUMNH",NA,"Newton Abbot, Devon, England",50.5296441,-3.6112097,"Andrena wilkella",11.7032431757641,4.03648891358897,14.9227915834404,19.3658180203501
"IGproject0363","Andrena","wilkella","female",1923,6,15,"England","Devon","Newton Abbot","",3.44,2.202,8.124,2.584,"Andrenidae","excavator","OUMNH",NA,"Newton Abbot, Devon, England",50.5296441,-3.6112097,"Andrena wilkella",11.7032431757641,4.03648891358897,14.9227915834404,19.3658180203501
"IGproject0364","Andrena","wilkella","female",1896,5,5,"England","Wiltshire","Sopworth","",3.21,2.048,7.793,2.475,"Andrenidae","excavator","OUMNH",NA,"Sopworth, Wiltshire, England",51.5806236,-2.2507317,"Andrena wilkella",11.68736039588,3.33284791012434,14.6853279631569,21.0534070767851
"IGproject0365","Andrena","wilkella","male",1900,5,28,"England","Berkshire","Newbury","",2.991,1.896,7.565,2.091,"Andrenidae","excavator","OUMNH",NA,"Newbury, Berkshire, England",51.4020243,-1.3242212,"Andrena wilkella",11.3286104543521,3.88341579749051,15.6387094094861,21.8225706561013
"IGproject0366","Andrena","wilkella","male",1900,5,25,"England","Berkshire","Newbury","",2.834,1.841,7.293,2.015,"Andrenidae","excavator","OUMNH",NA,"Newbury, Berkshire, England",51.4020243,-1.3242212,"Andrena wilkella",11.3286104543521,3.88341579749051,15.6387094094861,21.8225706561013
"IGproject0367","Andrena","wilkella","female",1918,5,NA,"England","Devon","Paignton","",3.32,2.21,8.361,2.477,"Andrenidae","excavator","OUMNH",NA,"Paignton, Devon, England",50.4377018,-3.5632704,"Andrena wilkella",11.4511985842094,4.11085450921821,14.9443997879067,18.6496433021271
"IGproject0368","Andrena","wilkella","female",1905,6,22,"England","Surrey","Oxshott","",3.396,2.176,7.967,2.486,"Andrenidae","excavator","OUMNH",NA,"Oxshott, Surrey, England",51.3361004,-0.3625418,"Andrena wilkella",11.7763479531842,2.37655182079796,14.1346399522636,19.1889264005295
"IGproject0369","Andrena","wilkella","female",1899,6,NA,"England","Cambridgeshire","Wicken","",3.51,2.322,8.217,2.667,"Andrenidae","excavator","OUMNH",NA,"Wicken, Cambridgeshire, England",52.3126328,0.2994755,"Andrena wilkella",11.3917338110757,2.71947178240315,13.6828060921563,18.8106719865428
"IGproject0370","Andrena","wilkella","female",1905,6,4,"England","Surrey","Chobham","",3.448,2.146,8.211,2.618,"Andrenidae","excavator","OUMNH",NA,"Chobham, Surrey, England",51.3477705,-0.6010128,"Andrena wilkella",11.6401710840679,2.35960938743062,13.9888916590035,19.1842070280142
"IGproject0371","Andrena","wilkella","female",1904,6,17,"England","Surrey","Chobham","",3.353,2.241,8.014,2.624,"Andrenidae","excavator","OUMNH",NA,"Chobham, Surrey, England",51.3477705,-0.6010128,"Andrena wilkella",10.4186986344005,3.36723371129506,13.0434759861814,18.1315246499024
"IGproject0372","Anthidium","manicatum","female",1946,7,29,"England","Greater London","Osterley","",4.309,3.729,10.167,3.087,"Megachilidae","cavity nester","OUMNH",NA,"Osterley, Greater London, England",51.4815507,-0.3518348,"Anthidium manicatum",16.8848108646722,1.07896961476598,17.9502023825286,22.6782390905439
"IGproject0373","Anthidium","manicatum","female",1905,7,15,"England","Oxfordshire","Oxford","Lye Valley",3.927,3.302,9.067,2.782,"Megachilidae","cavity nester","OUMNH",NA,"Lye Valley, Oxford, Oxfordshire, England",51.7455776,-1.2056501,"Anthidium manicatum",15.6308472654383,2.06917747037248,17.7819626440448,23.1410132307752
"IGproject0374","Anthidium","manicatum","male",1900,7,20,"Wales","Gwynedd","Criccieth","",4.407,3.705,11.012,3.491,"Megachilidae","cavity nester","OUMNH",NA,"Criccieth, Gwynedd, Wales",52.9206106,-4.2332414,"Anthidium manicatum",15.79016148428,1.17605653087247,17.0793994665542,21.6735937259728
"IGproject0375","Anthidium","manicatum","male",1938,7,29,"England","Oxfordshire","Oxford","Sunnymead",4.392,3.506,10.723,3.361,"Megachilidae","cavity nester","OUMNH",NA,"Sunnymead, Oxford, Oxfordshire, England",51.7838335,-1.2642666,"Anthidium manicatum",16.3932853405045,1.55151682305819,17.8152366868052,23.3732187216714
"IGproject0376","Anthidium","manicatum","female",1966,6,16,"England","Devon","Paignton","",4.242,3.537,9.42,2.942,"Megachilidae","cavity nester","OUMNH",NA,"Paignton, Devon, England",50.4377018,-3.5632704,"Anthidium manicatum",14.9652874132383,0.761160539534448,15.6958195477717,19.2402516362262
"IGproject0377","Anthidium","manicatum","female",1909,6,NA,"England","Gloucestershire","Wotton-under-Edge","Alderley",4.128,3.397,9.155,2.774,"Megachilidae","cavity nester","OUMNH",NA,"Alderley, Wotton-under-Edge, Gloucestershire, England",51.615194,-2.332701286,"Anthidium manicatum",14.8583316018617,0.995074449541467,15.9594195553803,21.0295611506881
"IGproject0378","Anthidium","manicatum","female",1905,7,22,"England","Dorset","Lyme Regis","",4.047,3.509,9.149,2.889,"Megachilidae","cavity nester","OUMNH",NA,"Lyme Regis, Dorset, England",50.7252897,-2.934559,"Anthidium manicatum",15.0707330310714,1.72195556678507,16.6678192838039,21.0904125765718
"IGproject0379","Anthidium","manicatum","male",1952,7,30,"England","Northamptonshire","Aynho","",4.712,4.154,11.624,3.776,"Megachilidae","cavity nester","OUMNH",NA,"Aynho, Northamptonshire, England",51.9948605,-1.2520728,"Anthidium manicatum",14.5425277418685,1.39129916779631,15.8899381965672,21.4554470680287
"IGproject0380","Anthidium","manicatum","male",1915,7,25,"England","Devon","Dartmoor","East Dartmoor",4.67,4.288,12.267,3.802,"Megachilidae","cavity nester","OUMNH",NA,"East Dartmoor, Dartmoor, Devon, England",50.486085,-3.9856305,"Anthidium manicatum",13.7072188536255,0.708551894954142,14.3752932062618,18.1864711706856
"IGproject0381","Anthidium","manicatum","male",1904,7,9,"England","Hampshire","","New Forest",4.321,3.721,10.444,3.306,"Megachilidae","cavity nester","OUMNH",NA,"New Forest, Hampshire, England",50.8557268,-1.5956844,"Anthidium manicatum",14.7044361219042,1.37612306032635,15.9174352298486,20.9872866042716
"IGproject0382","Anthidium","manicatum","female",1898,7,NA,"Wales","Gwynedd","Criccieth","",4.074,3.449,9.005,2.745,"Megachilidae","cavity nester","OUMNH",NA,"Criccieth, Gwynedd, Wales",52.9206106,-4.2332414,"Anthidium manicatum",15.0701349601524,0.806145648993445,15.6476353548299,19.7124157224474
"IGproject0383","Anthidium","manicatum","male",1897,7,18,"England","Oxfordshire","Oxford","Shotover",4.442,3.8,11.711,3.86,"Megachilidae","cavity nester","OUMNH",NA,"Shotover, Oxford, Oxfordshire, England",51.7561128,-1.1551229,"Anthidium manicatum",15.8394567963677,1.18497070242327,16.7866910212914,22.5166610213675
"IGproject0384","Anthidium","manicatum","female",1907,7,21,"England","Hampshire","","New Forest",3.77,3.115,8.28,2.429,"Megachilidae","cavity nester","OUMNH",NA,"New Forest, Hampshire, England",50.8557268,-1.5956844,"Anthidium manicatum",15.8321805311929,1.6745928282747,17.2109666002609,22.4885859204784
"IGproject0385","Anthidium","manicatum","male",1897,7,18,"England","Oxfordshire","Oxford","Shotover",4.36,3.866,10.791,3.459,"Megachilidae","cavity nester","OUMNH",NA,"Shotover, Oxford, Oxfordshire, England",51.7561128,-1.1551229,"Anthidium manicatum",15.8394567963677,1.18497070242327,16.7866910212914,22.5166610213675
"IGproject0386","Anthidium","manicatum","male",1897,7,18,"England","Oxfordshire","Oxford","Shotover",4.549,3.899,11.597,3.865,"Megachilidae","cavity nester","OUMNH",NA,"Shotover, Oxford, Oxfordshire, England",51.7561128,-1.1551229,"Anthidium manicatum",15.8394567963677,1.18497070242327,16.7866910212914,22.5166610213675
"IGproject0387","Anthidium","manicatum","male",1950,7,27,"England","Northamptonshire","Aynho","",4.246,3.463,9.911,3.022,"Megachilidae","cavity nester","OUMNH",NA,"Aynho, Northamptonshire, England",51.9948605,-1.2520728,"Anthidium manicatum",16.1761747263379,1.46439989015151,17.2297661547783,23.6384209363017
"IGproject0388","Anthidium","manicatum","male",1898,7,NA,"Wales","Gwynedd","Criccieth","",4.543,3.916,11.497,3.54,"Megachilidae","cavity nester","OUMNH",NA,"Criccieth, Gwynedd, Wales",52.9206106,-4.2332414,"Anthidium manicatum",15.0701349601524,0.806145648993445,15.6476353548299,19.7124157224474
"IGproject0389","Anthidium","manicatum","female",1906,7,20,"England","Hampshire","","New Forest",4.178,3.54,9.448,2.802,"Megachilidae","cavity nester","OUMNH",NA,"New Forest, Hampshire, England",50.8557268,-1.5956844,"Anthidium manicatum",16.3102714083947,1.69428494578184,18.2312562821045,23.6732252350607
"IGproject0390","Anthidium","manicatum","female",1930,9,10,"England","Devon","Newton Abbot","",3.813,3.189,8.536,2.554,"Megachilidae","cavity nester","OUMNH",NA,"Newton Abbot, Devon, England",50.5296441,-3.6112097,"Anthidium manicatum",15.3766567379906,1.36137745005088,16.3874510145748,21.0997489672539
"IGproject0391","Anthidium","manicatum","female",1977,9,5,"England","Oxfordshire","Abingdon","Dry Sandford Pit",4.086,3.384,9.102,2.751,"Megachilidae","cavity nester","OUMNH",NA,"Dry Sandford Pit, Abingdon, Oxfordshire, England",51.69478825,-1.32635399,"Anthidium manicatum",18.3483664141475,0.782323315359053,19.2413532999905,25.7960098154234
"IGproject0392","Anthidium","manicatum","female",1897,7,NA,"Wales","Gwynedd","Criccieth","",4.103,3.463,9.061,2.867,"Megachilidae","cavity nester","OUMNH",NA,"Criccieth, Gwynedd, Wales",52.9206106,-4.2332414,"Anthidium manicatum",14.8231717873447,0.841878121839904,15.3705040036438,19.7512410783666
"IGproject0393","Anthidium","manicatum","female",1904,7,NA,"England","Dorset","Lyme Regis","",4.251,3.596,9.597,3.077,"Megachilidae","cavity nester","OUMNH",NA,"Lyme Regis, Dorset, England",50.7252897,-2.934559,"Anthidium manicatum",14.1679493073694,1.30463356026486,15.2395292155061,19.7112190954345
"IGproject0394","Anthidium","manicatum","female",1905,7,20,"England","Dorset","Lyme Regis","",4.123,3.495,8.984,2.866,"Megachilidae","cavity nester","OUMNH",NA,"Lyme Regis, Dorset, England",50.7252897,-2.934559,"Anthidium manicatum",15.0707330310714,1.72195556678507,16.6678192838039,21.0904125765718
"IGproject0395","Anthidium","manicatum","female",1900,7,7,"Wales","Gwynedd","Criccieth","",4.136,3.532,9.245,2.781,"Megachilidae","cavity nester","OUMNH",NA,"Criccieth, Gwynedd, Wales",52.9206106,-4.2332414,"Anthidium manicatum",15.79016148428,1.17605653087247,17.0793994665542,21.6735937259728
"IGproject0396","Anthidium","manicatum","female",1914,6,24,"England","Devon","Paignton","",4.116,3.434,9.068,2.72,"Megachilidae","cavity nester","OUMNH",NA,"Paignton, Devon, England",50.4377018,-3.5632704,"Anthidium manicatum",15.5918286790248,1.53618095365922,16.9290872984056,20.8721208647931
"IGproject0397","Anthidium","manicatum","male",1919,8,NA,"England","Surrey","Guildford","",4.651,4.018,11.979,3.863,"Megachilidae","cavity nester","OUMNH",NA,"Guildford, Surrey, England",51.2356068,-0.5732063,"Anthidium manicatum",15.1663645121636,1.57283296294393,16.1884689725717,21.3272964612834
"IGproject0398","Anthidium","manicatum","male",1926,7,NA,"England","Devon","Newton Abbot","",3.825,3.24,8.764,2.892,"Megachilidae","cavity nester","OUMNH",NA,"Newton Abbot, Devon, England",50.5296441,-3.6112097,"Anthidium manicatum",16.4853112238391,0.293562701117292,16.8130874261733,21.6603234495984
"IGproject0399","Anthidium","manicatum","male",1898,7,NA,"Wales","Gwynedd","Criccieth","",4.537,3.9,11.407,3.609,"Megachilidae","cavity nester","OUMNH",NA,"Criccieth, Gwynedd, Wales",52.9206106,-4.2332414,"Anthidium manicatum",15.0701349601524,0.806145648993445,15.6476353548299,19.7124157224474
"IGproject0400","Anthidium","manicatum","male",1948,8,1,"England","Oxfordshire","Oxford","Hinksey",4.228,3.554,10.311,3.302,"Megachilidae","cavity nester","OUMNH",NA,"Hinksey, Oxford, Oxfordshire, England",51.7363525,-1.2575581,"Anthidium manicatum",17.7878408995067,1.65803747467357,19.3911844690795,26.0332669598258
"IGproject0401","Anthidium","manicatum","male",1900,7,NA,"England","Worcestershire","Kidderminster","Wyre Forest",4.247,3.659,10.322,3.106,"Megachilidae","cavity nester","OUMNH",NA,"Wyre Forest, Kidderminster, Worcestershire, England",52.396247,-2.2469773,"Anthidium manicatum",16.7750546650301,1.35913364208278,17.9355732061459,24.8169624531537
"IGproject0402","Anthidium","manicatum","male",1916,6,16,"England","Devon","Paignton","",4.599,3.844,11.377,3.679,"Megachilidae","cavity nester","OUMNH",NA,"Paignton, Devon, England",50.4377018,-3.5632704,"Anthidium manicatum",15.148059773527,1.10336446530871,16.3008260406094,20.1115115340775
"IGproject0403","Anthidium","manicatum","male",1914,7,10,"England","Devon","Bovey Tracey","",4.607,3.842,11.268,3.508,"Megachilidae","cavity nester","OUMNH",NA,"Bovey Tracey, Devon, England",50.6046632,-3.6856762,"Anthidium manicatum",15.0488750326549,1.47338372217271,16.2638332688715,20.7504956979362
"IGproject0404","Anthidium","manicatum","male",1902,NA,NA,"England","Hertfordshire","Berkhamsted","",4.396,3.995,11.201,3.593,"Megachilidae","cavity nester","OUMNH",NA,"Berkhamsted, Hertfordshire, England",51.7607271,-0.5652554,"Anthidium manicatum",15.779315543887,1.83474825239428,17.4989647718403,23.2476923716065
"IGproject0405","Anthidium","manicatum","male",1926,7,NA,"England","Devon","Newton Abbot","",4.185,3.691,10.746,3.451,"Megachilidae","cavity nester","OUMNH",NA,"Newton Abbot, Devon, England",50.5296441,-3.6112097,"Anthidium manicatum",16.4853112238391,0.293562701117292,16.8130874261733,21.6603234495984
"IGproject0406","Anthidium","manicatum","male",1910,7,11,"England","Oxfordshire","Oxford","Wykeham House (garden)",4.381,3.921,10.896,3.365,"Megachilidae","cavity nester","OUMNH",NA,"Wykeham House (garden), Oxford, Oxfordshire, England",51.76345691,-1.260193951,"Anthidium manicatum",14.7400193856469,2.11047102435151,16.3403893833242,21.2653812935332
"IGproject0407","Anthidium","manicatum","male",1897,7,NA,"England","Oxfordshire","Oxford","Shotover",4.431,3.732,11.177,3.342,"Megachilidae","cavity nester","OUMNH",NA,"Shotover, Oxford, Oxfordshire, England",51.7561128,-1.1551229,"Anthidium manicatum",15.8394567963677,1.18497070242327,16.7866910212914,22.5166610213675
"IGproject0408","Anthidium","manicatum","male",1897,7,NA,"England","Oxfordshire","Oxford","Shotover",4.513,3.982,11.366,3.582,"Megachilidae","cavity nester","OUMNH",NA,"Shotover, Oxford, Oxfordshire, England",51.7561128,-1.1551229,"Anthidium manicatum",15.8394567963677,1.18497070242327,16.7866910212914,22.5166610213675
"IGproject0409","Anthidium","manicatum","male",1897,7,NA,"England","Oxfordshire","Oxford","Shotover",4.218,3.736,10.535,3.326,"Megachilidae","cavity nester","OUMNH",NA,"Shotover, Oxford, Oxfordshire, England",51.7561128,-1.1551229,"Anthidium manicatum",15.8394567963677,1.18497070242327,16.7866910212914,22.5166610213675
"IGproject0410","Anthidium","manicatum","male",1905,7,15,"England","Oxfordshire","Oxford","Lye Valley",4.245,3.824,10.413,3.333,"Megachilidae","cavity nester","OUMNH",NA,"Lye Valley, Oxford, Oxfordshire, England",51.7455776,-1.2056501,"Anthidium manicatum",15.6308472654383,2.06917747037248,17.7819626440448,23.1410132307752
"IGproject0411","Anthidium","manicatum","male",1905,7,15,"England","Oxfordshire","Oxford","Lye Valley",3.885,3.257,9.226,2.798,"Megachilidae","cavity nester","OUMNH",NA,"Lye Valley, Oxford, Oxfordshire, England",51.7455776,-1.2056501,"Anthidium manicatum",15.6308472654383,2.06917747037248,17.7819626440448,23.1410132307752
"IGproject0412","Anthidium","manicatum","male",1897,7,NA,"England","Oxfordshire","Oxford","Shotover",4.566,3.949,11.608,3.947,"Megachilidae","cavity nester","OUMNH",NA,"Shotover, Oxford, Oxfordshire, England",51.7561128,-1.1551229,"Anthidium manicatum",15.8394567963677,1.18497070242327,16.7866910212914,22.5166610213675
"IGproject0413","Anthidium","manicatum","female",1948,8,1,"England","Oxfordshire","Oxford","Hinksey",4.01,3.382,9.262,2.833,"Megachilidae","cavity nester","OUMNH",NA,"Hinksey, Oxford, Oxfordshire, England",51.7363525,-1.2575581,"Anthidium manicatum",17.7878408995067,1.65803747467357,19.3911844690795,26.0332669598258
"IGproject0414","Anthidium","manicatum","female",1929,5,22,"England","Devon","Bovey Tracey","",3.982,3.295,9.058,2.792,"Megachilidae","cavity nester","OUMNH",NA,"Bovey Tracey, Devon, England",50.6046632,-3.6856762,"Anthidium manicatum",15.029939307045,1.65708981223599,16.5106085576855,21.5476289330056
"IGproject0415","Anthidium","manicatum","female",1914,6,20,"England","Surrey","Woking","",4.194,3.461,9.354,2.929,"Megachilidae","cavity nester","OUMNH",NA,"Woking, Surrey, England",51.3201891,-0.5564726,"Anthidium manicatum",15.2701418597301,0.511656223434381,15.8319886151671,21.0900792098506
"IGproject0416","Anthidium","manicatum","female",1914,6,20,"England","Surrey","Woking","",4.258,3.556,9.425,2.899,"Megachilidae","cavity nester","OUMNH",NA,"Woking, Surrey, England",51.3201891,-0.5564726,"Anthidium manicatum",15.2701418597301,0.511656223434381,15.8319886151671,21.0900792098506
"IGproject0417","Anthidium","manicatum","female",1899,6,27,"England","Oxfordshire","Oxford","OUMNH",3.983,3.345,8.858,2.846,"Megachilidae","cavity nester","OUMNH",NA,"OUMNH, Oxford, Oxfordshire, England",51.75883255,-1.255506952,"Anthidium manicatum",15.7666365472518,1.6734184093658,17.2754210184474,22.35773849167
"IGproject0418","Anthidium","manicatum","female",1897,7,18,"England","Oxfordshire","Oxford","Shotover",3.988,3.459,8.974,2.797,"Megachilidae","cavity nester","OUMNH",NA,"Shotover, Oxford, Oxfordshire, England",51.7561128,-1.1551229,"Anthidium manicatum",15.8394567963677,1.18497070242327,16.7866910212914,22.5166610213675
"IGproject0419","Anthidium","manicatum","female",1908,6,NA,"England","Kent","Chattenden","",4.092,3.385,8.712,2.71,"Megachilidae","cavity nester","OUMNH",NA,"Chattenden, Kent, England",51.2849241,0.5329214,"Anthidium manicatum",14.3098249909601,0.983906939642149,15.2796721241627,20.1654456697217
"IGproject0420","Anthidium","manicatum","female",1902,7,27,"England","Oxfordshire","Tubney","Tubney Wood",4.068,3.594,9.253,2.809,"Megachilidae","cavity nester","OUMNH",NA,"Tubney Wood, Tubney, Oxfordshire, England",51.6982536,-1.3620453,"Anthidium manicatum",16.0395407440339,1.89131195230089,17.9606344672309,23.6555808055138
"IGproject0421","Anthidium","manicatum","female",1984,6,30,"England","Greater London","Woolwich","Spray Street",3.507,2.868,7.295,2.22,"Megachilidae","cavity nester","OUMNH",NA,"Spray Street, Woolwich, Greater London, England",51.4904779,0.0697472,"Anthidium manicatum",18.7220883340562,2.48906380036549,21.083526311654,26.7919266931215
"IGproject0422","Anthidium","manicatum","female",1897,7,18,"England","Oxfordshire","Oxford","Shotover",3.961,3.283,8.704,2.724,"Megachilidae","cavity nester","OUMNH",NA,"Shotover, Oxford, Oxfordshire, England",51.7561128,-1.1551229,"Anthidium manicatum",15.8394567963677,1.18497070242327,16.7866910212914,22.5166610213675
"IGproject0423","Anthidium","manicatum","female",1897,6,22,"England","Berkshire","Sulhamstead","",4.203,3.552,9.162,2.847,"Megachilidae","cavity nester","OUMNH",NA,"Sulhamstead, Berkshire, England",51.4140897,-1.0929427,"Anthidium manicatum",15.9235950677762,1.16918063409784,16.9487430562065,22.9964729131865
"IGproject0424","Anthidium","manicatum","male",1897,6,22,"England","Berkshire","Sulhamstead","",4.196,3.499,10.116,3.172,"Megachilidae","cavity nester","OUMNH",NA,"Sulhamstead, Berkshire, England",51.4140897,-1.0929427,"Anthidium manicatum",15.9235950677762,1.16918063409784,16.9487430562065,22.9964729131865
"IGproject0426","Nomada","ruficornis","female",1915,5,21,"England","Devon","Brixham","Churston Ferrers",2.772,1.823,8.434,2.369,"Apidae","kleptoparasite","OUMNH",NA,"Churston Ferrers, Brixham, Devon, England",50.3945707,-3.565572,"Nomada ruficornis",12.4213745016455,2.46888396291283,15.1318580371774,19.4997297118098
"IGproject0427","Nomada","ruficornis","female",1920,5,25,"England","West Yorkshire","Leeds","Meanwood",2.651,1.743,7.959,2.24,"Apidae","kleptoparasite","OUMNH",NA,"Meanwood, Leeds, West Yorkshire, England",53.8281685,-1.5682466,"Nomada ruficornis",11.25051385197,3.73196862166509,13.9970943489243,18.8942854420048
"IGproject0428","Nomada","ruficornis","female",1915,5,7,"England","Devon","Bovey Tracey","",2.812,1.929,8.587,2.415,"Apidae","kleptoparasite","OUMNH",NA,"Bovey Tracey, Devon, England",50.6046632,-3.6856762,"Nomada ruficornis",11.9711514480262,2.3709582380273,14.610344185885,19.677054634392
"IGproject0429","Nomada","ruficornis","female",1915,5,7,"England","Devon","Bovey Tracey","",2.835,1.884,8.565,2.265,"Apidae","kleptoparasite","OUMNH",NA,"Bovey Tracey, Devon, England",50.6046632,-3.6856762,"Nomada ruficornis",11.9711514480262,2.3709582380273,14.610344185885,19.677054634392
"IGproject0430","Nomada","ruficornis","female",1915,5,24,"England","South Yorkshire","Sheffield","",2.76,1.817,8.428,2.21,"Apidae","kleptoparasite","OUMNH",NA,"Sheffield, South Yorkshire, England",53.3806626,-1.4702278,"Nomada ruficornis",11.6622647538437,2.5598850010364,14.5868841992227,19.5430858286866
"IGproject0431","Nomada","ruficornis","male",1975,5,3,"England","Devon","","South Devon - Buckland Down",2.344,1.54,7.277,1.959,"Apidae","kleptoparasite","OUMNH",NA,"South Devon - Buckland Down, Devon, England",50.54448152,-3.807963495,"Nomada ruficornis",10.0310713204084,2.649883984464,12.9035267605798,16.6758520400729
"IGproject0432","Nomada","ruficornis","female",1982,5,10,"England","Devon","Plymouth","Plym Bridge",2.758,1.831,8.377,2.286,"Apidae","kleptoparasite","OUMNH",NA,"Plym Bridge, Plymouth, Devon, England",50.40595042,-4.077171658,"Nomada ruficornis",11.0737430847229,2.40306596823407,13.4685710881231,16.8428285860686
"IGproject0433","Nomada","ruficornis","male",1978,5,7,"England","Devon","Tavistock","Whitchurch Down",2.777,1.83,8.507,2.412,"Apidae","kleptoparasite","OUMNH",NA,"Whitchurch Down, Tavistock, Devon, England",50.5427342,-4.1150225,"Nomada ruficornis",9.62887922009395,2.6192942494316,11.845610369774,15.8620812760647
"IGproject0434","Nomada","ruficornis","male",1982,5,10,"England","Devon","Plymouth","Plym Bridge",2.334,1.428,7.228,1.935,"Apidae","kleptoparasite","OUMNH",NA,"Plym Bridge, Plymouth, Devon, England",50.40595042,-4.077171658,"Nomada ruficornis",11.0737430847229,2.40306596823407,13.4685710881231,16.8428285860686
"IGproject0435","Nomada","ruficornis","male",1974,4,21,"England","Devon","Lifton","",2.772,1.964,8.722,2.311,"Apidae","kleptoparasite","OUMNH",NA,"Lifton, Devon, England",50.6429503,-4.2988119,"Nomada ruficornis",11.0053158544772,3.36318582073285,14.2194692200017,18.9033794188917
"IGproject0436","Nomada","ruficornis","male",1982,4,20,"England","Devon","Dartmoor","Burrator Reservoir",2.304,1.548,7.555,1.915,"Apidae","kleptoparasite","OUMNH",NA,"Burrator Reservoir, Dartmoor, Devon, England",50.49923423,-4.040083663,"Nomada ruficornis",9.81333721432697,2.42570005707869,12.2234256722836,15.6664912227172
"IGproject0437","Nomada","ruficornis","male",1975,5,6,"England","Devon","Tavistock","Whitchurch Down",2.291,1.47,7.229,1.933,"Apidae","kleptoparasite","OUMNH",NA,"Whitchurch Down, Tavistock, Devon, England",50.5427342,-4.1150225,"Nomada ruficornis",10.5344341617417,2.49612185931448,13.2410385922736,17.3477594315231
"IGproject0438","Nomada","ruficornis","male",1918,4,NA,"England","Oxfordshire","Oxford","",2.683,1.901,8.353,2.225,"Apidae","kleptoparasite","OUMNH",NA,"Oxford, Oxfordshire, England",51.7520131,-1.2578499,"Nomada ruficornis",11.9665351160863,5.36200801173658,16.1085156283383,21.4720522941889
"IGproject0439","Nomada","ruficornis","male",1901,4,25,"England","Oxfordshire","Oxford","University Parks",2.834,2.06,8.468,2.282,"Apidae","kleptoparasite","OUMNH",NA,"University Parks, Oxford, Oxfordshire, England",51.7623666,-1.2544132,"Nomada ruficornis",11.3851475880859,3.22396812561442,14.9225458651444,19.4667183370448
"IGproject0440","Nomada","ruficornis","male",1917,5,3,"England","Devon","Brixham","",2.393,1.543,7.445,1.973,"Apidae","kleptoparasite","OUMNH",NA,"Brixham, Devon, England",50.3952404,-3.514544,"Nomada ruficornis",10.7868739819161,1.73200490530103,11.8813237287629,15.2526477750335
"IGproject0441","Nomada","ruficornis","male",1918,4,NA,"England","Oxfordshire","Oxford","",2.66,1.747,8.188,2.237,"Apidae","kleptoparasite","OUMNH",NA,"Oxford, Oxfordshire, England",51.7520131,-1.2578499,"Nomada ruficornis",11.9665351160863,5.36200801173658,16.1085156283383,21.4720522941889
"IGproject0442","Nomada","ruficornis","male",1914,4,14,"England","Devon","Dartmoor","East Dartmoor",2.62,1.779,8.487,2.272,"Apidae","kleptoparasite","OUMNH",NA,"East Dartmoor, Dartmoor, Devon, England",50.486085,-3.9856305,"Nomada ruficornis",9.34884959786246,2.72337829958105,11.6569993100494,15.6476824978623
"IGproject0443","Nomada","ruficornis","male",1918,4,27,"England","Devon","Paignton","",2.575,1.66,7.685,2.032,"Apidae","kleptoparasite","OUMNH",NA,"Paignton, Devon, England",50.4377018,-3.5632704,"Nomada ruficornis",11.4511985842094,4.11085450921821,14.9443997879067,18.6496433021271
"IGproject0444","Nomada","ruficornis","female",1920,5,15,"England","West Yorkshire","Leeds","Roundhay",2.815,1.996,8.539,2.362,"Apidae","kleptoparasite","OUMNH",NA,"Roundhay, Leeds, West Yorkshire, England",53.8439954,-1.507852,"Nomada ruficornis",10.9915068119113,3.68729896420761,13.7282100678519,18.8280074136331
"IGproject0445","Nomada","ruficornis","male",1901,4,25,"England","Oxfordshire","Oxford","University Parks",2.58,1.779,8.063,2.056,"Apidae","kleptoparasite","OUMNH",NA,"University Parks, Oxford, Oxfordshire, England",51.7623666,-1.2544132,"Nomada ruficornis",11.3851475880859,3.22396812561442,14.9225458651444,19.4667183370448
"IGproject0446","Nomada","ruficornis","male",1935,4,28,"England","Dorset","Swanage","South Haven Point",2.642,1.824,7.939,2.146,"Apidae","kleptoparasite","OUMNH",NA,"South Haven Point, Swanage, Dorset, England",50.6787269,-1.94390688,"Nomada ruficornis",12.1702335954246,3.50351960579213,15.6491949076929,20.3447038331465
"IGproject0447","Nomada","ruficornis","female",1984,6,8,"England","Devon","Tavistock","Whitchurch Down",2.752,1.88,8.652,2.247,"Apidae","kleptoparasite","OUMNH",NA,"Whitchurch Down, Tavistock, Devon, England",50.5427342,-4.1150225,"Nomada ruficornis",10.0837013211096,3.68585944415256,13.9509133208653,18.3372277323206
"IGproject0448","Nomada","ruficornis","male",1901,7,14,"Wales","Gwynedd","Criccieth","",2.652,1.778,8.218,2.13,"Apidae","kleptoparasite","OUMNH",NA,"Criccieth, Gwynedd, Wales",52.9206106,-4.2332414,"Nomada ruficornis",10.7490385337802,2.737999288977,13.804707195817,17.500301620291
"IGproject0449","Nomada","ruficornis","female",1989,5,19,"England","Wiltshire","Swindon","Coate Water Country Park",2.788,1.898,8.464,2.269,"Apidae","kleptoparasite","OUMNH",NA,"Coate Water Country Park, Swindon, Wiltshire, England",51.53925894,-1.74822582,"Nomada ruficornis",11.6854644597705,3.26605342427679,14.7097001561262,19.1923540960398
"IGproject0450","Nomada","ruficornis","female",1989,5,19,"England","Wiltshire","Swindon","Coate Water Country Park",2.752,1.843,8.603,2.294,"Apidae","kleptoparasite","OUMNH",NA,"Coate Water Country Park, Swindon, Wiltshire, England",51.53925894,-1.74822582,"Nomada ruficornis",11.6854644597705,3.26605342427679,14.7097001561262,19.1923540960398
"IGproject0451","Nomada","ruficornis","female",1976,4,21,"England","Devon","Lifton","",2.907,1.918,8.973,2.48,"Apidae","kleptoparasite","OUMNH",NA,"Lifton, Devon, England",50.6429503,-4.2988119,"Nomada ruficornis",11.2836725139662,3.13619143658766,14.6251778172421,20.2629129620325
"IGproject0452","Nomada","ruficornis","male",1983,5,4,"England","Devon","Dartmoor","Leather Tor",2.738,1.827,8.648,2.2,"Apidae","kleptoparasite","OUMNH",NA,"Leather Tor, Dartmoor, Devon, England",50.51314752,-4.028640519,"Nomada ruficornis",10.6003441408475,2.9466775641673,13.7391009564584,17.4828761690612
"IGproject0453","Nomada","ruficornis","female",1976,5,7,"England","Devon","Harford","",2.761,1.808,8.46,2.287,"Apidae","kleptoparasite","OUMNH",NA,"Harford, Devon, England",50.4188928,-3.9179257,"Nomada ruficornis",10.7265133431916,3.34371266832318,14.3166877218917,19.5287271851465
"IGproject0454","Nomada","ruficornis","male",1904,5,18,"England","Greater London","London","Hampstead",2.46,1.633,7.525,2.035,"Apidae","kleptoparasite","OUMNH",NA,"Hampstead, London, Greater London, England",51.55653,-0.1783011,"Nomada ruficornis",10.7880641288419,3.44878569240379,13.4158040528768,17.9956345752829
"IGproject0455","Nomada","ruficornis","male",1941,5,17,"England","Hampshire","Tadley","Pamber Forest",2.631,1.729,7.858,2.039,"Apidae","kleptoparasite","OUMNH",NA,"Pamber Forest, Tadley, Hampshire, England",51.3445805,-1.1172286,"Nomada ruficornis",12.682910885661,3.88192832927795,16.5523489450084,22.9395862918587
"IGproject0456","Nomada","ruficornis","female",1953,5,24,"England","Devon","Lustleigh","",2.641,1.789,8.026,2.235,"Apidae","kleptoparasite","OUMNH",NA,"Lustleigh, Devon, England",50.6228301,-3.7304463,"Nomada ruficornis",11.4861595462526,2.49393608420008,13.6047721814733,18.4087750480899
"IGproject0457","Nomada","ruficornis","male",1954,4,12,"England","Devon","Teignbridge","",2.718,1.805,8.442,2.224,"Apidae","kleptoparasite","OUMNH",NA,"Teignbridge, Devon, England",50.6125551,-3.6559493,"Nomada ruficornis",11.4793327394292,3.10583981726068,14.117947053591,18.6436620520275
"IGproject0458","Nomada","ruficornis","female",1921,5,27,"England","Hertfordshire","Tring","",2.626,1.774,8.229,2.299,"Apidae","kleptoparasite","OUMNH",NA,"Tring, Hertfordshire, England",51.7940357,-0.6609205,"Nomada ruficornis",11.4058869320111,3.05260310896445,14.1789997568804,19.3554642431101
"IGproject0459","Nomada","ruficornis","female",1902,5,19,"England","Hampshire","","New Forest",2.649,1.773,8.346,2.382,"Apidae","kleptoparasite","OUMNH",NA,"New Forest, Hampshire, England",50.8557268,-1.5956844,"Nomada ruficornis",11.6505079182258,2.81115115869285,14.3445441759808,19.9960139783418
"IGproject0460","Nomada","ruficornis","male",1917,5,3,"England","Surrey","Guildford","Merrow",2.373,1.573,7.071,1.939,"Apidae","kleptoparasite","OUMNH",NA,"Merrow, Guildford, Surrey, England",51.2443481,-0.5335147,"Nomada ruficornis",10.9509990125962,2.03571066177661,12.3735820343848,17.9438471039161
"IGproject0461","Nomada","ruficornis","male",1917,5,5,"England","Surrey","Tadworth","Box Hill",2.808,1.958,8.498,2.332,"Apidae","kleptoparasite","OUMNH",NA,"Box Hill, Tadworth, Surrey, England",51.2543699,-0.2776725,"Nomada ruficornis",10.2181088783374,1.9428021328434,11.6266529499993,17.4361381697539
"IGproject0463","Nomada","ruficornis","female",1945,3,25,"England","Devon","Lydford","",2.529,1.573,7.65,2.073,"Apidae","kleptoparasite","OUMNH",NA,"Lydford, Devon, England",50.6459989,-4.0827936,"Nomada ruficornis",10.5132191076876,1.84369388252319,12.4879482518308,16.5826082071099
"IGproject0464","Nomada","ruficornis","male",1925,5,15,"England","Devon","Brixham","",2.345,1.561,7.142,1.94,"Apidae","kleptoparasite","OUMNH",NA,"Brixham, Devon, England",50.3952404,-3.514544,"Nomada ruficornis",11.17903138926,2.96221283254272,14.0499297305049,17.0439967049037
"IGproject0465","Nomada","ruficornis","male",1915,4,14,"England","Devon","Dartmoor","East Dartmoor",2.723,1.9,8.303,2.291,"Apidae","kleptoparasite","OUMNH",NA,"East Dartmoor, Dartmoor, Devon, England",50.486085,-3.9856305,"Nomada ruficornis",10.3640185516397,2.32135718411916,12.9641544381713,17.7205497533958
"IGproject0466","Andrena","chrysosceles","female",1899,6,18,"England","East Sussex","Polegate","",2.805,1.673,7.764,2.116,"Andrenidae","excavator","OUMNH",NA,"Polegate, East Sussex, England",50.8276836,0.2446652,"Andrena chrysosceles",10.846487106787,2.70800046692705,13.5331891524418,17.7004579710374
"IGproject0467","Andrena","chrysosceles","male",1907,5,23,"England","Hampshire","","New Forest",2.969,1.832,8.182,2.32,"Andrenidae","excavator","OUMNH",NA,"New Forest, Hampshire, England",50.8557268,-1.5956844,"Andrena chrysosceles",10.8208727226404,3.18690068023834,13.9687036528398,19.7714042628667
"IGproject0468","Andrena","chrysosceles","female",1899,5,NA,"Wales","Monmouthshire","Raglan","",2.973,1.815,8.224,2.256,"Andrenidae","excavator","OUMNH",NA,"Raglan, Monmouthshire, Wales",51.7650543,-2.8540602,"Andrena chrysosceles",11.0092434559711,2.64310533630287,13.9005830008093,19.2830636173739
"IGproject0469","Andrena","chrysosceles","female",1913,5,23,"England","Dorset","Cerne Abbas","",2.853,1.782,7.849,2.203,"Andrenidae","excavator","OUMNH",NA,"Cerne Abbas, Dorset, England",50.8079558,-2.4793386,"Andrena chrysosceles",10.7876149617493,2.32022813353858,12.8464956023951,17.0779389705774
"IGproject0470","Andrena","chrysosceles","female",1914,4,NA,"England","Devon","Newton Abbot","",2.968,1.816,8.119,2.184,"Andrenidae","excavator","OUMNH",NA,"Newton Abbot, Devon, England",50.5296441,-3.6112097,"Andrena chrysosceles",11.5528227003755,2.71200463932559,13.9924722200624,18.3551444825427
"IGproject0471","Andrena","chrysosceles","female",1899,5,NA,"Wales","Monmouthshire","Raglan","",2.945,1.822,8.128,2.283,"Andrenidae","excavator","OUMNH",NA,"Raglan, Monmouthshire, Wales",51.7650543,-2.8540602,"Andrena chrysosceles",11.0092434559711,2.64310533630287,13.9005830008093,19.2830636173739
"IGproject0472","Andrena","chrysosceles","female",1899,6,5,"England","Cambridgeshire","Sawtry","Monks Wood",2.864,1.851,7.811,2.258,"Andrenidae","excavator","OUMNH",NA,"Monks Wood, Sawtry, Cambridgeshire, England",52.4055181,-0.2396955,"Andrena chrysosceles",11.01851567478,2.56801432418572,13.5700697901534,18.838294833043
"IGproject0473","Andrena","chrysosceles","male",1923,4,21,"England","Devon","Newton Abbot","Bradley Woods",2.54,1.541,6.724,1.777,"Andrenidae","excavator","OUMNH",NA,"Bradley Woods, Newton Abbot, Devon, England",50.525335,-3.627007989,"Andrena chrysosceles",11.6127901026764,4.02930002955783,14.8152788035532,19.2949585805288
"IGproject0474","Andrena","chrysosceles","male",1912,5,NA,"England","Hampshire","","New Forest",2.505,1.473,6.712,1.805,"Andrenidae","excavator","OUMNH",NA,"New Forest, Hampshire, England",50.8557268,-1.5956844,"Andrena chrysosceles",11.7990882631433,4.02728515025232,14.9822960516938,20.3686477675541
"IGproject0475","Andrena","chrysosceles","male",1912,5,NA,"England","Hampshire","","New Forest",2.481,1.461,6.566,1.755,"Andrenidae","excavator","OUMNH",NA,"New Forest, Hampshire, England",50.8557268,-1.5956844,"Andrena chrysosceles",11.7990882631433,4.02728515025232,14.9822960516938,20.3686477675541
"IGproject0476","Andrena","chrysosceles","female",1899,6,NA,"England","Cambridgeshire","Wicken","",2.785,1.736,7.62,2.152,"Andrenidae","excavator","OUMNH",NA,"Wicken, Cambridgeshire, England",52.3126328,0.2994755,"Andrena chrysosceles",11.3917338110757,2.71947178240315,13.6828060921563,18.8106719865428
"IGproject0477","Andrena","chrysosceles","female",1906,5,28,"Wales","Bridgend","Porthcawl","",2.824,1.72,7.786,2.26,"Andrenidae","excavator","OUMNH",NA,"Porthcawl, Bridgend, Wales",51.4795563,-3.7040704,"Andrena chrysosceles",11.8269300812605,3.27875058728416,15.3226134749998,18.6641526005163
"IGproject0478","Andrena","chrysosceles","female",1990,5,26,"England","Wiltshire","Wroughton","Clouts Wood",3.285,2.098,7.831,2.487,"Andrenidae","excavator","OUMNH",NA,"Clouts Wood, Wroughton, Wiltshire, England",51.51489206,-1.804044057,"Andrena chrysosceles",11.466926820665,4.41536434528185,14.6752525075847,20.3019971788621
"IGproject0479","Andrena","chrysosceles","male",1990,4,28,"England","Wiltshire","Swindon","Coate Water Country Park",2.658,1.447,6.921,1.928,"Andrenidae","excavator","OUMNH",NA,"Coate Water Country Park, Swindon, Wiltshire, England",51.53925894,-1.74822582,"Andrena chrysosceles",11.8824838685312,4.45121746326944,15.1470539988312,20.7665821758766
"IGproject0480","Andrena","chrysosceles","male",1990,3,31,"England","Wiltshire","Swindon","Coate Water Country Park",2.43,1.382,6.546,1.763,"Andrenidae","excavator","OUMNH",NA,"Coate Water Country Park, Swindon, Wiltshire, England",51.53925894,-1.74822582,"Andrena chrysosceles",11.8824838685312,4.45121746326944,15.1470539988312,20.7665821758766
"IGproject0481","Andrena","chrysosceles","male",2004,5,19,"England","Surrey","Guildford","Pewley Down",2.461,1.366,6.81,1.78,"Andrenidae","excavator","OUMNH",NA,"Pewley Down, Guildford, Surrey, England",51.230904,-0.557229,"Andrena chrysosceles",12.7472156488578,3.53565877076894,16.5051207290648,21.9775556428662
"IGproject0482","Andrena","chrysosceles","male",2007,4,17,"England","Surrey","Godalming","Mare Hill",2.551,1.427,6.773,1.812,"Andrenidae","excavator","OUMNH",NA,"Mare Hill, Godalming, Surrey, England",51.15338723,-0.662571471,"Andrena chrysosceles",12.5288598731659,3.64867002330854,16.2035974694431,22.3934325027437
"IGproject0483","Andrena","chrysosceles","female",1981,6,29,"England","Oxfordshire","Wendlebury","",2.769,1.683,7.341,2.113,"Andrenidae","excavator","OUMNH",NA,"Wendlebury, Oxfordshire, England",51.872327,-1.186175,"Andrena chrysosceles",11.1059984186862,2.8124180680209,14.0613097846069,18.7311303623496
"IGproject0484","Andrena","chrysosceles","male",2003,4,5,"England","Oxfordshire","Oxford","Shotover",2.556,1.481,6.933,1.785,"Andrenidae","excavator","OUMNH",NA,"Shotover, Oxford, Oxfordshire, England",51.7561128,-1.1551229,"Andrena chrysosceles",12.1385893645516,2.50701734949477,14.653095527776,19.3412593141123
"IGproject0485","Andrena","chrysosceles","female",2003,4,5,"England","Oxfordshire","Oxford","Shotover",2.799,1.782,7.554,2.198,"Andrenidae","excavator","OUMNH",NA,"Shotover, Oxford, Oxfordshire, England",51.7561128,-1.1551229,"Andrena chrysosceles",12.1385893645516,2.50701734949477,14.653095527776,19.3412593141123
"IGproject0486","Andrena","chrysosceles","female",2007,6,6,"England","Surrey","Grayswood","Holmens Grove",2.906,1.873,8.188,2.111,"Andrenidae","excavator","OUMNH",NA,"Holmens Grove, Grayswood, Surrey, England",51.10405232,-0.691504886,"Andrena chrysosceles",12.2712279692249,3.6774449239873,15.9712269414294,22.3029846402668
"IGproject0487","Andrena","chrysosceles","female",2002,4,20,"England","Oxfordshire","Oxford","Shotover",2.964,1.861,8.011,2.318,"Andrenidae","excavator","OUMNH",NA,"Shotover, Oxford, Oxfordshire, England",51.7561128,-1.1551229,"Andrena chrysosceles",11.908780275661,3.40076487389643,14.8612483535879,20.0469597087182
"IGproject0488","Andrena","chrysosceles","female",2005,6,21,"England","Surrey","Wrecclesham","",3.058,1.849,8.339,2.418,"Andrenidae","excavator","OUMNH",NA,"Wrecclesham, Surrey, England",51.1979493,-0.8159703,"Andrena chrysosceles",12.446896794142,3.28933279952639,15.7697803253062,21.1515437143763
"IGproject0489","Andrena","chrysosceles","female",1926,6,13,"England","Greater London","London","South Norwood",2.972,1.775,8.065,2.255,"Andrenidae","excavator","OUMNH",NA,"South Norwood, London, Greater London, England",51.3980951,-0.0768216,"Andrena chrysosceles",12.3304921024184,3.92263574633547,16.0365661609631,21.6835511032673
"IGproject0490","Andrena","chrysosceles","male",1984,4,26,"England","Greater London","London","Lewisham",2.268,1.279,6.25,1.714,"Andrenidae","excavator","OUMNH",NA,"Lewisham, London, Greater London, England",51.4624292,-0.0101787,"Andrena chrysosceles",12.1276642121516,3.95664486671602,16.2324630501589,20.5756315953291
"IGproject0491","Andrena","chrysosceles","male",1984,5,9,"England","Greater London","London","Lewisham",2.476,1.442,6.648,1.744,"Andrenidae","excavator","OUMNH",NA,"Lewisham, London, Greater London, England",51.4624292,-0.0101787,"Andrena chrysosceles",12.1276642121516,3.95664486671602,16.2324630501589,20.5756315953291
"IGproject0492","Andrena","chrysosceles","male",1996,4,27,"England","Northamptonshire","Marston St Lawrence","",2.641,1.488,7.017,1.899,"Andrenidae","excavator","OUMNH",NA,"Marston St Lawrence, Northamptonshire, England",52.0766064,-1.2171139,"Andrena chrysosceles",11.0662240580126,2.56034360178285,13.5771189466436,18.6829359065646
"IGproject0493","Andrena","chrysosceles","male",1996,4,27,"England","Northamptonshire","Marston St Lawrence","",2.138,1.206,5.317,1.482,"Andrenidae","excavator","OUMNH",NA,"Marston St Lawrence, Northamptonshire, England",52.0766064,-1.2171139,"Andrena chrysosceles",11.0662240580126,2.56034360178285,13.5771189466436,18.6829359065646
"IGproject0494","Andrena","chrysosceles","male",1996,4,27,"England","Northamptonshire","Marston St Lawrence","",2.484,1.332,6.637,1.779,"Andrenidae","excavator","OUMNH",NA,"Marston St Lawrence, Northamptonshire, England",52.0766064,-1.2171139,"Andrena chrysosceles",11.0662240580126,2.56034360178285,13.5771189466436,18.6829359065646
"IGproject0495","Andrena","chrysosceles","male",1996,4,27,"England","Northamptonshire","Marston St Lawrence","",2.946,1.682,7.737,2.023,"Andrenidae","excavator","OUMNH",NA,"Marston St Lawrence, Northamptonshire, England",52.0766064,-1.2171139,"Andrena chrysosceles",11.0662240580126,2.56034360178285,13.5771189466436,18.6829359065646
"IGproject0496","Andrena","chrysosceles","male",1996,4,27,"England","Northamptonshire","Marston St Lawrence","",2.393,1.291,6.193,1.691,"Andrenidae","excavator","OUMNH",NA,"Marston St Lawrence, Northamptonshire, England",52.0766064,-1.2171139,"Andrena chrysosceles",11.0662240580126,2.56034360178285,13.5771189466436,18.6829359065646
"IGproject0497","Andrena","chrysosceles","male",1996,4,27,"England","Northamptonshire","Marston St Lawrence","",2.2,1.23,6.04,1.655,"Andrenidae","excavator","OUMNH",NA,"Marston St Lawrence, Northamptonshire, England",52.0766064,-1.2171139,"Andrena chrysosceles",11.0662240580126,2.56034360178285,13.5771189466436,18.6829359065646
"IGproject0498","Andrena","chrysosceles","male",1996,4,27,"England","Northamptonshire","Brackley","",2.412,1.336,6.623,1.738,"Andrenidae","excavator","OUMNH",NA,"Brackley, Northamptonshire, England",52.0278975,-1.1484657,"Andrena chrysosceles",11.2419770309783,2.54998567573358,13.7410540697776,18.8086209936159
"IGproject0499","Andrena","chrysosceles","male",1996,4,27,"England","Northamptonshire","Brackley","",2.467,1.475,6.675,1.781,"Andrenidae","excavator","OUMNH",NA,"Brackley, Northamptonshire, England",52.0278975,-1.1484657,"Andrena chrysosceles",11.2419770309783,2.54998567573358,13.7410540697776,18.8086209936159
"IGproject0500","Andrena","chrysosceles","male",1996,4,27,"England","Northamptonshire","Brackley","",2.38,1.364,6.569,1.716,"Andrenidae","excavator","OUMNH",NA,"Brackley, Northamptonshire, England",52.0278975,-1.1484657,"Andrena chrysosceles",11.2419770309783,2.54998567573358,13.7410540697776,18.8086209936159
"IGproject0501","Andrena","chrysosceles","female",1901,5,27,"England","Kent","Faversham","Huntingfield",2.515,1.497,7.319,1.927,"Andrenidae","excavator","OUMNH",NA,"Huntingfield, Faversham, Kent, England",51.25792226,0.822018012,"Andrena chrysosceles",10.7767320238472,3.42484983272619,14.4088306685168,19.2455651543658
"IGproject0502","Andrena","chrysosceles","female",1901,6,1,"England","Kent","Faversham","Huntingfield",2.591,1.593,7.399,2.05,"Andrenidae","excavator","OUMNH",NA,"Huntingfield, Faversham, Kent, England",51.25792226,0.822018012,"Andrena chrysosceles",10.7767320238472,3.42484983272619,14.4088306685168,19.2455651543658
"IGproject0503","Andrena","chrysosceles","female",1901,6,1,"England","Kent","Faversham","Huntingfield",2.844,1.702,7.953,2.15,"Andrenidae","excavator","OUMNH",NA,"Huntingfield, Faversham, Kent, England",51.25792226,0.822018012,"Andrena chrysosceles",10.7767320238472,3.42484983272619,14.4088306685168,19.2455651543658
"IGproject0504","Andrena","chrysosceles","female",1901,6,1,"England","Kent","Faversham","Huntingfield",2.526,1.546,7.354,2.027,"Andrenidae","excavator","OUMNH",NA,"Huntingfield, Faversham, Kent, England",51.25792226,0.822018012,"Andrena chrysosceles",10.7767320238472,3.42484983272619,14.4088306685168,19.2455651543658
"IGproject0505","Andrena","chrysosceles","female",1901,6,1,"England","Kent","Faversham","Huntingfield",2.701,1.718,7.545,2.164,"Andrenidae","excavator","OUMNH",NA,"Huntingfield, Faversham, Kent, England",51.25792226,0.822018012,"Andrena chrysosceles",10.7767320238472,3.42484983272619,14.4088306685168,19.2455651543658
"IGproject0506","Andrena","chrysosceles","female",1900,NA,NA,"England","Kent","Faversham","",2.859,1.772,7.867,2.213,"Andrenidae","excavator","OUMNH",NA,"Faversham, Kent, England",51.3158434,0.8911283,"Andrena chrysosceles",11.2013293707806,3.44905352431804,14.9985762222248,20.3716183838224
"IGproject0507","Andrena","chrysosceles","female",1900,3,8,"England","Kent","Faversham","Huntingfield",2.861,1.714,7.959,2.19,"Andrenidae","excavator","OUMNH",NA,"Huntingfield, Faversham, Kent, England",51.25792226,0.822018012,"Andrena chrysosceles",10.715932873664,3.48917351306557,14.5520504137593,19.8865819830713
"IGproject0508","Andrena","chrysosceles","female",1897,NA,NA,"England","Hampshire","","New Forest",2.887,1.702,8.001,2.235,"Andrenidae","excavator","OUMNH",NA,"New Forest, Hampshire, England",50.8557268,-1.5956844,"Andrena chrysosceles",12.9946714312737,3.37745256962179,16.5144996495517,22.0737630798943
"IGproject0509","Andrena","chrysosceles","female",1893,NA,NA,"England","Hampshire","","New Forest",2.817,1.664,7.753,2.214,"Andrenidae","excavator","OUMNH",NA,"New Forest, Hampshire, England",50.8557268,-1.5956844,"Andrena chrysosceles",11.420963904125,3.00559914441524,14.2618227995599,18.9974998628604
"IGproject0510","Andrena","chrysosceles","female",1901,5,6,"England","Kent","Faversham","",2.545,1.431,7.474,2.026,"Andrenidae","excavator","OUMNH",NA,"Faversham, Kent, England",51.3158434,0.8911283,"Andrena chrysosceles",11.278387072312,3.385184195646,14.8777758255712,19.8028959346541
"IGproject0511","Andrena","chrysosceles","female",1900,NA,NA,"England","Kent","Faversham","Huntingfield",2.888,1.692,7.808,2.28,"Andrenidae","excavator","OUMNH",NA,"Huntingfield, Faversham, Kent, England",51.25792226,0.822018012,"Andrena chrysosceles",10.715932873664,3.48917351306557,14.5520504137593,19.8865819830713
"IGproject0512","Andrena","chrysosceles","female",1901,6,2,"England","Kent","Faversham","Huntingfield",2.852,1.671,7.713,2.133,"Andrenidae","excavator","OUMNH",NA,"Huntingfield, Faversham, Kent, England",51.25792226,0.822018012,"Andrena chrysosceles",10.7767320238472,3.42484983272619,14.4088306685168,19.2455651543658
"IGproject0513","Hylaeus","communis","female",1948,7,17,"England","Dorset","Witchampton","",1.69,1.35,5.013,1.048,"Colletidae","cavity nester","OUMNH",NA,"Witchampton, Dorset, England",50.8579978,-2.0168718,"Hylaeus communis",17.0875445049823,1.94159982381394,19.1068606364588,25.892449705756
"IGproject0514","Hylaeus","communis","female",1952,8,22,"England","Devon","Dawlish Warren","",1.616,1.19,4.419,0.965,"Colletidae","cavity nester","OUMNH",NA,"Dawlish Warren, Devon, England",50.5986475,-3.4437159,"Hylaeus communis",15.0638980814162,1.34617552389365,16.3977062027245,20.8931112758344
"IGproject0515","Hylaeus","communis","female",1953,8,6,"England","Devon","Bovey Tracey","Chudleigh Knighton Heath",1.597,1.223,4.682,1.001,"Colletidae","cavity nester","OUMNH",NA,"Chudleigh Knighton Heath, Bovey Tracey, Devon, England",50.58100978,-3.64619059,"Hylaeus communis",16.0398113724282,1.35810474590149,17.18087031276,21.6602372414846
"IGproject0516","Hylaeus","communis","female",1953,8,6,"England","Devon","Bovey Tracey","Chudleigh Knighton Heath",1.69,1.356,5.126,1.07,"Colletidae","cavity nester","OUMNH",NA,"Chudleigh Knighton Heath, Bovey Tracey, Devon, England",50.58100978,-3.64619059,"Hylaeus communis",16.0398113724282,1.35810474590149,17.18087031276,21.6602372414846
"IGproject0517","Hylaeus","communis","female",1949,7,7,"England","Devon","Bideford","",1.696,1.32,5.272,1.133,"Colletidae","cavity nester","OUMNH",NA,"Bideford, Devon, England",51.0181448,-4.2064223,"Hylaeus communis",14.6403039401835,1.0188214697968,15.277437476146,18.5778107195105
"IGproject0518","Hylaeus","communis","male",1949,6,18,"England","Devon","Ottery Saint Mary","",1.491,1.071,4.291,0.978,"Colletidae","cavity nester","OUMNH",NA,"Ottery Saint Mary, Devon, England",50.75134852,-3.280071864,"Hylaeus communis",14.7725745003867,0.764178683780918,15.4729890707117,19.9770812412571
"IGproject0519","Hylaeus","communis","male",1952,7,21,"England","Devon","Kenton","",1.598,1.202,4.529,1.015,"Colletidae","cavity nester","OUMNH",NA,"Kenton, Devon, England",50.6341028,-3.4920314,"Hylaeus communis",14.6506914752485,1.32938769549064,16.0013803912364,20.8994854979005
"IGproject0520","Hylaeus","communis","female",1962,8,18,"England","Dorset","Morden","",1.469,1.139,4.425,0.961,"Colletidae","cavity nester","OUMNH",NA,"Morden, Dorset, England",50.7627893,-2.1325452,"Hylaeus communis",15.3395708297695,0.880090511244725,15.9029983718778,21.1996667773322
"IGproject0521","Hylaeus","communis","female",1971,7,11,"England","Cornwall","Morwenstow","",1.525,1.145,4.51,0.955,"Colletidae","cavity nester","OUMNH",NA,"Morwenstow, Cornwall, England",50.9031662,-4.524249,"Hylaeus communis",14.7558301311715,0.442478346565048,15.0843501017885,18.5617735618267
"IGproject0522","Hylaeus","communis","male",1940,6,19,"England","Dorset","Weymouth","",1.402,0.998,4.054,0.907,"Colletidae","cavity nester","OUMNH",NA,"Weymouth, Dorset, England",50.6096257,-2.4543424,"Hylaeus communis",15.4966693041876,1.03220333050627,16.6877984570738,20.0177003448768
"IGproject0523","Hylaeus","communis","male",1928,6,13,"England","Dorset","Weymouth","Cranford Ave",1.409,1.044,4.241,0.927,"Colletidae","cavity nester","OUMNH",NA,"Cranford Ave, Weymouth, Dorset, England",50.6234113,-2.4511577,"Hylaeus communis",15.3559434405591,1.46793550815986,16.3356097857116,19.3975729547446
"IGproject0524","Hylaeus","communis","male",1970,6,21,"England","Oxfordshire","Oxford","Holywell Road",1.378,1.008,4.005,0.874,"Colletidae","cavity nester","OUMNH",NA,"Holywell Road, Oxford, Oxfordshire, England",51.7482606,-1.2781435,"Hylaeus communis",16.3573829940253,1.82378079422025,17.8074915386117,23.0676200578985
"IGproject0525","Hylaeus","communis","male",1968,6,23,"England","Devon","Paignton","",1.539,1.167,4.336,0.936,"Colletidae","cavity nester","OUMNH",NA,"Paignton, Devon, England",50.4377018,-3.5632704,"Hylaeus communis",15.7119675061824,0.85322114793108,16.3462688179071,20.2650227677014
"IGproject0526","Hylaeus","communis","female",1977,9,3,"England","Devon","Kelly","",1.661,1.26,4.765,1.03,"Colletidae","cavity nester","OUMNH",NA,"Kelly, Devon, England",50.6140691,-4.2571527,"Hylaeus communis",16.8175571186395,0.823027668186322,17.467579011309,23.496500970081
"IGproject0527","Hylaeus","communis","female",1981,8,2,"England","Devon","Chudleigh","",1.569,1.202,4.659,1.009,"Colletidae","cavity nester","OUMNH",NA,"Chudleigh, Devon, England",50.6156543,-3.5869448,"Hylaeus communis",14.2520704225761,1.132293924058,15.4349450999675,19.4291213116895
"IGproject0528","Hylaeus","communis","male",1973,7,9,"England","Devon","Meavy","",1.462,1.122,4.317,0.905,"Colletidae","cavity nester","OUMNH",NA,"Meavy, Devon, England",50.4796082,-4.0590464,"Hylaeus communis",13.1378755466192,2.51001929250461,14.7209445430765,18.8174626513713
"IGproject0529","Hylaeus","communis","female",1962,7,23,"England","Devon","Wembury","",1.6,1.244,4.802,1.042,"Colletidae","cavity nester","OUMNH",NA,"Wembury, Devon, England",50.3287157,-4.0840935,"Hylaeus communis",14.9422245456172,0.877939463080361,15.5014564220938,18.7764318568887
"IGproject0530","Hylaeus","communis","male",1940,6,19,"England","Dorset","Weymouth","",1.358,0.948,3.764,0.857,"Colletidae","cavity nester","OUMNH",NA,"Weymouth, Dorset, England",50.6096257,-2.4543424,"Hylaeus communis",15.4966693041876,1.03220333050627,16.6877984570738,20.0177003448768
"IGproject0531","Hylaeus","communis","female",1937,7,25,"England","Dorset","Bexington","",1.666,1.263,5.008,1.046,"Colletidae","cavity nester","OUMNH",NA,"Bexington, Dorset, England",50.6802203,-2.6614154,"Hylaeus communis",14.7479744553297,0.894624963357064,15.7505032479153,20.0737870668602
"IGproject0532","Hylaeus","communis","female",1939,8,13,"England","Dorset","Morden","",1.537,1.221,4.673,1.036,"Colletidae","cavity nester","OUMNH",NA,"Morden, Dorset, England",50.7627893,-2.1325452,"Hylaeus communis",15.1805176591579,0.949466865933325,16.2479782719853,21.3820275313456
"IGproject0533","Hylaeus","communis","female",1935,8,9,"England","Devon","Braunton","Braunton Burrows",1.629,1.264,4.89,1.075,"Colletidae","cavity nester","OUMNH",NA,"Braunton Burrows, Braunton, Devon, England",51.0930822,-4.2087025,"Hylaeus communis",16.7740115761046,1.70317203968747,18.7405024763998,23.0029166329456
"IGproject0534","Hylaeus","communis","female",1935,7,16,"England","Devon","Plymouth","Elfordleigh",1.614,1.285,4.789,1.053,"Colletidae","cavity nester","OUMNH",NA,"Elfordleigh, Plymouth, Devon, England",50.4069908,-4.0491626,"Hylaeus communis",16.2499972420701,1.68733772140796,18.1496586960829,22.7134722193355
"IGproject0535","Hylaeus","communis","female",1938,8,12,"England","Dorset","Chamouth","Charmouth Cliffs",1.613,1.259,4.712,1.024,"Colletidae","cavity nester","OUMNH",NA,"Charmouth Cliffs, Chamouth, Dorset, England",50.7390555,-2.90104243,"Hylaeus communis",15.5326304575756,1.31069304831274,16.7655713216078,21.6734027141727
"IGproject0536","Hylaeus","communis","female",1935,7,16,"England","Devon","Plymouth","Elfordleigh",1.608,1.206,4.662,0.995,"Colletidae","cavity nester","OUMNH",NA,"Elfordleigh, Plymouth, Devon, England",50.4069908,-4.0491626,"Hylaeus communis",16.2499972420701,1.68733772140796,18.1496586960829,22.7134722193355
"IGproject0537","Hylaeus","communis","female",1935,8,9,"England","Devon","Braunton","Braunton Burrows",1.635,1.268,4.88,1.052,"Colletidae","cavity nester","OUMNH",NA,"Braunton Burrows, Braunton, Devon, England",51.0930822,-4.2087025,"Hylaeus communis",16.7740115761046,1.70317203968747,18.7405024763998,23.0029166329456
"IGproject0538","Hylaeus","communis","female",1935,8,9,"England","Devon","Braunton","Braunton Burrows",1.729,1.371,5.059,1.147,"Colletidae","cavity nester","OUMNH",NA,"Braunton Burrows, Braunton, Devon, England",51.0930822,-4.2087025,"Hylaeus communis",16.7740115761046,1.70317203968747,18.7405024763998,23.0029166329456
"IGproject0539","Hylaeus","communis","female",1939,7,23,"England","Dorset","Weymouth","Two Mile Coppice",1.525,1.131,4.403,0.986,"Colletidae","cavity nester","OUMNH",NA,"Two Mile Coppice, Weymouth, Dorset, England",50.6386572,-2.4610685,"Hylaeus communis",15.3526349426026,1.02321358864026,16.4802587654369,20.4900581808881
"IGproject0540","Hylaeus","communis","female",1988,8,6,"England","Wiltshire","Swindon","",1.528,1.164,4.532,0.973,"Colletidae","cavity nester","OUMNH",NA,"Swindon, Wiltshire, England",51.6057801,-1.841922,"Hylaeus communis",15.3091981712768,1.56243385406998,16.2478538463252,20.9749022913065
"IGproject0541","Hylaeus","communis","female",1984,6,24,"England","Kent","Farningham","Farningham Woods",1.471,1.114,4.332,0.961,"Colletidae","cavity nester","OUMNH",NA,"Farningham Woods, Farningham, Kent, England",51.3916478,0.2121137,"Hylaeus communis",17.4404443936583,2.51499686796056,19.8473870427367,26.1072954474757
"IGproject0542","Hylaeus","communis","female",1984,8,14,"England","Greater London","London","Lesnes Abbey Woods",1.716,1.423,5.057,1.146,"Colletidae","cavity nester","OUMNH",NA,"Lesnes Abbey Woods, London, Greater London, England",51.4859646,0.1341078,"Hylaeus communis",18.565985680345,2.50393824489961,20.9833099985724,26.7382315834837
"IGproject0543","Nomada","goodeniana","male",1900,4,24,"England","Essex","Theydon Bois","",2.593,1.568,8.153,2.22,"Apidae","kleptoparasite","OUMNH",NA,"Theydon Bois, Essex, England",51.6717759,0.1033213,"Nomada goodeniana",11.3978852455162,3.74882682562119,15.5707488049753,21.9009367697515
"IGproject0544","Nomada","goodeniana","male",1903,5,18,"Wales","Gwynedd","Criccieth","",2.673,1.673,8.172,2.262,"Apidae","kleptoparasite","OUMNH",NA,"Criccieth, Gwynedd, Wales",52.9206106,-4.2332414,"Nomada goodeniana",9.98557661280993,3.14144866610944,13.5300840837002,17.4094594591829
"IGproject0545","Nomada","goodeniana","male",1900,5,6,"England","Essex","Theydon Bois","",2.441,1.559,7.665,2.143,"Apidae","kleptoparasite","OUMNH",NA,"Theydon Bois, Essex, England",51.6717759,0.1033213,"Nomada goodeniana",11.3978852455162,3.74882682562119,15.5707488049753,21.9009367697515
"IGproject0546","Nomada","goodeniana","male",1903,7,20,"England","Dorset","Lyme Regis","",2.649,1.703,8.201,2.313,"Apidae","kleptoparasite","OUMNH",NA,"Lyme Regis, Dorset, England",50.7252897,-2.934559,"Nomada goodeniana",10.0419778564834,2.70815906891315,13.0506196825667,16.4401111475587
"IGproject0547","Nomada","goodeniana","male",1950,5,12,"England","Devon","Woodbury","",2.492,1.535,7.668,2.279,"Apidae","kleptoparasite","OUMNH",NA,"Woodbury, Devon, England",50.6759768,-3.4061001,"Nomada goodeniana",11.8034096435629,2.78534962178674,14.9666342494343,20.070143758804
"IGproject0548","Nomada","goodeniana","female",1949,4,24,"England","Devon","Exeter","",3.108,2.085,9.593,2.786,"Apidae","kleptoparasite","OUMNH",NA,"Exeter, Devon, England",50.7256138,-3.5269209,"Nomada goodeniana",11.864167977284,2.44720116510101,14.2545532089492,18.1811802225526
"IGproject0549","Nomada","goodeniana","female",1953,5,8,"England","Devon","Chudleigh","",2.77,1.68,8.42,2.376,"Apidae","kleptoparasite","OUMNH",NA,"Chudleigh, Devon, England",50.6156543,-3.5869448,"Nomada goodeniana",11.790910479291,2.55456541093796,13.900413045393,18.8739678942394
"IGproject0550","Nomada","goodeniana","male",1950,5,13,"England","Devon","Dartmoor","Mardon Down",2.734,1.679,8.362,2.315,"Apidae","kleptoparasite","OUMNH",NA,"Mardon Down, Dartmoor, Devon, England",50.67620946,-3.744863051,"Nomada goodeniana",11.0716623690453,2.81441309725576,14.2581755105076,19.3835854563628
"IGproject0551","Nomada","goodeniana","male",1900,5,16,"England","Essex","Theydon Bois","",3.053,2.198,9.636,2.666,"Apidae","kleptoparasite","OUMNH",NA,"Theydon Bois, Essex, England",51.6717759,0.1033213,"Nomada goodeniana",11.3978852455162,3.74882682562119,15.5707488049753,21.9009367697515
"IGproject0552","Nomada","goodeniana","male",1900,4,26,"England","East Sussex","Polegate","",2.664,1.73,8.214,2.253,"Apidae","kleptoparasite","OUMNH",NA,"Polegate, East Sussex, England",50.8276836,0.2446652,"Nomada goodeniana",11.1475589142837,3.67575450623409,15.2235427999872,20.2569444717227
"IGproject0553","Nomada","goodeniana","female",1903,5,18,"Wales","Gwynedd","Criccieth","",3.094,1.948,9.252,2.564,"Apidae","kleptoparasite","OUMNH",NA,"Criccieth, Gwynedd, Wales",52.9206106,-4.2332414,"Nomada goodeniana",9.98557661280993,3.14144866610944,13.5300840837002,17.4094594591829
"IGproject0554","Nomada","goodeniana","female",1898,5,22,"England","Surrey","Godstone","",3.206,2.12,9.706,2.772,"Apidae","kleptoparasite","OUMNH",NA,"Godstone, Surrey, England",51.221863,-0.0565382,"Nomada goodeniana",10.8294552348098,4.00444271945142,15.1565942014278,20.4693287485477
"IGproject0555","Nomada","goodeniana","male",1900,5,16,"England","Essex","Theydon Bois","",3.019,1.966,9.067,2.565,"Apidae","kleptoparasite","OUMNH",NA,"Theydon Bois, Essex, England",51.6717759,0.1033213,"Nomada goodeniana",11.3978852455162,3.74882682562119,15.5707488049753,21.9009367697515
"IGproject0556","Nomada","goodeniana","female",1961,4,5,"England","Bristol","Bristol","Westbury on Trym",3.075,2.069,9.262,2.76,"Apidae","kleptoparasite","OUMNH",NA,"Westbury on Trym, Bristol, Bristol, England",51.4936347,-2.6179454,"Nomada goodeniana",13.2715573794805,3.65658066958095,16.7607778227878,21.3190443748702
"IGproject0557","Nomada","goodeniana","male",1911,5,13,"England","Oxfordshire","Enslow","",2.946,1.94,9.09,2.377,"Apidae","kleptoparasite","OUMNH",NA,"Enslow, Oxfordshire, England",51.860764,-1.303454,"Nomada goodeniana",11.2208688494304,3.7713557660089,14.9773182673075,19.8112432531025
"IGproject0558","Nomada","goodeniana","female",1912,5,20,"England","Oxfordshire","Wolvercote","",3.075,2.123,9.55,2.82,"Apidae","kleptoparasite","OUMNH",NA,"Wolvercote, Oxfordshire, England",51.7849516,-1.2862119,"Nomada goodeniana",12.1398559334849,3.7337695305154,15.1413858080395,20.149106491204
"IGproject0559","Nomada","goodeniana","female",1922,8,17,"England","Oxfordshire","Tubney","",3.149,2.139,8.972,2.625,"Apidae","kleptoparasite","OUMNH",NA,"Tubney, Oxfordshire, England",51.6852443,-1.3699399,"Nomada goodeniana",11.8625711397283,3.30998073702299,15.1772834369561,21.5562636083986
"IGproject0560","Nomada","goodeniana","male",1932,5,1,"England","Oxfordshire","Wolvercote","",2.8,1.818,9.078,2.385,"Apidae","kleptoparasite","OUMNH",NA,"Wolvercote, Oxfordshire, England",51.7849516,-1.2862119,"Nomada goodeniana",11.5775990641418,3.53402237348274,15.0851015106458,19.396228835857
"IGproject0561","Nomada","goodeniana","male",1930,5,4,"England","Oxfordshire","Yarnton","",2.544,1.648,8.045,2.074,"Apidae","kleptoparasite","OUMNH",NA,"Yarnton, Oxfordshire, England",51.8046148,-1.308937,"Nomada goodeniana",10.6280017273329,3.39934619203571,13.5331115491621,18.6769027086234
"IGproject0562","Nomada","goodeniana","female",1926,5,21,"England","Oxfordshire","Yarnton","",2.905,1.957,9.046,2.686,"Apidae","kleptoparasite","OUMNH",NA,"Yarnton, Oxfordshire, England",51.8046148,-1.308937,"Nomada goodeniana",11.7248764199068,3.87463690051896,15.4266787678753,21.377879614741
"IGproject0563","Nomada","goodeniana","male",1922,8,14,"England","Oxfordshire","Tubney","",2.904,1.779,8.473,2.471,"Apidae","kleptoparasite","OUMNH",NA,"Tubney, Oxfordshire, England",51.6852443,-1.3699399,"Nomada goodeniana",11.8625711397283,3.30998073702299,15.1772834369561,21.5562636083986
"IGproject0564","Nomada","goodeniana","female",1926,4,18,"England","Oxfordshire","Tubney","",2.656,1.686,8.078,2.26,"Apidae","kleptoparasite","OUMNH",NA,"Tubney, Oxfordshire, England",51.6852443,-1.3699399,"Nomada goodeniana",11.5790314347525,3.92134238201083,15.3667555466429,21.6184518630506
"IGproject0565","Nomada","goodeniana","female",1927,5,25,"England","Oxfordshire","Yarnton","",2.856,1.927,9.057,2.686,"Apidae","kleptoparasite","OUMNH",NA,"Yarnton, Oxfordshire, England",51.8046148,-1.308937,"Nomada goodeniana",11.2738353890207,2.3003612373784,13.8407540564573,18.6264735973585
"IGproject0566","Nomada","goodeniana","female",1936,6,8,"England","Oxfordshire","Oxford","Wytham",3.064,2.21,9.647,2.829,"Apidae","kleptoparasite","OUMNH",NA,"Wytham, Oxford, Oxfordshire, England",51.7535169,-1.2131856,"Nomada goodeniana",11.3448906279505,3.71488697235975,15.4867808150458,19.9628466457758
"IGproject0567","Nomada","goodeniana","male",1930,5,4,"England","Oxfordshire","Yarnton","",3.017,2.067,9.268,2.383,"Apidae","kleptoparasite","OUMNH",NA,"Yarnton, Oxfordshire, England",51.8046148,-1.308937,"Nomada goodeniana",10.6280017273329,3.39934619203571,13.5331115491621,18.6769027086234
"IGproject0568","Nomada","goodeniana","female",1910,5,22,"England","Oxfordshire","Enslow","",2.908,2.047,8.965,2.584,"Apidae","kleptoparasite","OUMNH",NA,"Enslow, Oxfordshire, England",51.860764,-1.303454,"Nomada goodeniana",10.3731311343569,1.51936097509069,11.7330685117113,17.1487712983815
"IGproject0569","Nomada","goodeniana","female",1926,6,6,"England","Oxfordshire","Oxford","Waterperry Wood",2.776,1.909,8.539,2.513,"Apidae","kleptoparasite","OUMNH",NA,"Waterperry Wood, Oxford, Oxfordshire, England",51.77601288,-1.127008027,"Nomada goodeniana",11.4090652029767,3.84679412468928,15.0644234716943,21.2630445793183
"IGproject0570","Nomada","goodeniana","male",1930,4,NA,"England","Oxfordshire","Yarnton","",2.94,2.095,9.329,2.567,"Apidae","kleptoparasite","OUMNH",NA,"Yarnton, Oxfordshire, England",51.8046148,-1.308937,"Nomada goodeniana",10.6280017273329,3.39934619203571,13.5331115491621,18.6769027086234
"IGproject0571","Nomada","goodeniana","female",1926,4,18,"England","Oxfordshire","Tubney","",2.899,1.885,8.753,2.464,"Apidae","kleptoparasite","OUMNH",NA,"Tubney, Oxfordshire, England",51.6852443,-1.3699399,"Nomada goodeniana",11.5790314347525,3.92134238201083,15.3667555466429,21.6184518630506
"IGproject0572","Nomada","goodeniana","female",1983,6,22,"England","Oxfordshire","Ardley","",3.105,2.089,9.685,2.8,"Apidae","kleptoparasite","OUMNH",NA,"Ardley, Oxfordshire, England",51.9428336,-1.2117153,"Nomada goodeniana",11.5461640084291,3.75300027563848,15.5338005733967,20.3305143973592
"IGproject0573","Nomada","goodeniana","male",1997,5,13,"England","Kent","Westwood","",2.777,1.81,8.721,2.375,"Apidae","kleptoparasite","OUMNH",NA,"Westwood, Kent, England",51.3611657,1.3945309,"Nomada goodeniana",11.5490259684161,3.38249806921514,15.4154704145963,19.6147855966229
"IGproject0574","Nomada","goodeniana","female",1949,5,29,"England","Devon","Exeter","",2.999,1.915,8.594,2.603,"Apidae","kleptoparasite","OUMNH",NA,"Exeter, Devon, England",50.7256138,-3.5269209,"Nomada goodeniana",11.864167977284,2.44720116510101,14.2545532089492,18.1811802225526
"IGproject0575","Nomada","goodeniana","male",1929,5,19,"England","Cambridgeshire","Wicken","",2.731,1.767,8.544,2.444,"Apidae","kleptoparasite","OUMNH",NA,"Wicken, Cambridgeshire, England",52.3126328,0.2994755,"Nomada goodeniana",10.7509400164069,2.62977929038368,13.4907680544577,18.8836093392613
"IGproject0576","Nomada","goodeniana","male",1918,4,27,"England","Devon","Paignton","",2.505,1.609,7.672,2.194,"Apidae","kleptoparasite","OUMNH",NA,"Paignton, Devon, England",50.4377018,-3.5632704,"Nomada goodeniana",11.4511985842094,4.11085450921821,14.9443997879067,18.6496433021271
"IGproject0577","Nomada","goodeniana","male",1918,4,NA,"England","Oxfordshire","Oxford","",2.839,2.063,8.945,2.549,"Apidae","kleptoparasite","OUMNH",NA,"Oxford, Oxfordshire, England",51.7520131,-1.2578499,"Nomada goodeniana",11.9665351160863,5.36200801173658,16.1085156283383,21.4720522941889
"IGproject0578","Nomada","goodeniana","male",1914,4,4,"England","Devon","Dawlish Warren","",2.567,1.731,8.044,2.193,"Apidae","kleptoparasite","OUMNH",NA,"Dawlish Warren, Devon, England",50.5986475,-3.4437159,"Nomada goodeniana",11.4356103076901,2.67909626928352,13.8858005076136,18.1000064605913
"IGproject0579","Nomada","goodeniana","male",1930,7,17,"England","Devon","Sidmouth","",2.665,1.906,7.941,2.235,"Apidae","kleptoparasite","OUMNH",NA,"Sidmouth, Devon, England",50.6790033,-3.237657,"Nomada goodeniana",10.2751668628363,2.96216949662637,12.9663211184785,17.0385693788857
"IGproject0580","Nomada","goodeniana","male",1918,4,27,"England","Devon","Paignton","",2.464,1.553,7.69,2.123,"Apidae","kleptoparasite","OUMNH",NA,"Paignton, Devon, England",50.4377018,-3.5632704,"Nomada goodeniana",11.4511985842094,4.11085450921821,14.9443997879067,18.6496433021271
"IGproject0581","Colletes","succintus","female",1927,8,15,"England","Dorset","Warmwell","Warmwell Heath",3.268,2.661,8.2,2.117,"Colletidae","excavator","OUMNH",NA,"Warmwell Heath, Warmwell, Dorset, England",50.68094,-2.35113,"Colletes succintus",16.336892705894,0.690514764679793,16.8631365456169,21.3256806447586
"IGproject0582","Colletes","succintus","male",1928,8,31,"England","Cornwall","Lizard","",2.967,2.009,7.219,1.813,"Colletidae","excavator","OUMNH",NA,"Lizard, Cornwall, England",50.02964889,-5.195961501,"Colletes succintus",14.6097212009289,1.46133733610204,15.4917764965662,18.1313845087343
"IGproject0583","Colletes","succintus","male",1961,8,6,"Wales","Gwynedd","Criccieth","",3.106,2.516,7.483,1.942,"Colletidae","excavator","OUMNH",NA,"Criccieth, Gwynedd, Wales",52.9206106,-4.2332414,"Colletes succintus",14.015038064148,0.764882231886479,14.4675651999971,17.8294420600384
"IGproject0584","Colletes","succintus","male",1989,6,16,"England","Cornwall","","Holywell Beach",2.836,1.849,5.866,1.651,"Colletidae","excavator","OUMNH",NA,"Holywell Beach, Cornwall, England",50.3935678,-5.1460548,"Colletes succintus",14.5738242196295,0.534063094194441,15.1683659379462,17.9615212672867
"IGproject0585","Colletes","succintus","male",1934,8,17,"England","Dorset","Swanage","South Haven Point",2.848,1.923,6.356,1.809,"Colletidae","excavator","OUMNH",NA,"South Haven Point, Swanage, Dorset, England",50.6787269,-1.94390688,"Colletes succintus",17.1806359581247,1.18237030661735,17.9466767340373,22.8558942578081
"IGproject0586","Colletes","succintus","male",1971,8,20,"England","Devon","South Brent","Shipley Bridge",3.197,2.564,7.62,1.997,"Colletidae","excavator","OUMNH",NA,"Shipley Bridge, South Brent, Devon, England",50.4508303,-3.8593753,"Colletes succintus",13.7176270467539,0.639109741338447,14.3396819828226,17.9409262851362
"IGproject0587","Colletes","succintus","female",1975,7,30,"England","Devon","Throwleigh","Shilstone Tor",3.491,2.804,8.744,2.288,"Colletidae","excavator","OUMNH",NA,"Shilstone Tor, Throwleigh, Devon, England",50.69539973,-3.900621165,"Colletes succintus",12.5393073462044,1.78645140688716,13.5985171142014,17.559351474619
"IGproject0588","Colletes","succintus","female",1972,9,20,"England","Devon","Belstone","",3.625,3.038,8.971,2.363,"Colletidae","excavator","OUMNH",NA,"Belstone, Devon, England",50.7251852,-3.9570494,"Colletes succintus",14.7480825121619,1.06296712089383,15.7684877563226,20.4995291213059
"IGproject0589","Colletes","succintus","male",1934,8,17,"England","Dorset","Swanage","South Haven Point",3.393,2.556,7.866,2.062,"Colletidae","excavator","OUMNH",NA,"South Haven Point, Swanage, Dorset, England",50.6787269,-1.94390688,"Colletes succintus",17.1806359581247,1.18237030661735,17.9466767340373,22.8558942578081
"IGproject0590","Colletes","succintus","female",1934,9,8,"England","Dorset","Swanage","South Haven Point",3.236,2.526,7.77,2.16,"Colletidae","excavator","OUMNH",NA,"South Haven Point, Swanage, Dorset, England",50.6787269,-1.94390688,"Colletes succintus",17.1806359581247,1.18237030661735,17.9466767340373,22.8558942578081
"IGproject0591","Colletes","succintus","male",1907,8,28,"England","Dorset","Bournemouth","",3.139,2.401,7.593,2.023,"Colletidae","excavator","OUMNH",NA,"Bournemouth, Dorset, England",50.8346583,-2.1412149,"Colletes succintus",15.693173563026,1.23839683573491,16.8228120974626,21.9259026423214
"IGproject0592","Colletes","succintus","female",1914,8,10,"England","Devon","Bovey Tracey","",3.368,2.76,8.734,2.249,"Colletidae","excavator","OUMNH",NA,"Bovey Tracey, Devon, England",50.6046632,-3.6856762,"Colletes succintus",15.3439865486589,0.990547256075498,16.2638332688715,20.7504956979362
"IGproject0593","Colletes","succintus","female",1919,8,NA,"England","Devon","Dartmoor","",3.492,2.814,8.67,2.29,"Colletidae","excavator","OUMNH",NA,"Dartmoor, Devon, England",50.5657349,-3.9009713,"Colletes succintus",13.1972125044685,1.9354276195061,14.4265625017405,17.9139287999731
"IGproject0596","Colletes","succintus","male",1900,7,31,"England","Surrey","Oxshott","",2.892,2.143,6.829,1.746,"Colletidae","excavator","OUMNH",NA,"Oxshott, Surrey, England",51.3361004,-0.3625418,"Colletes succintus",17.382251742049,2.51284332478475,18.9529475286296,25.0957472653443
"IGproject0597","Colletes","succintus","female",1934,9,8,"England","Dorset","Swanage","South Haven Point",3.178,2.541,7.77,2.119,"Colletidae","excavator","OUMNH",NA,"South Haven Point, Swanage, Dorset, England",50.6787269,-1.94390688,"Colletes succintus",17.1806359581247,1.18237030661735,17.9466767340373,22.8558942578081
"IGproject0598","Colletes","succintus","female",1914,8,10,"England","Devon","Bovey Tracey","",3.134,2.394,7.784,2.084,"Colletidae","excavator","OUMNH",NA,"Bovey Tracey, Devon, England",50.6046632,-3.6856762,"Colletes succintus",15.3439865486589,0.990547256075498,16.2638332688715,20.7504956979362
"IGproject0599","Colletes","succintus","female",1939,8,15,"England","Devon","Meavy","",3.315,2.576,8.234,2.263,"Colletidae","excavator","OUMNH",NA,"Meavy, Devon, England",50.4796082,-4.0590464,"Colletes succintus",13.9755672691644,1.05189766476019,15.1561489789228,18.9907525860065
"IGproject0600","Colletes","succintus","female",1968,9,2,"England","Devon","Mary Tavy","",3.412,2.729,8.275,2.318,"Colletidae","excavator","OUMNH",NA,"Mary Tavy, Devon, England",50.5995789,-4.1107209,"Colletes succintus",13.9488719255256,1.12338948662155,14.7736509910494,18.7161291910763
"IGproject0601","Colletes","succintus","male",1937,8,2,"England","Dorset","Swanage","South Haven Point",3.095,2.345,7.06,1.966,"Colletidae","excavator","OUMNH",NA,"South Haven Point, Swanage, Dorset, England",50.6787269,-1.94390688,"Colletes succintus",15.6754215140806,0.799338161135807,16.5729395220194,21.2168633880764
"IGproject0602","Colletes","succintus","male",1937,8,2,"England","Dorset","Swanage","South Haven Point",3.117,2.36,7.359,1.964,"Colletidae","excavator","OUMNH",NA,"South Haven Point, Swanage, Dorset, England",50.6787269,-1.94390688,"Colletes succintus",15.6754215140806,0.799338161135807,16.5729395220194,21.2168633880764
"IGproject0603","Colletes","succintus","male",1981,8,11,"England","Devon","Dartmoor","Burrator Reservoir",2.954,2.337,6.644,1.806,"Colletidae","excavator","OUMNH",NA,"Burrator Reservoir, Dartmoor, Devon, England",50.49923423,-4.040083663,"Colletes succintus",13.6799722189095,0.729635005064365,14.4922577192845,17.8448108476372
"IGproject0604","Colletes","succintus","male",1935,8,31,"England","Dorset","Swanage","South Haven Point",2.925,1.996,6.767,1.823,"Colletidae","excavator","OUMNH",NA,"South Haven Point, Swanage, Dorset, England",50.6787269,-1.94390688,"Colletes succintus",16.5124226775126,1.79610125999351,18.5568316058347,23.2934600260204
"IGproject0605","Colletes","succintus","male",1933,7,24,"England","Dorset","Swanage","South Haven Point",3.051,2.218,7.201,1.918,"Colletidae","excavator","OUMNH",NA,"South Haven Point, Swanage, Dorset, England",50.6787269,-1.94390688,"Colletes succintus",15.9902973550369,1.68918867793566,17.737523769828,22.0224414018305
"IGproject0606","Colletes","succintus","female",1936,8,31,"England","Dorset","Warmwell","Warmwell Heath",3.186,2.554,8.083,2.139,"Colletidae","excavator","OUMNH",NA,"Warmwell Heath, Warmwell, Dorset, England",50.68094,-2.35113,"Colletes succintus",16.0204520960482,1.51280626846097,17.3757776187288,22.286534274432
"IGproject0607","Colletes","succintus","male",1928,8,31,"England","Cornwall","Lizard","",3.122,2.429,7.4,1.939,"Colletidae","excavator","OUMNH",NA,"Lizard, Cornwall, England",50.02964889,-5.195961501,"Colletes succintus",14.6097212009289,1.46133733610204,15.4917764965662,18.1313845087343
"IGproject0608","Colletes","succintus","female",1988,7,20,"Wales","Pembrokeshire","Stackpole","",3.407,2.337,7.018,2.102,"Colletidae","excavator","OUMNH",NA,"Stackpole, Pembrokeshire, Wales",51.6304465,-4.9147282,"Colletes succintus",14.7716058834992,0.799516449363434,15.2566187955882,18.6104850830765
"IGproject0609","Colletes","succintus","female",1926,8,NA,"England","Dorset","Warmwell","Warmwell Heath",3.133,2.453,7.786,2.085,"Colletidae","excavator","OUMNH",NA,"Warmwell Heath, Warmwell, Dorset, England",50.68094,-2.35113,"Colletes succintus",14.8261329336546,2.06482199498872,16.4356180577674,21.1747209357133
"IGproject0610","Colletes","succintus","male",1962,8,20,"England","Norfolk","Thetford","Ringmere",3.025,2.4,7.312,1.945,"Colletidae","excavator","OUMNH",NA,"Ringmere, Thetford, Norfolk, England",52.4563431,0.8082252,"Colletes succintus",15.2264236109417,0.25188919147991,15.5102335287892,20.9951034929763
"IGproject0611","Colletes","succintus","male",1979,8,28,"England","Devon","Lydford","",3.163,2.48,7.38,1.925,"Colletidae","excavator","OUMNH",NA,"Lydford, Devon, England",50.6459989,-4.0827936,"Colletes succintus",13.0557014770065,0.560446524387876,13.6821539757326,17.4633237061524
"IGproject0612","Colletes","succintus","male",1935,7,27,"England","Dorset","Swanage","South Haven Point",2.901,2.159,6.905,1.847,"Colletidae","excavator","OUMNH",NA,"South Haven Point, Swanage, Dorset, England",50.6787269,-1.94390688,"Colletes succintus",16.5124226775126,1.79610125999351,18.5568316058347,23.2934600260204
"IGproject0613","Colletes","succintus","male",1927,8,17,"England","Dorset","Moreton","",3.09,2.324,6.997,1.879,"Colletidae","excavator","OUMNH",NA,"Moreton, Dorset, England",50.7006001,-2.2916836,"Colletes succintus",16.2779297587177,0.727716728076777,16.8426417781975,21.4441242230282
"IGproject0614","Colletes","succintus","male",1927,8,17,"England","Dorset","Moreton","",2.951,2.172,6.691,1.738,"Colletidae","excavator","OUMNH",NA,"Moreton, Dorset, England",50.7006001,-2.2916836,"Colletes succintus",16.2779297587177,0.727716728076777,16.8426417781975,21.4441242230282
"IGproject0615","Colletes","succintus","female",1920,7,NA,"England","Devon","Chudleigh","",3.467,2.803,9.111,2.446,"Colletidae","excavator","OUMNH",NA,"Chudleigh, Devon, England",50.6156543,-3.5869448,"Colletes succintus",14.8020198955812,1.61146506683937,16.5060111277134,21.3493791870254
"IGproject0616","Colletes","succintus","female",1973,9,17,"Wales","Pembrokeshire","St David's","St David's Head",3.587,2.927,9.119,2.479,"Colletidae","excavator","OUMNH",NA,"St David's Head, St David's, Pembrokeshire, Wales",51.9030217,-5.3127212,"Colletes succintus",13.7349843792359,0.876006057083808,14.3808055175931,16.807421993038
"IGproject0617","Colletes","succintus","male",1953,8,10,"England","Devon","Dawlish Warren","",2.94,2.13,6.946,1.826,"Colletidae","excavator","OUMNH",NA,"Dawlish Warren, Devon, England",50.5986475,-3.4437159,"Colletes succintus",15.1995343413224,2.64044669052667,16.9964665943424,21.2365456674591
"IGproject0618","Colletes","succintus","male",1977,8,13,"England","Suffolk","Lakenheath","",2.954,2.228,6.674,1.77,"Colletidae","excavator","OUMNH",NA,"Lakenheath, Suffolk, England",52.4175635,0.5180418,"Colletes succintus",16.7542296947827,2.40424296066726,18.7948013971396,25.5243510260598
"IGproject0619","Colletes","succintus","male",1953,8,10,"England","Devon","Dawlish Warren","",3.002,2.129,7.072,1.913,"Colletidae","excavator","OUMNH",NA,"Dawlish Warren, Devon, England",50.5986475,-3.4437159,"Colletes succintus",15.1995343413224,2.64044669052667,16.9964665943424,21.2365456674591
"IGproject0620","Colletes","succintus","female",1917,9,22,"England","Oxfordshire","Tubney","",3.337,2.548,8.145,2.197,"Colletidae","excavator","OUMNH",NA,"Tubney, Oxfordshire, England",51.6852443,-1.3699399,"Colletes succintus",15.2040370103717,1.93517975270125,16.9277146206031,22.0826162371658
"IGproject0621","Colletes","succintus","male",1945,9,7,"England","Devon","Lydford","",3.038,2.378,7.246,1.908,"Colletidae","excavator","OUMNH",NA,"Lydford, Devon, England",50.6459989,-4.0827936,"Colletes succintus",13.8657325995944,2.09844928776859,15.7517234956233,19.9869268805063
"IGproject0622","Colletes","succintus","female",1927,8,NA,"England","Devon","Bovey Tracey","",3.411,2.797,8.436,2.168,"Colletidae","excavator","OUMNH",NA,"Bovey Tracey, Devon, England",50.6046632,-3.6856762,"Colletes succintus",16.4854503604062,0.780635157171659,17.1081034430143,21.1984863594711
"IGproject0623","Colletes","succintus","male",2001,7,26,"England","Oxfordshire","Oxford","Shotover",2.839,2.004,6.693,1.769,"Colletidae","excavator","OUMNH",NA,"Shotover, Oxford, Oxfordshire, England",51.7561128,-1.1551229,"Colletes succintus",16.1344577185195,1.0912134196674,17.3502170257977,22.3727295901282
"IGproject0624","Colletes","succintus","male",2007,9,6,"England","Surrey","Frensham","",2.988,2.131,7.044,1.853,"Colletidae","excavator","OUMNH",NA,"Frensham, Surrey, England",51.1598756,-0.7774027,"Colletes succintus",17.9818859506338,1.83073387062131,20.0860168900519,26.6347402190548
"IGproject0625","Colletes","succintus","male",1989,7,11,"England","Cornwall","Crackington Haven","",2.957,2.118,6.724,1.837,"Colletidae","excavator","OUMNH",NA,"Crackington Haven, Cornwall, England",50.7403071,-4.6319668,"Colletes succintus",14.1770115790484,0.543018822289519,14.7840084350028,17.6727992870792
"IGproject0626","Colletes","succintus","female",2006,8,17,"England","Surrey","","Witley and Milford Commons",3.377,2.306,8.284,2.244,"Colletidae","excavator","OUMNH",NA,"Witley and Milford Commons, Surrey, England",51.15672477,-0.667927939,"Colletes succintus",16.3941983948869,0.901693508144441,17.2573073331312,22.4867437873094
"IGproject0627","Colletes","succintus","male",1906,8,13,"England","Suffolk","","Tuddenham Fen",3.026,2.195,7.028,1.846,"Colletidae","excavator","OUMNH",NA,"Tuddenham Fen, Suffolk, England",52.33137083,0.542032024,"Colletes succintus",15.9813997016812,2.58476339508522,18.6283186635561,24.0162734264283
"IGproject0628","Hylaeus","hyalinatus","female",1937,7,25,"England","Dorset","Bexington","",1.706,1.286,4.642,1.137,"Colletidae","cavity nester","OUMNH",NA,"Bexington, Dorset, England",50.6802203,-2.6614154,"Hylaeus hyalinatus",14.7479744553297,0.894624963357064,15.7505032479153,20.0737870668602
"IGproject0629","Hylaeus","hyalinatus","female",1939,5,21,"England","Dorset","Swanage","South Haven Point",1.487,1.108,4.072,0.965,"Colletidae","cavity nester","OUMNH",NA,"South Haven Point, Swanage, Dorset, England",50.6787269,-1.94390688,"Hylaeus hyalinatus",15.5937439740689,1.05058731811998,16.7794462662529,21.1509839927038
"IGproject0630","Hylaeus","hyalinatus","female",1941,8,10,"England","Dorset","Weymouth","Radipole Lake",1.659,1.29,4.42,1.076,"Colletidae","cavity nester","OUMNH",NA,"Radipole Lake, Weymouth, Dorset, England",50.6222916,-2.4616947,"Hylaeus hyalinatus",16.0915707067646,0.623928505026712,16.5170467337831,20.8067508607866
"IGproject0631","Hylaeus","hyalinatus","female",1937,8,2,"England","Dorset","Swanage","South Haven Point",1.518,1.176,4.196,1.013,"Colletidae","cavity nester","OUMNH",NA,"South Haven Point, Swanage, Dorset, England",50.6787269,-1.94390688,"Hylaeus hyalinatus",15.5838631001642,0.915742408945329,16.5729395220194,21.2168633880764
"IGproject0632","Hylaeus","hyalinatus","male",1939,7,19,"England","Cornwall","Looe","West Looe",1.513,1.109,3.926,0.957,"Colletidae","cavity nester","OUMNH",NA,"West Looe, Looe, Cornwall, England",50.3531094,-4.4583049,"Hylaeus hyalinatus",14.5730636169158,1.26301794695734,15.9601702166323,19.047480140782
"IGproject0633","Hylaeus","hyalinatus","male",1934,6,13,"England","Dorset","Swanage","South Haven Point",1.511,1.147,3.914,0.94,"Colletidae","cavity nester","OUMNH",NA,"South Haven Point, Swanage, Dorset, England",50.6787269,-1.94390688,"Hylaeus hyalinatus",17.1635652428739,1.21186271091627,17.9466767340373,22.8558942578081
"IGproject0634","Hylaeus","hyalinatus","female",1946,7,9,"England","Devon","Plymouth","",1.732,1.384,4.786,1.153,"Colletidae","cavity nester","OUMNH",NA,"Plymouth, Devon, England",50.4323453,-3.7065512,"Hylaeus hyalinatus",15.0588109708681,1.09311715539995,15.8185271614462,20.3814412070185
"IGproject0635","Hylaeus","hyalinatus","female",1939,7,30,"England","Cornwall","St Blazey","",1.694,1.277,4.606,1.103,"Colletidae","cavity nester","OUMNH",NA,"St Blazey, Cornwall, England",50.3630055,-4.7156518,"Hylaeus hyalinatus",14.7974169043257,1.15409159043619,16.047438623029,19.5436023785857
"IGproject0636","Hylaeus","hyalinatus","male",1984,8,7,"England","Greater London","Woolwich","Spray Street",1.427,0.993,3.648,0.898,"Colletidae","cavity nester","OUMNH",NA,"Spray Street, Woolwich, Greater London, England",51.4904779,0.0697472,"Hylaeus hyalinatus",18.7220883340562,2.48906380036549,21.083526311654,26.7919266931215
"IGproject0637","Hylaeus","hyalinatus","male",1937,7,25,"England","Dorset","Abbotsbury","Abbotsbury Hillfort",1.625,1.237,4.164,1.072,"Colletidae","cavity nester","OUMNH",NA,"Abbotsbury Hillfort, Abbotsbury, Dorset, England",50.67704479,-2.629853948,"Hylaeus hyalinatus",14.6746260371039,0.88867037301111,15.6683099599127,19.9961793847606
"IGproject0638","Hylaeus","hyalinatus","male",1964,7,10,"England","Cornwall","Tintagel","",1.644,1.286,4.389,1.034,"Colletidae","cavity nester","OUMNH",NA,"Tintagel, Cornwall, England",50.6642063,-4.7526181,"Hylaeus hyalinatus",14.1583240294188,0.348895827278735,14.5254153246746,16.933675060857
"IGproject0639","Hylaeus","hyalinatus","male",1971,6,22,"England","Devon","Wembury","",1.419,0.958,3.649,0.896,"Colletidae","cavity nester","OUMNH",NA,"Wembury, Devon, England",50.3287157,-4.0840935,"Hylaeus hyalinatus",15.309312590222,0.422447109577133,15.5607890459437,18.7486264715337
"IGproject0640","Hylaeus","hyalinatus","female",1959,7,5,"England","Somerset","Minehead","",1.709,1.322,4.76,1.116,"Colletidae","cavity nester","OUMNH",NA,"Minehead, Somerset, England",51.2057511,-3.4783542,"Hylaeus hyalinatus",14.9760158155158,1.16729732169941,15.7132118540315,18.8438501216066
"IGproject0641","Hylaeus","hyalinatus","female",1939,7,9,"England","Cornwall","Rame","",1.533,1.169,4.152,1.012,"Colletidae","cavity nester","OUMNH",NA,"Rame, Cornwall, England",50.3223827,-4.2122729,"Hylaeus hyalinatus",14.4494983971738,1.28508615597597,15.855019936587,18.6316184783362
"IGproject0642","Hylaeus","hyalinatus","female",1939,7,9,"England","Cornwall","Rame","",1.594,1.201,4.404,1.045,"Colletidae","cavity nester","OUMNH",NA,"Rame, Cornwall, England",50.3223827,-4.2122729,"Hylaeus hyalinatus",14.4494983971738,1.28508615597597,15.855019936587,18.6316184783362
"IGproject0643","Hylaeus","hyalinatus","male",1939,5,27,"England","Cornwall","Rame","",1.491,1.067,3.868,0.963,"Colletidae","cavity nester","OUMNH",NA,"Rame, Cornwall, England",50.3223827,-4.2122729,"Hylaeus hyalinatus",14.4494983971738,1.28508615597597,15.855019936587,18.6316184783362
"IGproject0644","Hylaeus","hyalinatus","male",1939,7,19,"England","Cornwall","Looe","",1.582,1.139,3.997,1.008,"Colletidae","cavity nester","OUMNH",NA,"Looe, Cornwall, England",50.3522702,-4.454196,"Hylaeus hyalinatus",14.578836228782,1.26410572172568,15.967635577364,19.0452177398361
"IGproject0645","Hylaeus","hyalinatus","male",1904,6,24,"England","Kent","Walmer","",1.515,1.154,4.019,1.004,"Colletidae","cavity nester","OUMNH",NA,"Walmer, Kent, England",51.2068884,1.3999154,"Hylaeus hyalinatus",14.7488385108334,1.68634637421233,15.9728049124494,20.0426136951746
"IGproject0646","Hylaeus","hyalinatus","male",1904,6,24,"England","Kent","Walmer","",1.616,1.218,4.125,1.01,"Colletidae","cavity nester","OUMNH",NA,"Walmer, Kent, England",51.2068884,1.3999154,"Hylaeus hyalinatus",14.7488385108334,1.68634637421233,15.9728049124494,20.0426136951746
"IGproject0647","Hylaeus","hyalinatus","male",1900,7,3,"England","Oxfordshire","Oxford","",1.587,1.148,4.258,1.013,"Colletidae","cavity nester","OUMNH",NA,"Oxford, Oxfordshire, England",51.7520131,-1.2578499,"Hylaeus hyalinatus",17.5943810773735,1.46885835925943,18.4942334622698,24.8763167533318
"IGproject0648","Hylaeus","hyalinatus","male",1904,6,11,"England","Kent","Charing","",1.542,1.188,4.726,1.06,"Colletidae","cavity nester","OUMNH",NA,"Charing, Kent, England",51.2142039,0.7886033,"Hylaeus hyalinatus",14.3116758538322,1.60679460281467,15.6114035677491,20.6463637365955
"IGproject0649","Hylaeus","hyalinatus","female",1906,7,29,"England","Sussex","Pevensey","",1.654,1.285,4.304,1.064,"Colletidae","cavity nester","OUMNH",NA,"Pevensey, Sussex, England",50.8318123,0.3415459,"Hylaeus hyalinatus",15.8789558848754,1.30100639452614,17.2814802239573,21.5452769987673
"IGproject0650","Hylaeus","hyalinatus","female",1906,7,29,"England","Sussex","Pevensey","",1.613,1.238,4.062,1.008,"Colletidae","cavity nester","OUMNH",NA,"Pevensey, Sussex, England",50.8318123,0.3415459,"Hylaeus hyalinatus",15.8789558848754,1.30100639452614,17.2814802239573,21.5452769987673
"IGproject0651","Hylaeus","hyalinatus","female",1901,7,27,"England","Kent","Faversham","",1.612,1.26,4.357,1.066,"Colletidae","cavity nester","OUMNH",NA,"Faversham, Kent, England",51.3158434,0.8911283,"Hylaeus hyalinatus",16.5702975413695,1.90284038824633,18.6299541402801,24.3431872489284
"IGproject0652","Hylaeus","hyalinatus","female",1900,8,13,"England","Kent","Faversham","Huntingfield",1.667,1.31,4.428,1.137,"Colletidae","cavity nester","OUMNH",NA,"Huntingfield, Faversham, Kent, England",51.25792226,0.822018012,"Hylaeus hyalinatus",16.7512483004743,1.9131009632379,18.0314068928201,23.4202621365523
"IGproject0653","Hylaeus","hyalinatus","female",1906,8,14,"England","Wiltshire","Chippenham","",1.825,1.287,5.538,1.218,"Colletidae","cavity nester","OUMNH",NA,"Chippenham, Wiltshire, England",51.4587621,-2.1159032,"Hylaeus hyalinatus",15.3507569645631,1.69862355446078,17.3121486274325,22.6024771337936
"IGproject0654","Hylaeus","hyalinatus","male",1905,7,27,"England","Dorset","Lyme Regis","",1.661,1.258,4.02,1.042,"Colletidae","cavity nester","OUMNH",NA,"Lyme Regis, Dorset, England",50.7252897,-2.934559,"Hylaeus hyalinatus",15.0707330310714,1.72195556678507,16.6678192838039,21.0904125765718
"IGproject0655","Hylaeus","hyalinatus","male",1904,7,9,"England","Kent","Walmer","",1.531,1.1,3.918,1.012,"Colletidae","cavity nester","OUMNH",NA,"Walmer, Kent, England",51.2068884,1.3999154,"Hylaeus hyalinatus",14.7488385108334,1.68634637421233,15.9728049124494,20.0426136951746
"IGproject0656","Hylaeus","hyalinatus","male",1904,7,9,"England","Kent","Walmer","",1.516,1.036,3.76,0.924,"Colletidae","cavity nester","OUMNH",NA,"Walmer, Kent, England",51.2068884,1.3999154,"Hylaeus hyalinatus",14.7488385108334,1.68634637421233,15.9728049124494,20.0426136951746
"IGproject0657","Hylaeus","hyalinatus","male",1910,6,18,"England","Devon","Budleigh Salterton","",1.574,1.205,4.198,0.983,"Colletidae","cavity nester","OUMNH",NA,"Budleigh Salterton, Devon, England",50.6310504,-3.3299844,"Hylaeus hyalinatus",15.1974503797067,1.98775084634212,16.9086543262568,21.3892614299594
"IGproject0658","Hylaeus","hyalinatus","male",1910,6,19,"England","Devon","Budleigh Salterton","",1.642,1.217,4.342,1.055,"Colletidae","cavity nester","OUMNH",NA,"Budleigh Salterton, Devon, England",50.6310504,-3.3299844,"Hylaeus hyalinatus",15.1974503797067,1.98775084634212,16.9086543262568,21.3892614299594
"IGproject0659","Hylaeus","hyalinatus","male",1910,6,3,"England","Devon","Budleigh Salterton","",1.609,1.218,4.326,1.026,"Colletidae","cavity nester","OUMNH",NA,"Budleigh Salterton, Devon, England",50.6310504,-3.3299844,"Hylaeus hyalinatus",15.1974503797067,1.98775084634212,16.9086543262568,21.3892614299594
"IGproject0660","Hylaeus","hyalinatus","male",1910,6,3,"England","Devon","Budleigh Salterton","",1.49,1.117,4.014,0.957,"Colletidae","cavity nester","OUMNH",NA,"Budleigh Salterton, Devon, England",50.6310504,-3.3299844,"Hylaeus hyalinatus",15.1974503797067,1.98775084634212,16.9086543262568,21.3892614299594
"IGproject0661","Hylaeus","hyalinatus","male",1910,6,12,"England","Devon","Budleigh Salterton","",1.609,1.153,4.198,1.061,"Colletidae","cavity nester","OUMNH",NA,"Budleigh Salterton, Devon, England",50.6310504,-3.3299844,"Hylaeus hyalinatus",15.1974503797067,1.98775084634212,16.9086543262568,21.3892614299594
"IGproject0662","Hylaeus","hyalinatus","female",1908,8,12,"England","East Sussex","Polegate","",1.712,1.292,4.578,1.125,"Colletidae","cavity nester","OUMNH",NA,"Polegate, East Sussex, England",50.8276836,0.2446652,"Hylaeus hyalinatus",13.8594176713428,1.19337149566229,14.9904973960522,19.2304112642795
"IGproject0663","Hylaeus","hyalinatus","male",1910,6,14,"England","Devon","Budleigh Salterton","",1.724,1.269,4.622,1.124,"Colletidae","cavity nester","OUMNH",NA,"Budleigh Salterton, Devon, England",50.6310504,-3.3299844,"Hylaeus hyalinatus",15.1974503797067,1.98775084634212,16.9086543262568,21.3892614299594
"IGproject0664","Hylaeus","hyalinatus","male",1954,6,14,"England","Devon","Torquay","123 Abbey Road",1.604,1.198,4.246,1.003,"Colletidae","cavity nester","OUMNH",NA,"123 Abbey Road, Torquay, Devon, England",50.465228,-3.5279,"Hylaeus hyalinatus",15.814702200436,1.01364458249496,16.5649947415179,20.4498498925906
"IGproject0665","Hylaeus","hyalinatus","male",1908,6,14,"England","Greater Manchester","Sale","",1.473,1.042,3.916,0.92,"Colletidae","cavity nester","OUMNH",NA,"Sale, Greater Manchester, England",53.4244939,-2.318415,"Hylaeus hyalinatus",13.764094792572,1.07313747378801,14.4800852427535,18.4054891821879
"IGproject0666","Hylaeus","hyalinatus","female",1910,6,12,"England","Devon","Budleigh Salterton","",1.54,1.165,4.344,0.984,"Colletidae","cavity nester","OUMNH",NA,"Budleigh Salterton, Devon, England",50.6310504,-3.3299844,"Hylaeus hyalinatus",15.1974503797067,1.98775084634212,16.9086543262568,21.3892614299594
"IGproject0667","Hylaeus","hyalinatus","female",1906,8,20,"England","Merseyside","Wallasey","",1.639,1.239,4.516,1.056,"Colletidae","cavity nester","OUMNH",NA,"Wallasey, Merseyside, England",53.42722649,-3.067881383,"Hylaeus hyalinatus",15.5553946833035,1.05724716102941,16.7752090563292,19.9649499244843
"IGproject0668","Sphecodes","geoffrellus","male",1976,NA,NA,"England","Oxfordshire","Oxford","30 Cope Close",1.443,0.976,3.816,0.927,"Halictidae","kleptoparasite","OUMNH",NA,"30 Cope Close, Oxford, Oxfordshire, England",51.74787238,-1.298262636,"Sphecodes geoffrellus",14.3099302184486,4.69554326040602,19.2501995709447,24.8795864143194
"IGproject0669","Sphecodes","geoffrellus","female",1989,7,3,"England","Wiltshire","Wroughton","Clouts Wood",1.755,1.121,4.638,1.215,"Halictidae","kleptoparasite","OUMNH",NA,"Clouts Wood, Wroughton, Wiltshire, England",51.51489206,-1.804044057,"Sphecodes geoffrellus",12.64938711974,2.97121385906229,14.9558664939255,19.6137152943662
"IGproject0670","Sphecodes","geoffrellus","female",1919,5,NA,"England","Surrey","Woking","",1.517,1.021,4.033,1,"Halictidae","kleptoparasite","OUMNH",NA,"Woking, Surrey, England",51.3201891,-0.5564726,"Sphecodes geoffrellus",13.3925642209606,3.8762139772903,16.5395088791978,21.785808526515
"IGproject0671","Sphecodes","geoffrellus","female",1907,6,9,"England","Merseyside","Wallasey","",1.495,0.97,4.074,0.987,"Halictidae","kleptoparasite","OUMNH",NA,"Wallasey, Merseyside, England",53.42722649,-3.067881383,"Sphecodes geoffrellus",13.0396518942363,3.82903676793649,16.8433674504642,19.9815747647171
"IGproject0672","Sphecodes","geoffrellus","female",1915,5,9,"England","Devon","Bovey Tracey","",1.881,1.243,4.832,1.274,"Halictidae","kleptoparasite","OUMNH",NA,"Bovey Tracey, Devon, England",50.6046632,-3.6856762,"Sphecodes geoffrellus",13.5042872534162,2.68892928797069,15.9616082933886,20.038906060993
"IGproject0673","Sphecodes","geoffrellus","male",1952,8,2,"England","Northamptonshire","Aynho","",1.602,1.095,4.259,0.986,"Halictidae","kleptoparasite","OUMNH",NA,"Aynho, Northamptonshire, England",51.9948605,-1.2520728,"Sphecodes geoffrellus",11.8366725770866,3.96311132186513,15.8899381965672,21.4554470680287
"IGproject0674","Sphecodes","geoffrellus","male",1948,8,6,"England","Oxfordshire","Oxford","Hinksey",1.436,0.908,3.958,0.922,"Halictidae","kleptoparasite","OUMNH",NA,"Hinksey, Oxford, Oxfordshire, England",51.7363525,-1.2575581,"Sphecodes geoffrellus",15.23564378342,4.03602842804648,19.3911844690795,26.0332669598258
"IGproject0675","Sphecodes","geoffrellus","female",1921,9,NA,"England","Devon","Dartmoor","",1.566,0.986,4.283,1.023,"Halictidae","kleptoparasite","OUMNH",NA,"Dartmoor, Devon, England",50.5657349,-3.9009713,"Sphecodes geoffrellus",10.9978344329142,2.37770660787895,12.7753540247168,16.468821093352
"IGproject0676","Sphecodes","geoffrellus","female",1925,6,7,"England","Cornwall","Trethevy","Rocky Valley",1.671,1.092,4.655,1.092,"Halictidae","kleptoparasite","OUMNH",NA,"Rocky Valley, Trethevy, Cornwall, England",50.6732613,-4.7293504,"Sphecodes geoffrellus",12.0973858866054,2.84080335169666,14.2612623906303,16.6561289073638
"IGproject0677","Sphecodes","geoffrellus","male",1898,7,NA,"Wales","Gwynedd","Criccieth","",1.544,1.038,4.221,0.963,"Halictidae","kleptoparasite","OUMNH",NA,"Criccieth, Gwynedd, Wales",52.9206106,-4.2332414,"Sphecodes geoffrellus",12.4627422091631,3.75023286436544,15.6476353548299,19.7124157224474
"IGproject0678","Sphecodes","geoffrellus","male",1898,7,NA,"Wales","Gwynedd","Criccieth","",1.555,1.069,4.12,0.999,"Halictidae","kleptoparasite","OUMNH",NA,"Criccieth, Gwynedd, Wales",52.9206106,-4.2332414,"Sphecodes geoffrellus",12.4627422091631,3.75023286436544,15.6476353548299,19.7124157224474
"IGproject0679","Sphecodes","geoffrellus","female",1919,5,NA,"England","Surrey","Woking","",1.645,1.092,4.404,1.157,"Halictidae","kleptoparasite","OUMNH",NA,"Woking, Surrey, England",51.3201891,-0.5564726,"Sphecodes geoffrellus",13.3925642209606,3.8762139772903,16.5395088791978,21.785808526515
"IGproject0680","Sphecodes","geoffrellus","female",1915,5,20,"England","Gloucestershire","Wotton-under-Edge","",1.73,1.123,4.784,1.158,"Halictidae","kleptoparasite","OUMNH",NA,"Wotton-under-Edge, Gloucestershire, England",51.6378241,-2.3547251,"Sphecodes geoffrellus",13.4822179007088,2.90359268794488,16.113108313941,21.0056605416143
"IGproject0681","Sphecodes","geoffrellus","female",1914,5,19,"England","Devon","Bovey Tracey","",1.282,0.817,3.354,0.851,"Halictidae","kleptoparasite","OUMNH",NA,"Bovey Tracey, Devon, England",50.6046632,-3.6856762,"Sphecodes geoffrellus",12.9417189040007,3.30176913879864,16.2638332688715,20.7504956979362
"IGproject0683","Sphecodes","geoffrellus","female",1919,5,NA,"England","Surrey","Woking","",1.605,1.019,4.24,0.749,"Halictidae","kleptoparasite","OUMNH",NA,"Woking, Surrey, England",51.3201891,-0.5564726,"Sphecodes geoffrellus",13.3925642209606,3.8762139772903,16.5395088791978,21.785808526515
"IGproject0684","Sphecodes","geoffrellus","female",1915,7,14,"England","Devon","Bovey Tracey","",1.63,1.077,4.371,1.069,"Halictidae","kleptoparasite","OUMNH",NA,"Bovey Tracey, Devon, England",50.6046632,-3.6856762,"Sphecodes geoffrellus",13.5042872534162,2.68892928797069,15.9616082933886,20.038906060993
"IGproject0685","Sphecodes","geoffrellus","female",1917,6,NA,"England","Devon","Bovey Tracey","",1.652,1.109,4.527,1.089,"Halictidae","kleptoparasite","OUMNH",NA,"Bovey Tracey, Devon, England",50.6046632,-3.6856762,"Sphecodes geoffrellus",12.7404260729006,3.28791760798668,16.5821593485911,20.9078216988592
"IGproject0686","Sphecodes","geoffrellus","female",1915,5,24,"England","Devon","Lustleigh","",1.697,1.076,4.572,1.166,"Halictidae","kleptoparasite","OUMNH",NA,"Lustleigh, Devon, England",50.6228301,-3.7304463,"Sphecodes geoffrellus",13.1789196739745,2.73864598980599,15.7343181611805,19.6609700762879
"IGproject0687","Sphecodes","geoffrellus","female",1900,5,15,"England","Essex","Theydon Bois","",1.513,0.983,4.079,1.022,"Halictidae","kleptoparasite","OUMNH",NA,"Theydon Bois, Essex, England",51.6717759,0.1033213,"Sphecodes geoffrellus",14.2431834743928,4.71331766323723,18.6455431627109,25.0276083548063
"IGproject0688","Sphecodes","geoffrellus","female",1912,9,NA,"England","Devon","Bovey Tracey","",1.564,0.989,4.204,1.046,"Halictidae","kleptoparasite","OUMNH",NA,"Bovey Tracey, Devon, England",50.6046632,-3.6856762,"Sphecodes geoffrellus",14.1582261741132,4.33227124948854,18.0087830218754,23.4087813036649
"IGproject0689","Sphecodes","geoffrellus","female",1911,5,17,"England","Devon","Newton Abbot","",1.633,1.026,4.377,1.092,"Halictidae","kleptoparasite","OUMNH",NA,"Newton Abbot, Devon, England",50.5296441,-3.6112097,"Sphecodes geoffrellus",13.0746504736409,3.18892186658672,15.9486541417072,19.5664984774016
"IGproject0690","Sphecodes","geoffrellus","female",1911,8,NA,"England","Devon","Dawlish Warren","",1.707,1.165,4.685,1.114,"Halictidae","kleptoparasite","OUMNH",NA,"Dawlish Warren, Devon, England",50.5986475,-3.4437159,"Sphecodes geoffrellus",12.9760779699012,3.18599203124403,15.9427564551368,19.4209774454333
"IGproject0691","Sphecodes","geoffrellus","female",1919,6,3,"England","Devon","Chudleigh","",1.641,1.086,4.539,1.126,"Halictidae","kleptoparasite","OUMNH",NA,"Chudleigh, Devon, England",50.6156543,-3.5869448,"Sphecodes geoffrellus",12.9773307827063,3.30216732527508,15.7243414295461,20.0093499029905
"IGproject0692","Sphecodes","geoffrellus","male",1914,8,NA,"England","Gloucestershire","Wotton-under-Edge","",1.564,1.103,4.23,1.009,"Halictidae","kleptoparasite","OUMNH",NA,"Wotton-under-Edge, Gloucestershire, England",51.6378241,-2.3547251,"Sphecodes geoffrellus",12.9263994084011,3.26885883218609,15.7138992405726,20.7023350185138
"IGproject0693","Sphecodes","geoffrellus","female",1901,7,NA,"England","Cornwall","Newquay","",1.586,1.041,4.303,1.041,"Halictidae","kleptoparasite","OUMNH",NA,"Newquay, Cornwall, England",50.4134414,-5.0848836,"Sphecodes geoffrellus",13.3463978685843,3.15496468139677,16.6509591863451,19.5747950438299
"IGproject0694","Sphecodes","geoffrellus","female",1900,8,NA,"Wales","Gwynedd","Criccieth","",1.474,0.979,4.038,0.982,"Halictidae","kleptoparasite","OUMNH",NA,"Criccieth, Gwynedd, Wales",52.9206106,-4.2332414,"Sphecodes geoffrellus",13.0211508798016,3.94033654994755,17.0793994665542,21.6735937259728
"IGproject0695","Sphecodes","geoffrellus","female",1898,7,NA,"Wales","Gwynedd","Criccieth","",1.574,1.063,4.233,1.035,"Halictidae","kleptoparasite","OUMNH",NA,"Criccieth, Gwynedd, Wales",52.9206106,-4.2332414,"Sphecodes geoffrellus",12.4627422091631,3.75023286436544,15.6476353548299,19.7124157224474
"IGproject0696","Sphecodes","geoffrellus","female",1898,7,NA,"Wales","Gwynedd","Criccieth","",1.573,1.14,4.358,1.068,"Halictidae","kleptoparasite","OUMNH",NA,"Criccieth, Gwynedd, Wales",52.9206106,-4.2332414,"Sphecodes geoffrellus",12.4627422091631,3.75023286436544,15.6476353548299,19.7124157224474
"IGproject0697","Sphecodes","geoffrellus","male",1897,7,19,"England","Berkshire","Reading","Sulhamstead Park",1.47,1.002,3.775,0.928,"Halictidae","kleptoparasite","OUMNH",NA,"Sulhamstead Park, Reading, Berkshire, England",51.41681285,-1.09530783,"Sphecodes geoffrellus",13.7401792143606,3.25084497287712,16.9424804102253,22.9920984022132
"IGproject0698","Sphecodes","geoffrellus","female",1912,14,NA,"England","Devon","Dawlish Warren","",1.381,0.833,3.663,0.927,"Halictidae","kleptoparasite","OUMNH",NA,"Dawlish Warren, Devon, England",50.5986475,-3.4437159,"Sphecodes geoffrellus",14.6454464560791,4.37095103973814,18.6524093687791,23.5621568303485
"IGproject0699","Sphecodes","geoffrellus","male",1976,NA,NA,"England","Oxfordshire","Oxford","30 Cope Close",1.462,1.043,3.777,0.919,"Halictidae","kleptoparasite","OUMNH",NA,"30 Cope Close, Oxford, Oxfordshire, England",51.74787238,-1.298262636,"Sphecodes geoffrellus",14.3099302184486,4.69554326040602,19.2501995709447,24.8795864143194
"IGproject0700","Sphecodes","geoffrellus","male",1991,10,4,"England","Wiltshire","Swindon","",1.397,1.003,3.966,0.915,"Halictidae","kleptoparasite","OUMNH",NA,"Swindon, Wiltshire, England",51.6057801,-1.841922,"Sphecodes geoffrellus",14.2230984679595,4.17677221624509,18.5728130217662,24.1860801884668
"IGproject0701","Sphecodes","geoffrellus","female",2002,6,2,"England","Oxfordshire","Oxford","Shotover",1.398,0.839,3.663,0.948,"Halictidae","kleptoparasite","OUMNH",NA,"Shotover, Oxford, Oxfordshire, England",51.7561128,-1.1551229,"Sphecodes geoffrellus",14.2045380770402,3.96014860206266,17.8378128912716,22.9516779402399
"IGproject0702","Sphecodes","geoffrellus","female",1990,6,10,"England","Devon","Bovey Tracey","Bovey Heathfield",1.524,0.958,4.078,1.085,"Halictidae","kleptoparasite","OUMNH",NA,"Bovey Heathfield, Bovey Tracey, Devon, England",50.5778633,-3.6644648,"Sphecodes geoffrellus",14.5583616376181,4.57988041859939,19.13004692389,24.3489207131849
"IGproject0703","Sphecodes","geoffrellus","female",1978,6,19,"England","Oxfordshire","Abingdon","Dry Sandford Pit",1.466,0.938,4.043,0.994,"Halictidae","kleptoparasite","OUMNH",NA,"Dry Sandford Pit, Abingdon, Oxfordshire, England",51.69478825,-1.32635399,"Sphecodes geoffrellus",12.4267111148766,3.662230986848,16.2723580201578,21.1138910930642
"IGproject0704","Sphecodes","geoffrellus","male",1919,7,NA,"England","Dorset","Lyme Regis","",1.732,1.209,4.551,1.071,"Halictidae","kleptoparasite","OUMNH",NA,"Lyme Regis, Dorset, England",50.7252897,-2.934559,"Sphecodes geoffrellus",12.9350240036318,3.34660783431237,15.854768247386,19.8324553656982
"IGproject0705","Sphecodes","geoffrellus","male",1914,8,NA,"England","Gloucestershire","Wotton-under-Edge","",1.791,1.221,4.677,1.152,"Halictidae","kleptoparasite","OUMNH",NA,"Wotton-under-Edge, Gloucestershire, England",51.6378241,-2.3547251,"Sphecodes geoffrellus",12.9263994084011,3.26885883218609,15.7138992405726,20.7023350185138
"IGproject0706","Sphecodes","geoffrellus","male",1913,7,13,"England","Devon","Dawlish Warren","",1.595,1.171,4.206,1.053,"Halictidae","kleptoparasite","OUMNH",NA,"Dawlish Warren, Devon, England",50.5986475,-3.4437159,"Sphecodes geoffrellus",13.2151358732874,2.36392687329575,16.4485656984533,19.8363900071281
"IGproject0707","Sphecodes","geoffrellus","male",1914,8,12,"England","Devon","Dawlish Warren","",1.482,1.009,4.041,0.965,"Halictidae","kleptoparasite","OUMNH",NA,"Dawlish Warren, Devon, England",50.5986475,-3.4437159,"Sphecodes geoffrellus",13.3714507980791,3.27623765441586,16.7618998327563,21.0774005829751
"IGproject0708","Sphecodes","geoffrellus","male",1913,8,4,"England","Devon","Bovey Tracey","",1.552,1.129,4.258,1.011,"Halictidae","kleptoparasite","OUMNH",NA,"Bovey Tracey, Devon, England",50.6046632,-3.6856762,"Sphecodes geoffrellus",12.7597896218027,2.33569980622289,16.0430700341501,19.6426967798243
"IGproject0709","Sphecodes","geoffrellus","male",1913,7,24,"England","Devon","Bovey Tracey","",1.505,1.024,4.112,0.964,"Halictidae","kleptoparasite","OUMNH",NA,"Bovey Tracey, Devon, England",50.6046632,-3.6856762,"Sphecodes geoffrellus",12.7597896218027,2.33569980622289,16.0430700341501,19.6426967798243
"IGproject0710","Sphecodes","geoffrellus","male",1913,8,2,"England","Devon","Bovey Tracey","",1.575,1.109,4.395,0.99,"Halictidae","kleptoparasite","OUMNH",NA,"Bovey Tracey, Devon, England",50.6046632,-3.6856762,"Sphecodes geoffrellus",12.7597896218027,2.33569980622289,16.0430700341501,19.6426967798243
"IGproject0711","Sphecodes","geoffrellus","male",1904,5,15,"England","Greater London","London","Wimbledon",1.504,1.052,4.061,1.002,"Halictidae","kleptoparasite","OUMNH",NA,"Wimbledon, London, Greater London, England",51.4214787,-0.2064027,"Sphecodes geoffrellus",13.0179885729691,3.73897169183722,16.6331007044612,21.3133227283401
"IGproject0712","Sphecodes","geoffrellus","male",1920,7,24,"England","Devon","Trusham","",1.41,0.936,3.818,0.883,"Halictidae","kleptoparasite","OUMNH",NA,"Trusham, Devon, England",50.6260489,-3.6285152,"Sphecodes geoffrellus",12.8877420638808,3.36374637993926,16.3636468301594,21.152487315409
"IGproject0713","Sphecodes","geoffrellus","male",1919,7,23,"England","Dorset","Lyme Regis","",1.564,1.143,4.328,1.005,"Halictidae","kleptoparasite","OUMNH",NA,"Lyme Regis, Dorset, England",50.7252897,-2.934559,"Sphecodes geoffrellus",12.9350240036318,3.34660783431237,15.854768247386,19.8324553656982
"IGproject0714","Sphecodes","geoffrellus","female",1915,5,25,"England","Devon","Brixham","",1.625,1.095,4.496,1.102,"Halictidae","kleptoparasite","OUMNH",NA,"Brixham, Devon, England",50.3952404,-3.514544,"Sphecodes geoffrellus",13.8918626614901,2.70699989283738,16.4462249771946,19.5473807907127
"IGproject0715","Sphecodes","geoffrellus","male",1914,7,3,"England","Devon","Dawlish Warren","",1.54,1.059,4.075,0.984,"Halictidae","kleptoparasite","OUMNH",NA,"Dawlish Warren, Devon, England",50.5986475,-3.4437159,"Sphecodes geoffrellus",13.3714507980791,3.27623765441586,16.7618998327563,21.0774005829751
"IGproject0716","Sphecodes","geoffrellus","male",1907,7,NA,"England","Hampshire","","New Forest",1.545,1.059,4.156,0.965,"Halictidae","kleptoparasite","OUMNH",NA,"New Forest, Hampshire, England",50.8557268,-1.5956844,"Sphecodes geoffrellus",13.198091221732,3.9716537330615,17.2109666002609,22.4885859204784
"IGproject0717","Sphecodes","geoffrellus","female",1907,7,NA,"England","Hampshire","","New Forest",1.523,0.942,4.039,1.06,"Halictidae","kleptoparasite","OUMNH",NA,"New Forest, Hampshire, England",50.8557268,-1.5956844,"Sphecodes geoffrellus",13.198091221732,3.9716537330615,17.2109666002609,22.4885859204784
"IGproject0718","Sphecodes","geoffrellus","male",1913,7,24,"England","Devon","Bovey Tracey","",1.546,1.075,4.049,1.009,"Halictidae","kleptoparasite","OUMNH",NA,"Bovey Tracey, Devon, England",50.6046632,-3.6856762,"Sphecodes geoffrellus",12.7597896218027,2.33569980622289,16.0430700341501,19.6426967798243
"IGproject0719","Sphecodes","geoffrellus","male",1913,7,10,"England","Devon","Dawlish Warren","",1.372,0.868,3.699,0.891,"Halictidae","kleptoparasite","OUMNH",NA,"Dawlish Warren, Devon, England",50.5986475,-3.4437159,"Sphecodes geoffrellus",13.2151358732874,2.36392687329575,16.4485656984533,19.8363900071281
"IGproject0720","Sphecodes","geoffrellus","male",1913,7,24,"England","Devon","Bovey Tracey","",1.495,1.057,4.083,1.015,"Halictidae","kleptoparasite","OUMNH",NA,"Bovey Tracey, Devon, England",50.6046632,-3.6856762,"Sphecodes geoffrellus",12.7597896218027,2.33569980622289,16.0430700341501,19.6426967798243
"IGproject0721","Sphecodes","geoffrellus","female",1914,7,24,"England","Devon","Bovey Tracey","",1.717,1.176,4.5,1.152,"Halictidae","kleptoparasite","OUMNH",NA,"Bovey Tracey, Devon, England",50.6046632,-3.6856762,"Sphecodes geoffrellus",12.9417189040007,3.30176913879864,16.2638332688715,20.7504956979362
"IGproject0722","Lasioglossum","fulvicorne","male",1927,9,NA,"England","Gloucestershire","Wotton-under-Edge","",1.688,1.191,5.193,1.215,"Halictidae","excavator","OUMNH",NA,"Wotton-under-Edge, Gloucestershire, England",51.6378241,-2.3547251,"Lasioglossum fulvicorne",13.1410456604517,3.62893758979509,16.8108770744091,21.3117869333514
"IGproject0723","Lasioglossum","fulvicorne","male",1907,9,NA,"England","Gloucestershire","Wotton-under-Edge","Alderley",1.714,1.238,5.2,1.242,"Halictidae","excavator","OUMNH",NA,"Alderley, Wotton-under-Edge, Gloucestershire, England",51.615194,-2.332701286,"Lasioglossum fulvicorne",12.5124376995006,4.051555813218,16.6894947468622,21.90039872069
"IGproject0724","Lasioglossum","fulvicorne","male",1907,9,NA,"England","Gloucestershire","Wotton-under-Edge","Alderley",1.719,1.23,5.047,1.21,"Halictidae","excavator","OUMNH",NA,"Alderley, Wotton-under-Edge, Gloucestershire, England",51.615194,-2.332701286,"Lasioglossum fulvicorne",12.5124376995006,4.051555813218,16.6894947468622,21.90039872069
"IGproject0725","Lasioglossum","fulvicorne","male",1920,8,NA,"England","Staffordshire","Peak Distict","Dovedale",1.846,1.342,5.511,1.325,"Halictidae","excavator","OUMNH",NA,"Dovedale, Peak Distict, Staffordshire, England",53.06663409,-1.783354532,"Lasioglossum fulvicorne",11.3557949803395,3.20680487009443,14.0045084410298,18.4270974222211
"IGproject0726","Lasioglossum","fulvicorne","male",1914,8,NA,"England","Gloucestershire","Wotton-under-Edge","",1.891,1.336,5.565,1.289,"Halictidae","excavator","OUMNH",NA,"Wotton-under-Edge, Gloucestershire, England",51.6378241,-2.3547251,"Lasioglossum fulvicorne",12.9263994084011,3.26885883218609,15.7138992405726,20.7023350185138
"IGproject0727","Lasioglossum","fulvicorne","male",1977,9,13,"England","Oxfordshire","Hook Norton","",1.743,1.245,5.233,1.235,"Halictidae","excavator","OUMNH",NA,"Hook Norton, Oxfordshire, England",51.9939848,-1.4822644,"Lasioglossum fulvicorne",13.7133919361056,4.6566465905145,17.6857858989192,24.4257721037428
"IGproject0728","Lasioglossum","fulvicorne","male",1977,9,13,"England","Oxfordshire","Hook Norton","",1.742,1.245,5.255,1.263,"Halictidae","excavator","OUMNH",NA,"Hook Norton, Oxfordshire, England",51.9939848,-1.4822644,"Lasioglossum fulvicorne",13.7133919361056,4.6566465905145,17.6857858989192,24.4257721037428
"IGproject0729","Lasioglossum","fulvicorne","male",1904,8,24,"England","Surrey","Reigate","",1.698,1.201,5.317,1.262,"Halictidae","excavator","OUMNH",NA,"Reigate, Surrey, England",51.2376557,-0.2057067,"Lasioglossum fulvicorne",11.9213400129091,3.67827480416732,15.4428137398013,20.4973481307944
"IGproject0730","Lasioglossum","fulvicorne","male",1904,8,24,"England","Surrey","Reigate","",1.709,1.154,5.046,1.157,"Halictidae","excavator","OUMNH",NA,"Reigate, Surrey, England",51.2376557,-0.2057067,"Lasioglossum fulvicorne",11.9213400129091,3.67827480416732,15.4428137398013,20.4973481307944
"IGproject0731","Lasioglossum","fulvicorne","male",1927,9,NA,"England","Gloucestershire","Wotton-under-Edge","",1.761,1.267,5.473,1.292,"Halictidae","excavator","OUMNH",NA,"Wotton-under-Edge, Gloucestershire, England",51.6378241,-2.3547251,"Lasioglossum fulvicorne",13.1410456604517,3.62893758979509,16.8108770744091,21.3117869333514
"IGproject0732","Lasioglossum","fulvicorne","male",1977,9,13,"England","Oxfordshire","Hook Norton","",1.635,1.124,4.766,1.187,"Halictidae","excavator","OUMNH",NA,"Hook Norton, Oxfordshire, England",51.9939848,-1.4822644,"Lasioglossum fulvicorne",13.7133919361056,4.6566465905145,17.6857858989192,24.4257721037428
"IGproject0733","Lasioglossum","fulvicorne","male",1977,9,13,"England","Oxfordshire","Hook Norton","",1.751,1.239,5.205,1.254,"Halictidae","excavator","OUMNH",NA,"Hook Norton, Oxfordshire, England",51.9939848,-1.4822644,"Lasioglossum fulvicorne",13.7133919361056,4.6566465905145,17.6857858989192,24.4257721037428
"IGproject0734","Lasioglossum","fulvicorne","male",1948,8,9,"England","Oxfordshire","Cumnor","",1.706,1.257,5.012,1.22,"Halictidae","excavator","OUMNH",NA,"Cumnor, Oxfordshire, England",51.7349255,-1.3331621,"Lasioglossum fulvicorne",14.9566543933654,4.03434478673065,19.1527419413982,25.9392995441588
"IGproject0735","Lasioglossum","fulvicorne","male",1914,9,NA,"England","Gloucestershire","Wotton-under-Edge","",1.768,1.316,5.421,1.246,"Halictidae","excavator","OUMNH",NA,"Wotton-under-Edge, Gloucestershire, England",51.6378241,-2.3547251,"Lasioglossum fulvicorne",12.9263994084011,3.26885883218609,15.7138992405726,20.7023350185138
"IGproject0736","Lasioglossum","fulvicorne","male",1948,8,9,"England","Oxfordshire","Cumnor","",1.733,1.274,5.319,1.301,"Halictidae","excavator","OUMNH",NA,"Cumnor, Oxfordshire, England",51.7349255,-1.3331621,"Lasioglossum fulvicorne",14.9566543933654,4.03434478673065,19.1527419413982,25.9392995441588
"IGproject0737","Lasioglossum","fulvicorne","female",1900,8,10,"England","Kent","Faversham","Huntingfield",1.784,1.299,5.334,1.452,"Halictidae","excavator","OUMNH",NA,"Huntingfield, Faversham, Kent, England",51.25792226,0.822018012,"Lasioglossum fulvicorne",13.5698986217311,4.62337189899852,18.0314068928201,23.4202621365523
"IGproject0738","Lasioglossum","fulvicorne","male",1998,8,18,"England","Somerset","Draycott","",1.852,1.265,5.309,1.287,"Halictidae","excavator","OUMNH",NA,"Draycott, Somerset, England",51.2556653,-2.7509388,"Lasioglossum fulvicorne",14.0385130004441,3.67832074774491,18.5727742233761,22.5872591187654
"IGproject0739","Lasioglossum","fulvicorne","female",1896,NA,NA,"England","Kent","Doddington","",1.763,1.2,5.305,1.39,"Halictidae","excavator","OUMNH",NA,"Doddington, Kent, England",51.2792113,0.7717749,"Lasioglossum fulvicorne",12.8629860610334,3.57726206559749,15.8838855953481,20.6401865066428
"IGproject0740","Lasioglossum","fulvicorne","female",1896,NA,NA,"England","Kent","Doddington","",1.931,1.392,5.662,1.463,"Halictidae","excavator","OUMNH",NA,"Doddington, Kent, England",51.2792113,0.7717749,"Lasioglossum fulvicorne",12.8629860610334,3.57726206559749,15.8838855953481,20.6401865066428
"IGproject0741","Lasioglossum","fulvicorne","male",1991,8,31,"England","Wiltshire","Wroughton","Clouts Wood",1.735,1.258,5.107,1.308,"Halictidae","excavator","OUMNH",NA,"Clouts Wood, Wroughton, Wiltshire, England",51.51489206,-1.804044057,"Lasioglossum fulvicorne",13.8321414468556,4.15533484952276,18.1396596499599,23.8498075849105
"IGproject0742","Lasioglossum","fulvicorne","female",1896,NA,NA,"England","Kent","Doddington","",1.758,1.288,5.258,1.421,"Halictidae","excavator","OUMNH",NA,"Doddington, Kent, England",51.2792113,0.7717749,"Lasioglossum fulvicorne",12.8629860610334,3.57726206559749,15.8838855953481,20.6401865066428
"IGproject0743","Lasioglossum","fulvicorne","female",1900,8,11,"England","Kent","Faversham","Huntingfield",1.649,1.161,4.843,1.331,"Halictidae","excavator","OUMNH",NA,"Huntingfield, Faversham, Kent, England",51.25792226,0.822018012,"Lasioglossum fulvicorne",13.5698986217311,4.62337189899852,18.0314068928201,23.4202621365523
"IGproject0744","Lasioglossum","fulvicorne","male",1933,7,25,"England","Warwickshie","Harbury","",1.909,1.364,5.708,1.369,"Halictidae","excavator","OUMNH",NA,"Harbury, Warwickshie, England",52.23694424,-1.457095592,"Lasioglossum fulvicorne",12.6097388067354,4.45755624424116,17.2565434139307,22.2452780665121
"IGproject0745","Lasioglossum","fulvicorne","female",1893,5,7,"England","Greater London","London","Purley",1.829,1.338,5.327,1.43,"Halictidae","excavator","OUMNH",NA,"Purley, London, Greater London, England",51.3388112,-0.1158589,"Lasioglossum fulvicorne",12.7100578643795,3.2568993542157,15.9613911685752,20.6225546337534
"IGproject0746","Lasioglossum","fulvicorne","female",1896,NA,NA,"England","Kent","Doddington","",1.706,1.226,5.126,1.342,"Halictidae","excavator","OUMNH",NA,"Doddington, Kent, England",51.2792113,0.7717749,"Lasioglossum fulvicorne",12.8629860610334,3.57726206559749,15.8838855953481,20.6401865066428
"IGproject0747","Lasioglossum","fulvicorne","female",1896,NA,NA,"England","Kent","Doddington","",1.651,1.161,4.78,1.294,"Halictidae","excavator","OUMNH",NA,"Doddington, Kent, England",51.2792113,0.7717749,"Lasioglossum fulvicorne",12.8629860610334,3.57726206559749,15.8838855953481,20.6401865066428
"IGproject0748","Lasioglossum","fulvicorne","female",1899,NA,NA,"England","Kent","Faversham","Huntingfield",1.707,1.135,5.051,1.358,"Halictidae","excavator","OUMNH",NA,"Huntingfield, Faversham, Kent, England",51.25792226,0.822018012,"Lasioglossum fulvicorne",12.810044728455,3.53245513953597,16.6539266018209,21.6764503734647
"IGproject0749","Lasioglossum","fulvicorne","female",1897,NA,NA,"England","Kent","Doddington","",1.924,1.425,5.663,1.515,"Halictidae","excavator","OUMNH",NA,"Doddington, Kent, England",51.2792113,0.7717749,"Lasioglossum fulvicorne",13.1778875065459,3.70055402814442,16.8509764768851,22.3732200698354
"IGproject0750","Lasioglossum","fulvicorne","female",1896,NA,NA,"England","Kent","Doddington","",1.881,1.429,5.403,1.422,"Halictidae","excavator","OUMNH",NA,"Doddington, Kent, England",51.2792113,0.7717749,"Lasioglossum fulvicorne",12.8629860610334,3.57726206559749,15.8838855953481,20.6401865066428
"IGproject0751","Lasioglossum","fulvicorne","female",1894,NA,NA,"England","Kent","Doddington","",1.732,1.207,4.993,1.388,"Halictidae","excavator","OUMNH",NA,"Doddington, Kent, England",51.2792113,0.7717749,"Lasioglossum fulvicorne",13.9933994850203,3.31373231009603,17.3940241847653,22.8616865398156
"IGproject0752","Lasioglossum","fulvicorne","female",1896,NA,NA,"England","Kent","Doddington","",1.819,1.318,5.446,1.4,"Halictidae","excavator","OUMNH",NA,"Doddington, Kent, England",51.2792113,0.7717749,"Lasioglossum fulvicorne",12.8629860610334,3.57726206559749,15.8838855953481,20.6401865066428
"IGproject0753","Anthidium","manicatum","female",1966,6,28,"Wales","Gwynedd","Ynys Llanddwyn","",4.026,3.511,9.181,2.862,"Megachilidae","cavity nester","OUMNH",NA,"Ynys Llanddwyn, Gwynedd, Wales",53.14000714,-4.409892831,"Anthidium manicatum",14.06878932138,0.736105347513246,14.8959142003152,17.9509157071757
"IGproject0754","Anthidium","manicatum","male",1977,NA,NA,"England","Oxfordshire","Oxford","30 Cope Close",4.643,3.948,12.059,3.829,"Megachilidae","cavity nester","OUMNH",NA,"30 Cope Close, Oxford, Oxfordshire, England",51.74787238,-1.298262636,"Anthidium manicatum",18.4161729250414,0.786320679842471,19.3153327457055,25.6731871345893
"IGproject0755","Anthidium","manicatum","male",1976,NA,NA,"England","Oxfordshire","Oxford","30 Cope Close",4.503,3.836,11.256,3.721,"Megachilidae","cavity nester","OUMNH",NA,"30 Cope Close, Oxford, Oxfordshire, England",51.74787238,-1.298262636,"Anthidium manicatum",17.5343114690155,2.1361005225593,19.2501995709447,24.8795864143194
"IGproject0756","Anthidium","manicatum","male",1976,NA,NA,"England","Oxfordshire","Oxford","30 Cope Close",4.257,3.636,10.569,3.384,"Megachilidae","cavity nester","OUMNH",NA,"30 Cope Close, Oxford, Oxfordshire, England",51.74787238,-1.298262636,"Anthidium manicatum",17.5343114690155,2.1361005225593,19.2501995709447,24.8795864143194
"IGproject0757","Anthidium","manicatum","male",1976,NA,NA,"England","Oxfordshire","Oxford","30 Cope Close",4.469,3.81,11.012,3.721,"Megachilidae","cavity nester","OUMNH",NA,"30 Cope Close, Oxford, Oxfordshire, England",51.74787238,-1.298262636,"Anthidium manicatum",17.5343114690155,2.1361005225593,19.2501995709447,24.8795864143194
"IGproject0758","Anthidium","manicatum","male",1976,NA,NA,"England","Oxfordshire","Oxford","30 Cope Close",4.534,4.036,11.778,3.868,"Megachilidae","cavity nester","OUMNH",NA,"30 Cope Close, Oxford, Oxfordshire, England",51.74787238,-1.298262636,"Anthidium manicatum",17.5343114690155,2.1361005225593,19.2501995709447,24.8795864143194
"IGproject0759","Anthidium","manicatum","female",2014,7,27,"England","Surrey","Dorking","Juniper Hall",4.139,3.434,9.104,2.895,"Megachilidae","cavity nester","OUMNH",NA,"Juniper Hall, Dorking, Surrey, England",51.2615107,-0.3208984,"Anthidium manicatum",16.4095883586215,2.53647358925158,18.5197420053559,25.4406753246367
"IGproject0760","Anthidium","manicatum","male",1926,7,12,"England","Surrey","Woking","",4.339,3.709,10.39,3.412,"Megachilidae","cavity nester","OUMNH",NA,"Woking, Surrey, England",51.3201891,-0.5564726,"Anthidium manicatum",16.3097957943777,0.995303634082063,17.4551554784179,22.9436777469967
"IGproject0761","Anthidium","manicatum","male",1976,NA,NA,"England","Oxfordshire","Oxford","30 Cope Close",4.356,3.661,10.97,3.652,"Megachilidae","cavity nester","OUMNH",NA,"30 Cope Close, Oxford, Oxfordshire, England",51.74787238,-1.298262636,"Anthidium manicatum",17.5343114690155,2.1361005225593,19.2501995709447,24.8795864143194
"IGproject0762","Anthidium","manicatum","male",1976,NA,NA,"England","Oxfordshire","Oxford","30 Cope Close",4.315,3.695,10.672,3.404,"Megachilidae","cavity nester","OUMNH",NA,"30 Cope Close, Oxford, Oxfordshire, England",51.74787238,-1.298262636,"Anthidium manicatum",17.5343114690155,2.1361005225593,19.2501995709447,24.8795864143194
"IGproject0763","Anthidium","manicatum","male",1976,NA,NA,"England","Oxfordshire","Oxford","30 Cope Close",4.305,3.817,11.136,3.572,"Megachilidae","cavity nester","OUMNH",NA,"30 Cope Close, Oxford, Oxfordshire, England",51.74787238,-1.298262636,"Anthidium manicatum",17.5343114690155,2.1361005225593,19.2501995709447,24.8795864143194
"IGproject0764","Anthidium","manicatum","male",1977,NA,NA,"England","Oxfordshire","Oxford","30 Cope Close",4.336,3.701,10.843,3.534,"Megachilidae","cavity nester","OUMNH",NA,"30 Cope Close, Oxford, Oxfordshire, England",51.74787238,-1.298262636,"Anthidium manicatum",18.4161729250414,0.786320679842471,19.3153327457055,25.6731871345893
"IGproject0765","Anthidium","manicatum","male",1977,NA,NA,"England","Oxfordshire","Oxford","30 Cope Close",3.766,3.089,8.713,2.852,"Megachilidae","cavity nester","OUMNH",NA,"30 Cope Close, Oxford, Oxfordshire, England",51.74787238,-1.298262636,"Anthidium manicatum",18.4161729250414,0.786320679842471,19.3153327457055,25.6731871345893
"IGproject0766","Anthidium","manicatum","male",1976,NA,NA,"England","Oxfordshire","Oxford","30 Cope Close",3.621,2.992,8.444,2.624,"Megachilidae","cavity nester","OUMNH",NA,"30 Cope Close, Oxford, Oxfordshire, England",51.74787238,-1.298262636,"Anthidium manicatum",17.5343114690155,2.1361005225593,19.2501995709447,24.8795864143194
"IGproject0767","Anthidium","manicatum","male",1976,NA,NA,"England","Oxfordshire","Oxford","30 Cope Close",3.811,3.178,8.804,2.742,"Megachilidae","cavity nester","OUMNH",NA,"30 Cope Close, Oxford, Oxfordshire, England",51.74787238,-1.298262636,"Anthidium manicatum",17.5343114690155,2.1361005225593,19.2501995709447,24.8795864143194
"IGproject0768","Anthidium","manicatum","male",1976,NA,NA,"England","Oxfordshire","Oxford","30 Cope Close",3.853,3.285,8.689,2.788,"Megachilidae","cavity nester","OUMNH",NA,"30 Cope Close, Oxford, Oxfordshire, England",51.74787238,-1.298262636,"Anthidium manicatum",17.5343114690155,2.1361005225593,19.2501995709447,24.8795864143194
"IGproject0769","Anthidium","manicatum","male",1976,NA,NA,"England","Oxfordshire","Oxford","30 Cope Close",3.99,3.396,9.086,2.917,"Megachilidae","cavity nester","OUMNH",NA,"30 Cope Close, Oxford, Oxfordshire, England",51.74787238,-1.298262636,"Anthidium manicatum",17.5343114690155,2.1361005225593,19.2501995709447,24.8795864143194
"IGproject0770","Anthidium","manicatum","male",1931,8,NA,"England","Warwickshie","Rugby","",4.674,3.881,11.579,3.864,"Megachilidae","cavity nester","OUMNH",NA,"Rugby, Warwickshie, England",52.3697958,-1.263870764,"Anthidium manicatum",15.3420097186903,0.227643337082909,15.600347568488,20.6895344564636
"IGproject0771","Anthidium","manicatum","male",1940,6,19,"England","Dorset","Weymouth","",3.645,3.103,8.284,2.485,"Megachilidae","cavity nester","OUMNH",NA,"Weymouth, Dorset, England",50.6096257,-2.4543424,"Anthidium manicatum",15.4966693041876,1.03220333050627,16.6877984570738,20.0177003448768
"IGproject0772","Anthidium","manicatum","male",1939,7,30,"England","Northamptonshire","Oundle","Ashton Wold",4.553,3.838,11.689,3.692,"Megachilidae","cavity nester","OUMNH",NA,"Ashton Wold, Oundle, Northamptonshire, England",52.48037933,-0.410800547,"Anthidium manicatum",15.3703047612579,0.668491299514216,16.0887431697515,20.982327476014
"IGproject0773","Anthidium","manicatum","male",1946,7,28,"England","Dorset","Morden","",3.955,3.448,9.688,3.115,"Megachilidae","cavity nester","OUMNH",NA,"Morden, Dorset, England",50.7627893,-2.1325452,"Anthidium manicatum",15.5816695760322,1.17613898337087,16.2976364923332,21.3171784635899
"IGproject0774","Anthidium","manicatum","female",1927,8,14,"England","Dorset","Weymouth","",4.202,3.604,9.63,2.997,"Megachilidae","cavity nester","OUMNH",NA,"Weymouth, Dorset, England",50.6096257,-2.4543424,"Anthidium manicatum",16.1828687268703,1.79847881905004,17.2382601337341,20.7594417421812
"IGproject0775","Anthidium","manicatum","male",1927,8,14,"England","Dorset","Weymouth","",4.449,3.759,11,3.585,"Megachilidae","cavity nester","OUMNH",NA,"Weymouth, Dorset, England",50.6096257,-2.4543424,"Anthidium manicatum",16.1828687268703,1.79847881905004,17.2382601337341,20.7594417421812
"IGproject0776","Anthidium","manicatum","female",1927,8,14,"England","Dorset","Weymouth","",3.746,3.089,8.235,2.568,"Megachilidae","cavity nester","OUMNH",NA,"Weymouth, Dorset, England",50.6096257,-2.4543424,"Anthidium manicatum",16.1828687268703,1.79847881905004,17.2382601337341,20.7594417421812
"IGproject0777","Andrena","chrysosceles","female",1939,4,10,"England","Dorset","Dorchester","Yellowham Wood",1.815,1.179,4.871,1.486,"Andrenidae","excavator","OUMNH",NA,"Yellowham Wood, Dorchester, Dorset, England",50.74223361,-2.378909966,"Andrena chrysosceles",10.7441746233951,3.2287059902129,14.1791591766378,18.9066655123266
"IGproject0778","Andrena","chrysosceles","female",1947,8,22,"England","Devon","Dartmoor","Burrator Reservoir",2.108,1.439,5.694,1.62,"Andrenidae","excavator","OUMNH",NA,"Burrator Reservoir, Dartmoor, Devon, England",50.49923423,-4.040083663,"Andrena chrysosceles",10.1765322449817,1.29989589984965,11.5158555438899,15.1446679716393
"IGproject0779","Andrena","wilkella","male",1976,4,22,"England","Devon","Tavistock","Whitchurch Down",3.481,2.048,10.049,2.682,"Andrenidae","excavator","OUMNH",NA,"Whitchurch Down, Tavistock, Devon, England",50.5427342,-4.1150225,"Andrena wilkella",10.9754377053192,3.1920578639001,14.3830534856437,20.0165694136865
"IGproject0780","Andrena","wilkella","male",1978,4,27,"England","Devon","Buckland Monachorum","",3.05,1.696,9.012,2.366,"Andrenidae","excavator","OUMNH",NA,"Buckland Monachorum, Devon, England",50.4848244,-4.1221901,"Andrena wilkella",9.86896220149917,2.60706250433774,12.0722631881658,15.9190840635744
"IGproject0781","Andrena","wilkella","male",1953,4,26,"England","Devon","Yelverton","Five Oaks",2.574,1.514,6.527,1.92,"Andrenidae","excavator","OUMNH",NA,"Five Oaks, Yelverton, Devon, England",50.4934281,-4.085997565,"Andrena wilkella",11.5908677040144,2.45332204417021,13.4416583257664,18.0508898813523
"IGproject0782","Andrena","wilkella","male",1977,6,4,"England","Devon","Tavistock","Whitchurch Down",2.882,1.707,7.39,2.1,"Andrenidae","excavator","OUMNH",NA,"Whitchurch Down, Tavistock, Devon, England",50.5427342,-4.1150225,"Andrena wilkella",11.4825940431479,4.20238096581734,15.942668627509,20.9808212385521
"IGproject0783","Andrena","wilkella","male",1958,6,12,"England","Devon","Bickleigh","",2.823,1.619,6.969,1.972,"Andrenidae","excavator","OUMNH",NA,"Bickleigh, Devon, England",50.8427425,-3.502667,"Andrena wilkella",11.6908642210983,3.15739206242749,15.187872634817,21.1483705025743
"IGproject0784","Andrena","wilkella","male",1950,6,7,"England","Devon","Yelverton","Five Oaks",2.978,1.851,7.58,2.158,"Andrenidae","excavator","OUMNH",NA,"Five Oaks, Yelverton, Devon, England",50.4934281,-4.085997565,"Andrena wilkella",11.5138459428412,2.89822536655243,14.7521811123607,19.8024240289318
"IGproject0785","Andrena","wilkella","male",1977,6,4,"England","Devon","Tavistock","Whitchurch Down",2.918,1.948,7.331,2.06,"Andrenidae","excavator","OUMNH",NA,"Whitchurch Down, Tavistock, Devon, England",50.5427342,-4.1150225,"Andrena wilkella",11.4825940431479,4.20238096581734,15.942668627509,20.9808212385521
"IGproject0786","Andrena","wilkella","male",1977,6,4,"England","Devon","Tavistock","Whitchurch Down",3.375,2.2,8.496,2.35,"Andrenidae","excavator","OUMNH",NA,"Whitchurch Down, Tavistock, Devon, England",50.5427342,-4.1150225,"Andrena wilkella",11.4825940431479,4.20238096581734,15.942668627509,20.9808212385521
"IGproject0787","Megachile","centuncularis","male",1927,6,22,"England","Dorset","Weymouth","",3.494,2.71,7.67,2.166,"Megachilidae","cavity nester","OUMNH",NA,"Weymouth, Dorset, England",50.6096257,-2.4543424,"Megachile centuncularis",16.1828687268703,1.79847881905004,17.2382601337341,20.7594417421812
"IGproject0788","Megachile","centuncularis","female",1927,8,10,"England","Dorset","Weymouth","",3.827,3.38,8.751,2.312,"Megachilidae","cavity nester","OUMNH",NA,"Weymouth, Dorset, England",50.6096257,-2.4543424,"Megachile centuncularis",16.1828687268703,1.79847881905004,17.2382601337341,20.7594417421812
"IGproject0789","Megachile","centuncularis","female",1927,8,5,"England","Dorset","Weymouth","",3.857,3.291,8.883,2.426,"Megachilidae","cavity nester","OUMNH",NA,"Weymouth, Dorset, England",50.6096257,-2.4543424,"Megachile centuncularis",16.1828687268703,1.79847881905004,17.2382601337341,20.7594417421812
"IGproject0790","Megachile","centuncularis","male",1927,6,22,"England","Dorset","Weymouth","",3.601,2.761,8.363,2.242,"Megachilidae","cavity nester","OUMNH",NA,"Weymouth, Dorset, England",50.6096257,-2.4543424,"Megachile centuncularis",16.1828687268703,1.79847881905004,17.2382601337341,20.7594417421812
"IGproject0791","Megachile","centuncularis","male",1928,6,13,"England","Suffolk","Barton Mills","",3.439,2.674,7.825,2.12,"Megachilidae","cavity nester","OUMNH",NA,"Barton Mills, Suffolk, England",52.3335174,0.5200357,"Megachile centuncularis",15.2923616034073,1.74928474954854,16.6380856835204,21.0669539559573
"IGproject0792","Megachile","centuncularis","female",1927,8,27,"England","Dorset","Weymouth","",3.882,3.08,8.817,2.391,"Megachilidae","cavity nester","OUMNH",NA,"Weymouth, Dorset, England",50.6096257,-2.4543424,"Megachile centuncularis",16.1828687268703,1.79847881905004,17.2382601337341,20.7594417421812
"IGproject0793","Megachile","centuncularis","male",1957,6,22,"England","Devon","","Hartland Cliffs",3.201,2.378,7.132,1.95,"Megachilidae","cavity nester","OUMNH",NA,"Hartland Cliffs, Devon, England",51.00707424,-4.529508417,"Megachile centuncularis",13.9184173353847,1.05429590012211,14.948514829798,17.6367075500586
"IGproject0794","Megachile","centuncularis","male",1962,7,28,"England","Devon","Wembury","",3.588,2.691,8.059,2.272,"Megachilidae","cavity nester","OUMNH",NA,"Wembury, Devon, England",50.3287157,-4.0840935,"Megachile centuncularis",14.9422245456172,0.877939463080361,15.5014564220938,18.7764318568887
"IGproject0795","Megachile","centuncularis","female",1953,7,5,"England","Devon","Yelverton","Five Oaks",3.79,3.301,8.652,2.447,"Megachilidae","cavity nester","OUMNH",NA,"Five Oaks, Yelverton, Devon, England",50.4934281,-4.085997565,"Megachile centuncularis",14.8547925805109,1.25823524018465,15.8536687963381,19.9519371736119
"IGproject0796","Megachile","centuncularis","male",1927,7,3,"England","Dorset","Moreton","",3.284,2.419,7.393,2.092,"Megachilidae","cavity nester","OUMNH",NA,"Moreton, Dorset, England",50.7006001,-2.2916836,"Megachile centuncularis",15.6501629191646,1.8051284160753,16.8426417781975,21.4441242230282
"IGproject0797","Megachile","centuncularis","male",1969,6,24,"England","Devon","Wembury","",3.579,2.739,7.768,2.173,"Megachilidae","cavity nester","OUMNH",NA,"Wembury, Devon, England",50.3287157,-4.0840935,"Megachile centuncularis",15.0380046843982,0.949021800190912,16.0131321842073,18.9953782924633
"IGproject0798","Megachile","centuncularis","male",1957,6,22,"England","Devon","","Hartland Cliffs",3.258,2.484,7.596,2.04,"Megachilidae","cavity nester","OUMNH",NA,"Hartland Cliffs, Devon, England",51.00707424,-4.529508417,"Megachile centuncularis",13.9184173353847,1.05429590012211,14.948514829798,17.6367075500586
"IGproject0799","Megachile","centuncularis","male",1952,7,13,"England","Devon","Yelverton","",3.552,2.783,8.129,2.291,"Megachilidae","cavity nester","OUMNH",NA,"Yelverton, Devon, England",50.4929419,-4.0846742,"Megachile centuncularis",14.2380721339268,1.22263401404298,15.616731794384,20.2021501814418
"IGproject0800","Megachile","centuncularis","male",1968,7,5,"England","Devon","Braunton","Braunton Burrows",3.605,2.71,8.183,2.223,"Megachilidae","cavity nester","OUMNH",NA,"Braunton Burrows, Braunton, Devon, England",51.0930822,-4.2087025,"Megachile centuncularis",15.6172257839143,0.98098042713943,16.4463962875476,20.0584492526745
"IGproject0801","Megachile","centuncularis","male",1978,7,23,"England","Devon","Okehampton","Taw Green",3.421,2.634,7.785,2.28,"Megachilidae","cavity nester","OUMNH",NA,"Taw Green, Okehampton, Devon, England",50.75636386,-3.90926962,"Megachile centuncularis",14.1494766295452,1.87643194667455,15.4536843079963,19.4363265782712
"IGproject0802","Megachile","centuncularis","male",1962,7,28,"England","Devon","Wembury","",3.64,2.78,8.237,2.327,"Megachilidae","cavity nester","OUMNH",NA,"Wembury, Devon, England",50.3287157,-4.0840935,"Megachile centuncularis",14.9422245456172,0.877939463080361,15.5014564220938,18.7764318568887
"IGproject0803","Megachile","centuncularis","male",1927,6,22,"England","Dorset","Weymouth","",3.434,2.581,7.646,2.149,"Megachilidae","cavity nester","OUMNH",NA,"Weymouth, Dorset, England",50.6096257,-2.4543424,"Megachile centuncularis",16.1828687268703,1.79847881905004,17.2382601337341,20.7594417421812
"IGproject0804","Megachile","centuncularis","male",1974,7,9,"England","Devon","Wembury","",3.46,2.608,7.624,2.147,"Megachilidae","cavity nester","OUMNH",NA,"Wembury, Devon, England",50.3287157,-4.0840935,"Megachile centuncularis",15.2703618848931,1.1579131538545,16.5567161732625,19.636515145802
"IGproject0805","Megachile","centuncularis","male",1950,7,8,"England","Dorset","Weymouth","Two Mile Coppice",3.151,2.368,7.041,2.027,"Megachilidae","cavity nester","OUMNH",NA,"Two Mile Coppice, Weymouth, Dorset, England",50.6386572,-2.4610685,"Megachile centuncularis",17.0002261017198,1.19362763319427,17.843133743142,22.7510828497555
"IGproject0806","Megachile","centuncularis","female",1948,9,NA,"England","Devon","Plymouth","",3.741,3.055,8.564,2.364,"Megachilidae","cavity nester","OUMNH",NA,"Plymouth, Devon, England",50.4323453,-3.7065512,"Megachile centuncularis",16.3279376994962,2.30740972479795,18.7894181513986,24.0508664557949
"IGproject0807","Megachile","centuncularis","male",1942,7,1,"England","Leicestershire","Woodhouse Eaves","",3.221,2.428,7.274,2.027,"Megachilidae","cavity nester","OUMNH",NA,"Woodhouse Eaves, Leicestershire, England",52.7244478,-1.2170181,"Megachile centuncularis",15.4493103444593,1.59096681355512,17.2678523215985,23.1073681872216
"IGproject0808","Megachile","centuncularis","male",1941,8,10,"England","Dorset","Weymouth","Radipole Lake",3.025,2.231,6.826,1.882,"Megachilidae","cavity nester","OUMNH",NA,"Radipole Lake, Weymouth, Dorset, England",50.6222916,-2.4616947,"Megachile centuncularis",16.0915707067646,0.623928505026712,16.5170467337831,20.8067508607866
"IGproject0809","Colletes","succintus","male",1928,8,30,"England","Cornwall","Lizard","Goonhilly Downs",3.191,2.545,7.692,1.959,"Colletidae","excavator","OUMNH",NA,"Goonhilly Downs, Lizard, Cornwall, England",50.05001835,-5.200067979,"Colletes succintus",14.5726206023609,1.49697591965943,15.5114410674696,18.1830937730886
"IGproject0810","Colletes","succintus","female",1927,8,17,"England","Dorset","Warmwell","Warmwell Heath",3.233,2.595,7.972,2.106,"Colletidae","excavator","OUMNH",NA,"Warmwell Heath, Warmwell, Dorset, England",50.68094,-2.35113,"Colletes succintus",16.336892705894,0.690514764679793,16.8631365456169,21.3256806447586
"IGproject0811","Colletes","succintus","female",1927,8,28,"England","Dorset","Warmwell","",3.401,2.844,8.597,2.284,"Colletidae","excavator","OUMNH",NA,"Warmwell, Dorset, England",50.6749172,-2.3553494,"Colletes succintus",16.3413086751472,0.669483160292149,16.8461946293679,21.2379923835095
"IGproject0812","Colletes","succintus","male",1927,6,17,"England","Dorset","Warmwell","Warmwell Heath",2.886,2.221,6.51,1.77,"Colletidae","excavator","OUMNH",NA,"Warmwell Heath, Warmwell, Dorset, England",50.68094,-2.35113,"Colletes succintus",16.336892705894,0.690514764679793,16.8631365456169,21.3256806447586
"IGproject0813","Colletes","succintus","female",1927,8,15,"England","Dorset","Warmwell","Warmwell Heath",3.251,2.718,8.175,2.133,"Colletidae","excavator","OUMNH",NA,"Warmwell Heath, Warmwell, Dorset, England",50.68094,-2.35113,"Colletes succintus",16.336892705894,0.690514764679793,16.8631365456169,21.3256806447586
"IGproject0814","Colletes","succintus","female",1927,8,15,"England","Dorset","Warmwell","Warmwell Heath",3.197,2.517,8.089,2.178,"Colletidae","excavator","OUMNH",NA,"Warmwell Heath, Warmwell, Dorset, England",50.68094,-2.35113,"Colletes succintus",16.336892705894,0.690514764679793,16.8631365456169,21.3256806447586
"IGproject0815","Colletes","succintus","male",1928,8,30,"England","Cornwall","Lizard","Goonhilly Downs",3,2.256,7.199,1.86,"Colletidae","excavator","OUMNH",NA,"Goonhilly Downs, Lizard, Cornwall, England",50.05001835,-5.200067979,"Colletes succintus",14.5726206023609,1.49697591965943,15.5114410674696,18.1830937730886
"IGproject0816","Anthidium","manicatum","male",1983,7,6,"England","Cornwall","Goonvrea","",4.543,3.888,11.622,3.789,"Megachilidae","cavity nester","BENHS",NA,"Goonvrea, Cornwall, England",50.3027624,-5.2177565,"Anthidium manicatum",15.1570034136742,0.848665730170666,15.8295536565569,18.9013824081901
"IGproject0817","Anthidium","manicatum","female",1914,6,28,"England","Kent","Gravesend","",4.215,3.6,9.373,2.689,"Megachilidae","cavity nester","BENHS",NA,"Gravesend, Kent, England",51.4424747,0.3694468,"Anthidium manicatum",15.3763165376388,0.439021939502235,15.8661932339292,20.6204525943866
"IGproject0818","Anthidium","manicatum","male",1891,7,NA,"England","Hampshire","Andover","",4.496,3.968,11.807,3.721,"Megachilidae","cavity nester","BENHS",NA,"Andover, Hampshire, England",51.2078275,-1.479355,"Anthidium manicatum",14.7770574471141,0.698937349058435,15.2719255091006,19.8855086601048
"IGproject0819","Anthidium","manicatum","male",1891,7,NA,"England","Hampshire","Andover","",4.464,3.787,11.257,3.441,"Megachilidae","cavity nester","BENHS",NA,"Andover, Hampshire, England",51.2078275,-1.479355,"Anthidium manicatum",14.7770574471141,0.698937349058435,15.2719255091006,19.8855086601048
"IGproject0820","Anthidium","manicatum","male",1891,7,NA,"England","Hampshire","Andover","",4.694,3.887,11.758,3.787,"Megachilidae","cavity nester","BENHS",NA,"Andover, Hampshire, England",51.2078275,-1.479355,"Anthidium manicatum",14.7770574471141,0.698937349058435,15.2719255091006,19.8855086601048
"IGproject0821","Anthidium","manicatum","male",1912,7,14,"England","Kent","","Pegwell Bay",3.997,3.273,9.588,3.055,"Megachilidae","cavity nester","BENHS",NA,"Pegwell Bay, Kent, England",51.322807,1.3785755,"Anthidium manicatum",17.4631936058621,2.45789011310234,19.1958583135271,23.9383182750485
"IGproject0822","Anthidium","manicatum","male",1914,7,12,"England","Kent","Chalk","",4.166,3.529,10.024,3.306,"Megachilidae","cavity nester","BENHS",NA,"Chalk, Kent, England",51.4321057,0.3993639,"Anthidium manicatum",15.2072947342255,0.479255881614883,15.7537673297031,20.4767660485519
"IGproject0823","Anthidium","manicatum","female",1915,7,29,"England","Kent","Chatham","",4.026,3.303,8.634,2.773,"Megachilidae","cavity nester","BENHS",NA,"Chatham, Kent, England",51.3731494,0.5502202,"Anthidium manicatum",16.7376058504445,1.22171684754812,17.5403108614409,22.377818744678
"IGproject0824","Anthidium","manicatum","female",1918,6,27,"England","Kent","Gravesend","",4.069,3.474,8.723,2.714,"Megachilidae","cavity nester","BENHS",NA,"Gravesend, Kent, England",51.4424747,0.3694468,"Anthidium manicatum",16.7241743967838,0.482177922273185,17.1206905483509,22.6155203241533
"IGproject0825","Anthidium","manicatum","female",1891,7,NA,"England","Hampshire","Andover","",4.229,3.55,9.497,3.036,"Megachilidae","cavity nester","BENHS",NA,"Andover, Hampshire, England",51.2078275,-1.479355,"Anthidium manicatum",14.7770574471141,0.698937349058435,15.2719255091006,19.8855086601048
"IGproject0826","Anthidium","manicatum","male",1931,6,21,"England","Greater London","London","Wood Green",4.37,3.75,10.64,3.299,"Megachilidae","cavity nester","BENHS",NA,"Wood Green, London, Greater London, England",51.5972054,-0.1099585,"Anthidium manicatum",16.8320292316231,0.481944171524747,17.3821079130746,22.0386608831767
"IGproject0827","Anthidium","manicatum","male",1906,7,26,"England","Surrey","Redhill","",4.636,3.992,11.75,3.966,"Megachilidae","cavity nester","BENHS",NA,"Redhill, Surrey, England",51.2404691,-0.1682816,"Anthidium manicatum",15.907344489898,1.72831558196424,17.8856613418733,23.1288814243664
"IGproject0828","Anthidium","manicatum","male",1918,7,7,"England","Kent","Higham","",4.439,3.737,10.933,3.537,"Megachilidae","cavity nester","BENHS",NA,"Higham, Kent, England",51.4310457,0.4709558,"Anthidium manicatum",16.5915302500039,0.366687544995678,16.8682424618366,22.1750726208195
"IGproject0829","Anthidium","manicatum","male",1912,7,21,"England","Kent","Gravesend","",4.319,3.748,10.358,3.432,"Megachilidae","cavity nester","BENHS",NA,"Gravesend, Kent, England",51.4424747,0.3694468,"Anthidium manicatum",18.1777193132173,2.32746440234223,19.6550228180434,25.7249869607438
"IGproject0830","Anthidium","manicatum","male",1914,6,28,"England","Kent","Gravesend","",4.419,3.715,10.531,3.487,"Megachilidae","cavity nester","BENHS",NA,"Gravesend, Kent, England",51.4424747,0.3694468,"Anthidium manicatum",15.3763165376388,0.439021939502235,15.8661932339292,20.6204525943866
"IGproject0831","Andrena","wilkella","male",1920,5,30,"England","Kent","Meopham","",3.012,1.953,7.276,2.192,"Andrenidae","excavator","BENHS",NA,"Meopham, Kent, England",51.360162,0.3639312,"Andrena wilkella",11.0759782079857,3.90313050335264,14.054053425524,19.752390350861
"IGproject0832","Andrena","wilkella","male",1920,5,24,"England","Kent","Meopham","",2.849,1.773,7.037,2.084,"Andrenidae","excavator","BENHS",NA,"Meopham, Kent, England",51.360162,0.3639312,"Andrena wilkella",11.0759782079857,3.90313050335264,14.054053425524,19.752390350861
"IGproject0833","Andrena","wilkella","male",1911,6,4,"England","Kent","Cobham","",3.038,1.944,7.395,2.2,"Andrenidae","excavator","BENHS",NA,"Cobham, Kent, England",51.3949326,0.4141599,"Andrena wilkella",11.3220027868211,3.80952292116874,15.2009848244479,19.886212258373
"IGproject0834","Andrena","wilkella","male",1979,6,14,"England","Hampshire","","Old Winchester Hill",2.793,1.627,7.037,1.99,"Andrenidae","excavator","BENHS",NA,"Old Winchester Hill, Hampshire, England",50.9808962,-1.0887924,"Andrena wilkella",10.3350411333181,3.63433615622484,13.3935573114332,18.075407815135
"IGproject0835","Andrena","wilkella","male",1979,6,26,"England","West Yorkshire","","Newmillerdam Country Park",2.979,1.874,7.539,2.067,"Andrenidae","excavator","BENHS",NA,"Newmillerdam Country Park, West Yorkshire, England",53.6311758,-1.4951474,"Andrena wilkella",10.3481450539238,3.72226563288151,13.4832039196952,17.834034278265
"IGproject0836","Andrena","wilkella","male",1911,6,4,"England","Kent","Cobham","",3.036,1.873,7.368,2.275,"Andrenidae","excavator","BENHS",NA,"Cobham, Kent, England",51.3949326,0.4141599,"Andrena wilkella",11.3220027868211,3.80952292116874,15.2009848244479,19.886212258373
"IGproject0837","Andrena","wilkella","female",1938,5,10,"England","Shropshire","","",3.174,2.066,7.62,2.4,"Andrenidae","excavator","BENHS",NA,"Shropshire, England",52.6523394,-2.6435641,"Andrena wilkella",11.3478109450058,2.22606462909802,13.4668401408307,18.5115961655486
"IGproject0838","Andrena","wilkella","male",1974,6,9,"England","Berkshire","Windsor","",2.866,1.791,7.393,2.08,"Andrenidae","excavator","BENHS",NA,"Windsor, Berkshire, England",51.4837886,-0.6040419,"Andrena wilkella",11.8752999699232,3.99993281509093,15.7416114201139,21.3415270077428
"IGproject0839","Andrena","wilkella","female",1918,6,2,"England","Kent","Wrotham","",3.468,2.285,8.035,2.66,"Andrenidae","excavator","BENHS",NA,"Wrotham, Kent, England",51.3104474,0.302978,"Andrena wilkella",11.0300251545514,5.77023781039144,15.7244638498483,21.4758381227632
"IGproject0840","Andrena","wilkella","female",1918,5,19,"England","Kent","Dartford","",3.518,2.279,8.173,2.701,"Andrenidae","excavator","BENHS",NA,"Dartford, Kent, England",51.4443059,0.21807,"Andrena wilkella",12.1452634799835,5.83157863844856,16.9468301563214,22.6165906092796
"IGproject0841","Colletes","succintus","male",1974,7,30,"England","Hampshire","","Woolme Forest",2.968,2.14,6.96,1.805,"Colletidae","excavator","BENHS",NA,"Woolme Forest, Hampshire, England",51.08585472,-0.865868539,"Colletes succintus",15.9061822331654,1.27373035390455,17.2267892074437,23.171269656052
"IGproject0842","Colletes","succintus","female",1999,8,30,"England","Bristol","Bristol","Troopers Hill",3.376,2.789,8.566,2.267,"Colletidae","excavator","BENHS",NA,"Troopers Hill, Bristol, Bristol, England",51.4561856,-2.5353019,"Colletes succintus",16.2309009463699,0.617482080094356,16.7617332914103,21.365711707757
"IGproject0843","Colletes","succintus","female",1971,8,29,"England","Surrey","Wisley","Wisley Common",3.222,2.718,8.192,2.102,"Colletidae","excavator","BENHS",NA,"Wisley Common, Wisley, Surrey, England",51.3176878,-0.4575655,"Colletes succintus",15.8732678915387,0.729465334268268,16.5145562557853,21.6978658785546
"IGproject0844","Colletes","succintus","female",1998,8,15,"England","Surrey","Chobham","Chobham Common",3.226,2.573,7.943,2.139,"Colletidae","excavator","BENHS",NA,"Chobham Common, Chobham, Surrey, England",51.3821634,-0.6073194,"Colletes succintus",17.3704752195406,2.44329877335381,19.8133959695185,24.8371769138468
"IGproject0845","Anthidium","manicatum","male",1976,NA,NA,"England","Oxfordshire","Oxford","30 Cope Close",4.029,3.416,9.722,3.099,"Megachilidae","cavity nester","OUMNH",NA,"30 Cope Close, Oxford, Oxfordshire, England",51.74787238,-1.298262636,"Anthidium manicatum",17.5343114690155,2.1361005225593,19.2501995709447,24.8795864143194
"IGproject0846","Anthidium","manicatum","male",1976,NA,NA,"England","Oxfordshire","Oxford","30 Cope Close",3.832,3.36,8.892,2.784,"Megachilidae","cavity nester","OUMNH",NA,"30 Cope Close, Oxford, Oxfordshire, England",51.74787238,-1.298262636,"Anthidium manicatum",17.5343114690155,2.1361005225593,19.2501995709447,24.8795864143194
"IGproject0847","Anthidium","manicatum","male",1976,NA,NA,"England","Oxfordshire","Oxford","30 Cope Close",3.934,3.422,9.344,2.952,"Megachilidae","cavity nester","OUMNH",NA,"30 Cope Close, Oxford, Oxfordshire, England",51.74787238,-1.298262636,"Anthidium manicatum",17.5343114690155,2.1361005225593,19.2501995709447,24.8795864143194
"IGproject0848","Anthidium","manicatum","male",1977,NA,NA,"England","Oxfordshire","Oxford","30 Cope Close",3.984,3.269,9.057,2.905,"Megachilidae","cavity nester","OUMNH",NA,"30 Cope Close, Oxford, Oxfordshire, England",51.74787238,-1.298262636,"Anthidium manicatum",18.4161729250414,0.786320679842471,19.3153327457055,25.6731871345893
"IGproject0849","Anthidium","manicatum","male",1976,NA,NA,"England","Oxfordshire","Oxford","30 Cope Close",4.06,3.464,9.684,3.035,"Megachilidae","cavity nester","OUMNH",NA,"30 Cope Close, Oxford, Oxfordshire, England",51.74787238,-1.298262636,"Anthidium manicatum",17.5343114690155,2.1361005225593,19.2501995709447,24.8795864143194
"IGproject0850","Anthidium","manicatum","male",1976,NA,NA,"England","Oxfordshire","Oxford","30 Cope Close",4.286,3.685,10.926,3.532,"Megachilidae","cavity nester","OUMNH",NA,"30 Cope Close, Oxford, Oxfordshire, England",51.74787238,-1.298262636,"Anthidium manicatum",17.5343114690155,2.1361005225593,19.2501995709447,24.8795864143194
"IGproject0851","Anthidium","manicatum","male",1976,NA,NA,"England","Oxfordshire","Oxford","30 Cope Close",4.205,3.642,10.616,3.234,"Megachilidae","cavity nester","OUMNH",NA,"30 Cope Close, Oxford, Oxfordshire, England",51.74787238,-1.298262636,"Anthidium manicatum",17.5343114690155,2.1361005225593,19.2501995709447,24.8795864143194
"IGproject0852","Anthidium","manicatum","male",1977,NA,NA,"England","Oxfordshire","Oxford","30 Cope Close",4.187,3.628,10.606,3.338,"Megachilidae","cavity nester","OUMNH",NA,"30 Cope Close, Oxford, Oxfordshire, England",51.74787238,-1.298262636,"Anthidium manicatum",18.4161729250414,0.786320679842471,19.3153327457055,25.6731871345893
"IGproject0853","Anthidium","manicatum","male",1976,NA,NA,"England","Oxfordshire","Oxford","30 Cope Close",4.43,3.838,11.153,3.685,"Megachilidae","cavity nester","OUMNH",NA,"30 Cope Close, Oxford, Oxfordshire, England",51.74787238,-1.298262636,"Anthidium manicatum",17.5343114690155,2.1361005225593,19.2501995709447,24.8795864143194
"IGproject0854","Anthidium","manicatum","male",1976,NA,NA,"England","Oxfordshire","Oxford","30 Cope Close",4.357,3.713,10.757,3.407,"Megachilidae","cavity nester","OUMNH",NA,"30 Cope Close, Oxford, Oxfordshire, England",51.74787238,-1.298262636,"Anthidium manicatum",17.5343114690155,2.1361005225593,19.2501995709447,24.8795864143194
"IGproject0855","Anthidium","manicatum","female",1976,NA,NA,"England","Oxfordshire","Oxford","30 Cope Close",4.276,3.709,9.905,3.108,"Megachilidae","cavity nester","OUMNH",NA,"30 Cope Close, Oxford, Oxfordshire, England",51.74787238,-1.298262636,"Anthidium manicatum",17.5343114690155,2.1361005225593,19.2501995709447,24.8795864143194
"IGproject0856","Anthidium","manicatum","female",1976,NA,NA,"England","Oxfordshire","Oxford","30 Cope Close",3.864,3.214,8.515,2.532,"Megachilidae","cavity nester","OUMNH",NA,"30 Cope Close, Oxford, Oxfordshire, England",51.74787238,-1.298262636,"Anthidium manicatum",17.5343114690155,2.1361005225593,19.2501995709447,24.8795864143194
"IGproject0857","Anthidium","manicatum","female",1976,NA,NA,"England","Oxfordshire","Oxford","30 Cope Close",4.136,3.616,9.635,2.842,"Megachilidae","cavity nester","OUMNH",NA,"30 Cope Close, Oxford, Oxfordshire, England",51.74787238,-1.298262636,"Anthidium manicatum",17.5343114690155,2.1361005225593,19.2501995709447,24.8795864143194
"IGproject0858","Anthidium","manicatum","female",1976,NA,NA,"England","Oxfordshire","Oxford","30 Cope Close",3.865,3.252,8.609,2.605,"Megachilidae","cavity nester","OUMNH",NA,"30 Cope Close, Oxford, Oxfordshire, England",51.74787238,-1.298262636,"Anthidium manicatum",17.5343114690155,2.1361005225593,19.2501995709447,24.8795864143194
"IGproject0859","Anthidium","manicatum","female",1976,NA,NA,"England","Oxfordshire","Oxford","30 Cope Close",3.997,3.331,9.136,2.648,"Megachilidae","cavity nester","OUMNH",NA,"30 Cope Close, Oxford, Oxfordshire, England",51.74787238,-1.298262636,"Anthidium manicatum",17.5343114690155,2.1361005225593,19.2501995709447,24.8795864143194
"IGproject0860","Anthidium","manicatum","female",1977,NA,NA,"England","Oxfordshire","Oxford","30 Cope Close",4.298,3.647,9.877,2.919,"Megachilidae","cavity nester","OUMNH",NA,"30 Cope Close, Oxford, Oxfordshire, England",51.74787238,-1.298262636,"Anthidium manicatum",18.4161729250414,0.786320679842471,19.3153327457055,25.6731871345893
"IGproject0861","Anthidium","manicatum","female",1977,NA,NA,"England","Oxfordshire","Oxford","30 Cope Close",4.056,3.421,9.188,2.886,"Megachilidae","cavity nester","OUMNH",NA,"30 Cope Close, Oxford, Oxfordshire, England",51.74787238,-1.298262636,"Anthidium manicatum",18.4161729250414,0.786320679842471,19.3153327457055,25.6731871345893
"IGproject0862","Anthidium","manicatum","female",1977,NA,NA,"England","Oxfordshire","Oxford","30 Cope Close",4.037,3.385,8.857,2.872,"Megachilidae","cavity nester","OUMNH",NA,"30 Cope Close, Oxford, Oxfordshire, England",51.74787238,-1.298262636,"Anthidium manicatum",18.4161729250414,0.786320679842471,19.3153327457055,25.6731871345893
"IGproject0863","Anthidium","manicatum","female",1977,NA,NA,"England","Oxfordshire","Oxford","30 Cope Close",3.981,3.573,9.172,2.869,"Megachilidae","cavity nester","OUMNH",NA,"30 Cope Close, Oxford, Oxfordshire, England",51.74787238,-1.298262636,"Anthidium manicatum",18.4161729250414,0.786320679842471,19.3153327457055,25.6731871345893
"IGproject0864","Anthidium","manicatum","female",1977,NA,NA,"England","Oxfordshire","Oxford","30 Cope Close",4.07,3.475,9.398,2.776,"Megachilidae","cavity nester","OUMNH",NA,"30 Cope Close, Oxford, Oxfordshire, England",51.74787238,-1.298262636,"Anthidium manicatum",18.4161729250414,0.786320679842471,19.3153327457055,25.6731871345893
"IGproject0865","Anthidium","manicatum","female",1977,NA,NA,"England","Oxfordshire","Oxford","30 Cope Close",4.052,3.496,9.28,2.808,"Megachilidae","cavity nester","OUMNH",NA,"30 Cope Close, Oxford, Oxfordshire, England",51.74787238,-1.298262636,"Anthidium manicatum",18.4161729250414,0.786320679842471,19.3153327457055,25.6731871345893
"IGproject0866","Anthidium","manicatum","female",1977,NA,NA,"England","Oxfordshire","Oxford","30 Cope Close",4.043,3.331,8.922,2.966,"Megachilidae","cavity nester","OUMNH",NA,"30 Cope Close, Oxford, Oxfordshire, England",51.74787238,-1.298262636,"Anthidium manicatum",18.4161729250414,0.786320679842471,19.3153327457055,25.6731871345893
"IGproject0867","Nomada","goodeniana","male",1977,5,22,"England","Herefordshire","Hereford","Cusop Dingle",3.195,2.366,9.89,2.749,"Apidae","kleptoparasite","BENHS",NA,"Cusop Dingle, Hereford, Herefordshire, England",52.06468868,-3.110952188,"Nomada goodeniana",11.398329353204,4.25353224789844,15.8821284169836,21.5455603370807
"IGproject0868","Nomada","goodeniana","male",1991,4,27,"England","Kent","Whitstable","",2.514,1.57,8.025,2.227,"Apidae","kleptoparasite","BENHS",NA,"Whitstable, Kent, England",51.3606286,1.0240626,"Nomada goodeniana",12.3836406663361,3.01999908001547,14.6672362327564,18.7066941059667
"IGproject0869","Nomada","goodeniana","female",1978,6,1,"England","Devon","Plymouth","",2.948,1.869,8.932,2.633,"Apidae","kleptoparasite","BENHS",NA,"Plymouth, Devon, England",50.4323453,-3.7065512,"Nomada goodeniana",10.3756659560485,2.46703532839862,12.6160047778023,16.4310026281471
"IGproject0870","Nomada","goodeniana","female",1978,6,3,"England","Devon","Bigbury","",3.098,2.115,9.766,2.851,"Apidae","kleptoparasite","BENHS",NA,"Bigbury, Devon, England",50.3042614,-3.8750478,"Nomada goodeniana",10.433927581104,2.47493410369851,12.5968992644396,15.8101526961493
"IGproject0871","Nomada","goodeniana","male",1999,4,19,"England","Bristol","Bristol","Troopers Hill",2.78,1.742,8.634,2.435,"Apidae","kleptoparasite","BENHS",NA,"Troopers Hill, Bristol, Bristol, England",51.4561856,-2.5353019,"Nomada goodeniana",12.6663684207988,3.62962214423097,15.1655118395183,18.9874817809122
"IGproject0872","Nomada","goodeniana","female",1978,5,28,"England","Devon","Newton Abbot","Yarner Wood",3.065,1.983,9.13,2.675,"Apidae","kleptoparasite","BENHS",NA,"Yarner Wood, Newton Abbot, Devon, England",50.59576339,-3.725632682,"Nomada goodeniana",9.79772393749411,2.50817106219879,12.0155569770816,15.8740672779105
"IGproject0873","Nomada","goodeniana","female",1999,4,22,"England","Devon","Branscombe","",3.164,2.16,9.874,2.872,"Apidae","kleptoparasite","BENHS",NA,"Branscombe, Devon, England",50.6999699,-3.1553418,"Nomada goodeniana",11.4946320889457,3.41883214042717,13.7288377724413,17.4798993330206
"IGproject0874","Andrena","chrysosceles","male",1986,4,16,"England","Buckinghamshire","","Bovney Lock",2.302,1.323,5.923,1.522,"Andrenidae","excavator","BENHS",NA,"Bovney Lock, Buckinghamshire, England",51.4910955,-0.640906352,"Andrena chrysosceles",11.4462887935216,2.17808942497868,13.5272324448247,18.0013246818572
"IGproject0875","Andrena","chrysosceles","female",1979,7,7,"England","Hampshire","","Oidham Common",2.961,1.77,8.133,2.351,"Andrenidae","excavator","BENHS",NA,"Oidham Common, Hampshire, England",51.26878407,-0.92177797,"Andrena chrysosceles",10.7557025930813,3.8165466972466,14.062343879522,18.699912989679
"IGproject0876","Andrena","chrysosceles","female",1979,5,27,"England","Hampshire","Leckford","",3.056,2.017,8.323,2.298,"Andrenidae","excavator","BENHS",NA,"Leckford, Hampshire, England",51.1373322,-1.4651968,"Andrena chrysosceles",10.6565680408225,3.61871704357349,13.6964688458102,18.5946826464292
"IGproject0877","Andrena","chrysosceles","female",1985,7,6,"England","Somerset","","Withial Combe",2.821,1.763,7.762,2.207,"Andrenidae","excavator","BENHS",NA,"Withial Combe, Somerset, England",51.1349333,-2.615262032,"Andrena chrysosceles",11.3555369191335,3.42407542861236,15.1767401635172,20.5518434808352
"IGproject0878","Andrena","chrysosceles","female",1970,6,13,"England","Oxfordshire","","Bald Hill",2.894,1.795,7.848,2.199,"Andrenidae","excavator","BENHS",NA,"Bald Hill, Oxfordshire, England",51.6507671,-0.9557044,"Andrena chrysosceles",10.5301561345821,3.00745715361086,13.1911847582093,18.8550068124757
"IGproject0879","Andrena","chrysosceles","female",1985,6,30,"England","Somerset","Rodney Stoke","",2.799,1.679,7.758,2.237,"Andrenidae","excavator","BENHS",NA,"Rodney Stoke, Somerset, England",51.2479877,-2.7369072,"Andrena chrysosceles",11.2647746852024,3.28789856163291,14.9443529440002,19.7789662098443
"IGproject0880","Andrena","chrysosceles","female",1985,7,2,"England","Somerset","","Postlebury Wood",2.826,1.756,7.891,2.118,"Andrenidae","excavator","BENHS",NA,"Postlebury Wood, Somerset, England",51.1848412,-2.3722059,"Andrena chrysosceles",10.9732052991878,3.55455310101756,14.9598339756019,20.1534481608656
"IGproject0881","Andrena","chrysosceles","female",1985,6,30,"England","Somerset","Rodney Stoke","",2.235,1.283,6.161,1.738,"Andrenidae","excavator","BENHS",NA,"Rodney Stoke, Somerset, England",51.2479877,-2.7369072,"Andrena chrysosceles",11.2647746852024,3.28789856163291,14.9443529440002,19.7789662098443
"IGproject0882","Andrena","chrysosceles","female",1985,6,30,"England","Somerset","Rodney Stoke","",2.714,1.598,7.359,2.128,"Andrenidae","excavator","BENHS",NA,"Rodney Stoke, Somerset, England",51.2479877,-2.7369072,"Andrena chrysosceles",11.2647746852024,3.28789856163291,14.9443529440002,19.7789662098443
"IGproject0883","Andrena","chrysosceles","female",1927,5,14,"England","Dorset","","Yellowham Wood",2.78,1.75,7.71,2.221,"Andrenidae","excavator","BENHS",NA,"Yellowham Wood, Dorset, England",50.74223361,-2.378909966,"Andrena chrysosceles",10.7881863650489,2.48960081649932,13.5150538541028,18.4507245456046
"IGproject0884","Andrena","chrysosceles","male",1927,6,3,"England","Dorset","","Powerstock Common",2.318,1.435,6.402,1.654,"Andrenidae","excavator","BENHS",NA,"Powerstock Common, Dorset, England",50.7743059,-2.643853,"Andrena chrysosceles",9.92299979008902,2.2301035837158,12.3669155289638,17.550804141959
"IGproject0885","Andrena","chrysosceles","female",1938,4,30,"England","Greater London","London","Mill Hill",2.541,1.538,6.982,1.946,"Andrenidae","excavator","BENHS",NA,"Mill Hill, London, Greater London, England",51.6154423,-0.2330675,"Andrena chrysosceles",12.3921059538771,3.04987861523365,15.2330738687331,20.2050637470156
"IGproject0886","Andrena","chrysosceles","male",1938,4,30,"England","Greater London","London","Mill Hill",2.231,1.249,6.067,1.584,"Andrenidae","excavator","BENHS",NA,"Mill Hill, London, Greater London, England",51.6154423,-0.2330675,"Andrena chrysosceles",12.3921059538771,3.04987861523365,15.2330738687331,20.2050637470156
"IGproject0887","Andrena","chrysosceles","male",1936,4,26,"England","Greater London","London","Mill Hill",2.519,1.342,6.779,1.762,"Andrenidae","excavator","BENHS",NA,"Mill Hill, London, Greater London, England",51.6154423,-0.2330675,"Andrena chrysosceles",11.5051716224476,3.84395713847038,15.7420909096269,20.3591954023197
"IGproject0888","Andrena","chrysosceles","female",1927,5,14,"England","Dorset","","Yellowham Wood",2.993,1.869,8.317,2.388,"Andrenidae","excavator","BENHS",NA,"Yellowham Wood, Dorset, England",50.74223361,-2.378909966,"Andrena chrysosceles",10.7881863650489,2.48960081649932,13.5150538541028,18.4507245456046
"IGproject0889","Megachile","centuncularis","male",1918,6,28,"England","Kent","Gravesend","",3.367,2.464,7.522,2.177,"Megachilidae","cavity nester","BENHS",NA,"Gravesend, Kent, England",51.4424747,0.3694468,"Megachile centuncularis",16.7241743967838,0.482177922273185,17.1206905483509,22.6155203241533
"IGproject0890","Megachile","centuncularis","male",1914,7,19,"England","Kent","Darenth","",3.505,2.778,7.463,2.247,"Megachilidae","cavity nester","BENHS",NA,"Darenth, Kent, England",51.4204344,0.2510385,"Megachile centuncularis",15.1950278406951,0.452060051628326,15.7134185594163,20.8390108725417
"IGproject0891","Megachile","centuncularis","male",1918,6,21,"England","Kent","Gravesend","",3.441,2.514,7.34,2.035,"Megachilidae","cavity nester","BENHS",NA,"Gravesend, Kent, England",51.4424747,0.3694468,"Megachile centuncularis",16.7241743967838,0.482177922273185,17.1206905483509,22.6155203241533
"IGproject0892","Megachile","centuncularis","male",1983,8,6,"England","Buckinghamshire","","",3.463,2.578,7.3,2.054,"Megachilidae","cavity nester","BENHS",NA,"Buckinghamshire, England",51.840894,-0.8998074,"Megachile centuncularis",16.115471769065,0.333287402158236,16.4933535034979,21.6403986999894
"IGproject0893","Megachile","centuncularis","male",1918,6,28,"England","Kent","Gravesend","",3.424,2.673,7.601,2.158,"Megachilidae","cavity nester","BENHS",NA,"Gravesend, Kent, England",51.4424747,0.3694468,"Megachile centuncularis",16.7241743967838,0.482177922273185,17.1206905483509,22.6155203241533
"IGproject0894","Megachile","centuncularis","female",1932,8,4,"England","Norfolk","King's Lynn","",3.798,3.206,8.857,2.358,"Megachilidae","cavity nester","BENHS",NA,"King's Lynn, Norfolk, England",52.7538673,0.3954774,"Megachile centuncularis",15.1441238512256,0.909529753884144,16.1470028080332,20.6970247075326
"IGproject0895","Megachile","centuncularis","female",1923,7,18,"England","Dorset","","Yellowham Wood",3.658,3.041,8.343,2.288,"Megachilidae","cavity nester","BENHS",NA,"Yellowham Wood, Dorset, England",50.74223361,-2.378909966,"Megachile centuncularis",13.8059286377991,0.257244428922971,14.102924124128,19.0201272263367
"IGproject0896","Megachile","centuncularis","female",1915,7,29,"England","Kent","Chatham","",3.592,3.057,8.048,2.225,"Megachilidae","cavity nester","BENHS",NA,"Chatham, Kent, England",51.3731494,0.5502202,"Megachile centuncularis",16.7376058504445,1.22171684754812,17.5403108614409,22.377818744678
"IGproject0897","Megachile","centuncularis","female",1918,6,23,"England","Kent","Gravesend","",3.703,3.123,8.251,2.365,"Megachilidae","cavity nester","BENHS",NA,"Gravesend, Kent, England",51.4424747,0.3694468,"Megachile centuncularis",16.7241743967838,0.482177922273185,17.1206905483509,22.6155203241533
"IGproject0898","Megachile","centuncularis","female",1918,6,23,"England","Kent","Gravesend","",3.65,3.006,8.081,2.371,"Megachilidae","cavity nester","BENHS",NA,"Gravesend, Kent, England",51.4424747,0.3694468,"Megachile centuncularis",16.7241743967838,0.482177922273185,17.1206905483509,22.6155203241533
"IGproject0899","Megachile","centuncularis","female",1982,7,10,"England","Buckinghamshire","Burnham","",3.552,3.084,8.227,2.27,"Megachilidae","cavity nester","BENHS",NA,"Burnham, Buckinghamshire, England",51.5362073,-0.6571411,"Megachile centuncularis",15.8062314423841,1.7333477529156,17.1052741632362,22.4481111932702
"IGproject0900","Lasioglossum","fulvicorne","male",1964,9,2,"England","Greater London","Keston","",1.659,1.18,5.019,1.202,"Halictidae","excavator","BENHS",NA,"Keston, Greater London, England",51.3609685,0.0290762,"Lasioglossum fulvicorne",12.8940697537557,3.048369398364,15.4083603560308,20.0923330672025
"IGproject0901","Lasioglossum","fulvicorne","male",1969,8,24,"England","Oxfordshire","Moulsford","",1.873,1.373,5.582,1.344,"Halictidae","excavator","BENHS",NA,"Moulsford, Oxfordshire, England",51.551939,-1.1496589,"Lasioglossum fulvicorne",12.4542652122166,3.51545868414712,15.2444401514828,19.7571594717839
"IGproject0902","Lasioglossum","fulvicorne","male",1968,10,6,"England","Surrey","","White Down",1.709,1.198,5.054,1.258,"Halictidae","excavator","BENHS",NA,"White Down, Surrey, England",51.2271473,-0.4095533,"Lasioglossum fulvicorne",12.6019619344539,3.90330306753265,16.6889805610118,22.154841611814
"IGproject0903","Lasioglossum","fulvicorne","female",1971,5,9,"England","Berkshire","Windsor","",1.815,1.276,5.437,1.433,"Halictidae","excavator","BENHS",NA,"Windsor, Berkshire, England",51.4837886,-0.6040419,"Lasioglossum fulvicorne",14.2104766261386,4.13125362618093,17.2143878884109,23.1589271589149
"IGproject0904","Lasioglossum","fulvicorne","female",1974,8,17,"England","Hampshire","Leckford","",1.765,1.307,5.323,1.454,"Halictidae","excavator","BENHS",NA,"Leckford, Hampshire, England",51.1373322,-1.4651968,"Lasioglossum fulvicorne",13.5054673871227,3.99358652461069,17.6340173002957,23.0547161284024
"IGproject0905","Lasioglossum","fulvicorne","female",1921,6,8,"England","Kent","Fawkham","",1.839,1.306,5.403,1.422,"Halictidae","excavator","BENHS",NA,"Fawkham, Kent, England",51.3762035,0.2811518,"Lasioglossum fulvicorne",12.5062621477633,2.53300335571441,14.4771814202584,19.9091625287856
"IGproject0906","Lasioglossum","fulvicorne","female",1914,5,31,"England","Kent","Halling","",1.812,1.34,5.398,1.454,"Halictidae","excavator","BENHS",NA,"Halling, Kent, England",51.354593,0.4440944,"Lasioglossum fulvicorne",12.9790162193703,3.07086470327993,15.5086176388004,20.3041937001767
"IGproject0907","Lasioglossum","fulvicorne","female",1911,7,30,"England","Kent","Gravesend","",1.762,1.271,5.027,1.345,"Halictidae","excavator","BENHS",NA,"Gravesend, Kent, England",51.4424747,0.3694468,"Lasioglossum fulvicorne",13.2598517480003,3.43462771005896,16.0621444631111,20.5395103033777
"IGproject0908","Lasioglossum","fulvicorne","male",1904,8,27,"England","Berkshire","Newbury","",1.72,1.201,4.931,1.197,"Halictidae","excavator","BENHS",NA,"Newbury, Berkshire, England",51.4020243,-1.3242212,"Lasioglossum fulvicorne",11.984896823879,3.52219810575571,15.4432074946993,20.4417389510022
"IGproject0909","Lasioglossum","fulvicorne","female",1968,10,6,"England","Surrey","","White Down",1.775,1.273,5.243,1.341,"Halictidae","excavator","BENHS",NA,"White Down, Surrey, England",51.2271473,-0.4095533,"Lasioglossum fulvicorne",12.6019619344539,3.90330306753265,16.6889805610118,22.154841611814
"IGproject0910","Hylaeus","hyalinatus","male",1983,7,8,"England","Cornwall","","Tregardock Beach",1.583,1.127,4.068,0.984,"Colletidae","cavity nester","BENHS",NA,"Tregardock Beach, Cornwall, England",50.6240515,-4.770595,"Hylaeus hyalinatus",15.1951482095532,0.801676059520614,15.737627665192,18.8623396398002
"IGproject0911","Hylaeus","hyalinatus","male",1983,7,9,"England","Cornwall","Lizard","",1.729,1.423,4.389,1.086,"Colletidae","cavity nester","BENHS",NA,"Lizard, Cornwall, England",50.02964889,-5.195961501,"Hylaeus hyalinatus",15.1343874572542,0.876373102118915,15.7948535215762,19.128654334973
"IGproject0912","Hylaeus","hyalinatus","male",1982,7,10,"England","Buckinghamshire","Burnham","",1.616,1.227,4.246,1.058,"Colletidae","cavity nester","BENHS",NA,"Burnham, Buckinghamshire, England",51.5362073,-0.6571411,"Hylaeus hyalinatus",15.8062314423841,1.7333477529156,17.1052741632362,22.4481111932702
"IGproject0913","Hylaeus","hyalinatus","female",1970,6,28,"England","Surrey","Milford","",1.644,1.292,4.478,1.12,"Colletidae","cavity nester","BENHS",NA,"Milford, Surrey, England",51.163179,-0.6368939,"Hylaeus hyalinatus",15.884442408016,1.72345714227551,17.258540908042,22.8584468815564
"IGproject0914","Hylaeus","hyalinatus","female",1918,6,21,"England","Kent","Gravesend","",1.733,1.321,4.55,1.122,"Colletidae","cavity nester","BENHS",NA,"Gravesend, Kent, England",51.4424747,0.3694468,"Hylaeus hyalinatus",16.7241743967838,0.482177922273185,17.1206905483509,22.6155203241533
"IGproject0915","Hylaeus","hyalinatus","female",1982,5,31,"England","Buckinghamshire","Burnham","",1.67,1.246,4.517,1.089,"Colletidae","cavity nester","BENHS",NA,"Burnham, Buckinghamshire, England",51.5362073,-0.6571411,"Hylaeus hyalinatus",15.8062314423841,1.7333477529156,17.1052741632362,22.4481111932702
"IGproject0916","Hylaeus","hyalinatus","female",1983,8,6,"England","Buckinghamshire","Burnham","",1.54,1.195,4.304,0.986,"Colletidae","cavity nester","BENHS",NA,"Burnham, Buckinghamshire, England",51.5362073,-0.6571411,"Hylaeus hyalinatus",16.7207711345546,0.42971778238105,17.2044821287642,22.1530909331308
"IGproject0917","Hylaeus","hyalinatus","female",1937,7,11,"England","Dorset","Dorchester","",1.64,1.265,4.487,1.098,"Colletidae","cavity nester","BENHS",NA,"Dorchester, Dorset, England",50.7132064,-2.4371229,"Hylaeus hyalinatus",15.0583579520899,0.778525401593362,15.9070104317313,20.9498670444194
"IGproject0918","Hylaeus","hyalinatus","female",1982,6,23,"England","Buckinghamshire","Burnham","",1.712,1.347,4.59,1.1,"Colletidae","cavity nester","BENHS",NA,"Burnham, Buckinghamshire, England",51.5362073,-0.6571411,"Hylaeus hyalinatus",15.8062314423841,1.7333477529156,17.1052741632362,22.4481111932702
"IGproject0974","Nomada","flava","female",1916,5,NA,"England","Devon","Paignton","",2.659,1.739,8.921,2.485,"Apidae","kleptoparasite","OUMNH",NA,"Paignton, Devon, England",50.4377018,-3.5632704,"Nomada flava",11.795021346329,2.64214136962546,14.1018249682704,17.7223432559648
"IGproject0975","Nomada","flava","female",1916,5,NA,"England","Devon","Paignton","",2.747,1.877,9.291,2.572,"Apidae","kleptoparasite","OUMNH",NA,"Paignton, Devon, England",50.4377018,-3.5632704,"Nomada flava",11.795021346329,2.64214136962546,14.1018249682704,17.7223432559648
"IGproject0976","Nomada","flava","female",1916,5,NA,"England","Devon","Paignton","",2.793,1.947,9.328,2.691,"Apidae","kleptoparasite","OUMNH",NA,"Paignton, Devon, England",50.4377018,-3.5632704,"Nomada flava",11.795021346329,2.64214136962546,14.1018249682704,17.7223432559648
"IGproject0977","Nomada","flava","female",1916,5,NA,"England","Devon","Paignton","",2.412,1.553,8.013,2.3,"Apidae","kleptoparasite","OUMNH",NA,"Paignton, Devon, England",50.4377018,-3.5632704,"Nomada flava",11.795021346329,2.64214136962546,14.1018249682704,17.7223432559648
"IGproject0978","Nomada","flava","female",1915,6,3,"England","Devon","Brixham","Churston Ferrers",2.933,2.036,9.818,2.796,"Apidae","kleptoparasite","OUMNH",NA,"Churston Ferrers, Brixham, Devon, England",50.3945707,-3.565572,"Nomada flava",12.4213745016455,2.46888396291283,15.1318580371774,19.4997297118098
"IGproject0979","Nomada","flava","female",1921,5,NA,"England","Devon","Newton Abbot","",2.805,1.979,9.455,2.744,"Apidae","kleptoparasite","OUMNH",NA,"Newton Abbot, Devon, England",50.5296441,-3.6112097,"Nomada flava",12.1320228246415,2.64698011761563,14.7632145274754,18.8010868016582
"IGproject0980","Nomada","flava","female",1916,5,NA,"England","Devon","Paignton","",2.346,1.571,7.976,2.262,"Apidae","kleptoparasite","OUMNH",NA,"Paignton, Devon, England",50.4377018,-3.5632704,"Nomada flava",11.795021346329,2.64214136962546,14.1018249682704,17.7223432559648
"IGproject0981","Nomada","flava","female",1908,5,30,"England","West Midlands","Knowle","",2.784,1.96,9.43,2.806,"Apidae","kleptoparasite","OUMNH",NA,"Knowle, West Midlands, England",52.3932659,-1.738959,"Nomada flava",9.68460561538573,2.5075613541973,12.0377313370326,16.3974910317451
"IGproject0982","Nomada","flava","female",1916,5,NA,"England","Devon","Paignton","",2.424,1.613,8.099,2.39,"Apidae","kleptoparasite","OUMNH",NA,"Paignton, Devon, England",50.4377018,-3.5632704,"Nomada flava",11.795021346329,2.64214136962546,14.1018249682704,17.7223432559648
"IGproject0983","Nomada","flava","female",1915,5,17,"England","Gloucestershire","Wotton-under-Edge","",2.789,1.911,9.613,2.664,"Apidae","kleptoparasite","OUMNH",NA,"Wotton-under-Edge, Gloucestershire, England",51.6378241,-2.3547251,"Nomada flava",11.8561706437816,2.62864888433412,14.7980816567123,20.1851836349757
"IGproject0984","Nomada","flava","female",1921,5,NA,"England","Devon","Newton Abbot","",2.511,1.648,8.59,2.472,"Apidae","kleptoparasite","OUMNH",NA,"Newton Abbot, Devon, England",50.5296441,-3.6112097,"Nomada flava",12.1320228246415,2.64698011761563,14.7632145274754,18.8010868016582
"IGproject0985","Nomada","flava","female",1915,5,18,"England","Gloucestershire","Wotton-under-Edge","",2.833,1.948,9.48,2.777,"Apidae","kleptoparasite","OUMNH",NA,"Wotton-under-Edge, Gloucestershire, England",51.6378241,-2.3547251,"Nomada flava",11.8561706437816,2.62864888433412,14.7980816567123,20.1851836349757
"IGproject0986","Nomada","flava","female",1902,5,25,"England","Greater London","London","Wimbledon",2.883,2.016,9.881,2.709,"Apidae","kleptoparasite","OUMNH",NA,"Wimbledon, London, Greater London, England",51.4214787,-0.2064027,"Nomada flava",12.219665469018,3.02046450134714,15.2615160560726,20.7464990518602
"IGproject0987","Nomada","flava","female",1918,5,19,"England","Devon","Paignton","",2.853,1.983,9.605,2.77,"Apidae","kleptoparasite","OUMNH",NA,"Paignton, Devon, England",50.4377018,-3.5632704,"Nomada flava",11.4511985842094,4.11085450921821,14.9443997879067,18.6496433021271
"IGproject0988","Nomada","flava","female",1915,5,18,"England","Gloucestershire","Wotton-under-Edge","",2.239,1.387,7.371,2.161,"Apidae","kleptoparasite","OUMNH",NA,"Wotton-under-Edge, Gloucestershire, England",51.6378241,-2.3547251,"Nomada flava",11.8561706437816,2.62864888433412,14.7980816567123,20.1851836349757
"IGproject0989","Nomada","flava","female",1918,5,19,"England","Devon","Paignton","",2.203,1.369,7.349,2,"Apidae","kleptoparasite","OUMNH",NA,"Paignton, Devon, England",50.4377018,-3.5632704,"Nomada flava",11.4511985842094,4.11085450921821,14.9443997879067,18.6496433021271
"IGproject0990","Nomada","flava","female",1947,5,11,"England","Devon","Sheepstor","",2.416,1.675,7.927,2.19,"Apidae","kleptoparasite","OUMNH",NA,"Sheepstor, Devon, England",50.4908765,-4.0318718,"Nomada flava",10.1452252440194,1.31000725118669,11.4883281494026,15.1128276051803
"IGproject0991","Nomada","flava","female",1947,5,1,"England","Devon","Sheepstor","",2.517,1.734,8.097,2.259,"Apidae","kleptoparasite","OUMNH",NA,"Sheepstor, Devon, England",50.4908765,-4.0318718,"Nomada flava",10.1452252440194,1.31000725118669,11.4883281494026,15.1128276051803
"IGproject0992","Nomada","flava","female",1947,5,1,"England","Devon","Sheepstor","",2.438,1.663,8.08,2.315,"Apidae","kleptoparasite","OUMNH",NA,"Sheepstor, Devon, England",50.4908765,-4.0318718,"Nomada flava",10.1452252440194,1.31000725118669,11.4883281494026,15.1128276051803
"IGproject0993","Nomada","flava","female",1947,5,11,"England","Devon","Sheepstor","",2.358,1.628,7.71,2.274,"Apidae","kleptoparasite","OUMNH",NA,"Sheepstor, Devon, England",50.4908765,-4.0318718,"Nomada flava",10.1452252440194,1.31000725118669,11.4883281494026,15.1128276051803
"IGproject0994","Nomada","flava","female",1947,5,1,"England","Devon","Sheepstor","",2.517,1.703,8.122,2.372,"Apidae","kleptoparasite","OUMNH",NA,"Sheepstor, Devon, England",50.4908765,-4.0318718,"Nomada flava",10.1452252440194,1.31000725118669,11.4883281494026,15.1128276051803
"IGproject0995","Nomada","flava","female",1947,5,11,"England","Devon","Sheepstor","",2.452,1.69,8.006,2.332,"Apidae","kleptoparasite","OUMNH",NA,"Sheepstor, Devon, England",50.4908765,-4.0318718,"Nomada flava",10.1452252440194,1.31000725118669,11.4883281494026,15.1128276051803
"IGproject0996","Nomada","flava","female",1947,5,11,"England","Devon","Dewerstone","",2.477,1.708,8.242,2.309,"Apidae","kleptoparasite","OUMNH",NA,"Dewerstone, Devon, England",50.4566379,-4.0611944,"Nomada flava",10.697860964142,1.32740625739019,12.0186761117582,15.725142158092
"IGproject0997","Nomada","flava","female",1946,5,4,"England","Devon","Plymouth","Dewerstone Forest, Near Shaugh Prior",2.192,1.428,7.067,2.11,"Apidae","kleptoparasite","OUMNH",NA,"Dewerstone Forest, Near Shaugh Prior, Plymouth, Devon, England",50.45504038,-4.059848681,"Nomada flava",11.6453602538797,1.61250706049352,13.2611651922265,16.9206708174604
"IGproject0998","Nomada","flava","female",1947,5,11,"England","Devon","Sheepstor","",2.402,1.684,8.11,2.33,"Apidae","kleptoparasite","OUMNH",NA,"Sheepstor, Devon, England",50.4908765,-4.0318718,"Nomada flava",10.1452252440194,1.31000725118669,11.4883281494026,15.1128276051803
"IGproject0999","Nomada","flava","female",1947,5,11,"England","Devon","Sheepstor","",2.5,1.733,8.285,2.444,"Apidae","kleptoparasite","OUMNH",NA,"Sheepstor, Devon, England",50.4908765,-4.0318718,"Nomada flava",10.1452252440194,1.31000725118669,11.4883281494026,15.1128276051803
"IGproject1000","Nomada","flava","female",1947,5,11,"England","Devon","Sheepstor","",2.149,1.405,7.08,1.972,"Apidae","kleptoparasite","OUMNH",NA,"Sheepstor, Devon, England",50.4908765,-4.0318718,"Nomada flava",10.1452252440194,1.31000725118669,11.4883281494026,15.1128276051803
"IGproject1001","Nomada","flava","female",1943,5,43,"England","Hampshire","","New Forest",2.069,1.35,6.699,1.974,"Apidae","kleptoparasite","OUMNH",NA,"New Forest, Hampshire, England",50.8557268,-1.5956844,"Nomada flava",11.7510064197428,2.62873542354744,14.6401366209523,21.0939570709138
"IGproject1002","Nomada","flava","female",1947,5,11,"England","Devon","Sheepstor","",2.056,1.277,6.701,1.946,"Apidae","kleptoparasite","OUMNH",NA,"Sheepstor, Devon, England",50.4908765,-4.0318718,"Nomada flava",10.1452252440194,1.31000725118669,11.4883281494026,15.1128276051803
"IGproject1003","Nomada","flava","female",1979,5,14,"England","Devon","Sheepstor","",2.531,1.755,8.368,2.342,"Apidae","kleptoparasite","OUMNH",NA,"Sheepstor, Devon, England",50.4908765,-4.0318718,"Nomada flava",9.72638666887756,3.66093047397858,12.5482207630998,16.4401298454396
"IGproject1004","Nomada","flava","female",1943,5,16,"England","Hampshire","Lyndhurst","",2.462,1.687,7.925,2.285,"Apidae","kleptoparasite","OUMNH",NA,"Lyndhurst, Hampshire, England",50.8727657,-1.5748436,"Nomada flava",11.8168236118952,2.63438641947184,14.713010325064,21.124253307959
"IGproject1005","Nomada","flava","female",1936,5,3,"England","Devon","Dartmoor","Hexworthy",2.5,1.76,8.277,2.421,"Apidae","kleptoparasite","OUMNH",NA,"Hexworthy, Dartmoor, Devon, England",50.5379971,-3.8990284,"Nomada flava",9.81066893732658,2.74819840903728,12.7708220979349,16.141615661551
"IGproject1006","Nomada","flava","female",1930,4,25,"England","Devon","Plymouth","Dewerstone Forest, Near Shaugh Prior",2.457,1.77,8.239,2.322,"Apidae","kleptoparasite","OUMNH",NA,"Dewerstone Forest, Near Shaugh Prior, Plymouth, Devon, England",50.45504038,-4.059848681,"Nomada flava",10.118747127091,2.82773038302125,12.7174812226106,16.9295673510527
"IGproject1007","Nomada","flava","female",1930,4,25,"England","Devon","Plymouth","Dewerstone Forest, Near Shaugh Prior",2.448,1.655,8.038,2.244,"Apidae","kleptoparasite","OUMNH",NA,"Dewerstone Forest, Near Shaugh Prior, Plymouth, Devon, England",50.45504038,-4.059848681,"Nomada flava",10.118747127091,2.82773038302125,12.7174812226106,16.9295673510527
"IGproject1008","Nomada","flava","female",1930,4,25,"England","Devon","Plymouth","Dewerstone Forest, Near Shaugh Prior",2.477,1.73,8.152,2.373,"Apidae","kleptoparasite","OUMNH",NA,"Dewerstone Forest, Near Shaugh Prior, Plymouth, Devon, England",50.45504038,-4.059848681,"Nomada flava",10.118747127091,2.82773038302125,12.7174812226106,16.9295673510527
"IGproject1009","Nomada","flava","female",1947,5,4,"England","Devon","Plymouth","Dewerstone Forest, Near Shaugh Prior",2.389,1.563,7.689,2.177,"Apidae","kleptoparasite","OUMNH",NA,"Dewerstone Forest, Near Shaugh Prior, Plymouth, Devon, England",50.45504038,-4.059848681,"Nomada flava",10.6963437607438,1.32995181248248,12.0188437810275,15.7208757445015
"IGproject1010","Nomada","flava","female",1946,5,4,"England","Devon","Plymouth","Dewerstone Forest, Near Shaugh Prior",2.31,1.555,7.805,2.116,"Apidae","kleptoparasite","OUMNH",NA,"Dewerstone Forest, Near Shaugh Prior, Plymouth, Devon, England",50.45504038,-4.059848681,"Nomada flava",11.6453602538797,1.61250706049352,13.2611651922265,16.9206708174604
"IGproject1011","Nomada","flava","male",1918,4,27,"England","Devon","Paignton","",2.368,1.438,7.542,2.085,"Apidae","kleptoparasite","OUMNH",NA,"Paignton, Devon, England",50.4377018,-3.5632704,"Nomada flava",11.4511985842094,4.11085450921821,14.9443997879067,18.6496433021271
"IGproject1012","Nomada","flava","male",1918,5,19,"England","Devon","Paignton","",2.847,1.92,9.326,2.556,"Apidae","kleptoparasite","OUMNH",NA,"Paignton, Devon, England",50.4377018,-3.5632704,"Nomada flava",11.4511985842094,4.11085450921821,14.9443997879067,18.6496433021271
"IGproject1013","Nomada","flava","male",1916,5,NA,"England","Devon","Paignton","",2.37,1.49,7.554,2.094,"Apidae","kleptoparasite","OUMNH",NA,"Paignton, Devon, England",50.4377018,-3.5632704,"Nomada flava",11.795021346329,2.64214136962546,14.1018249682704,17.7223432559648
"IGproject1014","Nomada","flava","male",1915,6,3,"England","Devon","Brixham","Churston Ferrers",2.892,2.001,9.355,2.522,"Apidae","kleptoparasite","OUMNH",NA,"Churston Ferrers, Brixham, Devon, England",50.3945707,-3.565572,"Nomada flava",12.4213745016455,2.46888396291283,15.1318580371774,19.4997297118098
"IGproject1015","Nomada","flava","male",1916,5,NA,"England","Devon","Paignton","",2.818,1.854,9.021,2.353,"Apidae","kleptoparasite","OUMNH",NA,"Paignton, Devon, England",50.4377018,-3.5632704,"Nomada flava",11.795021346329,2.64214136962546,14.1018249682704,17.7223432559648
"IGproject1016","Nomada","flava","male",1914,4,25,"England","Devon","Chudleigh","Ugbrooke",2.376,1.448,7.726,2.137,"Apidae","kleptoparasite","OUMNH",NA,"Ugbrooke, Chudleigh, Devon, England",50.5914631,-3.5899397,"Nomada flava",11.313432487898,2.72693587049404,13.6921588411379,18.3316585976387
"IGproject1017","Nomada","flava","male",1897,5,NA,"Wales","Monmouthshire","Raglan","",2.837,1.969,9.287,2.507,"Apidae","kleptoparasite","OUMNH",NA,"Raglan, Monmouthshire, Wales",51.7650543,-2.8540602,"Nomada flava",12.9858079188551,3.46534506497615,16.5383722094238,22.2830727416821
"IGproject1018","Nomada","flava","male",1916,5,NA,"England","Devon","Paignton","",2.034,1.201,6.312,1.754,"Apidae","kleptoparasite","OUMNH",NA,"Paignton, Devon, England",50.4377018,-3.5632704,"Nomada flava",11.795021346329,2.64214136962546,14.1018249682704,17.7223432559648
"IGproject1019","Nomada","flava","male",1914,4,25,"England","Devon","Chudleigh","Ugbrooke",2.232,1.404,7.367,1.932,"Apidae","kleptoparasite","OUMNH",NA,"Ugbrooke, Chudleigh, Devon, England",50.5914631,-3.5899397,"Nomada flava",11.313432487898,2.72693587049404,13.6921588411379,18.3316585976387
"IGproject1020","Nomada","flava","male",1915,5,31,"England","Devon","Newton Abbot","",2.757,1.87,9.134,2.495,"Apidae","kleptoparasite","OUMNH",NA,"Newton Abbot, Devon, England",50.5296441,-3.6112097,"Nomada flava",12.5389003268132,2.43478455109627,15.2409347826993,20.0438295353353
"IGproject1021","Nomada","flava","male",1918,5,19,"England","Devon","Brixham","Churston Ferrers",2.709,1.814,8.921,2.37,"Apidae","kleptoparasite","OUMNH",NA,"Churston Ferrers, Brixham, Devon, England",50.3945707,-3.565572,"Nomada flava",11.3740142552105,4.08004957477699,14.8408469589896,18.412267743176
"IGproject1022","Nomada","flava","male",1897,5,NA,"Wales","Monmouthshire","Raglan","",2.958,1.988,9.583,2.657,"Apidae","kleptoparasite","OUMNH",NA,"Raglan, Monmouthshire, Wales",51.7650543,-2.8540602,"Nomada flava",12.9858079188551,3.46534506497615,16.5383722094238,22.2830727416821
"IGproject1023","Nomada","flava","male",1914,4,25,"England","Devon","Chudleigh","Ugbrooke",2.694,1.823,9.146,2.451,"Apidae","kleptoparasite","OUMNH",NA,"Ugbrooke, Chudleigh, Devon, England",50.5914631,-3.5899397,"Nomada flava",11.313432487898,2.72693587049404,13.6921588411379,18.3316585976387
"IGproject1024","Nomada","flava","male",1916,5,NA,"England","Devon","Paignton","",2.347,1.486,7.379,2.013,"Apidae","kleptoparasite","OUMNH",NA,"Paignton, Devon, England",50.4377018,-3.5632704,"Nomada flava",11.795021346329,2.64214136962546,14.1018249682704,17.7223432559648
"IGproject1025","Nomada","flava","male",1913,5,13,"England","Devon","Newton Abbot","",2.738,1.844,8.974,2.403,"Apidae","kleptoparasite","OUMNH",NA,"Newton Abbot, Devon, England",50.5296441,-3.6112097,"Nomada flava",12.2234085385475,1.94899378086423,14.0219067066459,17.7999548359375
"IGproject1026","Nomada","flava","male",1897,5,NA,"Wales","Monmouthshire","Raglan","",2.912,1.937,9.408,2.526,"Apidae","kleptoparasite","OUMNH",NA,"Raglan, Monmouthshire, Wales",51.7650543,-2.8540602,"Nomada flava",12.9858079188551,3.46534506497615,16.5383722094238,22.2830727416821
"IGproject1027","Nomada","flava","female",1914,5,20,"England","Devon","Bovey Tracey","",2.557,1.782,8.76,2.592,"Apidae","kleptoparasite","OUMNH",NA,"Bovey Tracey, Devon, England",50.6046632,-3.6856762,"Nomada flava",10.9906581831236,2.71514787110246,13.4100051273323,18.0133687887148
"IGproject1028","Nomada","flava","male",1992,5,13,"England","Oxfordshire","Oxford","Wolfson College",2.46,1.601,8.051,2.271,"Apidae","kleptoparasite","OUMNH",NA,"Wolfson College, Oxford, Oxfordshire, England",51.7711141,-1.2543347,"Nomada flava",10.8740634793619,2.28390034540936,12.8803801253718,16.6925347755011
"IGproject1029","Nomada","flava","male",1992,5,13,"England","Oxfordshire","Oxford","Wolfson College",2.926,1.949,9.483,2.551,"Apidae","kleptoparasite","OUMNH",NA,"Wolfson College, Oxford, Oxfordshire, England",51.7711141,-1.2543347,"Nomada flava",10.8740634793619,2.28390034540936,12.8803801253718,16.6925347755011
"IGproject1030","Nomada","flava","female",2002,5,16,"England","Oxfordshire","Oxford","Shotover",2.782,2.018,9.386,2.609,"Apidae","kleptoparasite","OUMNH",NA,"Shotover, Oxford, Oxfordshire, England",51.7561128,-1.1551229,"Nomada flava",11.908780275661,3.40076487389643,14.8612483535879,20.0469597087182
"IGproject1031","Nomada","flava","male",1992,4,29,"England","Oxfordshire","Oxford","Wolfson College",2.818,1.896,8.989,2.456,"Apidae","kleptoparasite","OUMNH",NA,"Wolfson College, Oxford, Oxfordshire, England",51.7711141,-1.2543347,"Nomada flava",10.8740634793619,2.28390034540936,12.8803801253718,16.6925347755011
"IGproject1032","Nomada","flava","female",1963,6,13,"Wales","Gwynedd","Conwy","",2.794,1.929,9.525,2.678,"Apidae","kleptoparasite","OUMNH",NA,"Conwy, Gwynedd, Wales",53.2882223,-3.9786546,"Nomada flava",9.27969022328645,2.62419628467004,11.9766134207343,15.2301793152749
"IGproject1033","Nomada","flava","female",1999,5,29,"England","Oxfordshire","Eynsham","",2.867,2.074,9.2,2.762,"Apidae","kleptoparasite","OUMNH",NA,"Eynsham, Oxfordshire, England",51.7815319,-1.3826102,"Nomada flava",12.0513449057862,3.53772417846888,14.7276323153108,18.6642949883321
"IGproject1034","Nomada","flava","female",1999,5,26,"England","Worcestershire","Droitwich","Porters Mill",2.876,1.968,9.515,2.789,"Apidae","kleptoparasite","OUMNH",NA,"Porters Mill, Droitwich, Worcestershire, England",52.24610873,-2.202578135,"Nomada flava",12.1524867114551,3.55116835896282,14.6975508408847,19.1761088515855
"IGproject1035","Nomada","flava","female",1948,5,15,"England","Devon","Woodbury","",2.14,1.31,7.252,2.032,"Apidae","kleptoparasite","OUMNH",NA,"Woodbury, Devon, England",50.6759768,-3.4061001,"Nomada flava",11.5232515852858,2.79407821851544,14.2072265478804,18.2668273223215
"IGproject1036","Nomada","flava","male",1950,5,12,"England","Devon","Woodbury","",2.383,1.511,7.838,2.015,"Apidae","kleptoparasite","OUMNH",NA,"Woodbury, Devon, England",50.6759768,-3.4061001,"Nomada flava",11.8034096435629,2.78534962178674,14.9666342494343,20.070143758804
"IGproject1037","Nomada","flava","female",1950,5,6,"England","Devon","Exeter","Exwick",2.811,1.945,9.548,2.84,"Apidae","kleptoparasite","OUMNH",NA,"Exwick, Exeter, Devon, England",50.7321721,-3.5501132,"Nomada flava",12.0040507765409,2.8231611904885,15.2223277847833,20.5581030495494
"IGproject1038","Nomada","flava","male",1950,5,6,"England","Devon","Exeter","Exwick",2.814,1.947,9.168,2.544,"Apidae","kleptoparasite","OUMNH",NA,"Exwick, Exeter, Devon, England",50.7321721,-3.5501132,"Nomada flava",12.0040507765409,2.8231611904885,15.2223277847833,20.5581030495494
"IGproject1039","Nomada","flava","female",1950,5,6,"England","Devon","Exeter","Exwick",2.673,1.836,9.051,2.572,"Apidae","kleptoparasite","OUMNH",NA,"Exwick, Exeter, Devon, England",50.7321721,-3.5501132,"Nomada flava",12.0040507765409,2.8231611904885,15.2223277847833,20.5581030495494
"IGproject1040","Nomada","flava","female",1949,5,7,"England","Devon","Bovey Tracey","Chudleigh Knighton Heath",2.789,1.894,9.295,2.721,"Apidae","kleptoparasite","OUMNH",NA,"Chudleigh Knighton Heath, Bovey Tracey, Devon, England",50.58100978,-3.64619059,"Nomada flava",12.0337359141115,2.46414761095887,14.3040826911781,18.3754285477207
"IGproject1041","Nomada","flava","female",1955,5,22,"England","Devon","Torquay","Coast Path",2.872,2.046,9.542,2.708,"Apidae","kleptoparasite","OUMNH",NA,"Coast Path, Torquay, Devon, England",50.46942104,-3.493802538,"Nomada flava",11.2159262115185,2.72377926101152,13.762262268583,16.7018736580791
"IGproject1042","Nomada","flava","female",1978,6,19,"England","Oxfordshire","Abingdon","Dry Sandford Pit",2.892,2.099,9.718,2.791,"Apidae","kleptoparasite","OUMNH",NA,"Dry Sandford Pit, Abingdon, Oxfordshire, England",51.69478825,-1.32635399,"Nomada flava",10.1037673167086,2.54128491731616,12.2976181398967,16.4495371821303
"IGproject1043","Nomada","flava","female",1972,6,3,"England","Oxfordshire","Cumnor","Hill End",2.859,1.944,9.196,2.634,"Apidae","kleptoparasite","OUMNH",NA,"Hill End, Cumnor, Oxfordshire, England",51.756618,-1.3254981,"Nomada flava",10.8613784309167,2.63976176055003,12.8209573528594,17.1145263368446
"IGproject1044","Nomada","flava","female",1955,5,20,"England","Devon","Dawlish Warren","",2.302,1.483,7.801,2.28,"Apidae","kleptoparasite","OUMNH",NA,"Dawlish Warren, Devon, England",50.5986475,-3.4437159,"Nomada flava",11.0042325600941,2.74022397302136,13.5863935077801,16.8649391562767
"IGproject1045","Nomada","flava","female",1915,5,7,"England","Surrey","Cobham","",2.089,1.298,7.009,2.083,"Apidae","kleptoparasite","OUMNH",NA,"Cobham, Surrey, England",51.3300079,-0.4120821,"Nomada flava",12.1957544685676,2.63254655074706,15.0872175024869,21.0487665607951
"IGproject1046","Nomada","flava","female",1961,5,3,"England","Bristol","Bristol","Coombe Dingle",2.803,1.905,9.305,2.754,"Apidae","kleptoparasite","OUMNH",NA,"Coombe Dingle, Bristol, Bristol, England",51.4921891,-2.6400554,"Nomada flava",13.3304613174565,3.66462838957047,16.8189255850302,21.3369043372946
"IGproject1047","Nomada","flava","female",1982,5,13,"England","Oxfordshire","","Bernwood Forest",2.527,1.671,8.251,2.45,"Apidae","kleptoparasite","OUMNH",NA,"Bernwood Forest, Oxfordshire, England",51.80063858,-1.114713435,"Nomada flava",10.727798862024,2.8950526082311,13.3687751038126,17.6286497120673
"IGproject1048","Nomada","flava","female",1982,5,13,"England","Oxfordshire","","Bernwood Forest",2.537,1.711,8.671,2.418,"Apidae","kleptoparasite","OUMNH",NA,"Bernwood Forest, Oxfordshire, England",51.80063858,-1.114713435,"Nomada flava",10.727798862024,2.8950526082311,13.3687751038126,17.6286497120673
"IGproject1049","Nomada","flava","female",1982,5,13,"England","Oxfordshire","","Bernwood Forest",2.435,1.659,8.085,2.377,"Apidae","kleptoparasite","OUMNH",NA,"Bernwood Forest, Oxfordshire, England",51.80063858,-1.114713435,"Nomada flava",10.727798862024,2.8950526082311,13.3687751038126,17.6286497120673
"IGproject1050","Nomada","flava","female",1982,5,13,"England","Oxfordshire","","Bernwood Forest",2.264,1.511,7.535,2.158,"Apidae","kleptoparasite","OUMNH",NA,"Bernwood Forest, Oxfordshire, England",51.80063858,-1.114713435,"Nomada flava",10.727798862024,2.8950526082311,13.3687751038126,17.6286497120673
"IGproject1051","Nomada","flava","female",1982,5,13,"England","Oxfordshire","","Bernwood Forest",2.618,1.822,8.701,2.505,"Apidae","kleptoparasite","OUMNH",NA,"Bernwood Forest, Oxfordshire, England",51.80063858,-1.114713435,"Nomada flava",10.727798862024,2.8950526082311,13.3687751038126,17.6286497120673
"IGproject1052","Nomada","flava","female",1982,5,13,"England","Oxfordshire","","Bernwood Forest",2.706,1.923,9.055,2.63,"Apidae","kleptoparasite","OUMNH",NA,"Bernwood Forest, Oxfordshire, England",51.80063858,-1.114713435,"Nomada flava",10.727798862024,2.8950526082311,13.3687751038126,17.6286497120673
"IGproject1053","Nomada","flava","female",1982,5,13,"England","Oxfordshire","","Bernwood Forest",2.663,1.83,8.845,2.617,"Apidae","kleptoparasite","OUMNH",NA,"Bernwood Forest, Oxfordshire, England",51.80063858,-1.114713435,"Nomada flava",10.727798862024,2.8950526082311,13.3687751038126,17.6286497120673
"IGproject1054","Nomada","flava","female",1982,5,13,"England","Oxfordshire","","Bernwood Forest",2.584,1.762,8.426,2.401,"Apidae","kleptoparasite","OUMNH",NA,"Bernwood Forest, Oxfordshire, England",51.80063858,-1.114713435,"Nomada flava",10.727798862024,2.8950526082311,13.3687751038126,17.6286497120673
"IGproject1055","Nomada","flava","female",1949,5,1,"England","Devon","Sheepstor","",2.443,1.633,7.95,2.301,"Apidae","kleptoparasite","OUMNH",NA,"Sheepstor, Devon, England",50.4908765,-4.0318718,"Nomada flava",10.6078212770051,2.33086866296895,12.5716126934666,16.3292351460381
"IGproject1056","Nomada","flava","female",1947,5,11,"England","Devon","Sheepstor","",2.34,1.645,7.648,2.272,"Apidae","kleptoparasite","OUMNH",NA,"Sheepstor, Devon, England",50.4908765,-4.0318718,"Nomada flava",10.1452252440194,1.31000725118669,11.4883281494026,15.1128276051803
"IGproject1057","Nomada","flava","female",1949,5,1,"England","Devon","Sheepstor","",2.414,1.655,8.059,2.349,"Apidae","kleptoparasite","OUMNH",NA,"Sheepstor, Devon, England",50.4908765,-4.0318718,"Nomada flava",10.6078212770051,2.33086866296895,12.5716126934666,16.3292351460381
"IGproject1058","Nomada","flava","female",1947,5,11,"England","Devon","Sheepstor","",2.442,1.642,8.132,2.319,"Apidae","kleptoparasite","OUMNH",NA,"Sheepstor, Devon, England",50.4908765,-4.0318718,"Nomada flava",10.1452252440194,1.31000725118669,11.4883281494026,15.1128276051803
"IGproject1059","Nomada","flava","female",1949,5,1,"England","Devon","Sheepstor","",2.519,1.731,8.136,2.396,"Apidae","kleptoparasite","OUMNH",NA,"Sheepstor, Devon, England",50.4908765,-4.0318718,"Nomada flava",10.6078212770051,2.33086866296895,12.5716126934666,16.3292351460381
"IGproject1060","Nomada","flava","male",1947,5,11,"England","Devon","Sheepstor","",2.602,1.797,8.316,2.265,"Apidae","kleptoparasite","OUMNH",NA,"Sheepstor, Devon, England",50.4908765,-4.0318718,"Nomada flava",10.1452252440194,1.31000725118669,11.4883281494026,15.1128276051803
"IGproject1061","Nomada","flava","male",1949,5,1,"England","Devon","Sheepstor","",2.573,1.834,8.064,2.189,"Apidae","kleptoparasite","OUMNH",NA,"Sheepstor, Devon, England",50.4908765,-4.0318718,"Nomada flava",10.6078212770051,2.33086866296895,12.5716126934666,16.3292351460381
"IGproject1062","Nomada","flava","male",1930,4,25,"England","Devon","Plymouth","Shaugh Bridge",2.414,1.679,8.004,2.154,"Apidae","kleptoparasite","OUMNH",NA,"Shaugh Bridge, Plymouth, Devon, England",50.45393915,-4.067759274,"Nomada flava",10.2006544789814,2.82254957069973,12.7953297397655,17.019407653419
"IGproject1063","Nomada","flava","male",1947,5,11,"England","Devon","Sheepstor","",2.472,1.696,8.147,2.055,"Apidae","kleptoparasite","OUMNH",NA,"Sheepstor, Devon, England",50.4908765,-4.0318718,"Nomada flava",10.1452252440194,1.31000725118669,11.4883281494026,15.1128276051803
"IGproject1064","Nomada","flava","male",1955,5,23,"England","Devon","Sheepstor","",2.213,1.479,7.228,1.949,"Apidae","kleptoparasite","OUMNH",NA,"Sheepstor, Devon, England",50.4908765,-4.0318718,"Nomada flava",9.8180144941175,2.52722884690967,12.0836002090901,15.3594028858388
"IGproject1065","Nomada","flava","male",1949,4,24,"England","Devon","Dartmoor","",2.159,1.341,7.093,1.82,"Apidae","kleptoparasite","OUMNH",NA,"Dartmoor, Devon, England",50.5657349,-3.9009713,"Nomada flava",10.02555399724,2.39418406753938,12.1646714406536,15.6468062531263
"IGproject1066","Nomada","flava","male",1949,5,1,"England","Devon","Sheepstor","",2.235,1.507,7.498,2.03,"Apidae","kleptoparasite","OUMNH",NA,"Sheepstor, Devon, England",50.4908765,-4.0318718,"Nomada flava",10.6078212770051,2.33086866296895,12.5716126934666,16.3292351460381
"IGproject1067","Nomada","flava","male",1948,4,24,"England","Devon","Sheepstor","",2.466,1.743,7.977,2.089,"Apidae","kleptoparasite","OUMNH",NA,"Sheepstor, Devon, England",50.4908765,-4.0318718,"Nomada flava",10.6655232385204,2.79293758473044,13.236571988709,17.0895188567033
"IGproject1068","Nomada","flava","female",1941,6,2,"England","Hampshire","Burley","",2.54,1.664,8.665,2.556,"Apidae","kleptoparasite","OUMNH",NA,"Burley, Hampshire, England",50.8266,-1.70164,"Nomada flava",12.6030973898533,3.88544583545018,16.4926265319244,23.0673001099445
"IGproject1069","Nomada","flava","female",1941,6,2,"England","Hampshire","Burley","",2.64,1.744,8.46,2.449,"Apidae","kleptoparasite","OUMNH",NA,"Burley, Hampshire, England",50.8266,-1.70164,"Nomada flava",12.6030973898533,3.88544583545018,16.4926265319244,23.0673001099445
"IGproject1070","Nomada","flava","female",1941,6,2,"England","Hampshire","Burley","",2.634,1.8,8.81,2.617,"Apidae","kleptoparasite","OUMNH",NA,"Burley, Hampshire, England",50.8266,-1.70164,"Nomada flava",12.6030973898533,3.88544583545018,16.4926265319244,23.0673001099445
"IGproject1071","Nomada","flava","female",1941,6,2,"England","Hampshire","Burley","",2.563,1.683,8.562,2.382,"Apidae","kleptoparasite","OUMNH",NA,"Burley, Hampshire, England",50.8266,-1.70164,"Nomada flava",12.6030973898533,3.88544583545018,16.4926265319244,23.0673001099445
"IGproject1072","Nomada","flava","male",1904,6,5,"England","Hampshire","Tadley","Pamber Forest",2.443,1.623,8.035,2.186,"Apidae","kleptoparasite","OUMNH",NA,"Pamber Forest, Tadley, Hampshire, England",51.3445805,-1.1172286,"Nomada flava",10.0558683001891,3.28054713060248,12.6376046980224,17.5800402713521
"IGproject1073","Nomada","flava","female",1893,NA,NA,"England","Hampshire","","New Forest",2.68,1.765,8.818,2.475,"Apidae","kleptoparasite","OUMNH",NA,"New Forest, Hampshire, England",50.8557268,-1.5956844,"Nomada flava",11.420963904125,3.00559914441524,14.2618227995599,18.9974998628604
"IGproject1074","Nomada","flava","male",1906,5,27,"England","Hampshire","Headley","",2.888,1.938,9.486,2.658,"Apidae","kleptoparasite","OUMNH",NA,"Headley, Hampshire, England",51.11925764,-0.827247927,"Nomada flava",11.2742873068052,3.73178673375164,15.0404003988432,20.1201525030565
"IGproject1075","Nomada","flava","female",1893,NA,NA,"England","Hampshire","","New Forest",2.589,1.668,8.539,2.569,"Apidae","kleptoparasite","OUMNH",NA,"New Forest, Hampshire, England",50.8557268,-1.5956844,"Nomada flava",11.420963904125,3.00559914441524,14.2618227995599,18.9974998628604
"IGproject1076","Nomada","flava","female",1892,NA,NA,"England","Hampshire","","New Forest",2.87,1.997,9.729,2.894,"Apidae","kleptoparasite","OUMNH",NA,"New Forest, Hampshire, England",50.8557268,-1.5956844,"Nomada flava",10.7758429081521,4.19054410647199,15.1976492613066,20.4434766169372
"IGproject1077","Nomada","flava","female",1892,NA,NA,"England","Hampshire","","New Forest",2.762,1.817,9.333,2.696,"Apidae","kleptoparasite","OUMNH",NA,"New Forest, Hampshire, England",50.8557268,-1.5956844,"Nomada flava",10.7758429081521,4.19054410647199,15.1976492613066,20.4434766169372
"IGproject1078","Andrena","chrysosceles","female",1900,6,17,"England","Oxfordshire","Oxford","Shotover",2.944,1.797,7.917,2.269,"Andrenidae","excavator","OUMNH",NA,"Shotover, Oxford, Oxfordshire, England",51.7561128,-1.1551229,"Andrena chrysosceles",11.2137818007644,3.78540695435975,15.4140427843454,21.5862644927787
"IGproject1079","Andrena","chrysosceles","male",1926,5,4,"England","Greater London","London","",2.304,1.227,5.953,1.651,"Andrenidae","excavator","OUMNH",NA,"London, Greater London, England",51.5156177,-0.0919983,"Andrena chrysosceles",12.9925068689309,3.89393929661548,16.6262592635013,22.1727985632445
"IGproject1080","Andrena","chrysosceles","male",1926,5,4,"England","Greater London","London","",2.819,1.567,7.482,2.022,"Andrenidae","excavator","OUMNH",NA,"London, Greater London, England",51.5156177,-0.0919983,"Andrena chrysosceles",12.9925068689309,3.89393929661548,16.6262592635013,22.1727985632445
"IGproject1081","Andrena","chrysosceles","female",1933,5,29,"England","Oxfordshire","","Bagley Wood",2.871,1.813,7.877,2.2,"Andrenidae","excavator","OUMNH",NA,"Bagley Wood, Oxfordshire, England",51.7173159,-1.2605268,"Andrena chrysosceles",10.6995703347825,3.49642567144168,14.1813339126983,19.3299103452681
"IGproject1082","Andrena","chrysosceles","female",1931,6,13,"England","Oxfordshire","","Bagley Wood",2.838,1.699,7.76,2.164,"Andrenidae","excavator","OUMNH",NA,"Bagley Wood, Oxfordshire, England",51.7173159,-1.2605268,"Andrena chrysosceles",11.7783916152919,3.69176021514414,15.7742419168044,21.042427243715
"IGproject1083","Andrena","chrysosceles","male",1926,5,4,"England","Greater London","London","",2.487,1.333,6.598,1.806,"Andrenidae","excavator","OUMNH",NA,"London, Greater London, England",51.5156177,-0.0919983,"Andrena chrysosceles",12.9925068689309,3.89393929661548,16.6262592635013,22.1727985632445
"IGproject1084","Andrena","chrysosceles","female",1925,6,NA,"England","Oxfordshire","","Bagley Wood",2.66,1.617,7.579,2.133,"Andrenidae","excavator","OUMNH",NA,"Bagley Wood, Oxfordshire, England",51.7173159,-1.2605268,"Andrena chrysosceles",11.4938794433074,3.47019298171443,14.5778384419144,19.0759688670415
"IGproject1085","Andrena","chrysosceles","female",1925,7,3,"England","Oxfordshire","","Bagley Wood",2.874,1.781,7.975,2.231,"Andrenidae","excavator","OUMNH",NA,"Bagley Wood, Oxfordshire, England",51.7173159,-1.2605268,"Andrena chrysosceles",11.4938794433074,3.47019298171443,14.5778384419144,19.0759688670415
"IGproject1086","Andrena","chrysosceles","male",1925,7,4,"England","Oxfordshire","","Bagley Wood",2.33,1.289,6.212,1.65,"Andrenidae","excavator","OUMNH",NA,"Bagley Wood, Oxfordshire, England",51.7173159,-1.2605268,"Andrena chrysosceles",11.4938794433074,3.47019298171443,14.5778384419144,19.0759688670415
"IGproject1087","Andrena","chrysosceles","female",1924,6,24,"England","Oxfordshire","Wolvercote","",2.862,1.801,7.878,2.164,"Andrenidae","excavator","OUMNH",NA,"Wolvercote, Oxfordshire, England",51.7849516,-1.2862119,"Andrena chrysosceles",10.4215661882175,2.42111038663883,12.9644292464104,17.1608707251261
"IGproject1088","Andrena","chrysosceles","male",1925,5,28,"England","Oxfordshire","","Bagley Wood",2.436,1.36,6.483,1.77,"Andrenidae","excavator","OUMNH",NA,"Bagley Wood, Oxfordshire, England",51.7173159,-1.2605268,"Andrena chrysosceles",11.4938794433074,3.47019298171443,14.5778384419144,19.0759688670415
"IGproject1089","Andrena","chrysosceles","male",1926,5,4,"England","Greater London","London","",2.494,1.356,6.584,1.745,"Andrenidae","excavator","OUMNH",NA,"London, Greater London, England",51.5156177,-0.0919983,"Andrena chrysosceles",12.9925068689309,3.89393929661548,16.6262592635013,22.1727985632445
"IGproject1090","Andrena","chrysosceles","female",1936,6,1,"England","Oxfordshire","Oxford","Lye Valley",3.113,1.963,8.379,2.421,"Andrenidae","excavator","OUMNH",NA,"Lye Valley, Oxford, Oxfordshire, England",51.7455776,-1.2056501,"Andrena chrysosceles",11.2875485702614,3.71147075537082,15.4251596177457,19.9459699039397
"IGproject1091","Andrena","chrysosceles","female",1999,6,19,"England","Worcestershire","Eldersfield","",2.739,1.684,7.563,2.192,"Andrenidae","excavator","OUMNH",NA,"Eldersfield, Worcestershire, England",51.9790388,-2.2907413,"Andrena chrysosceles",12.164638449385,3.52919265016219,14.6509072564762,19.0906908510486
"IGproject1092","Andrena","chrysosceles","female",1999,6,19,"England","Worcestershire","Eldersfield","",2.719,1.667,7.142,2.022,"Andrenidae","excavator","OUMNH",NA,"Eldersfield, Worcestershire, England",51.9790388,-2.2907413,"Andrena chrysosceles",12.164638449385,3.52919265016219,14.6509072564762,19.0906908510486
"IGproject1093","Andrena","chrysosceles","female",1999,6,19,"England","Worcestershire","Eldersfield","",2.8,1.657,7.475,2.107,"Andrenidae","excavator","OUMNH",NA,"Eldersfield, Worcestershire, England",51.9790388,-2.2907413,"Andrena chrysosceles",12.164638449385,3.52919265016219,14.6509072564762,19.0906908510486
"IGproject1094","Andrena","chrysosceles","female",1998,5,28,"England","Warwickshie","","Baddesley Clinton",2.905,1.738,7.994,2.365,"Andrenidae","excavator","OUMNH",NA,"Baddesley Clinton, Warwickshie, England",52.3438345,-1.708760261,"Andrena chrysosceles",11.0183005822208,2.53377916465374,13.6119333268249,17.7308106121715
"IGproject1095","Andrena","chrysosceles","male",1925,5,15,"England","Oxfordshire","Oxford","Hinksey",2.394,1.38,6.26,1.669,"Andrenidae","excavator","OUMNH",NA,"Hinksey, Oxford, Oxfordshire, England",51.7363525,-1.2575581,"Andrena chrysosceles",11.5791884392245,3.46677659435189,14.6562973132696,19.0887549577273
"IGproject1096","Andrena","chrysosceles","male",1925,5,30,"England","Oxfordshire","","Bagley Wood",2.627,1.454,7.119,1.847,"Andrenidae","excavator","OUMNH",NA,"Bagley Wood, Oxfordshire, England",51.7173159,-1.2605268,"Andrena chrysosceles",11.4938794433074,3.47019298171443,14.5778384419144,19.0759688670415
"IGproject1097","Andrena","chrysosceles","male",1925,5,30,"England","Oxfordshire","","Bagley Wood",2.304,1.281,6.292,1.625,"Andrenidae","excavator","OUMNH",NA,"Bagley Wood, Oxfordshire, England",51.7173159,-1.2605268,"Andrena chrysosceles",11.4938794433074,3.47019298171443,14.5778384419144,19.0759688670415
"IGproject1098","Andrena","chrysosceles","male",1925,5,12,"England","Cambridgeshire","Wicken","",2.657,1.498,6.996,1.895,"Andrenidae","excavator","OUMNH",NA,"Wicken, Cambridgeshire, England",52.3126328,0.2994755,"Andrena chrysosceles",11.5844803055534,3.71507707242267,14.7848266186462,19.8338754893152
"IGproject1099","Andrena","chrysosceles","female",1926,5,4,"England","Greater London","London","",2.728,1.669,7.426,2.186,"Andrenidae","excavator","OUMNH",NA,"London, Greater London, England",51.5156177,-0.0919983,"Andrena chrysosceles",12.9925068689309,3.89393929661548,16.6262592635013,22.1727985632445
"IGproject1100","Andrena","chrysosceles","female",1926,5,4,"England","Greater London","London","",2.78,1.625,7.475,2.113,"Andrenidae","excavator","OUMNH",NA,"London, Greater London, England",51.5156177,-0.0919983,"Andrena chrysosceles",12.9925068689309,3.89393929661548,16.6262592635013,22.1727985632445
"IGproject1101","Andrena","chrysosceles","male",1926,5,4,"England","Greater London","London","",2.704,1.548,7.166,1.903,"Andrenidae","excavator","OUMNH",NA,"London, Greater London, England",51.5156177,-0.0919983,"Andrena chrysosceles",12.9925068689309,3.89393929661548,16.6262592635013,22.1727985632445
"IGproject1102","Andrena","chrysosceles","male",1926,5,4,"England","Greater London","London","",2.438,1.372,6.582,1.738,"Andrenidae","excavator","OUMNH",NA,"London, Greater London, England",51.5156177,-0.0919983,"Andrena chrysosceles",12.9925068689309,3.89393929661548,16.6262592635013,22.1727985632445
"IGproject1103","Andrena","chrysosceles","male",1926,5,4,"England","Greater London","London","",2.856,1.664,7.135,1.92,"Andrenidae","excavator","OUMNH",NA,"London, Greater London, England",51.5156177,-0.0919983,"Andrena chrysosceles",12.9925068689309,3.89393929661548,16.6262592635013,22.1727985632445
"IGproject1104","Andrena","chrysosceles","male",1926,5,4,"England","Greater London","London","",2.816,1.627,7.2,1.916,"Andrenidae","excavator","OUMNH",NA,"London, Greater London, England",51.5156177,-0.0919983,"Andrena chrysosceles",12.9925068689309,3.89393929661548,16.6262592635013,22.1727985632445
"IGproject1105","Andrena","chrysosceles","male",1926,5,4,"England","Greater London","London","",2.238,1.16,5.912,1.578,"Andrenidae","excavator","OUMNH",NA,"London, Greater London, England",51.5156177,-0.0919983,"Andrena chrysosceles",12.9925068689309,3.89393929661548,16.6262592635013,22.1727985632445
"IGproject1106","Andrena","chrysosceles","male",1925,4,21,"England","Cambridgeshire","Wicken","Wicken Fen",2.483,1.456,7.158,1.92,"Andrenidae","excavator","OUMNH",NA,"Wicken Fen, Wicken, Cambridgeshire, England",52.306969,0.2771551,"Andrena chrysosceles",11.5560694149762,3.71351970855883,14.7581227254722,19.8140274823006
"IGproject1107","Andrena","chrysosceles","male",1926,5,4,"England","Greater London","London","",2.644,1.4,7.108,1.965,"Andrenidae","excavator","OUMNH",NA,"London, Greater London, England",51.5156177,-0.0919983,"Andrena chrysosceles",12.9925068689309,3.89393929661548,16.6262592635013,22.1727985632445
"IGproject1108","Andrena","chrysosceles","male",1926,5,4,"England","Greater London","London","",2.513,1.452,6.683,1.797,"Andrenidae","excavator","OUMNH",NA,"London, Greater London, England",51.5156177,-0.0919983,"Andrena chrysosceles",12.9925068689309,3.89393929661548,16.6262592635013,22.1727985632445
"IGproject1109","Andrena","chrysosceles","male",1936,5,4,"England","Oxfordshire","Woodeaton","",2.503,1.432,6.667,1.756,"Andrenidae","excavator","OUMNH",NA,"Woodeaton, Oxfordshire, England",51.8039678,-1.2239366,"Andrena chrysosceles",11.2574685435717,3.70207673722714,15.3901526179082,19.9864500537769
"IGproject1110","Andrena","chrysosceles","male",1936,5,4,"England","Oxfordshire","Woodeaton","",2.442,1.369,6.899,1.908,"Andrenidae","excavator","OUMNH",NA,"Woodeaton, Oxfordshire, England",51.8039678,-1.2239366,"Andrena chrysosceles",11.2574685435717,3.70207673722714,15.3901526179082,19.9864500537769
"IGproject1111","Andrena","chrysosceles","male",1936,5,4,"England","Oxfordshire","Woodeaton","",2.635,1.424,6.617,1.786,"Andrenidae","excavator","OUMNH",NA,"Woodeaton, Oxfordshire, England",51.8039678,-1.2239366,"Andrena chrysosceles",11.2574685435717,3.70207673722714,15.3901526179082,19.9864500537769
"IGproject1112","Andrena","chrysosceles","female",1939,5,9,"England","Oxfordshire","Woodeaton","",2.653,1.623,7.393,2.044,"Andrenidae","excavator","OUMNH",NA,"Woodeaton, Oxfordshire, England",51.8039678,-1.2239366,"Andrena chrysosceles",11.1139062736965,3.83109142611076,15.084793699855,19.9946585535483
"IGproject1113","Andrena","chrysosceles","female",1904,5,18,"England","Gloucestershire","Tewkesbury","",2.724,1.617,7.599,2.152,"Andrenidae","excavator","OUMNH",NA,"Tewkesbury, Gloucestershire, England",51.9937857,-2.1549574,"Andrena chrysosceles",10.1626338801909,2.93907218288218,12.6071161021074,17.7449723799509
"IGproject1114","Andrena","chrysosceles","female",1936,5,18,"England","Oxfordshire","Oxford","Waterperry Wood",2.919,1.792,7.911,2.26,"Andrenidae","excavator","OUMNH",NA,"Waterperry Wood, Oxford, Oxfordshire, England",51.77601288,-1.127008027,"Andrena chrysosceles",10.9807805629085,3.68607074422218,15.0915441076874,19.8798197233036
"IGproject1115","Andrena","chrysosceles","female",1949,4,18,"England","Oxfordshire","Chastleton","",2.77,1.681,7.485,2.146,"Andrenidae","excavator","OUMNH",NA,"Chastleton, Oxfordshire, England",51.9599665,-1.6409204,"Andrena chrysosceles",10.820313360769,2.31541699288438,13.1247495199117,17.3452305692517
"IGproject1116","Andrena","chrysosceles","male",1923,7,7,"England","Oxfordshire","Wolvercote","",2.221,1.228,5.892,1.617,"Andrenidae","excavator","OUMNH",NA,"Wolvercote, Oxfordshire, England",51.7849516,-1.2862119,"Andrena chrysosceles",11.3905489494986,4.70083312488791,14.4664224519407,19.8431894047164
"IGproject1117","Andrena","chrysosceles","male",1900,4,20,"England","Oxfordshire","Abingdon","Dry Sandford Pit",2.239,1.349,6.509,1.831,"Andrenidae","excavator","OUMNH",NA,"Dry Sandford Pit, Abingdon, Oxfordshire, England",51.69478825,-1.32635399,"Andrena chrysosceles",11.4011978632402,3.86683529264285,15.6861385361826,21.8808843248313
"IGproject1118","Andrena","chrysosceles","female",1991,6,10,"England","Northamptonshire","Oundle","",3.062,1.956,8.456,2.351,"Andrenidae","excavator","OUMNH",NA,"Oundle, Northamptonshire, England",52.4808725,-0.4674161,"Andrena chrysosceles",11.2692179442849,3.0821463718097,13.6990377175571,18.6534361216191
"IGproject1119","Andrena","chrysosceles","male",1991,6,1,"England","Wiltshire","","Flisteridge Wood",2.642,1.509,7.055,1.858,"Andrenidae","excavator","OUMNH",NA,"Flisteridge Wood, Wiltshire, England",51.6230108,-2.0098256,"Andrena chrysosceles",11.4164869082798,3.13744058471058,13.6016226211731,19.024265030544
"IGproject1120","Andrena","chrysosceles","male",1991,4,19,"England","Wiltshire","Swindon","",2.357,1.359,6.699,1.672,"Andrenidae","excavator","OUMNH",NA,"Swindon, Wiltshire, England",51.6057801,-1.841922,"Andrena chrysosceles",11.6599459932882,3.16216331185215,13.9180086248443,19.1545175723502
"IGproject1121","Nomada","ruficornis","male",1917,5,3,"England","Surrey","Guildford","Merrow",2.585,1.717,8.173,2.101,"Apidae","kleptoparasite","OUMNH",NA,"Merrow, Guildford, Surrey, England",51.2443481,-0.5335147,"Nomada ruficornis",10.9509990125962,2.03571066177661,12.3735820343848,17.9438471039161
"IGproject1122","Nomada","ruficornis","female",1980,6,6,"England","Oxfordshire","","Bernwood Forest",2.634,1.885,7.744,2.242,"Apidae","kleptoparasite","OUMNH",NA,"Bernwood Forest, Oxfordshire, England",51.80063858,-1.114713435,"Nomada ruficornis",10.6256569270031,3.0752602335123,13.9011914023366,18.4625966068037
"IGproject1123","Nomada","ruficornis","female",1980,6,6,"England","Oxfordshire","","Bernwood Forest",2.639,1.892,8.032,2.317,"Apidae","kleptoparasite","OUMNH",NA,"Bernwood Forest, Oxfordshire, England",51.80063858,-1.114713435,"Nomada ruficornis",10.6256569270031,3.0752602335123,13.9011914023366,18.4625966068037
"IGproject1124","Nomada","ruficornis","female",1980,6,6,"England","Oxfordshire","","Bernwood Forest",2.579,1.697,7.979,2.329,"Apidae","kleptoparasite","OUMNH",NA,"Bernwood Forest, Oxfordshire, England",51.80063858,-1.114713435,"Nomada ruficornis",10.6256569270031,3.0752602335123,13.9011914023366,18.4625966068037
"IGproject1125","Nomada","ruficornis","female",1981,5,9,"England","Oxfordshire","","Bernwood Forest",2.385,1.608,7.05,2.055,"Apidae","kleptoparasite","OUMNH",NA,"Bernwood Forest, Oxfordshire, England",51.80063858,-1.114713435,"Nomada ruficornis",11.0723185223452,2.79701159533549,14.0027092141156,18.6664274969379
"IGproject1126","Nomada","ruficornis","male",1991,5,27,"England","Dorset","Swanage","",2.409,1.521,7.188,1.993,"Apidae","kleptoparasite","OUMNH",NA,"Swanage, Dorset, England",50.6086976,-1.9571971,"Nomada ruficornis",11.7285697197058,2.73808777499819,13.5169299750811,17.2823495535988
"IGproject1127","Nomada","ruficornis","female",1917,5,13,"England","Surrey","Cobham","",2.706,1.889,8.407,2.435,"Apidae","kleptoparasite","OUMNH",NA,"Cobham, Surrey, England",51.3300079,-0.4120821,"Nomada ruficornis",11.245337127977,2.02703303508885,12.6854170260378,18.242393722183
"IGproject1128","Nomada","ruficornis","male",1901,7,14,"Wales","Gwynedd","Criccieth","",2.817,1.916,8.588,2.376,"Apidae","kleptoparasite","OUMNH",NA,"Criccieth, Gwynedd, Wales",52.9206106,-4.2332414,"Nomada ruficornis",10.7490385337802,2.737999288977,13.804707195817,17.500301620291
"IGproject1129","Nomada","ruficornis","female",1901,7,14,"Wales","Gwynedd","Criccieth","",2.75,1.795,8.426,2.457,"Apidae","kleptoparasite","OUMNH",NA,"Criccieth, Gwynedd, Wales",52.9206106,-4.2332414,"Nomada ruficornis",10.7490385337802,2.737999288977,13.804707195817,17.500301620291
"IGproject1130","Nomada","ruficornis","male",1989,5,7,"England","Wiltshire","Swindon","Coate Water Country Park",2.691,1.848,8.384,2.177,"Apidae","kleptoparasite","OUMNH",NA,"Coate Water Country Park, Swindon, Wiltshire, England",51.53925894,-1.74822582,"Nomada ruficornis",11.6854644597705,3.26605342427679,14.7097001561262,19.1923540960398
"IGproject1131","Nomada","ruficornis","female",1989,5,19,"England","Wiltshire","Swindon","Coate Water Country Park",2.222,1.364,6.725,1.848,"Apidae","kleptoparasite","OUMNH",NA,"Coate Water Country Park, Swindon, Wiltshire, England",51.53925894,-1.74822582,"Nomada ruficornis",11.6854644597705,3.26605342427679,14.7097001561262,19.1923540960398
"IGproject1132","Nomada","ruficornis","male",1989,5,7,"England","Wiltshire","Swindon","Coate Water Country Park",2.635,1.79,8.059,2.225,"Apidae","kleptoparasite","OUMNH",NA,"Coate Water Country Park, Swindon, Wiltshire, England",51.53925894,-1.74822582,"Nomada ruficornis",11.6854644597705,3.26605342427679,14.7097001561262,19.1923540960398
"IGproject1133","Nomada","ruficornis","male",1989,5,7,"England","Wiltshire","Swindon","Coate Water Country Park",2.606,1.72,8.044,2.036,"Apidae","kleptoparasite","OUMNH",NA,"Coate Water Country Park, Swindon, Wiltshire, England",51.53925894,-1.74822582,"Nomada ruficornis",11.6854644597705,3.26605342427679,14.7097001561262,19.1923540960398
"IGproject1134","Nomada","ruficornis","female",1935,4,28,"England","Dorset","Swanage","South Haven Point",2.704,1.775,8.362,2.316,"Apidae","kleptoparasite","OUMNH",NA,"South Haven Point, Swanage, Dorset, England",50.6787269,-1.94390688,"Nomada ruficornis",12.1702335954246,3.50351960579213,15.6491949076929,20.3447038331465
"IGproject1135","Nomada","ruficornis","male",1973,5,NA,"England","Devon","Exeter","",2.008,1.243,6.273,1.698,"Apidae","kleptoparasite","OUMNH",NA,"Exeter, Devon, England",50.7256138,-3.5269209,"Nomada ruficornis",10.4274445778721,1.20861587105454,11.6584782756575,15.6046139351816
"IGproject1136","Nomada","ruficornis","male",1982,4,20,"England","Devon","Dartmoor","Burrator Reservoir",2.411,1.567,7.35,1.943,"Apidae","kleptoparasite","OUMNH",NA,"Burrator Reservoir, Dartmoor, Devon, England",50.49923423,-4.040083663,"Nomada ruficornis",9.81333721432697,2.42570005707869,12.2234256722836,15.6664912227172
"IGproject1137","Nomada","ruficornis","male",1958,5,26,"England","Herefordshire","Abbey Dore","",2.332,1.511,7.34,1.991,"Apidae","kleptoparasite","OUMNH",NA,"Abbey Dore, Herefordshire, England",51.9687761,-2.8967553,"Nomada ruficornis",11.1307024084527,3.20531376396636,14.7684442708803,21.2686008633916
"IGproject1138","Nomada","ruficornis","female",1968,5,12,"England","Oxfordshire","Oxford","",2.31,1.42,7.03,1.98,"Apidae","kleptoparasite","OUMNH",NA,"Oxford, Oxfordshire, England",51.7520131,-1.2578499,"Nomada ruficornis",11.3694478333033,3.20896999666597,14.6392425356463,19.6115812697292
"IGproject1139","Nomada","ruficornis","female",2006,5,4,"England","Surrey","","Holmen's Grove",2.712,1.913,8.561,2.398,"Apidae","kleptoparasite","OUMNH",NA,"Holmen's Grove, Surrey, England",51.1161894,-0.683967,"Nomada ruficornis",11.9953439180706,3.48290215145454,15.7297090921282,21.4793402631107
"IGproject1140","Nomada","ruficornis","female",1990,5,26,"England","Wiltshire","Wroughton","Clouts Wood",2.749,1.789,8.405,2.238,"Apidae","kleptoparasite","OUMNH",NA,"Clouts Wood, Wroughton, Wiltshire, England",51.51489206,-1.804044057,"Nomada ruficornis",11.466926820665,4.41536434528185,14.6752525075847,20.3019971788621
"IGproject1141","Nomada","ruficornis","male",1979,5,14,"England","Derbyshire","Dronfield","",2.399,1.563,7.223,2.036,"Apidae","kleptoparasite","OUMNH",NA,"Dronfield, Derbyshire, England",53.3019998,-1.4752184,"Nomada ruficornis",9.80097036913536,3.76906559048356,12.9428205554856,17.1013126445921
"IGproject1142","Nomada","ruficornis","female",1912,5,NA,"England","Hampshire","","New Forest",2.717,1.881,8.076,2.299,"Apidae","kleptoparasite","OUMNH",NA,"New Forest, Hampshire, England",50.8557268,-1.5956844,"Nomada ruficornis",11.7990882631433,4.02728515025232,14.9822960516938,20.3686477675541
"IGproject1143","Nomada","ruficornis","female",1917,5,13,"England","Surrey","Cobham","",2.539,1.732,7.879,2.209,"Apidae","kleptoparasite","OUMNH",NA,"Cobham, Surrey, England",51.3300079,-0.4120821,"Nomada ruficornis",11.245337127977,2.02703303508885,12.6854170260378,18.242393722183
"IGproject1144","Nomada","ruficornis","male",1918,4,NA,"England","Oxfordshire","Oxford","",2.246,1.504,6.66,1.91,"Apidae","kleptoparasite","OUMNH",NA,"Oxford, Oxfordshire, England",51.7520131,-1.2578499,"Nomada ruficornis",11.9665351160863,5.36200801173658,16.1085156283383,21.4720522941889
"IGproject1145","Nomada","ruficornis","male",1915,5,NA,"England","Gloucestershire","Wotton-under-Edge","",2.468,1.581,7.539,2.072,"Apidae","kleptoparasite","OUMNH",NA,"Wotton-under-Edge, Gloucestershire, England",51.6378241,-2.3547251,"Nomada ruficornis",11.8561706437816,2.62864888433412,14.7980816567123,20.1851836349757
"IGproject1146","Nomada","ruficornis","female",1929,4,27,"England","Dorset","Badbury","",2.743,1.967,8.46,2.377,"Apidae","kleptoparasite","OUMNH",NA,"Badbury, Dorset, England",50.8262977,-2.0523555,"Nomada ruficornis",10.9864698500249,2.45896443877766,13.2763045067584,18.1184497163508
"IGproject1147","Nomada","ruficornis","male",1916,5,NA,"England","Kent","Deal","",2.636,1.789,8.122,2.217,"Apidae","kleptoparasite","OUMNH",NA,"Deal, Kent, England",51.2239544,1.4027344,"Nomada ruficornis",10.7852000978297,2.99575629108315,13.7731604361806,17.3494715302715
"IGproject1148","Nomada","ruficornis","male",1954,4,24,"England","Devon","Lustleigh","",2.452,1.584,7.501,2.069,"Apidae","kleptoparasite","OUMNH",NA,"Lustleigh, Devon, England",50.6228301,-3.7304463,"Nomada ruficornis",11.0737793351195,3.11761188791543,13.7659808095222,18.1081794872784
"IGproject1149","Nomada","ruficornis","female",1968,6,16,"England","Oxfordshire","Oxford","Waterperry Wood",2.701,1.89,8.056,2.368,"Apidae","kleptoparasite","OUMNH",NA,"Waterperry Wood, Oxford, Oxfordshire, England",51.77601288,-1.127008027,"Nomada ruficornis",10.8484882909241,3.15733956518492,14.0642907708983,19.400079400252
"IGproject1150","Nomada","ruficornis","female",1968,6,16,"England","Oxfordshire","Oxford","Waterperry Wood",2.775,1.91,8.476,2.405,"Apidae","kleptoparasite","OUMNH",NA,"Waterperry Wood, Oxford, Oxfordshire, England",51.77601288,-1.127008027,"Nomada ruficornis",10.8484882909241,3.15733956518492,14.0642907708983,19.400079400252
"IGproject1151","Nomada","ruficornis","male",1954,5,29,"England","Cambridgeshire","Duxford","",2.81,1.795,8.821,2.47,"Apidae","kleptoparasite","OUMNH",NA,"Duxford, Cambridgeshire, England",52.0947808,0.1583392,"Nomada ruficornis",11.4493887194566,3.27527542610999,13.9491755571105,18.2181477102969
"IGproject1152","Nomada","ruficornis","female",1990,5,20,"England","Cornwall","Boconnoc","",2.784,1.744,8.323,2.395,"Apidae","kleptoparasite","OUMNH",NA,"Boconnoc, Cornwall, England",50.4076376,-4.597743,"Nomada ruficornis",11.5940756551738,4.19466567650365,14.4122635367245,19.5155280061957
"IGproject1153","Nomada","ruficornis","female",1984,5,15,"England","Oxfordshire","Cogges","",2.707,1.819,8.433,2.334,"Apidae","kleptoparasite","OUMNH",NA,"Cogges, Oxfordshire, England",51.78139,-1.4715776,"Nomada ruficornis",10.7186106240123,3.92578938484643,14.7670856690495,19.2991038468923
"IGproject1154","Nomada","ruficornis","female",1984,5,15,"England","Oxfordshire","Cogges","",2.417,1.587,7.271,2.14,"Apidae","kleptoparasite","OUMNH",NA,"Cogges, Oxfordshire, England",51.78139,-1.4715776,"Nomada ruficornis",10.7186106240123,3.92578938484643,14.7670856690495,19.2991038468923
"IGproject1155","Nomada","ruficornis","male",1931,5,19,"England","Oxfordshire","Yarnton","",2.436,1.5,7.61,2.075,"Apidae","kleptoparasite","OUMNH",NA,"Yarnton, Oxfordshire, England",51.8046148,-1.308937,"Nomada ruficornis",11.7585203499611,3.65268267765887,15.714793110193,20.9407554425227
"IGproject1156","Nomada","ruficornis","female",1926,5,21,"England","Oxfordshire","Yarnton","",2.39,1.589,7.065,1.96,"Apidae","kleptoparasite","OUMNH",NA,"Yarnton, Oxfordshire, England",51.8046148,-1.308937,"Nomada ruficornis",11.7248764199068,3.87463690051896,15.4266787678753,21.377879614741
"IGproject1157","Nomada","ruficornis","female",1926,5,21,"England","Oxfordshire","Yarnton","",2.548,1.623,7.662,2.245,"Apidae","kleptoparasite","OUMNH",NA,"Yarnton, Oxfordshire, England",51.8046148,-1.308937,"Nomada ruficornis",11.7248764199068,3.87463690051896,15.4266787678753,21.377879614741
"IGproject1158","Nomada","ruficornis","female",1930,5,18,"England","Oxfordshire","Yarnton","",2.55,1.619,7.748,2.316,"Apidae","kleptoparasite","OUMNH",NA,"Yarnton, Oxfordshire, England",51.8046148,-1.308937,"Nomada ruficornis",10.6280017273329,3.39934619203571,13.5331115491621,18.6769027086234
"IGproject1159","Nomada","ruficornis","female",1931,6,11,"England","Oxfordshire","Yarnton","",2.433,1.618,7.28,2.084,"Apidae","kleptoparasite","OUMNH",NA,"Yarnton, Oxfordshire, England",51.8046148,-1.308937,"Nomada ruficornis",11.7585203499611,3.65268267765887,15.714793110193,20.9407554425227
"IGproject1160","Nomada","ruficornis","female",1931,6,4,"England","Oxfordshire","Yarnton","",2.745,1.797,8.29,2.256,"Apidae","kleptoparasite","OUMNH",NA,"Yarnton, Oxfordshire, England",51.8046148,-1.308937,"Nomada ruficornis",11.7585203499611,3.65268267765887,15.714793110193,20.9407554425227
"IGproject1161","Nomada","ruficornis","female",1930,5,27,"England","Oxfordshire","Yarnton","",2.805,1.893,8.569,2.498,"Apidae","kleptoparasite","OUMNH",NA,"Yarnton, Oxfordshire, England",51.8046148,-1.308937,"Nomada ruficornis",10.6280017273329,3.39934619203571,13.5331115491621,18.6769027086234
"IGproject1162","Nomada","ruficornis","female",1926,6,5,"England","Oxfordshire","Oxford","Waterperry Wood",2.512,1.695,7.632,2.117,"Apidae","kleptoparasite","OUMNH",NA,"Waterperry Wood, Oxford, Oxfordshire, England",51.77601288,-1.127008027,"Nomada ruficornis",11.4090652029767,3.84679412468928,15.0644234716943,21.2630445793183
"IGproject1163","Nomada","ruficornis","female",1926,6,12,"England","Oxfordshire","Oxford","Waterperry Wood",2.599,1.684,7.831,2.168,"Apidae","kleptoparasite","OUMNH",NA,"Waterperry Wood, Oxford, Oxfordshire, England",51.77601288,-1.127008027,"Nomada ruficornis",11.4090652029767,3.84679412468928,15.0644234716943,21.2630445793183
"IGproject1164","Nomada","ruficornis","female",1926,6,5,"England","Oxfordshire","Oxford","Waterperry Wood",2.313,1.473,7.166,2.034,"Apidae","kleptoparasite","OUMNH",NA,"Waterperry Wood, Oxford, Oxfordshire, England",51.77601288,-1.127008027,"Nomada ruficornis",11.4090652029767,3.84679412468928,15.0644234716943,21.2630445793183
"IGproject1165","Nomada","ruficornis","female",1926,6,3,"England","Oxfordshire","Yarnton","",2.679,1.723,8.082,2.276,"Apidae","kleptoparasite","OUMNH",NA,"Yarnton, Oxfordshire, England",51.8046148,-1.308937,"Nomada ruficornis",11.7248764199068,3.87463690051896,15.4266787678753,21.377879614741
"IGproject1166","Nomada","ruficornis","female",1927,5,20,"England","Oxfordshire","Oxford","Waterperry Wood",2.523,1.704,7.429,1.995,"Apidae","kleptoparasite","OUMNH",NA,"Waterperry Wood, Oxford, Oxfordshire, England",51.77601288,-1.127008027,"Nomada ruficornis",10.9583622571274,2.26442150063441,13.4861650448193,18.5116233193714
"IGproject1167","Nomada","ruficornis","female",1926,5,21,"England","Oxfordshire","Yarnton","",2.663,1.738,7.877,2.182,"Apidae","kleptoparasite","OUMNH",NA,"Yarnton, Oxfordshire, England",51.8046148,-1.308937,"Nomada ruficornis",11.7248764199068,3.87463690051896,15.4266787678753,21.377879614741
"IGproject1168","Nomada","ruficornis","male",1914,4,14,"England","Devon","Dartmoor","East Dartmoor",2.66,1.842,8.484,2.281,"Apidae","kleptoparasite","OUMNH",NA,"East Dartmoor, Dartmoor, Devon, England",50.486085,-3.9856305,"Nomada ruficornis",9.34884959786246,2.72337829958105,11.6569993100494,15.6476824978623
"IGproject1169","Nomada","ruficornis","male",1914,4,14,"England","Devon","Dartmoor","East Dartmoor",2.391,1.631,7.399,2.011,"Apidae","kleptoparasite","OUMNH",NA,"East Dartmoor, Dartmoor, Devon, England",50.486085,-3.9856305,"Nomada ruficornis",9.34884959786246,2.72337829958105,11.6569993100494,15.6476824978623
"IGproject1170","Nomada","ruficornis","male",1914,4,NA,"England","Devon","Newton Abbot","",2.343,1.557,7.287,1.874,"Apidae","kleptoparasite","OUMNH",NA,"Newton Abbot, Devon, England",50.5296441,-3.6112097,"Nomada ruficornis",11.5528227003755,2.71200463932559,13.9924722200624,18.3551444825427
"IGproject1172","Nomada","ruficornis","female",1918,5,6,"England","Devon","Paignton","",2.659,1.737,7.917,2.333,"Apidae","kleptoparasite","OUMNH",NA,"Paignton, Devon, England",50.4377018,-3.5632704,"Nomada ruficornis",11.4511985842094,4.11085450921821,14.9443997879067,18.6496433021271
"IGproject1173","Nomada","ruficornis","male",1911,5,12,"England","Cambridgeshire","Cambridge","",2.026,1.237,6.362,1.697,"Apidae","kleptoparasite","OUMNH",NA,"Cambridge, Cambridgeshire, England",52.2055314,0.1186637,"Nomada ruficornis",11.5816276072607,3.78876436445332,15.3146329901248,20.3271526443146
"IGproject1174","Nomada","ruficornis","female",1908,5,11,"England","Bedfordshire","Wilden","",2.635,1.747,7.923,2.309,"Apidae","kleptoparasite","OUMNH",NA,"Wilden, Bedfordshire, England",52.18458484,-0.400442834,"Nomada ruficornis",10.5072651487761,2.61408655289574,12.9473440991624,17.1111943082923
"IGproject1175","Nomada","ruficornis","female",1902,5,28,"England","Hampshire","Lyndhurst","",2.753,1.887,8.433,2.43,"Apidae","kleptoparasite","OUMNH",NA,"Lyndhurst, Hampshire, England",50.8727657,-1.5748436,"Nomada ruficornis",11.735328736283,2.81229297271721,14.4391925099214,20.0541995684523
"IGproject1176","Nomada","ruficornis","female",1893,5,8,"England","Warwickshie","Rugby","",2.509,1.646,7.426,2.109,"Apidae","kleptoparasite","OUMNH",NA,"Rugby, Warwickshie, England",52.3697958,-1.263870764,"Nomada ruficornis",10.8615732315268,3.07042490120702,13.4205894809341,19.1302522845208
"IGproject1177","Nomada","ruficornis","male",1893,5,8,"England","Warwickshie","Rugby","",2.225,1.426,6.765,1.901,"Apidae","kleptoparasite","OUMNH",NA,"Rugby, Warwickshie, England",52.3697958,-1.263870764,"Nomada ruficornis",10.8615732315268,3.07042490120702,13.4205894809341,19.1302522845208
"IGproject1178","Nomada","ruficornis","female",1902,5,28,"England","Hampshire","Lyndhurst","",2.584,1.726,8.143,2.224,"Apidae","kleptoparasite","OUMNH",NA,"Lyndhurst, Hampshire, England",50.8727657,-1.5748436,"Nomada ruficornis",11.735328736283,2.81229297271721,14.4391925099214,20.0541995684523
"IGproject1179","Nomada","ruficornis","female",1902,5,29,"England","Hampshire","Lyndhurst","",2.434,1.591,7.319,2.131,"Apidae","kleptoparasite","OUMNH",NA,"Lyndhurst, Hampshire, England",50.8727657,-1.5748436,"Nomada ruficornis",11.735328736283,2.81229297271721,14.4391925099214,20.0541995684523
"IGproject1180","Nomada","ruficornis","female",1902,6,NA,"England","Hampshire","Lyndhurst","",2.708,1.93,8.304,2.377,"Apidae","kleptoparasite","OUMNH",NA,"Lyndhurst, Hampshire, England",50.8727657,-1.5748436,"Nomada ruficornis",11.735328736283,2.81229297271721,14.4391925099214,20.0541995684523
"IGproject1181","Megachile","centuncularis","male",1898,7,NA,"Wales","Gwynedd","Criccieth","",3.528,2.832,8.165,2.26,"Megachilidae","cavity nester","OUMNH",NA,"Criccieth, Gwynedd, Wales",52.9206106,-4.2332414,"Megachile centuncularis",15.0701349601524,0.806145648993445,15.6476353548299,19.7124157224474
"IGproject1182","Megachile","centuncularis","male",1898,7,NA,"Wales","Gwynedd","Criccieth","",3.484,2.836,7.926,2.216,"Megachilidae","cavity nester","OUMNH",NA,"Criccieth, Gwynedd, Wales",52.9206106,-4.2332414,"Megachile centuncularis",15.0701349601524,0.806145648993445,15.6476353548299,19.7124157224474
"IGproject1183","Megachile","centuncularis","female",1904,7,NA,"England","Dorset","Lyme Regis","",3.497,2.923,8.192,2.17,"Megachilidae","cavity nester","OUMNH",NA,"Lyme Regis, Dorset, England",50.7252897,-2.934559,"Megachile centuncularis",14.1679493073694,1.30463356026486,15.2395292155061,19.7112190954345
"IGproject1184","Megachile","centuncularis","female",1926,7,NA,"England","Cornwall","Bude","",3.506,2.835,7.874,2.052,"Megachilidae","cavity nester","OUMNH",NA,"Bude, Cornwall, England",50.8290532,-4.5447261,"Megachile centuncularis",15.1007310858919,0.905462857877783,15.7096114995263,18.9298625295037
"IGproject1185","Megachile","centuncularis","female",1898,7,NA,"Wales","Gwynedd","Criccieth","",3.431,2.653,7.736,1.988,"Megachilidae","cavity nester","OUMNH",NA,"Criccieth, Gwynedd, Wales",52.9206106,-4.2332414,"Megachile centuncularis",15.0701349601524,0.806145648993445,15.6476353548299,19.7124157224474
"IGproject1186","Megachile","centuncularis","female",1905,7,8,"England","Dorset","Lyme Regis","",3.706,3.019,8.307,2.247,"Megachilidae","cavity nester","OUMNH",NA,"Lyme Regis, Dorset, England",50.7252897,-2.934559,"Megachile centuncularis",15.0707330310714,1.72195556678507,16.6678192838039,21.0904125765718
"IGproject1187","Megachile","centuncularis","female",1998,7,NA,"Wales","Gwynedd","Criccieth","",3.696,3.016,8.373,2.33,"Megachilidae","cavity nester","OUMNH",NA,"Criccieth, Gwynedd, Wales",52.9206106,-4.2332414,"Megachile centuncularis",15.7824335852142,2.07836384044653,17.8691647772138,21.5644735779643
"IGproject1188","Megachile","centuncularis","female",1905,7,15,"England","Dorset","Lyme Regis","",3.781,3.147,8.486,2.319,"Megachilidae","cavity nester","OUMNH",NA,"Lyme Regis, Dorset, England",50.7252897,-2.934559,"Megachile centuncularis",15.0707330310714,1.72195556678507,16.6678192838039,21.0904125765718
"IGproject1189","Megachile","centuncularis","female",1904,7,NA,"England","Dorset","Lyme Regis","",3.739,2.999,8.494,2.451,"Megachilidae","cavity nester","OUMNH",NA,"Lyme Regis, Dorset, England",50.7252897,-2.934559,"Megachile centuncularis",14.1679493073694,1.30463356026486,15.2395292155061,19.7112190954345
"IGproject1190","Megachile","centuncularis","female",1904,7,11,"England","Dorset","Lyme Regis","",3.864,3.145,8.447,2.27,"Megachilidae","cavity nester","OUMNH",NA,"Lyme Regis, Dorset, England",50.7252897,-2.934559,"Megachile centuncularis",14.1679493073694,1.30463356026486,15.2395292155061,19.7112190954345
"IGproject1191","Megachile","centuncularis","female",1904,7,NA,"England","Dorset","Lyme Regis","",3.63,2.994,8.224,2.292,"Megachilidae","cavity nester","OUMNH",NA,"Lyme Regis, Dorset, England",50.7252897,-2.934559,"Megachile centuncularis",14.1679493073694,1.30463356026486,15.2395292155061,19.7112190954345
"IGproject1192","Megachile","centuncularis","female",1903,7,20,"England","Dorset","Lyme Regis","",3.579,2.988,8.27,2.307,"Megachilidae","cavity nester","OUMNH",NA,"Lyme Regis, Dorset, England",50.7252897,-2.934559,"Megachile centuncularis",14.3509103612868,1.13499064767345,15.1429601876487,19.604229171124
"IGproject1193","Megachile","centuncularis","female",1898,7,NA,"Wales","Gwynedd","Criccieth","",3.896,3.236,8.888,2.361,"Megachilidae","cavity nester","OUMNH",NA,"Criccieth, Gwynedd, Wales",52.9206106,-4.2332414,"Megachile centuncularis",15.0701349601524,0.806145648993445,15.6476353548299,19.7124157224474
"IGproject1194","Megachile","centuncularis","female",1897,9,7,"England","Oxfordshire","Oxford","Shotover",3.833,3.169,8.571,2.394,"Megachilidae","cavity nester","OUMNH",NA,"Shotover, Oxford, Oxfordshire, England",51.7561128,-1.1551229,"Megachile centuncularis",15.8394567963677,1.18497070242327,16.7866910212914,22.5166610213675
"IGproject1195","Megachile","centuncularis","male",1980,7,20,"England","Devon","Seaton","",3.596,2.762,8.034,2.291,"Megachilidae","cavity nester","OUMNH",NA,"Seaton, Devon, England",50.7045566,-3.0705105,"Megachile centuncularis",14.598725259796,1.34843578606699,15.9253446939814,20.2622275065874
"IGproject1196","Megachile","centuncularis","male",1926,6,NA,"England","Devon","Bovey Tracey","",3.332,2.428,7.457,2.084,"Megachilidae","cavity nester","OUMNH",NA,"Bovey Tracey, Devon, England",50.6046632,-3.6856762,"Megachile centuncularis",15.8629296879445,0.308800905034658,16.2154835781259,21.3490532551601
"IGproject1197","Megachile","centuncularis","female",1898,8,14,"England","Oxfordshire","Oxford","Shotover",3.812,3.046,8.409,2.481,"Megachilidae","cavity nester","OUMNH",NA,"Shotover, Oxford, Oxfordshire, England",51.7561128,-1.1551229,"Megachile centuncularis",15.9499572720361,0.749803733536939,16.6832526713021,22.1413169733696
"IGproject1198","Megachile","centuncularis","male",1908,7,19,"England","Kent","Gravesend","",3.97,3.244,8.494,2.574,"Megachilidae","cavity nester","OUMNH",NA,"Gravesend, Kent, England",51.4424747,0.3694468,"Megachile centuncularis",14.789656281862,0.847137811449183,15.6426060376455,20.4370346644972
"IGproject1199","Megachile","centuncularis","male",1910,6,16,"England","Devon","Budleigh Salterton","",3.398,2.622,7.533,2.118,"Megachilidae","cavity nester","OUMNH",NA,"Budleigh Salterton, Devon, England",50.6310504,-3.3299844,"Megachile centuncularis",15.1974503797067,1.98775084634212,16.9086543262568,21.3892614299594
"IGproject1200","Megachile","centuncularis","male",1910,7,18,"England","Cheshire","Delamere","",3.408,2.558,7.812,2.091,"Megachilidae","cavity nester","OUMNH",NA,"Delamere, Cheshire, England",53.2288345,-2.6665302,"Megachile centuncularis",13.3885345204109,1.94208531457175,14.7096265770451,19.5467206248791
"IGproject1201","Megachile","centuncularis","male",1926,7,NA,"England","Devon","Newton Abbot","",3.563,2.796,7.998,2.233,"Megachilidae","cavity nester","OUMNH",NA,"Newton Abbot, Devon, England",50.5296441,-3.6112097,"Megachile centuncularis",16.4853112238391,0.293562701117292,16.8130874261733,21.6603234495984
"IGproject1202","Megachile","centuncularis","male",1910,6,16,"England","Devon","Budleigh Salterton","",3.245,2.57,7.071,1.847,"Megachilidae","cavity nester","OUMNH",NA,"Budleigh Salterton, Devon, England",50.6310504,-3.3299844,"Megachile centuncularis",15.1974503797067,1.98775084634212,16.9086543262568,21.3892614299594
"IGproject1203","Megachile","centuncularis","male",1919,6,12,"England","Devon","Bovey Tracey","",3.546,2.831,8.04,2.22,"Megachilidae","cavity nester","OUMNH",NA,"Bovey Tracey, Devon, England",50.6046632,-3.6856762,"Megachile centuncularis",15.0193440451074,1.34048402097547,15.9052429532304,19.9679866255088
"IGproject1204","Megachile","centuncularis","male",1910,6,16,"England","Devon","Budleigh Salterton","",3.436,2.621,7.595,2.054,"Megachilidae","cavity nester","OUMNH",NA,"Budleigh Salterton, Devon, England",50.6310504,-3.3299844,"Megachile centuncularis",15.1974503797067,1.98775084634212,16.9086543262568,21.3892614299594
"IGproject1205","Megachile","centuncularis","male",1927,8,NA,"England","Devon","Bovey Tracey","",3.547,2.773,7.915,2.32,"Megachilidae","cavity nester","OUMNH",NA,"Bovey Tracey, Devon, England",50.6046632,-3.6856762,"Megachile centuncularis",15.690243476109,2.14377123198019,17.1081034430143,21.1984863594711
"IGproject1206","Megachile","centuncularis","male",1913,7,10,"England","Devon","Dawlish Warren","",3.678,2.924,8.343,2.249,"Megachilidae","cavity nester","OUMNH",NA,"Dawlish Warren, Devon, England",50.5986475,-3.4437159,"Megachile centuncularis",14.5933036937637,1.61536883732717,16.4485656984533,19.8363900071281
"IGproject1207","Megachile","centuncularis","male",1926,7,NA,"England","Devon","Newton Abbot","",3.676,2.758,8.213,2.327,"Megachilidae","cavity nester","OUMNH",NA,"Newton Abbot, Devon, England",50.5296441,-3.6112097,"Megachile centuncularis",16.4853112238391,0.293562701117292,16.8130874261733,21.6603234495984
"IGproject1208","Megachile","centuncularis","female",1950,8,6,"England","Northamptonshire","Aynho","",3.676,2.956,8.183,2.238,"Megachilidae","cavity nester","OUMNH",NA,"Aynho, Northamptonshire, England",51.9948605,-1.2520728,"Megachile centuncularis",16.1761747263379,1.46439989015151,17.2297661547783,23.6384209363017
"IGproject1209","Megachile","centuncularis","female",1953,9,8,"England","Devon","Dartmouth","",3.884,3.151,8.72,2.19,"Megachilidae","cavity nester","OUMNH",NA,"Dartmouth, Devon, England",50.3514839,-3.583844,"Megachile centuncularis",15.7068006308933,1.3673680468448,16.7303706424488,20.6430322070604
"IGproject1210","Megachile","centuncularis","female",1914,7,24,"England","Devon","Bovey Tracey","",3.807,3.116,8.219,2.432,"Megachilidae","cavity nester","OUMNH",NA,"Bovey Tracey, Devon, England",50.6046632,-3.6856762,"Megachile centuncularis",15.0488750326549,1.47338372217271,16.2638332688715,20.7504956979362
"IGproject1211","Megachile","centuncularis","female",1913,7,11,"England","Devon","Brixham","",3.641,2.925,7.986,2.17,"Megachilidae","cavity nester","OUMNH",NA,"Brixham, Devon, England",50.3952404,-3.514544,"Megachile centuncularis",14.5164187105447,1.54702274385541,16.2971468802914,19.0284226412577
"IGproject1212","Megachile","centuncularis","female",1915,6,12,"England","Devon","Bovey Tracey","",3.497,2.898,7.861,2.11,"Megachilidae","cavity nester","OUMNH",NA,"Bovey Tracey, Devon, England",50.6046632,-3.6856762,"Megachile centuncularis",15.4061087029624,0.706947026509681,15.9616082933886,20.038906060993
"IGproject1213","Megachile","centuncularis","female",1915,6,30,"England","Devon","Bovey Tracey","",3.605,3.031,8.167,2.379,"Megachilidae","cavity nester","OUMNH",NA,"Bovey Tracey, Devon, England",50.6046632,-3.6856762,"Megachile centuncularis",15.4061087029624,0.706947026509681,15.9616082933886,20.038906060993
"IGproject1214","Megachile","centuncularis","male",1915,6,19,"England","Devon","Dartmoor","",3.338,2.585,7.127,2.13,"Megachilidae","cavity nester","OUMNH",NA,"Dartmoor, Devon, England",50.5657349,-3.9009713,"Megachile centuncularis",13.9191704144938,0.7264645879049,14.5733186090503,18.1310826790566
"IGproject1215","Megachile","centuncularis","male",1926,6,NA,"England","Devon","Bovey Tracey","",3.149,2.455,7.092,1.803,"Megachilidae","cavity nester","OUMNH",NA,"Bovey Tracey, Devon, England",50.6046632,-3.6856762,"Megachile centuncularis",15.8629296879445,0.308800905034658,16.2154835781259,21.3490532551601
"IGproject1216","Megachile","centuncularis","male",1926,7,NA,"England","Devon","Newton Abbot","",3.339,2.512,7.683,2.064,"Megachilidae","cavity nester","OUMNH",NA,"Newton Abbot, Devon, England",50.5296441,-3.6112097,"Megachile centuncularis",16.4853112238391,0.293562701117292,16.8130874261733,21.6603234495984
"IGproject1217","Megachile","centuncularis","male",1989,6,4,"England","Wiltshire","Swindon","",3.49,2.613,7.767,2.141,"Megachilidae","cavity nester","OUMNH",NA,"Swindon, Wiltshire, England",51.6057801,-1.841922,"Megachile centuncularis",14.9263012285554,0.367306728585571,15.3283178197823,19.9176653178495
"IGproject1218","Megachile","centuncularis","female",1910,6,15,"England","Devon","Budleigh Salterton","",3.739,3.099,8.412,2.262,"Megachilidae","cavity nester","OUMNH",NA,"Budleigh Salterton, Devon, England",50.6310504,-3.3299844,"Megachile centuncularis",15.1974503797067,1.98775084634212,16.9086543262568,21.3892614299594
"IGproject1219","Megachile","centuncularis","male",1953,7,22,"England","Devon","Torquay","",3.582,2.706,8.083,2.185,"Megachilidae","cavity nester","OUMNH",NA,"Torquay, Devon, England",50.4652392,-3.5211361,"Megachile centuncularis",16.0723498614188,1.37688904017475,17.129313846296,20.9429156649421
"IGproject1220","Megachile","centuncularis","female",1975,7,6,"England","Oxfordshire","Oxford","10 Stile Road",3.522,2.807,7.912,2.178,"Megachilidae","cavity nester","OUMNH",NA,"10 Stile Road, Oxford, Oxfordshire, England",51.7601077,-1.2087056,"Megachile centuncularis",15.2347629222952,0.840098971124613,15.7694769305384,20.3783365176319
"IGproject1221","Megachile","centuncularis","male",1976,NA,NA,"England","Oxfordshire","Oxford","30 Cope Close",3.328,2.518,7.28,2.091,"Megachilidae","cavity nester","OUMNH",NA,"30 Cope Close, Oxford, Oxfordshire, England",51.74787238,-1.298262636,"Megachile centuncularis",17.5343114690155,2.1361005225593,19.2501995709447,24.8795864143194
"IGproject1222","Megachile","centuncularis","male",1974,7,14,"England","Oxfordshire","Oxford","10 Stile Road",3.334,2.546,7.384,2.178,"Megachilidae","cavity nester","OUMNH",NA,"10 Stile Road, Oxford, Oxfordshire, England",51.7601077,-1.2087056,"Megachile centuncularis",16.3137307607292,1.04051413384552,17.4400566813976,22.3905681845843
"IGproject1223","Megachile","centuncularis","female",1978,7,14,"Wales","Pembrokeshire","Roch","Roch Castle",3.761,3.218,8.561,2.32,"Megachilidae","cavity nester","OUMNH",NA,"Roch Castle, Roch, Pembrokeshire, Wales",51.8491504,-5.0790126,"Megachile centuncularis",14.0075640222025,1.87032848059915,15.2810534551077,18.747162533977
"IGproject1224","Hylaeus","hyalinatus","male",1974,7,7,"England","Oxfordshire","Oxford","10 Stile Road",1.408,1.002,3.654,0.921,"Colletidae","cavity nester","OUMNH",NA,"10 Stile Road, Oxford, Oxfordshire, England",51.7601077,-1.2087056,"Hylaeus hyalinatus",16.3137307607292,1.04051413384552,17.4400566813976,22.3905681845843
"IGproject1225","Hylaeus","hyalinatus","female",1974,7,7,"England","Oxfordshire","Oxford","10 Stile Road",1.584,1.247,4.616,1.005,"Colletidae","cavity nester","OUMNH",NA,"10 Stile Road, Oxford, Oxfordshire, England",51.7601077,-1.2087056,"Hylaeus hyalinatus",16.3137307607292,1.04051413384552,17.4400566813976,22.3905681845843
"IGproject1226","Hylaeus","hyalinatus","female",1976,NA,NA,"England","Oxfordshire","Oxford","30 Cope Close",1.635,1.249,4.399,1.023,"Colletidae","cavity nester","OUMNH",NA,"30 Cope Close, Oxford, Oxfordshire, England",51.74787238,-1.298262636,"Hylaeus hyalinatus",17.5343114690155,2.1361005225593,19.2501995709447,24.8795864143194
"IGproject1227","Hylaeus","hyalinatus","female",1963,7,13,"England","Devon","Hartland Quay","",1.64,1.23,4.395,1.059,"Colletidae","cavity nester","OUMNH",NA,"Hartland Quay, Devon, England",50.994881,-4.534609,"Hylaeus hyalinatus",13.9256365995695,0.937936744545342,14.6856531808836,17.6966802029672
"IGproject1228","Hylaeus","hyalinatus","female",1980,7,23,"England","Suffolk","Westleton","",1.603,1.198,4.322,1.057,"Colletidae","cavity nester","OUMNH",NA,"Westleton, Suffolk, England",52.2649819,1.5753945,"Hylaeus hyalinatus",15.3218997144068,1.25534583759161,16.2268450048814,20.9227449333801
"IGproject1229","Hylaeus","hyalinatus","female",1976,NA,NA,"England","Oxfordshire","Oxford","30 Cope Close",1.683,1.272,4.459,1.085,"Colletidae","cavity nester","OUMNH",NA,"30 Cope Close, Oxford, Oxfordshire, England",51.74787238,-1.298262636,"Hylaeus hyalinatus",17.5343114690155,2.1361005225593,19.2501995709447,24.8795864143194
"IGproject1230","Hylaeus","hyalinatus","female",1976,NA,NA,"England","Oxfordshire","Oxford","30 Cope Close",1.546,1.191,4.07,0.949,"Colletidae","cavity nester","OUMNH",NA,"30 Cope Close, Oxford, Oxfordshire, England",51.74787238,-1.298262636,"Hylaeus hyalinatus",17.5343114690155,2.1361005225593,19.2501995709447,24.8795864143194
"IGproject1231","Hylaeus","hyalinatus","female",1976,NA,NA,"England","Oxfordshire","Oxford","30 Cope Close",1.64,1.244,4.422,1.084,"Colletidae","cavity nester","OUMNH",NA,"30 Cope Close, Oxford, Oxfordshire, England",51.74787238,-1.298262636,"Hylaeus hyalinatus",17.5343114690155,2.1361005225593,19.2501995709447,24.8795864143194
"IGproject1232","Hylaeus","hyalinatus","female",1976,NA,NA,"England","Oxfordshire","Oxford","30 Cope Close",1.702,1.303,4.447,1.037,"Colletidae","cavity nester","OUMNH",NA,"30 Cope Close, Oxford, Oxfordshire, England",51.74787238,-1.298262636,"Hylaeus hyalinatus",17.5343114690155,2.1361005225593,19.2501995709447,24.8795864143194
"IGproject1233","Hylaeus","hyalinatus","female",1976,NA,NA,"England","Oxfordshire","Oxford","30 Cope Close",1.573,1.168,4.093,1.066,"Colletidae","cavity nester","OUMNH",NA,"30 Cope Close, Oxford, Oxfordshire, England",51.74787238,-1.298262636,"Hylaeus hyalinatus",17.5343114690155,2.1361005225593,19.2501995709447,24.8795864143194
"IGproject1234","Hylaeus","hyalinatus","female",1976,NA,NA,"England","Oxfordshire","Oxford","30 Cope Close",1.581,1.234,4.302,1.003,"Colletidae","cavity nester","OUMNH",NA,"30 Cope Close, Oxford, Oxfordshire, England",51.74787238,-1.298262636,"Hylaeus hyalinatus",17.5343114690155,2.1361005225593,19.2501995709447,24.8795864143194
"IGproject1235","Hylaeus","hyalinatus","female",1976,NA,NA,"England","Oxfordshire","Oxford","30 Cope Close",1.669,1.282,4.378,1.055,"Colletidae","cavity nester","OUMNH",NA,"30 Cope Close, Oxford, Oxfordshire, England",51.74787238,-1.298262636,"Hylaeus hyalinatus",17.5343114690155,2.1361005225593,19.2501995709447,24.8795864143194
"IGproject1236","Hylaeus","hyalinatus","female",1976,NA,NA,"England","Oxfordshire","Oxford","30 Cope Close",1.584,1.203,4.167,0.962,"Colletidae","cavity nester","OUMNH",NA,"30 Cope Close, Oxford, Oxfordshire, England",51.74787238,-1.298262636,"Hylaeus hyalinatus",17.5343114690155,2.1361005225593,19.2501995709447,24.8795864143194
"IGproject1237","Hylaeus","hyalinatus","female",1976,NA,NA,"England","Oxfordshire","Oxford","30 Cope Close",1.614,1.228,4.185,1.041,"Colletidae","cavity nester","OUMNH",NA,"30 Cope Close, Oxford, Oxfordshire, England",51.74787238,-1.298262636,"Hylaeus hyalinatus",17.5343114690155,2.1361005225593,19.2501995709447,24.8795864143194
"IGproject1238","Hylaeus","hyalinatus","male",1989,6,4,"England","Wiltshire","Swindon","",1.431,1.062,3.676,0.893,"Colletidae","cavity nester","OUMNH",NA,"Swindon, Wiltshire, England",51.6057801,-1.841922,"Hylaeus hyalinatus",14.9263012285554,0.367306728585571,15.3283178197823,19.9176653178495
"IGproject1239","Hylaeus","hyalinatus","female",1941,8,2,"England","Berkshire","Reading","",1.651,1.274,4.343,1.042,"Colletidae","cavity nester","OUMNH",NA,"Reading, Berkshire, England",51.4564242,-0.9700664,"Hylaeus hyalinatus",16.3918805371869,0.794660213316675,17.125542963475,23.3147942544724
"IGproject1240","Hylaeus","hyalinatus","male",1929,6,26,"England","Dorset","Portland","",1.768,1.395,4.294,1.1,"Colletidae","cavity nester","OUMNH",NA,"Portland, Dorset, England",50.5672516,-2.4472529,"Hylaeus hyalinatus",15.2341944980269,1.47003289613516,16.1168527858024,18.988867146319
"IGproject1241","Hylaeus","hyalinatus","female",1976,7,3,"England","Devon","Dartmoor","",1.663,1.247,4.538,1.099,"Colletidae","cavity nester","OUMNH",NA,"Dartmoor, Devon, England",50.5657349,-3.9009713,"Hylaeus hyalinatus",15.0477094863244,1.36573174821461,16.1343644438435,19.7768916208141
"IGproject1242","Hylaeus","hyalinatus","male",1929,6,25,"England","Dorset","Weymouth","",1.727,1.288,4.508,1.15,"Colletidae","cavity nester","OUMNH",NA,"Weymouth, Dorset, England",50.6096257,-2.4543424,"Hylaeus hyalinatus",15.5252439906856,1.45727244990174,16.6316344097989,20.4450351967222
"IGproject1243","Hylaeus","hyalinatus","female",1971,8,9,"England","Devon","Dartmoor","Burrator Reservoir",1.747,1.298,4.599,1.102,"Colletidae","cavity nester","OUMNH",NA,"Burrator Reservoir, Dartmoor, Devon, England",50.49923423,-4.040083663,"Hylaeus hyalinatus",14.4352082139734,0.507883192211053,14.8216725488416,18.8416091818507
"IGproject1244","Hylaeus","hyalinatus","male",1949,6,30,"England","Devon","Plymouth","Plymouth Hoe",1.526,1.157,3.899,0.969,"Colletidae","cavity nester","OUMNH",NA,"Plymouth Hoe, Plymouth, Devon, England",50.36584396,-4.142166636,"Hylaeus hyalinatus",15.1362455698186,0.91163140262687,15.7687477007663,19.1027221191906
"IGproject1245","Hylaeus","hyalinatus","female",1972,7,25,"England","Cornwall","Lizard","Chynalls Point",1.841,1.468,4.875,1.201,"Colletidae","cavity nester","OUMNH",NA,"Chynalls Point, Lizard, Cornwall, England",50.01667795,-5.094459057,"Hylaeus hyalinatus",15.0846937729206,2.12905745350183,16.6099275332282,20.2196164206514
"IGproject1246","Hylaeus","hyalinatus","female",1972,7,25,"England","Cornwall","Lizard","Chynalls Point",1.674,1.31,4.519,1.096,"Colletidae","cavity nester","OUMNH",NA,"Chynalls Point, Lizard, Cornwall, England",50.01667795,-5.094459057,"Hylaeus hyalinatus",15.0846937729206,2.12905745350183,16.6099275332282,20.2196164206514
"IGproject1247","Hylaeus","hyalinatus","male",1929,6,26,"England","Dorset","Portland","",1.525,1.114,3.931,0.948,"Colletidae","cavity nester","OUMNH",NA,"Portland, Dorset, England",50.5672516,-2.4472529,"Hylaeus hyalinatus",15.2341944980269,1.47003289613516,16.1168527858024,18.988867146319
"IGproject1248","Hylaeus","hyalinatus","female",1928,6,10,"England","Buckinghamshire","Farnham Common","",1.656,1.242,4.428,1.078,"Colletidae","cavity nester","OUMNH",NA,"Farnham Common, Buckinghamshire, England",51.5591604,-0.6128141,"Hylaeus hyalinatus",14.9131759574181,1.56027744635214,15.941638137211,20.2918938930153
"IGproject1249","Hylaeus","hyalinatus","male",1972,8,24,"England","Devon","Dartmoor","Cox Tor",1.735,1.22,4.413,1.022,"Colletidae","cavity nester","OUMNH",NA,"Cox Tor, Dartmoor, Devon, England",50.56832918,-4.077297815,"Hylaeus hyalinatus",14.254478797724,2.34812662748329,16.1623007714054,20.8731680930072
"IGproject1250","Hylaeus","hyalinatus","male",1946,6,13,"England","Devon","Plymouth","Plymouth Hoe",1.631,1.167,4.143,1.028,"Colletidae","cavity nester","OUMNH",NA,"Plymouth Hoe, Plymouth, Devon, England",50.36584396,-4.142166636,"Hylaeus hyalinatus",15.4303103615086,1.18975177538209,16.3076546533657,19.6467596608232
"IGproject1251","Hylaeus","hyalinatus","male",1969,6,24,"England","Devon","Wembury","",1.629,1.136,4.08,1.036,"Colletidae","cavity nester","OUMNH",NA,"Wembury, Devon, England",50.3287157,-4.0840935,"Hylaeus hyalinatus",15.0380046843982,0.949021800190912,16.0131321842073,18.9953782924633
"IGproject1252","Hylaeus","hyalinatus","female",1960,7,23,"England","Suffolk","Westleton","",1.653,1.263,4.638,1.092,"Colletidae","cavity nester","OUMNH",NA,"Westleton, Suffolk, England",52.2649819,1.5753945,"Hylaeus hyalinatus",16.7972886602125,1.71287627235729,18.0173377560387,23.0619011969789
"IGproject1253","Hylaeus","hyalinatus","female",1970,7,7,"England","Devon","Bovey Tracey","Bovey Heathfield",1.688,1.296,4.513,1.094,"Colletidae","cavity nester","OUMNH",NA,"Bovey Heathfield, Bovey Tracey, Devon, England",50.5778633,-3.6644648,"Hylaeus hyalinatus",15.7246717980285,1.14139590749624,16.6132306142946,21.0393441139306
"IGproject1254","Hylaeus","hyalinatus","female",1972,7,27,"England","Cornwall","Coverack","Lowland Point",1.591,1.186,4.278,0.978,"Colletidae","cavity nester","OUMNH",NA,"Lowland Point, Coverack, Cornwall, England",50.035969,-5.07475249,"Hylaeus hyalinatus",15.100008995405,2.12200268628127,16.6248587096263,20.2703569059833
"IGproject1255","Hylaeus","hyalinatus","male",1975,7,11,"England","Devon","Dartmouth","Coleton Fishacre",1.502,1.028,3.678,0.945,"Colletidae","cavity nester","OUMNH",NA,"Coleton Fishacre, Dartmouth, Devon, England",50.3470983,-3.5343188,"Hylaeus hyalinatus",14.7756660319074,0.795333655747929,15.2779803294511,18.3843614996685
"IGproject1256","Hylaeus","hyalinatus","female",1929,6,26,"England","Dorset","Portland","",1.668,1.261,4.501,1.105,"Colletidae","cavity nester","OUMNH",NA,"Portland, Dorset, England",50.5672516,-2.4472529,"Hylaeus hyalinatus",15.2341944980269,1.47003289613516,16.1168527858024,18.988867146319
"IGproject1257","Hylaeus","hyalinatus","male",1950,6,7,"England","Devon","Yelverton","",1.437,1.024,3.662,0.888,"Colletidae","cavity nester","OUMNH",NA,"Yelverton, Devon, England",50.4929419,-4.0846742,"Hylaeus hyalinatus",15.9726828715645,1.12745188715786,16.9645921646354,22.0164753439529
"IGproject1258","Hylaeus","hyalinatus","male",1963,6,22,"England","Dorset","Weymouth","",1.498,1.091,3.853,0.933,"Colletidae","cavity nester","OUMNH",NA,"Weymouth, Dorset, England",50.6096257,-2.4543424,"Hylaeus hyalinatus",14.9718217934697,0.843925197292145,15.5358088050574,18.7064825676462
"IGproject1259","Hylaeus","hyalinatus","female",1949,7,12,"England","Dorset","Weymouth","",1.674,1.318,4.494,1.092,"Colletidae","cavity nester","OUMNH",NA,"Weymouth, Dorset, England",50.6096257,-2.4543424,"Hylaeus hyalinatus",15.5569027012161,0.709648923754933,16.0261153821885,19.6158933460992
"IGproject1260","Hylaeus","hyalinatus","female",1960,7,23,"England","Suffolk","Westleton","",1.782,1.374,4.846,1.177,"Colletidae","cavity nester","OUMNH",NA,"Westleton, Suffolk, England",52.2649819,1.5753945,"Hylaeus hyalinatus",16.7972886602125,1.71287627235729,18.0173377560387,23.0619011969789
"IGproject1261","Hylaeus","hyalinatus","male",1974,6,20,"England","Devon","Bovey Tracey","Chudleigh Knighton Heath",1.598,1.165,4.167,0.968,"Colletidae","cavity nester","OUMNH",NA,"Chudleigh Knighton Heath, Bovey Tracey, Devon, England",50.58100978,-3.64619059,"Hylaeus hyalinatus",15.8500396279994,0.992451217041439,16.9322669988987,21.1409196333181
"IGproject1262","Hylaeus","hyalinatus","female",1972,7,30,"England","Cornwall","Coverack","",1.719,1.364,4.631,1.113,"Colletidae","cavity nester","OUMNH",NA,"Coverack, Cornwall, England",50.0224895,-5.0971985,"Hylaeus hyalinatus",15.0894961570106,2.12684394221208,16.6146094922433,20.2355270807626
"IGproject1263","Hylaeus","hyalinatus","male",1929,6,26,"England","Dorset","Portland","",1.439,1.027,3.657,0.891,"Colletidae","cavity nester","OUMNH",NA,"Portland, Dorset, England",50.5672516,-2.4472529,"Hylaeus hyalinatus",15.2341944980269,1.47003289613516,16.1168527858024,18.988867146319
"IGproject1264","Hylaeus","hyalinatus","female",1933,7,24,"England","Dorset","Swanage","South Haven Point",1.697,1.336,4.477,1.142,"Colletidae","cavity nester","OUMNH",NA,"South Haven Point, Swanage, Dorset, England",50.6787269,-1.94390688,"Hylaeus hyalinatus",16.0005694323117,1.6744000297133,17.737523769828,22.0224414018305
"IGproject1265","Hylaeus","hyalinatus","male",1951,7,2,"England","Devon","Plymouth","",1.501,1.038,3.576,0.917,"Colletidae","cavity nester","OUMNH",NA,"Plymouth, Devon, England",50.4323453,-3.7065512,"Hylaeus hyalinatus",15.4844244952683,0.25432153804293,15.7404021488827,19.7965292850904
"IGproject1266","Hylaeus","hyalinatus","female",1910,6,14,"England","Devon","Budleigh Salterton","",1.602,1.218,4.485,1.068,"Colletidae","cavity nester","OUMNH",NA,"Budleigh Salterton, Devon, England",50.6310504,-3.3299844,"Hylaeus hyalinatus",15.1974503797067,1.98775084634212,16.9086543262568,21.3892614299594
"IGproject1267","Hylaeus","hyalinatus","female",1953,9,1,"England","Devon","Torquay","",1.727,1.313,4.637,1.125,"Colletidae","cavity nester","OUMNH",NA,"Torquay, Devon, England",50.4652392,-3.5211361,"Hylaeus hyalinatus",16.0723498614188,1.37688904017475,17.129313846296,20.9429156649421
"IGproject1268","Hylaeus","hyalinatus","male",1910,6,19,"England","Devon","Budleigh Salterton","",1.77,1.36,4.506,1.105,"Colletidae","cavity nester","OUMNH",NA,"Budleigh Salterton, Devon, England",50.6310504,-3.3299844,"Hylaeus hyalinatus",15.1974503797067,1.98775084634212,16.9086543262568,21.3892614299594
"IGproject1269","Hylaeus","hyalinatus","female",1910,6,5,"England","Devon","Budleigh Salterton","",1.526,1.146,4.225,1.025,"Colletidae","cavity nester","OUMNH",NA,"Budleigh Salterton, Devon, England",50.6310504,-3.3299844,"Hylaeus hyalinatus",15.1974503797067,1.98775084634212,16.9086543262568,21.3892614299594
"IGproject1270","Hylaeus","hyalinatus","female",1906,8,NA,"England","Cornwall","Polkerris","",1.655,1.266,4.522,1.035,"Colletidae","cavity nester","OUMNH",NA,"Polkerris, Cornwall, England",50.3381927,-4.6810647,"Hylaeus hyalinatus",15.54694958081,1.2567148767028,16.9446063691244,20.373892541768
"IGproject1271","Hylaeus","hyalinatus","female",1910,6,19,"England","Devon","Budleigh Salterton","",1.641,1.263,4.617,1.084,"Colletidae","cavity nester","OUMNH",NA,"Budleigh Salterton, Devon, England",50.6310504,-3.3299844,"Hylaeus hyalinatus",15.1974503797067,1.98775084634212,16.9086543262568,21.3892614299594
"IGproject1272","Hylaeus","hyalinatus","female",1910,6,19,"England","Devon","Budleigh Salterton","",1.757,1.338,4.85,1.162,"Colletidae","cavity nester","OUMNH",NA,"Budleigh Salterton, Devon, England",50.6310504,-3.3299844,"Hylaeus hyalinatus",15.1974503797067,1.98775084634212,16.9086543262568,21.3892614299594
"IGproject1273","Hylaeus","hyalinatus","male",1910,6,6,"England","Devon","Budleigh Salterton","",1.888,1.417,4.615,1.165,"Colletidae","cavity nester","OUMNH",NA,"Budleigh Salterton, Devon, England",50.6310504,-3.3299844,"Hylaeus hyalinatus",15.1974503797067,1.98775084634212,16.9086543262568,21.3892614299594
"IGproject1274","Hylaeus","hyalinatus","female",1901,7,NA,"England","Cornwall","Newquay","",1.648,1.315,4.428,1.112,"Colletidae","cavity nester","OUMNH",NA,"Newquay, Cornwall, England",50.4134414,-5.0848836,"Hylaeus hyalinatus",15.5416841890244,1.17012258218358,16.6509591863451,19.5747950438299
"IGproject1275","Hylaeus","hyalinatus","female",1898,7,NA,"Wales","Gwynedd","Criccieth","",1.653,1.301,4.574,1.08,"Colletidae","cavity nester","OUMNH",NA,"Criccieth, Gwynedd, Wales",52.9206106,-4.2332414,"Hylaeus hyalinatus",15.0701349601524,0.806145648993445,15.6476353548299,19.7124157224474
"IGproject1276","Hylaeus","hyalinatus","male",1898,7,NA,"Wales","Gwynedd","Criccieth","",1.499,1.038,3.958,0.921,"Colletidae","cavity nester","OUMNH",NA,"Criccieth, Gwynedd, Wales",52.9206106,-4.2332414,"Hylaeus hyalinatus",15.0701349601524,0.806145648993445,15.6476353548299,19.7124157224474
"IGproject1277","Hylaeus","hyalinatus","male",1903,7,20,"England","Dorset","Lyme Regis","",1.599,1.16,4.023,0.969,"Colletidae","cavity nester","OUMNH",NA,"Lyme Regis, Dorset, England",50.7252897,-2.934559,"Hylaeus hyalinatus",14.3509103612868,1.13499064767345,15.1429601876487,19.604229171124
"IGproject1278","Hylaeus","hyalinatus","male",1901,7,NA,"England","Cornwall","Newquay","",1.65,1.203,4.1,1.016,"Colletidae","cavity nester","OUMNH",NA,"Newquay, Cornwall, England",50.4134414,-5.0848836,"Hylaeus hyalinatus",15.5416841890244,1.17012258218358,16.6509591863451,19.5747950438299
"IGproject1279","Hylaeus","hyalinatus","male",1904,7,NA,"England","Dorset","Lyme Regis","",1.432,1.045,3.937,0.929,"Colletidae","cavity nester","OUMNH",NA,"Lyme Regis, Dorset, England",50.7252897,-2.934559,"Hylaeus hyalinatus",14.1679493073694,1.30463356026486,15.2395292155061,19.7112190954345
"IGproject1280","Hylaeus","hyalinatus","female",1901,7,NA,"England","Cornwall","Newquay","",1.754,1.347,4.752,1.141,"Colletidae","cavity nester","OUMNH",NA,"Newquay, Cornwall, England",50.4134414,-5.0848836,"Hylaeus hyalinatus",15.5416841890244,1.17012258218358,16.6509591863451,19.5747950438299
"IGproject1281","Hylaeus","hyalinatus","male",1908,7,6,"England","Dorset","Swanage","",1.708,1.255,4.186,1.024,"Colletidae","cavity nester","OUMNH",NA,"Swanage, Dorset, England",50.6086976,-1.9571971,"Hylaeus hyalinatus",14.1645365095022,1.2820443084051,15.1701810189488,18.5364885782782
"IGproject1282","Hylaeus","hyalinatus","female",1915,7,18,"England","Surrey","Cobham","",1.638,1.233,4.42,1.034,"Colletidae","cavity nester","OUMNH",NA,"Cobham, Surrey, England",51.3300079,-0.4120821,"Hylaeus hyalinatus",16.230673492981,1.00039468149002,16.9444254900934,22.474130028936
"IGproject1283","Hylaeus","hyalinatus","male",1904,7,NA,"England","Dorset","Lyme Regis","",1.518,1.034,3.756,0.95,"Colletidae","cavity nester","OUMNH",NA,"Lyme Regis, Dorset, England",50.7252897,-2.934559,"Hylaeus hyalinatus",14.1679493073694,1.30463356026486,15.2395292155061,19.7112190954345
"IGproject1284","Hylaeus","hyalinatus","female",1904,7,NA,"England","Dorset","Lyme Regis","",1.653,1.232,4.506,1.103,"Colletidae","cavity nester","OUMNH",NA,"Lyme Regis, Dorset, England",50.7252897,-2.934559,"Hylaeus hyalinatus",14.1679493073694,1.30463356026486,15.2395292155061,19.7112190954345
"IGproject1285","Hylaeus","hyalinatus","male",1903,7,20,"England","Dorset","Lyme Regis","",1.5,1.051,3.963,0.989,"Colletidae","cavity nester","OUMNH",NA,"Lyme Regis, Dorset, England",50.7252897,-2.934559,"Hylaeus hyalinatus",14.3509103612868,1.13499064767345,15.1429601876487,19.604229171124
"IGproject1286","Hylaeus","hyalinatus","female",1928,8,27,"England","Norfolk","Horning","",1.747,1.246,5.191,1.184,"Colletidae","cavity nester","OUMNH",NA,"Horning, Norfolk, England",52.7004507,1.4898384,"Hylaeus hyalinatus",15.0893497300432,1.79405424703477,16.4607809241239,20.5249742531406
"IGproject1287","Hylaeus","hyalinatus","female",1922,8,8,"England","Oxfordshire","Tubney","",1.695,1.306,4.584,1.067,"Colletidae","cavity nester","OUMNH",NA,"Tubney, Oxfordshire, England",51.6852443,-1.3699399,"Hylaeus hyalinatus",16.8765872461039,2.13973555923481,19.2795398899475,26.2686064614752
"IGproject1288","Hylaeus","hyalinatus","female",1922,8,15,"England","Oxfordshire","Stanton Harcourt","",1.581,1.24,4.601,1.023,"Colletidae","cavity nester","OUMNH",NA,"Stanton Harcourt, Oxfordshire, England",51.7514273,-1.3921381,"Hylaeus hyalinatus",16.8599533081182,2.15620774870017,19.2816859397845,26.1608980425685
"IGproject1289","Hylaeus","hyalinatus","female",1922,8,8,"England","Oxfordshire","Tubney","",1.565,1.236,4.63,1.028,"Colletidae","cavity nester","OUMNH",NA,"Tubney, Oxfordshire, England",51.6852443,-1.3699399,"Hylaeus hyalinatus",16.8765872461039,2.13973555923481,19.2795398899475,26.2686064614752
"IGproject1290","Hylaeus","hyalinatus","male",1992,6,14,"England","Devon","","Prawle Point",1.64,1.152,4.103,0.987,"Colletidae","cavity nester","OUMNH",NA,"Prawle Point, Devon, England",50.29001117,-3.719882932,"Hylaeus hyalinatus",15.1971437096972,2.11258256865417,16.7590678698681,21.1073723889676
"IGproject1291","Hylaeus","hyalinatus","male",1992,6,14,"England","Devon","","Prawle Point",1.607,1.131,4.012,1.013,"Colletidae","cavity nester","OUMNH",NA,"Prawle Point, Devon, England",50.29001117,-3.719882932,"Hylaeus hyalinatus",15.1971437096972,2.11258256865417,16.7590678698681,21.1073723889676
"IGproject1292","Hylaeus","hyalinatus","male",1988,7,20,"Wales","Pembrokeshire","Stackpole","",1.634,1.156,3.909,1.024,"Colletidae","cavity nester","OUMNH",NA,"Stackpole, Pembrokeshire, Wales",51.6304465,-4.9147282,"Hylaeus hyalinatus",14.2071659333238,1.7769632429508,15.2566187955882,18.6104850830765
"IGproject1293","Hylaeus","hyalinatus","male",1989,6,15,"England","Devon","Braunton","Braunton Burrows",1.602,1.266,4.115,1.024,"Colletidae","cavity nester","OUMNH",NA,"Braunton Burrows, Braunton, Devon, England",51.0930822,-4.2087025,"Hylaeus hyalinatus",14.994943457248,0.363672529630928,15.2540958074603,19.0734164499451
"IGproject1294","Hylaeus","hyalinatus","female",1992,6,7,"England","Oxfordshire","Oxford","",1.637,1.248,4.364,1.019,"Colletidae","cavity nester","OUMNH",NA,"Oxford, Oxfordshire, England",51.7520131,-1.2578499,"Hylaeus hyalinatus",16.3530708773663,3.00862272505669,18.107835913685,23.1669182017661
"IGproject1295","Hylaeus","hyalinatus","female",1984,7,13,"England","Kent","","Lydd Ranges",1.553,1.15,3.909,0.988,"Colletidae","cavity nester","OUMNH",NA,"Lydd Ranges, Kent, England",50.9298725,0.8684773,"Hylaeus hyalinatus",17.4539248157053,2.01833163973044,19.120441954114,23.4424205373787
"IGproject1296","Hylaeus","hyalinatus","female",1984,7,13,"England","Kent","","Lydd Ranges",1.726,1.315,4.514,1.09,"Colletidae","cavity nester","OUMNH",NA,"Lydd Ranges, Kent, England",50.9298725,0.8684773,"Hylaeus hyalinatus",17.4539248157053,2.01833163973044,19.120441954114,23.4424205373787
"IGproject1297","Hylaeus","hyalinatus","female",1984,7,13,"England","Kent","","Lydd Ranges",1.563,1.182,4.101,1.017,"Colletidae","cavity nester","OUMNH",NA,"Lydd Ranges, Kent, England",50.9298725,0.8684773,"Hylaeus hyalinatus",17.4539248157053,2.01833163973044,19.120441954114,23.4424205373787
"IGproject1298","Hylaeus","hyalinatus","male",1984,7,13,"England","Kent","","Lydd Ranges",1.346,0.911,3.288,0.821,"Colletidae","cavity nester","OUMNH",NA,"Lydd Ranges, Kent, England",50.9298725,0.8684773,"Hylaeus hyalinatus",17.4539248157053,2.01833163973044,19.120441954114,23.4424205373787
"IGproject1299","Hylaeus","hyalinatus","male",1984,7,13,"England","Kent","","Lydd Ranges",1.478,0.99,3.647,0.899,"Colletidae","cavity nester","OUMNH",NA,"Lydd Ranges, Kent, England",50.9298725,0.8684773,"Hylaeus hyalinatus",17.4539248157053,2.01833163973044,19.120441954114,23.4424205373787
"IGproject1300","Hylaeus","hyalinatus","female",1984,7,13,"England","Kent","","Lydd Ranges",1.678,1.264,4.354,0.979,"Colletidae","cavity nester","OUMNH",NA,"Lydd Ranges, Kent, England",50.9298725,0.8684773,"Hylaeus hyalinatus",17.4539248157053,2.01833163973044,19.120441954114,23.4424205373787
"IGproject1301","Hylaeus","communis","male",1904,7,NA,"England","Dorset","Lyme Regis","",1.41,1.035,4.06,0.924,"Colletidae","cavity nester","OUMNH",NA,"Lyme Regis, Dorset, England",50.7252897,-2.934559,"Hylaeus communis",14.1679493073694,1.30463356026486,15.2395292155061,19.7112190954345
"IGproject1302","Hylaeus","communis","female",1915,6,NA,"England","Cambridgeshire","Wicken","",1.68,1.309,4.922,1.057,"Colletidae","cavity nester","OUMNH",NA,"Wicken, Cambridgeshire, England",52.3126328,0.2994755,"Hylaeus communis",16.0670783475763,1.28643957145695,16.9407151382839,22.5890510683454
"IGproject1303","Hylaeus","communis","male",1904,7,NA,"England","Dorset","Lyme Regis","",1.488,1.03,4.164,0.906,"Colletidae","cavity nester","OUMNH",NA,"Lyme Regis, Dorset, England",50.7252897,-2.934559,"Hylaeus communis",14.1679493073694,1.30463356026486,15.2395292155061,19.7112190954345
"IGproject1304","Hylaeus","communis","male",1904,7,NA,"England","Dorset","Lyme Regis","",1.437,1.087,4.034,0.894,"Colletidae","cavity nester","OUMNH",NA,"Lyme Regis, Dorset, England",50.7252897,-2.934559,"Hylaeus communis",14.1679493073694,1.30463356026486,15.2395292155061,19.7112190954345
"IGproject1305","Hylaeus","communis","male",1953,6,26,"England","Devon","Braunton","Braunton Burrows",1.623,1.262,4.689,1.03,"Colletidae","cavity nester","OUMNH",NA,"Braunton Burrows, Braunton, Devon, England",51.0930822,-4.2087025,"Hylaeus communis",15.7379387639543,1.47464214604835,16.77156859761,20.2620868427744
"IGproject1306","Hylaeus","communis","female",1905,7,23,"England","Dorset","Lyme Regis","",1.611,1.232,4.748,0.996,"Colletidae","cavity nester","OUMNH",NA,"Lyme Regis, Dorset, England",50.7252897,-2.934559,"Hylaeus communis",15.0707330310714,1.72195556678507,16.6678192838039,21.0904125765718
"IGproject1307","Hylaeus","communis","female",1897,7,20,"England","Berkshire","Reading","Sulhamstead Park",1.615,1.369,4.695,1.036,"Colletidae","cavity nester","OUMNH",NA,"Sulhamstead Park, Reading, Berkshire, England",51.41681285,-1.09530783,"Hylaeus communis",15.9192568601135,1.16881616169687,16.9424804102253,22.9920984022132
"IGproject1308","Hylaeus","communis","female",1897,8,7,"England","Berkshire","Reading","Sulhamstead Park",1.677,1.323,4.568,1.145,"Colletidae","cavity nester","OUMNH",NA,"Sulhamstead Park, Reading, Berkshire, England",51.41681285,-1.09530783,"Hylaeus communis",15.9192568601135,1.16881616169687,16.9424804102253,22.9920984022132
"IGproject1309","Hylaeus","communis","female",1902,8,27,"England","Norfolk","Wroxham","",1.514,1.138,4.263,0.941,"Colletidae","cavity nester","OUMNH",NA,"Wroxham, Norfolk, England",52.7065382,1.4036015,"Hylaeus communis",15.5896633643885,1.6738813425538,16.7430967230123,21.4072397610385
"IGproject1310","Hylaeus","communis","female",1902,8,27,"England","Norfolk","Wroxham","",1.543,1.158,4.425,1.004,"Colletidae","cavity nester","OUMNH",NA,"Wroxham, Norfolk, England",52.7065382,1.4036015,"Hylaeus communis",15.5896633643885,1.6738813425538,16.7430967230123,21.4072397610385
"IGproject1311","Hylaeus","communis","female",1902,8,27,"England","Norfolk","Wroxham","",1.622,1.235,4.592,1.006,"Colletidae","cavity nester","OUMNH",NA,"Wroxham, Norfolk, England",52.7065382,1.4036015,"Hylaeus communis",15.5896633643885,1.6738813425538,16.7430967230123,21.4072397610385
"IGproject1312","Hylaeus","communis","female",1902,9,5,"England","Norfolk","Wroxham","",1.822,1.278,5.303,1.192,"Colletidae","cavity nester","OUMNH",NA,"Wroxham, Norfolk, England",52.7065382,1.4036015,"Hylaeus communis",15.5896633643885,1.6738813425538,16.7430967230123,21.4072397610385
"IGproject1313","Hylaeus","communis","female",1953,8,6,"England","Devon","Bovey Tracey","Chudleigh Knighton Heath",1.559,1.201,4.371,0.987,"Colletidae","cavity nester","OUMNH",NA,"Chudleigh Knighton Heath, Bovey Tracey, Devon, England",50.58100978,-3.64619059,"Hylaeus communis",16.0398113724282,1.35810474590149,17.18087031276,21.6602372414846
"IGproject1314","Hylaeus","communis","female",1948,7,17,"England","Dorset","Witchampton","",1.692,1.357,5.052,1.096,"Colletidae","cavity nester","OUMNH",NA,"Witchampton, Dorset, England",50.8579978,-2.0168718,"Hylaeus communis",17.0875445049823,1.94159982381394,19.1068606364588,25.892449705756
"IGproject1315","Hylaeus","communis","female",1948,8,31,"England","Oxfordshire","Oxford","Hinksey",1.685,1.344,5.015,1.069,"Colletidae","cavity nester","OUMNH",NA,"Hinksey, Oxford, Oxfordshire, England",51.7363525,-1.2575581,"Hylaeus communis",17.7878408995067,1.65803747467357,19.3911844690795,26.0332669598258
"IGproject1316","Hylaeus","communis","female",1942,8,9,"England","Berkshire","Calcot","",1.635,1.247,4.571,0.994,"Colletidae","cavity nester","OUMNH",NA,"Calcot, Berkshire, England",51.441795,-1.0520249,"Hylaeus communis",16.1667159660756,1.55539975137427,17.9311810677109,23.6784794478531
"IGproject1317","Hylaeus","communis","male",1941,8,2,"England","Berkshire","Calcot","",1.55,1.17,4.14,0.917,"Colletidae","cavity nester","OUMNH",NA,"Calcot, Berkshire, England",51.441795,-1.0520249,"Hylaeus communis",16.1661624272449,0.769861641619548,16.861470203277,23.1865142290492
"IGproject1318","Hylaeus","communis","female",1942,8,6,"England","Berkshire","Calcot","",1.616,1.287,4.736,1.063,"Colletidae","cavity nester","OUMNH",NA,"Calcot, Berkshire, England",51.441795,-1.0520249,"Hylaeus communis",16.1667159660756,1.55539975137427,17.9311810677109,23.6784794478531
"IGproject1319","Hylaeus","communis","female",1942,9,2,"England","Berkshire","Calcot","",1.664,1.312,4.711,1.074,"Colletidae","cavity nester","OUMNH",NA,"Calcot, Berkshire, England",51.441795,-1.0520249,"Hylaeus communis",16.1667159660756,1.55539975137427,17.9311810677109,23.6784794478531
"IGproject1320","Hylaeus","communis","male",1976,NA,NA,"England","Oxfordshire","Oxford","30 Cope Close",1.517,1.142,4.212,0.916,"Colletidae","cavity nester","OUMNH",NA,"30 Cope Close, Oxford, Oxfordshire, England",51.74787238,-1.298262636,"Hylaeus communis",17.5343114690155,2.1361005225593,19.2501995709447,24.8795864143194
"IGproject1321","Hylaeus","communis","female",1978,8,19,"England","Oxfordshire","Abingdon","Dry Sandford Pit",1.482,1.117,4.266,0.949,"Colletidae","cavity nester","OUMNH",NA,"Dry Sandford Pit, Abingdon, Oxfordshire, England",51.69478825,-1.32635399,"Hylaeus communis",14.7066239213846,2.1173024410995,16.2723580201578,21.1138910930642
"IGproject1322","Hylaeus","communis","male",1976,NA,NA,"England","Oxfordshire","Oxford","30 Cope Close",1.437,1.053,3.946,0.904,"Colletidae","cavity nester","OUMNH",NA,"30 Cope Close, Oxford, Oxfordshire, England",51.74787238,-1.298262636,"Hylaeus communis",17.5343114690155,2.1361005225593,19.2501995709447,24.8795864143194
"IGproject1323","Hylaeus","communis","male",1976,NA,NA,"England","Oxfordshire","Oxford","30 Cope Close",1.397,0.992,3.821,0.885,"Colletidae","cavity nester","OUMNH",NA,"30 Cope Close, Oxford, Oxfordshire, England",51.74787238,-1.298262636,"Hylaeus communis",17.5343114690155,2.1361005225593,19.2501995709447,24.8795864143194
"IGproject1324","Hylaeus","communis","female",1976,NA,NA,"England","Oxfordshire","Oxford","30 Cope Close",1.692,1.322,4.61,1.093,"Colletidae","cavity nester","OUMNH",NA,"30 Cope Close, Oxford, Oxfordshire, England",51.74787238,-1.298262636,"Hylaeus communis",17.5343114690155,2.1361005225593,19.2501995709447,24.8795864143194
"IGproject1325","Hylaeus","communis","female",1976,NA,NA,"England","Oxfordshire","Oxford","30 Cope Close",1.526,1.186,4.527,0.961,"Colletidae","cavity nester","OUMNH",NA,"30 Cope Close, Oxford, Oxfordshire, England",51.74787238,-1.298262636,"Hylaeus communis",17.5343114690155,2.1361005225593,19.2501995709447,24.8795864143194
"IGproject1326","Hylaeus","communis","female",1968,9,7,"England","Hertfordshire","Harpenden","Hatching Green",1.53,1.178,4.6,0.987,"Colletidae","cavity nester","OUMNH",NA,"Hatching Green, Harpenden, Hertfordshire, England",51.8034314,-0.3580286,"Hylaeus communis",15.5613508937691,1.71058033130516,17.1485461371553,22.2908443716896
"IGproject1327","Hylaeus","communis","female",1968,8,12,"England","Hertfordshire","","Gustard Wood",1.671,1.328,4.87,1.095,"Colletidae","cavity nester","OUMNH",NA,"Gustard Wood, Hertfordshire, England",51.8337966,-0.2991411,"Hylaeus communis",15.5799765952303,1.75258857682669,17.211781984021,22.3582180250744
"IGproject1328","Hylaeus","communis","male",1968,7,24,"England","Hertfordshire","Harpenden","Rothamsted Lodge",1.376,0.969,3.838,0.815,"Colletidae","cavity nester","OUMNH",NA,"Rothamsted Lodge, Harpenden, Hertfordshire, England",51.80575486,-0.35908417,"Hylaeus communis",15.5642952577745,1.71275956692656,17.153739212971,22.2881041349936
"IGproject1329","Hylaeus","communis","male",1969,6,11,"England","Hertfordshire","Harpenden","Hatching Green",1.358,0.926,3.541,0.821,"Colletidae","cavity nester","OUMNH",NA,"Hatching Green, Harpenden, Hertfordshire, England",51.8034314,-0.3580286,"Hylaeus communis",14.9674279761514,0.289754419393288,15.252754069442,19.2972457096156
"IGproject1330","Hylaeus","communis","male",1930,7,5,"England","Dorset","Dorchester","Oakerswood",1.512,1.148,4.277,0.924,"Colletidae","cavity nester","OUMNH",NA,"Oakerswood, Dorchester, Dorset, England",50.71946655,-2.268240605,"Hylaeus communis",14.7890016735548,1.43799443767243,15.9204328664979,21.2315475236955
"IGproject1331","Hylaeus","communis","male",1989,6,24,"England","Wiltshire","Swindon","",1.508,1.086,4.367,0.961,"Colletidae","cavity nester","OUMNH",NA,"Swindon, Wiltshire, England",51.6057801,-1.841922,"Hylaeus communis",14.9263012285554,0.367306728585571,15.3283178197823,19.9176653178495
"IGproject1332","Hylaeus","communis","male",1989,5,19,"England","Wiltshire","Swindon","Coate Water Country Park",1.468,1.101,4.107,0.932,"Colletidae","cavity nester","OUMNH",NA,"Coate Water Country Park, Swindon, Wiltshire, England",51.53925894,-1.74822582,"Hylaeus communis",15.0344828669296,0.351719418766223,15.4080464094433,20.1269481313954
"IGproject1333","Hylaeus","communis","female",1989,6,24,"England","Wiltshire","Swindon","",1.707,1.37,4.865,1.064,"Colletidae","cavity nester","OUMNH",NA,"Swindon, Wiltshire, England",51.6057801,-1.841922,"Hylaeus communis",14.9263012285554,0.367306728585571,15.3283178197823,19.9176653178495
"IGproject1334","Hylaeus","communis","female",1989,6,24,"England","Wiltshire","Swindon","",1.561,1.218,4.44,0.977,"Colletidae","cavity nester","OUMNH",NA,"Swindon, Wiltshire, England",51.6057801,-1.841922,"Hylaeus communis",14.9263012285554,0.367306728585571,15.3283178197823,19.9176653178495
"IGproject1335","Hylaeus","communis","male",1987,6,14,"England","Kent","Aylesford","",1.62,1.25,4.567,1.016,"Colletidae","cavity nester","OUMNH",NA,"Aylesford, Kent, England",51.3093091,0.4867332,"Hylaeus communis",15.8537408443982,1.27604199863197,17.3156904509606,21.8941492841568
"IGproject1336","Hylaeus","communis","female",1984,8,18,"England","Kent","Penden Heath","",1.521,1.164,4.424,0.939,"Colletidae","cavity nester","OUMNH",NA,"Penden Heath, Kent, England",51.288118,0.531168422,"Hylaeus communis",17.6657707004555,2.22814307349224,19.7875968040098,25.5340089224789
"IGproject1337","Hylaeus","communis","male",1986,7,6,"England","Kent","Shadoxhurst","Stone Wood",1.414,0.999,4.025,0.864,"Colletidae","cavity nester","OUMNH",NA,"Stone Wood, Shadoxhurst, Kent, England",51.09681448,0.805585226,"Hylaeus communis",15.4475190143771,1.64115784643899,17.1056150256878,21.8871436801387
"IGproject1338","Hylaeus","communis","male",1995,7,8,"Wales","Cardiff","Cardiff","",1.433,1.133,4.176,0.906,"Colletidae","cavity nester","OUMNH",NA,"Cardiff, Cardiff, Wales",51.4816546,-3.1791934,"Hylaeus communis",16.4667207970456,1.66080342004559,18.1564869377185,22.8404043233088
"IGproject1339","Hylaeus","communis","male",1995,7,8,"Wales","Cardiff","Cardiff","",1.539,1.155,4.305,0.916,"Colletidae","cavity nester","OUMNH",NA,"Cardiff, Cardiff, Wales",51.4816546,-3.1791934,"Hylaeus communis",16.4667207970456,1.66080342004559,18.1564869377185,22.8404043233088
"IGproject1340","Hylaeus","communis","male",1992,6,27,"England","Wiltshire","Cricklade","",1.684,1.293,4.432,0.992,"Colletidae","cavity nester","OUMNH",NA,"Cricklade, Wiltshire, England",51.6414188,-1.8579414,"Hylaeus communis",15.6309796291769,2.99438319253071,17.4223526256419,22.6965281200509
"IGproject1341","Hylaeus","communis","female",2007,6,6,"England","Surrey","Woking","Stickledown",1.702,1.331,4.788,1.091,"Colletidae","cavity nester","OUMNH",NA,"Stickledown, Woking, Surrey, England",51.3126804,-0.5650899,"Hylaeus communis",18.2228139623986,2.26989096159185,20.8403659192033,27.2073881053299
"IGproject1342","Hylaeus","communis","male",1992,7,4,"England","Oxfordshire","","Lashford Lane Fen",1.379,0.988,3.825,0.828,"Colletidae","cavity nester","OUMNH",NA,"Lashford Lane Fen, Oxfordshire, England",51.70713636,-1.324121414,"Hylaeus communis",16.0037820721045,2.9925491888294,17.7673819186176,23.0884234022122
"IGproject1343","Hylaeus","communis","male",1992,7,15,"England","Devon","","Hellingly Country Park",1.325,0.956,3.759,0.825,"Colletidae","cavity nester","OUMNH",NA,"Hellingly Country Park, Devon, England",50.88598616,0.265271768,"Hylaeus communis",15.6629549904779,2.78098659490453,17.6030311746232,22.191603078388
"IGproject1344","Hylaeus","communis","female",1990,6,16,"England","Wiltshire","Swindon","",1.709,1.299,4.49,1.109,"Colletidae","cavity nester","OUMNH",NA,"Swindon, Wiltshire, England",51.6057801,-1.841922,"Hylaeus communis",17.0094283191397,1.96171458400896,18.9529791540825,24.877898092988
"IGproject1345","Hylaeus","communis","female",1988,8,6,"England","Wiltshire","Swindon","",1.571,1.15,4.525,1.016,"Colletidae","cavity nester","OUMNH",NA,"Swindon, Wiltshire, England",51.6057801,-1.841922,"Hylaeus communis",15.3091981712768,1.56243385406998,16.2478538463252,20.9749022913065
"IGproject1346","Hylaeus","communis","female",1988,8,6,"England","Wiltshire","Swindon","",1.72,1.398,4.975,1.104,"Colletidae","cavity nester","OUMNH",NA,"Swindon, Wiltshire, England",51.6057801,-1.841922,"Hylaeus communis",15.3091981712768,1.56243385406998,16.2478538463252,20.9749022913065
"IGproject1347","Hylaeus","communis","female",1991,8,3,"England","Oxfordshire","Shellingford","",2.087,1.685,5.554,1.346,"Colletidae","cavity nester","OUMNH",NA,"Shellingford, Oxfordshire, England",51.6405767,-1.5428033,"Hylaeus communis",16.5825520594807,2.51638715872569,18.5963700156531,24.4425472756477
"IGproject1348","Hylaeus","communis","male",1989,7,20,"England","Wiltshire","Swindon","",1.854,1.522,5.13,1.288,"Colletidae","cavity nester","OUMNH",NA,"Swindon, Wiltshire, England",51.6057801,-1.841922,"Hylaeus communis",14.9263012285554,0.367306728585571,15.3283178197823,19.9176653178495
"IGproject1349","Hylaeus","communis","male",1992,6,14,"England","Devon","","Prawle Point",1.427,1.097,4.194,0.869,"Colletidae","cavity nester","OUMNH",NA,"Prawle Point, Devon, England",50.29001117,-3.719882932,"Hylaeus communis",15.1971437096972,2.11258256865417,16.7590678698681,21.1073723889676
"IGproject1350","Hylaeus","communis","male",1902,6,26,"England","Kent","Faversham","Huntingfield",1.554,1.106,4.281,0.929,"Colletidae","cavity nester","OUMNH",NA,"Huntingfield, Faversham, Kent, England",51.25792226,0.822018012,"Hylaeus communis",15.8240599479737,1.7220069136953,17.1379331428239,22.8189475840829
"IGproject1351","Hylaeus","communis","male",1902,8,12,"England","Kent","Faversham","Huntingfield",1.429,0.985,3.974,0.893,"Colletidae","cavity nester","OUMNH",NA,"Huntingfield, Faversham, Kent, England",51.25792226,0.822018012,"Hylaeus communis",15.8240599479737,1.7220069136953,17.1379331428239,22.8189475840829
"IGproject1352","Hylaeus","communis","male",1902,8,14,"England","Kent","Faversham","Huntingfield",1.507,1.057,4.113,0.935,"Colletidae","cavity nester","OUMNH",NA,"Huntingfield, Faversham, Kent, England",51.25792226,0.822018012,"Hylaeus communis",15.8240599479737,1.7220069136953,17.1379331428239,22.8189475840829
"IGproject1353","Hylaeus","communis","male",1902,8,3,"England","Kent","Faversham","Huntingfield",1.472,1.058,4.039,0.885,"Colletidae","cavity nester","OUMNH",NA,"Huntingfield, Faversham, Kent, England",51.25792226,0.822018012,"Hylaeus communis",15.8240599479737,1.7220069136953,17.1379331428239,22.8189475840829
"IGproject1354","Hylaeus","communis","male",1904,8,NA,"England","Kent","Faversham","Huntingfield",1.421,1.025,3.788,0.78,"Colletidae","cavity nester","OUMNH",NA,"Huntingfield, Faversham, Kent, England",51.25792226,0.822018012,"Hylaeus communis",14.3186366875307,1.64779483678899,15.6848977522507,20.6754052317366
"IGproject1355","Hylaeus","communis","male",1906,6,NA,"England","Cambridgeshire","Wicken","Wicken Fen",1.461,1.085,4.165,0.922,"Colletidae","cavity nester","OUMNH",NA,"Wicken Fen, Wicken, Cambridgeshire, England",52.306969,0.2771551,"Hylaeus communis",16.2738403367669,1.83604516145142,18.3664550563958,24.0584155543756
"IGproject1356","Hylaeus","communis","female",1903,8,3,"England","Kent","Faversham","Huntingfield",1.469,1.12,4.335,0.942,"Colletidae","cavity nester","OUMNH",NA,"Huntingfield, Faversham, Kent, England",51.25792226,0.822018012,"Hylaeus communis",14.4396039433436,0.952518977591425,15.2895499285012,20.6496385943212
"IGproject1357","Hylaeus","communis","female",1902,8,3,"England","Kent","Faversham","Huntingfield",1.569,1.218,4.516,0.976,"Colletidae","cavity nester","OUMNH",NA,"Huntingfield, Faversham, Kent, England",51.25792226,0.822018012,"Hylaeus communis",15.8240599479737,1.7220069136953,17.1379331428239,22.8189475840829
"IGproject1358","Hylaeus","communis","female",1902,8,4,"England","Kent","Faversham","Huntingfield",1.533,1.138,4.472,0.954,"Colletidae","cavity nester","OUMNH",NA,"Huntingfield, Faversham, Kent, England",51.25792226,0.822018012,"Hylaeus communis",15.8240599479737,1.7220069136953,17.1379331428239,22.8189475840829
"IGproject1359","Hylaeus","communis","female",1901,8,4,"England","Kent","Faversham","Huntingfield",1.674,1.291,4.661,1.07,"Colletidae","cavity nester","OUMNH",NA,"Huntingfield, Faversham, Kent, England",51.25792226,0.822018012,"Hylaeus communis",16.0623988333518,1.9004624046479,18.1385994174465,23.8728387110094
"IGproject1360","Hylaeus","communis","female",1902,8,16,"England","Kent","Faversham","Huntingfield",1.482,1.111,4.213,0.931,"Colletidae","cavity nester","OUMNH",NA,"Huntingfield, Faversham, Kent, England",51.25792226,0.822018012,"Hylaeus communis",15.8240599479737,1.7220069136953,17.1379331428239,22.8189475840829
"IGproject1361","Nomada","goodeniana","female",1942,6,20,"England","Berkshire","Calcot","",3.039,1.981,9.408,2.665,"Apidae","kleptoparasite","OUMNH",NA,"Calcot, Berkshire, England",51.441795,-1.0520249,"Nomada goodeniana",10.5852817548854,4.47839103109474,15.5747687325033,21.1407620074243
"IGproject1362","Nomada","goodeniana","female",1942,6,20,"England","Berkshire","Calcot","",3.009,1.933,9.15,2.477,"Apidae","kleptoparasite","OUMNH",NA,"Calcot, Berkshire, England",51.441795,-1.0520249,"Nomada goodeniana",10.5852817548854,4.47839103109474,15.5747687325033,21.1407620074243
"IGproject1363","Nomada","goodeniana","female",1942,6,20,"England","Berkshire","Calcot","",3.094,2.146,9.664,2.8,"Apidae","kleptoparasite","OUMNH",NA,"Calcot, Berkshire, England",51.441795,-1.0520249,"Nomada goodeniana",10.5852817548854,4.47839103109474,15.5747687325033,21.1407620074243
"IGproject1364","Nomada","goodeniana","female",1942,6,20,"England","Berkshire","Calcot","",2.671,1.641,8.252,2.311,"Apidae","kleptoparasite","OUMNH",NA,"Calcot, Berkshire, England",51.441795,-1.0520249,"Nomada goodeniana",10.5852817548854,4.47839103109474,15.5747687325033,21.1407620074243
"IGproject1365","Nomada","goodeniana","female",1942,6,24,"England","Berkshire","Calcot","",2.61,1.51,7.715,2.333,"Apidae","kleptoparasite","OUMNH",NA,"Calcot, Berkshire, England",51.441795,-1.0520249,"Nomada goodeniana",10.5852817548854,4.47839103109474,15.5747687325033,21.1407620074243
"IGproject1366","Nomada","goodeniana","female",1942,6,24,"England","Berkshire","Calcot","",3.051,1.958,8.939,2.636,"Apidae","kleptoparasite","OUMNH",NA,"Calcot, Berkshire, England",51.441795,-1.0520249,"Nomada goodeniana",10.5852817548854,4.47839103109474,15.5747687325033,21.1407620074243
"IGproject1367","Nomada","goodeniana","female",1942,6,24,"England","Berkshire","Calcot","",3.074,2.008,9.321,2.653,"Apidae","kleptoparasite","OUMNH",NA,"Calcot, Berkshire, England",51.441795,-1.0520249,"Nomada goodeniana",10.5852817548854,4.47839103109474,15.5747687325033,21.1407620074243
"IGproject1368","Nomada","goodeniana","male",2000,4,NA,"England","Essex","Colne Engaine","",2.624,1.689,8.252,2.35,"Apidae","kleptoparasite","OUMNH",NA,"Colne Engaine, Essex, England",51.943631,0.6898019,"Nomada goodeniana",12.4922770927229,2.43069497938375,14.3450670482149,19.3876098180219
"IGproject1369","Nomada","goodeniana","female",1942,4,2,"England","Berkshire","Calcot","",2.886,1.825,8.6,2.512,"Apidae","kleptoparasite","OUMNH",NA,"Calcot, Berkshire, England",51.441795,-1.0520249,"Nomada goodeniana",10.5852817548854,4.47839103109474,15.5747687325033,21.1407620074243
"IGproject1370","Nomada","goodeniana","female",1942,5,31,"England","Berkshire","Calcot","",3.097,2.086,9.751,2.796,"Apidae","kleptoparasite","OUMNH",NA,"Calcot, Berkshire, England",51.441795,-1.0520249,"Nomada goodeniana",10.5852817548854,4.47839103109474,15.5747687325033,21.1407620074243
"IGproject1371","Nomada","goodeniana","female",1942,5,30,"England","Berkshire","Calcot","",3.085,1.979,9.312,2.774,"Apidae","kleptoparasite","OUMNH",NA,"Calcot, Berkshire, England",51.441795,-1.0520249,"Nomada goodeniana",10.5852817548854,4.47839103109474,15.5747687325033,21.1407620074243
"IGproject1372","Nomada","goodeniana","female",1902,6,22,"England","Kent","Charing","",3.125,2.105,9.379,2.671,"Apidae","kleptoparasite","OUMNH",NA,"Charing, Kent, England",51.2142039,0.7886033,"Nomada goodeniana",10.9029268317594,2.88260196705604,13.8725142289509,19.1387001911364
"IGproject1373","Nomada","goodeniana","female",1893,5,NA,"England","Gloucestershire","Dodington","",3.079,1.98,9.282,2.841,"Apidae","kleptoparasite","OUMNH",NA,"Dodington, Gloucestershire, England",51.5188343,-2.362419,"Nomada goodeniana",10.7677807320388,2.80095918867785,13.2390326459366,18.4928006248855
"IGproject1374","Nomada","goodeniana","male",1991,5,22,"England","Hampshire","Bramshaw","",2.654,1.676,8.171,2.218,"Apidae","kleptoparasite","OUMNH",NA,"Bramshaw, Hampshire, England",50.9407584,-1.617454,"Nomada goodeniana",11.7229864135182,2.86531370308003,13.596716244891,19.4127809215105
"IGproject1375","Nomada","goodeniana","male",1991,4,27,"England","Somerset","Winford","",2.699,1.776,8.417,2.344,"Apidae","kleptoparasite","OUMNH",NA,"Winford, Somerset, England",51.3822376,-2.6606443,"Nomada goodeniana",11.5177036642544,3.04132488580853,13.5525183193623,18.4653695560574
"IGproject1376","Nomada","goodeniana","male",1991,4,27,"England","Somerset","Winford","",2.423,1.522,7.601,2.132,"Apidae","kleptoparasite","OUMNH",NA,"Winford, Somerset, England",51.3822376,-2.6606443,"Nomada goodeniana",11.5177036642544,3.04132488580853,13.5525183193623,18.4653695560574
"IGproject1377","Nomada","goodeniana","female",1991,4,27,"England","Somerset","Winford","",3.185,2.108,9.697,2.805,"Apidae","kleptoparasite","OUMNH",NA,"Winford, Somerset, England",51.3822376,-2.6606443,"Nomada goodeniana",11.5177036642544,3.04132488580853,13.5525183193623,18.4653695560574
"IGproject1378","Nomada","goodeniana","female",1991,6,16,"England","Devon","Lynmouth","",2.966,2.018,9.145,2.552,"Apidae","kleptoparasite","OUMNH",NA,"Lynmouth, Devon, England",51.2307788,-3.83105,"Nomada goodeniana",10.1972774637547,2.97353541988841,11.9546028931928,16.0551348490862
"IGproject1379","Nomada","goodeniana","female",1942,4,2,"England","Berkshire","Calcot","",2.978,1.939,8.824,2.697,"Apidae","kleptoparasite","OUMNH",NA,"Calcot, Berkshire, England",51.441795,-1.0520249,"Nomada goodeniana",10.5852817548854,4.47839103109474,15.5747687325033,21.1407620074243
"IGproject1380","Nomada","goodeniana","female",1991,5,4,"England","Oxfordshire","","",2.594,1.655,7.906,2.213,"Apidae","kleptoparasite","OUMNH",NA,"Oxfordshire, England",51.833333,-1.25,"Nomada goodeniana",11.6475425929754,3.17690432237224,14.0234987333616,19.163109548826
"IGproject1381","Nomada","goodeniana","male",1991,4,27,"England","Devon","Winford","",2.542,1.66,8.122,2.36,"Apidae","kleptoparasite","OUMNH",NA,"Winford, Devon, England",51.1549684,-3.9858806,"Nomada goodeniana",10.1502280696383,3.02511171271823,11.9994920326077,16.9242137065516
"IGproject1382","Nomada","goodeniana","female",1991,4,26,"England","Devon","Croyde","",3.12,2.166,9.509,2.821,"Apidae","kleptoparasite","OUMNH",NA,"Croyde, Devon, England",51.1303398,-4.2215393,"Nomada goodeniana",11.6875316184519,2.7997166718242,13.305392451334,18.0175449004424
"IGproject1383","Nomada","goodeniana","female",1991,4,26,"England","Devon","Croyde","",3.224,2.17,9.894,2.808,"Apidae","kleptoparasite","OUMNH",NA,"Croyde, Devon, England",51.1303398,-4.2215393,"Nomada goodeniana",11.6875316184519,2.7997166718242,13.305392451334,18.0175449004424
"IGproject1384","Nomada","goodeniana","female",1991,4,27,"England","Devon","Arlington","Arlington Court",2.793,1.805,8.856,2.521,"Apidae","kleptoparasite","OUMNH",NA,"Arlington Court, Arlington, Devon, England",51.1472177,-3.9871786,"Nomada goodeniana",10.2423503291681,3.03120547356241,12.0924106505609,17.083863414475
"IGproject1385","Nomada","goodeniana","male",1991,4,27,"England","Devon","Arlington","Arlington Court",2.541,1.548,7.754,2.25,"Apidae","kleptoparasite","OUMNH",NA,"Arlington Court, Arlington, Devon, England",51.1472177,-3.9871786,"Nomada goodeniana",10.2423503291681,3.03120547356241,12.0924106505609,17.083863414475
"IGproject1386","Nomada","goodeniana","male",1991,5,22,"England","Hampshire","Bramshaw","",2.942,1.885,8.687,2.459,"Apidae","kleptoparasite","OUMNH",NA,"Bramshaw, Hampshire, England",50.9407584,-1.617454,"Nomada goodeniana",11.7229864135182,2.86531370308003,13.596716244891,19.4127809215105
"IGproject1387","Nomada","goodeniana","male",1991,5,27,"England","Devon","Winford","",2.765,1.82,8.788,2.483,"Apidae","kleptoparasite","OUMNH",NA,"Winford, Devon, England",51.1549684,-3.9858806,"Nomada goodeniana",10.1502280696383,3.02511171271823,11.9994920326077,16.9242137065516
"IGproject1388","Nomada","goodeniana","male",1991,4,27,"England","Devon","Arlington","Arlington Court",2.659,1.659,8.476,2.214,"Apidae","kleptoparasite","OUMNH",NA,"Arlington Court, Arlington, Devon, England",51.1472177,-3.9871786,"Nomada goodeniana",10.2423503291681,3.03120547356241,12.0924106505609,17.083863414475
"IGproject1389","Nomada","goodeniana","male",1991,4,27,"England","Devon","Winford","",3.017,2.059,9.079,2.637,"Apidae","kleptoparasite","OUMNH",NA,"Winford, Devon, England",51.1549684,-3.9858806,"Nomada goodeniana",10.1502280696383,3.02511171271823,11.9994920326077,16.9242137065516
"IGproject1390","Nomada","goodeniana","female",1904,5,25,"England","Kent","Faversham","Huntingfield",2.591,1.614,7.839,2.366,"Apidae","kleptoparasite","OUMNH",NA,"Huntingfield, Faversham, Kent, England",51.25792226,0.822018012,"Nomada goodeniana",9.8256116279218,3.31739781730171,12.4886731893814,16.8765327279031
"IGproject1391","Nomada","goodeniana","male",1898,NA,NA,"England","Gloucestershire","Dodington","",2.372,1.45,7.134,2.097,"Apidae","kleptoparasite","OUMNH",NA,"Dodington, Gloucestershire, England",51.5188343,-2.362419,"Nomada goodeniana",10.7727986190271,3.9855990468889,15.0618605274136,19.4603051625151
"IGproject1392","Nomada","goodeniana","female",1897,NA,NA,"England","Gloucestershire","Dodington","",2.771,1.668,8.443,2.455,"Apidae","kleptoparasite","OUMNH",NA,"Dodington, Gloucestershire, England",51.5188343,-2.362419,"Nomada goodeniana",12.5391842810768,3.61512842889705,16.2821189054799,21.3811674627337
"IGproject1393","Nomada","goodeniana","female",1905,5,14,"England","Kent","Faversham","Huntingfield",2.78,1.756,8.531,2.511,"Apidae","kleptoparasite","OUMNH",NA,"Huntingfield, Faversham, Kent, England",51.25792226,0.822018012,"Nomada goodeniana",10.9906135158848,2.36102862415337,13.3826545181693,18.0756144957332
"IGproject1394","Nomada","goodeniana","female",1900,4,NA,"England","Kent","Faversham","Huntingfield",3.052,2.04,9.182,2.693,"Apidae","kleptoparasite","OUMNH",NA,"Huntingfield, Faversham, Kent, England",51.25792226,0.822018012,"Nomada goodeniana",10.715932873664,3.48917351306557,14.5520504137593,19.8865819830713
"IGproject1395","Nomada","goodeniana","female",1904,5,20,"England","Kent","Faversham","Huntingfield",2.782,1.81,8.452,2.461,"Apidae","kleptoparasite","OUMNH",NA,"Huntingfield, Faversham, Kent, England",51.25792226,0.822018012,"Nomada goodeniana",9.8256116279218,3.31739781730171,12.4886731893814,16.8765327279031
"IGproject1396","Nomada","goodeniana","female",1896,NA,NA,"England","Gloucestershire","Dodington","",3.063,2.086,9.122,2.712,"Apidae","kleptoparasite","OUMNH",NA,"Dodington, Gloucestershire, England",51.5188343,-2.362419,"Nomada goodeniana",11.9746424900424,3.42862971136433,15.0673617049864,21.2973251390409
"IGproject1397","Nomada","goodeniana","female",1900,NA,NA,"England","Kent","Faversham","",3.08,1.95,9.22,2.665,"Apidae","kleptoparasite","OUMNH",NA,"Faversham, Kent, England",51.3158434,0.8911283,"Nomada goodeniana",11.2013293707806,3.44905352431804,14.9985762222248,20.3716183838224
"IGproject1398","Nomada","goodeniana","male",1899,NA,NA,"England","Devon","Sidmouth","",2.576,1.617,8.12,2.297,"Apidae","kleptoparasite","OUMNH",NA,"Sidmouth, Devon, England",50.6790033,-3.237657,"Nomada goodeniana",11.0634111394243,2.6119065643237,13.7381694897328,17.7232927375977
"IGproject1399","Nomada","goodeniana","female",1899,4,NA,"England","Devon","Sidmouth","",3.13,2.122,9.395,2.767,"Apidae","kleptoparasite","OUMNH",NA,"Sidmouth, Devon, England",50.6790033,-3.237657,"Nomada goodeniana",11.0634111394243,2.6119065643237,13.7381694897328,17.7232927375977
"IGproject1400","Nomada","goodeniana","female",1896,NA,NA,"England","Gloucestershire","Dodington","",3.093,2.191,9.364,2.733,"Apidae","kleptoparasite","OUMNH",NA,"Dodington, Gloucestershire, England",51.5188343,-2.362419,"Nomada goodeniana",11.9746424900424,3.42862971136433,15.0673617049864,21.2973251390409
"IGproject1401","Nomada","goodeniana","female",1896,NA,NA,"England","Gloucestershire","Dodington","",3.002,2.008,8.834,2.63,"Apidae","kleptoparasite","OUMNH",NA,"Dodington, Gloucestershire, England",51.5188343,-2.362419,"Nomada goodeniana",11.9746424900424,3.42862971136433,15.0673617049864,21.2973251390409
"IGproject1402","Nomada","goodeniana","male",1899,4,NA,"England","Devon","Sidmouth","",2.53,1.692,7.857,2.243,"Apidae","kleptoparasite","OUMNH",NA,"Sidmouth, Devon, England",50.6790033,-3.237657,"Nomada goodeniana",11.0634111394243,2.6119065643237,13.7381694897328,17.7232927375977
"IGproject1403","Nomada","goodeniana","male",1896,NA,NA,"England","Gloucestershire","Dodington","",2.835,1.833,8.858,2.526,"Apidae","kleptoparasite","OUMNH",NA,"Dodington, Gloucestershire, England",51.5188343,-2.362419,"Nomada goodeniana",11.9746424900424,3.42862971136433,15.0673617049864,21.2973251390409
"IGproject1404","Nomada","goodeniana","male",1896,NA,NA,"England","Gloucestershire","Dodington","",3.082,2.136,9.795,2.643,"Apidae","kleptoparasite","OUMNH",NA,"Dodington, Gloucestershire, England",51.5188343,-2.362419,"Nomada goodeniana",11.9746424900424,3.42862971136433,15.0673617049864,21.2973251390409
"IGproject1405","Nomada","goodeniana","male",1896,NA,NA,"England","Gloucestershire","Dodington","",3.06,1.938,9.57,2.657,"Apidae","kleptoparasite","OUMNH",NA,"Dodington, Gloucestershire, England",51.5188343,-2.362419,"Nomada goodeniana",11.9746424900424,3.42862971136433,15.0673617049864,21.2973251390409
"IGproject1406","Nomada","goodeniana","female",1899,NA,NA,"England","Devon","Sidmouth","",2.533,1.49,7.72,2.122,"Apidae","kleptoparasite","OUMNH",NA,"Sidmouth, Devon, England",50.6790033,-3.237657,"Nomada goodeniana",11.0634111394243,2.6119065643237,13.7381694897328,17.7232927375977
"IGproject1407","Nomada","goodeniana","female",1899,NA,NA,"England","Devon","Sidmouth","",2.774,1.696,8.415,2.464,"Apidae","kleptoparasite","OUMNH",NA,"Sidmouth, Devon, England",50.6790033,-3.237657,"Nomada goodeniana",11.0634111394243,2.6119065643237,13.7381694897328,17.7232927375977
"IGproject1408","Nomada","goodeniana","male",1900,5,27,"England","Oxfordshire","Boars Hill","",3.118,2.067,9.319,2.813,"Apidae","kleptoparasite","OUMNH",NA,"Boars Hill, Oxfordshire, England",51.7160588,-1.2910167,"Nomada goodeniana",11.3584333460815,3.85159542827681,15.6260415843437,21.7410367131416
"IGproject1409","Nomada","goodeniana","female",1941,6,2,"England","Hampshire","Burley","",3.239,2.146,9.525,2.894,"Apidae","kleptoparasite","OUMNH",NA,"Burley, Hampshire, England",50.8266,-1.70164,"Nomada goodeniana",12.6030973898533,3.88544583545018,16.4926265319244,23.0673001099445
"IGproject1410","Nomada","goodeniana","male",1937,5,4,"England","Greater London","London","Wimbledon",3.036,2.002,9.268,2.526,"Apidae","kleptoparasite","OUMNH",NA,"Wimbledon, London, Greater London, England",51.4214787,-0.2064027,"Nomada goodeniana",12.0541072996367,4.62664555027126,16.3306718398959,20.8780699831533
"IGproject1411","Nomada","goodeniana","female",1937,5,4,"England","Greater London","London","Wimbledon",2.982,1.999,9.12,2.646,"Apidae","kleptoparasite","OUMNH",NA,"Wimbledon, London, Greater London, England",51.4214787,-0.2064027,"Nomada goodeniana",12.0541072996367,4.62664555027126,16.3306718398959,20.8780699831533
"IGproject1412","Nomada","goodeniana","female",1937,5,4,"England","Greater London","London","Wimbledon",3.239,2.149,9.96,2.935,"Apidae","kleptoparasite","OUMNH",NA,"Wimbledon, London, Greater London, England",51.4214787,-0.2064027,"Nomada goodeniana",12.0541072996367,4.62664555027126,16.3306718398959,20.8780699831533
"IGproject1413","Nomada","goodeniana","male",1937,5,4,"England","Greater London","London","Wimbledon",2.618,1.54,7.976,2.311,"Apidae","kleptoparasite","OUMNH",NA,"Wimbledon, London, Greater London, England",51.4214787,-0.2064027,"Nomada goodeniana",12.0541072996367,4.62664555027126,16.3306718398959,20.8780699831533
"IGproject1414","Nomada","goodeniana","male",1937,5,4,"England","Greater London","London","Wimbledon",2.742,1.766,8.413,2.468,"Apidae","kleptoparasite","OUMNH",NA,"Wimbledon, London, Greater London, England",51.4214787,-0.2064027,"Nomada goodeniana",12.0541072996367,4.62664555027126,16.3306718398959,20.8780699831533
"IGproject1415","Nomada","goodeniana","male",1941,4,17,"England","Oxfordshire","Hardwick","",2.275,1.286,6.984,2.004,"Apidae","kleptoparasite","OUMNH",NA,"Hardwick, Oxfordshire, England",51.9626874,-1.161546,"Nomada goodeniana",12.3487009061953,3.82779407964942,16.1515311635312,22.4078361446393
"IGproject1416","Nomada","goodeniana","female",1939,6,10,"England","Somerset","Bath","",2.824,1.7731,8.375,2.505,"Apidae","kleptoparasite","OUMNH",NA,"Bath, Somerset, England",51.3813864,-2.3596963,"Nomada goodeniana",10.9163917487441,3.47864014695617,14.5187006872717,18.7767067287863
"IGproject1417","Nomada","goodeniana","male",1941,5,4,"England","Berkshire","Padworth","",2.47,1.509,7.673,2.231,"Apidae","kleptoparasite","OUMNH",NA,"Padworth, Berkshire, England",51.3916205,-1.1187515,"Nomada goodeniana",12.6954036503249,3.86591055816524,16.5407344008123,22.973796936447
"IGproject1418","Nomada","goodeniana","male",1941,5,4,"England","Berkshire","Padworth","",2.366,1.423,7.257,2.053,"Apidae","kleptoparasite","OUMNH",NA,"Padworth, Berkshire, England",51.3916205,-1.1187515,"Nomada goodeniana",12.6954036503249,3.86591055816524,16.5407344008123,22.973796936447
"IGproject1419","Nomada","goodeniana","male",1941,5,4,"England","Berkshire","Padworth","",3.111,1.968,9.338,2.596,"Apidae","kleptoparasite","OUMNH",NA,"Padworth, Berkshire, England",51.3916205,-1.1187515,"Nomada goodeniana",12.6954036503249,3.86591055816524,16.5407344008123,22.973796936447
"IGproject1420","Nomada","goodeniana","male",1941,5,4,"England","Berkshire","Padworth","",2.592,1.498,7.981,2.236,"Apidae","kleptoparasite","OUMNH",NA,"Padworth, Berkshire, England",51.3916205,-1.1187515,"Nomada goodeniana",12.6954036503249,3.86591055816524,16.5407344008123,22.973796936447
"IGproject1421","Nomada","goodeniana","male",1941,5,4,"England","Berkshire","Padworth","",3.054,2.094,9.367,2.522,"Apidae","kleptoparasite","OUMNH",NA,"Padworth, Berkshire, England",51.3916205,-1.1187515,"Nomada goodeniana",12.6954036503249,3.86591055816524,16.5407344008123,22.973796936447
"IGproject1422","Nomada","goodeniana","male",1941,5,4,"England","Berkshire","Padworth","",2.806,1.806,8.561,2.438,"Apidae","kleptoparasite","OUMNH",NA,"Padworth, Berkshire, England",51.3916205,-1.1187515,"Nomada goodeniana",12.6954036503249,3.86591055816524,16.5407344008123,22.973796936447
"IGproject1423","Nomada","goodeniana","male",1976,5,4,"England","Derbyshire","Unstone","",3.02,2.117,9.478,2.605,"Apidae","kleptoparasite","OUMNH",NA,"Unstone, Derbyshire, England",53.2907058,-1.4416131,"Nomada goodeniana",10.160058232975,3.17011337552664,13.759325609996,19.8591297286742
"IGproject1424","Nomada","goodeniana","male",1964,5,19,"Wales","Conwy","Llandudno","",2.962,1.87,9.315,2.515,"Apidae","kleptoparasite","OUMNH",NA,"Llandudno, Conwy, Wales",53.322475,-3.8243251,"Nomada goodeniana",10.9646599544833,2.88633191279538,14.1029991753387,16.9774822364326
"IGproject1425","Nomada","goodeniana","female",2007,4,16,"England","Surrey","Reigate","Reigate Heath",2.684,1.768,7.961,2.428,"Apidae","kleptoparasite","OUMNH",NA,"Reigate Heath, Reigate, Surrey, England",51.2367777,-0.2347536,"Nomada goodeniana",12.3705360367915,3.642247836601,16.014914165209,22.2608064058793
"IGproject1426","Lasioglossum","fulvicorne","female",1991,5,27,"England","Wiltshire","Wroughton","Clouts Wood",1.734,1.247,5.317,1.447,"Halictidae","excavator","OUMNH",NA,"Clouts Wood, Wroughton, Wiltshire, England",51.51489206,-1.804044057,"Lasioglossum fulvicorne",13.8321414468556,4.15533484952276,18.1396596499599,23.8498075849105
"IGproject1427","Lasioglossum","fulvicorne","female",1991,6,22,"England","Gloucestershire","Coombe","",1.76,1.215,5.21,1.39,"Halictidae","excavator","OUMNH",NA,"Coombe, Gloucestershire, England",51.6440161,-2.3365089,"Lasioglossum fulvicorne",13.7719781634159,4.16247391569231,18.0377381741792,23.3496961033649
"IGproject1428","Lasioglossum","fulvicorne","female",1991,6,22,"England","Gloucestershire","Coombe","",1.871,1.314,5.458,1.4,"Halictidae","excavator","OUMNH",NA,"Coombe, Gloucestershire, England",51.6440161,-2.3365089,"Lasioglossum fulvicorne",13.7719781634159,4.16247391569231,18.0377381741792,23.3496961033649
"IGproject1429","Lasioglossum","fulvicorne","male",1942,7,31,"England","West Sussex","Arundel","",1.728,1.193,5.018,1.232,"Halictidae","excavator","OUMNH",NA,"Arundel, West Sussex, England",50.8545384,-0.5648163,"Lasioglossum fulvicorne",12.5888456705348,4.49075953956332,17.2854501985605,22.3798822308496
"IGproject1430","Lasioglossum","fulvicorne","female",1974,5,7,"England","Oxfordshire","Oxford","Wytham",1.763,1.323,5.412,1.429,"Halictidae","excavator","OUMNH",NA,"Wytham, Oxford, Oxfordshire, England",51.7535169,-1.2131856,"Lasioglossum fulvicorne",13.7028667628311,3.97658693006854,17.4602059508467,22.4226733598324
"IGproject1431","Lasioglossum","fulvicorne","female",1974,5,7,"England","Oxfordshire","Oxford","Wytham",1.794,1.31,5.414,1.424,"Halictidae","excavator","OUMNH",NA,"Wytham, Oxford, Oxfordshire, England",51.7535169,-1.2131856,"Lasioglossum fulvicorne",13.7028667628311,3.97658693006854,17.4602059508467,22.4226733598324
"IGproject1432","Lasioglossum","fulvicorne","female",1949,8,20,"England","Northamptonshire","Newbottle","",1.922,1.397,5.617,1.472,"Halictidae","excavator","OUMNH",NA,"Newbottle, Northamptonshire, England",52.0280967,-1.2372692,"Lasioglossum fulvicorne",12.2881790503806,2.84198282138161,15.119947524909,19.9893058266407
"IGproject1433","Lasioglossum","fulvicorne","male",1991,9,7,"England","Gloucestershire","Fairford","Whelford Pool",1.761,1.246,5.54,1.344,"Halictidae","excavator","OUMNH",NA,"Whelford Pool, Fairford, Gloucestershire, England",51.69410753,-1.751117717,"Lasioglossum fulvicorne",14.1479732352771,4.20833812623108,18.5808602047,24.256890827983
"IGproject1434","Lasioglossum","fulvicorne","female",1991,6,29,"England","Gloucestershire","Stroud","Bull Banks Lake",1.93,1.432,5.652,1.469,"Halictidae","excavator","OUMNH",NA,"Bull Banks Lake, Stroud, Gloucestershire, England",51.7754872,-2.0801017,"Lasioglossum fulvicorne",13.2302835223102,4.1868280884923,17.5907850013557,22.995547980635
"IGproject1435","Lasioglossum","fulvicorne","female",1915,5,21,"England","Devon","Brixham","",1.862,1.368,5.396,1.465,"Halictidae","excavator","OUMNH",NA,"Brixham, Devon, England",50.3952404,-3.514544,"Lasioglossum fulvicorne",13.8918626614901,2.70699989283738,16.4462249771946,19.5473807907127
"IGproject1436","Lasioglossum","fulvicorne","female",1991,6,22,"England","Gloucestershire","Coombe","",1.78,1.287,5.228,1.395,"Halictidae","excavator","OUMNH",NA,"Coombe, Gloucestershire, England",51.6440161,-2.3365089,"Lasioglossum fulvicorne",13.7719781634159,4.16247391569231,18.0377381741792,23.3496961033649
"IGproject1437","Lasioglossum","fulvicorne","female",1904,7,6,"England","Dorset","Lyme Regis","",1.531,1.156,4.704,1.168,"Halictidae","excavator","OUMNH",NA,"Lyme Regis, Dorset, England",50.7252897,-2.934559,"Lasioglossum fulvicorne",12.2100271889864,3.16614689124725,15.2395292155061,19.7112190954345
"IGproject1438","Lasioglossum","fulvicorne","female",1958,6,25,"England","Dorset","Witchampton","",1.816,1.43,5.52,1.334,"Halictidae","excavator","OUMNH",NA,"Witchampton, Dorset, England",50.8579978,-2.0168718,"Lasioglossum fulvicorne",13.5138930843847,3.40279178945985,16.6679327291719,22.0787122550165
"IGproject1439","Lasioglossum","fulvicorne","female",1904,5,1,"England","Gloucestershire","Horsley","",1.756,1.259,5.255,1.327,"Halictidae","excavator","OUMNH",NA,"Horsley, Gloucestershire, England",51.6780946,-2.2329134,"Lasioglossum fulvicorne",11.2538241299341,3.35171276246102,14.5675190123448,19.4557212256084
"IGproject1440","Lasioglossum","fulvicorne","female",1913,5,16,"England","Devon","Newton Abbot","",1.81,1.364,5.449,1.388,"Halictidae","excavator","OUMNH",NA,"Newton Abbot, Devon, England",50.5296441,-3.6112097,"Lasioglossum fulvicorne",13.3712763877666,2.36348535871027,16.6527406496235,20.1874280926585
"IGproject1441","Lasioglossum","fulvicorne","female",1904,5,1,"England","Gloucestershire","Horsley","",1.766,1.288,5.288,1.384,"Halictidae","excavator","OUMNH",NA,"Horsley, Gloucestershire, England",51.6780946,-2.2329134,"Lasioglossum fulvicorne",11.2538241299341,3.35171276246102,14.5675190123448,19.4557212256084
"IGproject1442","Lasioglossum","fulvicorne","female",1904,8,24,"England","Surrey","Reigate","",1.624,1.153,4.913,1.298,"Halictidae","excavator","OUMNH",NA,"Reigate, Surrey, England",51.2376557,-0.2057067,"Lasioglossum fulvicorne",11.9213400129091,3.67827480416732,15.4428137398013,20.4973481307944
"IGproject1443","Lasioglossum","fulvicorne","female",1915,4,30,"England","Devon","Brixham","",1.813,1.359,5.415,1.455,"Halictidae","excavator","OUMNH",NA,"Brixham, Devon, England",50.3952404,-3.514544,"Lasioglossum fulvicorne",13.8918626614901,2.70699989283738,16.4462249771946,19.5473807907127
"IGproject1444","Lasioglossum","fulvicorne","female",1903,7,26,"England","Dorset","Lyme Regis","",1.875,1.34,5.502,1.526,"Halictidae","excavator","OUMNH",NA,"Lyme Regis, Dorset, England",50.7252897,-2.934559,"Lasioglossum fulvicorne",12.0256089941488,3.32488603298307,15.1429601876487,19.604229171124
"IGproject1445","Lasioglossum","fulvicorne","female",1916,4,26,"England","Devon","Brixham","",1.92,1.502,5.705,1.527,"Halictidae","excavator","OUMNH",NA,"Brixham, Devon, England",50.3952404,-3.514544,"Lasioglossum fulvicorne",13.1845711546881,2.81786967456049,16.2141450892241,19.5563496474374
"IGproject1446","Lasioglossum","fulvicorne","female",1915,4,30,"England","Devon","Brixham","",1.785,1.302,5.323,1.415,"Halictidae","excavator","OUMNH",NA,"Brixham, Devon, England",50.3952404,-3.514544,"Lasioglossum fulvicorne",13.8918626614901,2.70699989283738,16.4462249771946,19.5473807907127
"IGproject1447","Lasioglossum","fulvicorne","female",1919,4,23,"England","Devon","Brixham","Churston Ferrers",1.776,1.243,5.23,1.401,"Halictidae","excavator","OUMNH",NA,"Churston Ferrers, Brixham, Devon, England",50.3945707,-3.565572,"Lasioglossum fulvicorne",13.5318844559849,3.39611359417617,16.5705856316493,20.237521671036
"IGproject1448","Lasioglossum","fulvicorne","female",1916,4,26,"England","Devon","Brixham","",1.863,1.386,5.782,1.405,"Halictidae","excavator","OUMNH",NA,"Brixham, Devon, England",50.3952404,-3.514544,"Lasioglossum fulvicorne",13.1845711546881,2.81786967456049,16.2141450892241,19.5563496474374
"IGproject1449","Lasioglossum","fulvicorne","female",1905,9,4,"England","Kent","Faversham","Huntingfield",1.745,1.35,5.117,1.459,"Halictidae","excavator","OUMNH",NA,"Huntingfield, Faversham, Kent, England",51.25792226,0.822018012,"Lasioglossum fulvicorne",13.2083844389239,3.5051226224052,17.2786190174743,22.5835419871412
"IGproject1450","Lasioglossum","fulvicorne","female",1905,9,19,"England","Kent","Faversham","Huntingfield",1.793,1.287,5.254,1.372,"Halictidae","excavator","OUMNH",NA,"Huntingfield, Faversham, Kent, England",51.25792226,0.822018012,"Lasioglossum fulvicorne",13.2083844389239,3.5051226224052,17.2786190174743,22.5835419871412
"IGproject1451","Lasioglossum","fulvicorne","female",1902,5,22,"England","Kent","Faversham","Huntingfield",1.823,1.357,5.316,1.449,"Halictidae","excavator","OUMNH",NA,"Huntingfield, Faversham, Kent, England",51.25792226,0.822018012,"Lasioglossum fulvicorne",13.2352726657899,3.85488132385129,17.1379331428239,22.8189475840829
"IGproject1452","Lasioglossum","fulvicorne","female",1900,NA,NA,"England","Kent","Faversham","Huntingfield",1.801,1.297,5.313,1.38,"Halictidae","excavator","OUMNH",NA,"Huntingfield, Faversham, Kent, England",51.25792226,0.822018012,"Lasioglossum fulvicorne",13.5698986217311,4.62337189899852,18.0314068928201,23.4202621365523
"IGproject1453","Lasioglossum","fulvicorne","female",1900,5,1,"England","Surrey","","",1.964,1.59,6.048,1.57,"Halictidae","excavator","OUMNH",NA,"Surrey, England",51.2715316,-0.3414524,"Lasioglossum fulvicorne",13.8785657365237,4.76240666783998,18.3899071882264,24.9548336144338
"IGproject1454","Lasioglossum","fulvicorne","male",1901,7,7,"England","Kent","Faversham","Huntingfield",1.716,1.222,5.17,1.228,"Halictidae","excavator","OUMNH",NA,"Huntingfield, Faversham, Kent, England",51.25792226,0.822018012,"Lasioglossum fulvicorne",13.221712380616,4.22539178746087,18.1385994174465,23.8728387110094
"IGproject1455","Lasioglossum","fulvicorne","male",1894,NA,NA,"England","Gloucestershire","Dodington","",1.817,1.238,5.192,1.258,"Halictidae","excavator","OUMNH",NA,"Dodington, Gloucestershire, England",51.5188343,-2.362419,"Lasioglossum fulvicorne",14.7770134186905,2.75729326256508,17.422236710496,22.8894579444868
"IGproject1456","Lasioglossum","fulvicorne","male",1894,8,NA,"England","Gloucestershire","Dodington","",1.579,1.109,4.593,1.115,"Halictidae","excavator","OUMNH",NA,"Dodington, Gloucestershire, England",51.5188343,-2.362419,"Lasioglossum fulvicorne",14.7770134186905,2.75729326256508,17.422236710496,22.8894579444868
"IGproject1457","Lasioglossum","fulvicorne","male",1902,8,8,"England","Kent","Faversham","Huntingfield",1.699,1.182,4.907,1.254,"Halictidae","excavator","OUMNH",NA,"Huntingfield, Faversham, Kent, England",51.25792226,0.822018012,"Lasioglossum fulvicorne",13.2352726657899,3.85488132385129,17.1379331428239,22.8189475840829
"IGproject1458","Lasioglossum","fulvicorne","male",1894,8,NA,"England","Gloucestershire","Dodington","",1.568,1.013,4.688,1.121,"Halictidae","excavator","OUMNH",NA,"Dodington, Gloucestershire, England",51.5188343,-2.362419,"Lasioglossum fulvicorne",14.7770134186905,2.75729326256508,17.422236710496,22.8894579444868
"IGproject1459","Lasioglossum","fulvicorne","male",1894,NA,NA,"England","Gloucestershire","Dodington","",1.719,1.165,5.144,1.229,"Halictidae","excavator","OUMNH",NA,"Dodington, Gloucestershire, England",51.5188343,-2.362419,"Lasioglossum fulvicorne",14.7770134186905,2.75729326256508,17.422236710496,22.8894579444868
"IGproject1460","Lasioglossum","fulvicorne","male",1894,NA,NA,"England","Gloucestershire","Dodington","",1.637,1.033,4.709,1.148,"Halictidae","excavator","OUMNH",NA,"Dodington, Gloucestershire, England",51.5188343,-2.362419,"Lasioglossum fulvicorne",14.7770134186905,2.75729326256508,17.422236710496,22.8894579444868
"IGproject1461","Lasioglossum","fulvicorne","male",1901,9,3,"England","Kent","Faversham","Huntingfield",1.829,1.357,5.416,1.295,"Halictidae","excavator","OUMNH",NA,"Huntingfield, Faversham, Kent, England",51.25792226,0.822018012,"Lasioglossum fulvicorne",13.221712380616,4.22539178746087,18.1385994174465,23.8728387110094
"IGproject1462","Lasioglossum","fulvicorne","male",1894,NA,NA,"England","Gloucestershire","Dodington","",1.754,1.218,5.113,1.27,"Halictidae","excavator","OUMNH",NA,"Dodington, Gloucestershire, England",51.5188343,-2.362419,"Lasioglossum fulvicorne",14.7770134186905,2.75729326256508,17.422236710496,22.8894579444868
"IGproject1463","Lasioglossum","fulvicorne","male",1901,8,19,"England","Kent","Faversham","Huntingfield",1.682,1.171,5.037,1.187,"Halictidae","excavator","OUMNH",NA,"Huntingfield, Faversham, Kent, England",51.25792226,0.822018012,"Lasioglossum fulvicorne",13.221712380616,4.22539178746087,18.1385994174465,23.8728387110094
"IGproject1464","Lasioglossum","fulvicorne","male",1893,NA,NA,"England","Gloucestershire","Dodington","",1.694,1.21,5.008,1.194,"Halictidae","excavator","OUMNH",NA,"Dodington, Gloucestershire, England",51.5188343,-2.362419,"Lasioglossum fulvicorne",12.3062846492469,2.90976603281059,15.0743401204476,19.4714915200153
"IGproject1465","Lasioglossum","fulvicorne","male",1894,NA,NA,"England","Gloucestershire","Dodington","",1.708,1.192,5.192,1.281,"Halictidae","excavator","OUMNH",NA,"Dodington, Gloucestershire, England",51.5188343,-2.362419,"Lasioglossum fulvicorne",14.7770134186905,2.75729326256508,17.422236710496,22.8894579444868
"IGproject1466","Lasioglossum","fulvicorne","male",1901,7,7,"England","Kent","Faversham","Huntingfield",1.764,1.256,5.006,1.202,"Halictidae","excavator","OUMNH",NA,"Huntingfield, Faversham, Kent, England",51.25792226,0.822018012,"Lasioglossum fulvicorne",13.221712380616,4.22539178746087,18.1385994174465,23.8728387110094
"IGproject1467","Lasioglossum","fulvicorne","male",1922,7,24,"England","Surrey","Tadworth","Box Hill",1.879,1.38,5.666,1.315,"Halictidae","excavator","OUMNH",NA,"Box Hill, Tadworth, Surrey, England",51.2543699,-0.2776725,"Lasioglossum fulvicorne",13.5063653359655,3.97965887134807,18.3352092239645,25.4603361060924
"IGproject1468","Lasioglossum","fulvicorne","male",1921,8,1,"England","Oxfordshire","Aston Rowant","",1.844,1.309,5.553,1.364,"Halictidae","excavator","OUMNH",NA,"Aston Rowant, Oxfordshire, England",51.6853033,-0.9489914,"Lasioglossum fulvicorne",12.4008466324298,2.45202575151259,14.3419244252746,19.4835233398827
"IGproject1469","Lasioglossum","fulvicorne","male",1904,8,NA,"England","Kent","Faversham","Huntingfield",1.711,1.199,4.958,1.247,"Halictidae","excavator","OUMNH",NA,"Huntingfield, Faversham, Kent, England",51.25792226,0.822018012,"Lasioglossum fulvicorne",11.9888143513952,3.79187973732213,15.6848977522507,20.6754052317366
"IGproject1470","Lasioglossum","fulvicorne","male",1903,8,8,"England","Kent","Blean","",1.782,1.283,5.15,1.244,"Halictidae","excavator","OUMNH",NA,"Blean, Kent, England",51.3092258,1.0414003,"Lasioglossum fulvicorne",12.5807571003986,3.62863175158855,16.0214981111992,21.2769193754566
"IGproject1471","Lasioglossum","fulvicorne","male",1900,NA,NA,"England","Kent","Faversham","Huntingfield",1.706,1.155,4.841,1.184,"Halictidae","excavator","OUMNH",NA,"Huntingfield, Faversham, Kent, England",51.25792226,0.822018012,"Lasioglossum fulvicorne",13.5698986217311,4.62337189899852,18.0314068928201,23.4202621365523
"IGproject1472","Lasioglossum","fulvicorne","male",1915,7,15,"England","Devon","Brixham","",1.857,1.338,5.722,1.356,"Halictidae","excavator","OUMNH",NA,"Brixham, Devon, England",50.3952404,-3.514544,"Lasioglossum fulvicorne",13.8918626614901,2.70699989283738,16.4462249771946,19.5473807907127
"IGproject1473","Lasioglossum","fulvicorne","male",1902,8,30,"England","Kent","Faversham","Huntingfield",1.724,1.177,5.147,1.278,"Halictidae","excavator","OUMNH",NA,"Huntingfield, Faversham, Kent, England",51.25792226,0.822018012,"Lasioglossum fulvicorne",13.2352726657899,3.85488132385129,17.1379331428239,22.8189475840829
"IGproject1474","Lasioglossum","fulvicorne","male",1901,9,3,"England","Kent","Faversham","Huntingfield",1.769,1.282,5.308,1.326,"Halictidae","excavator","OUMNH",NA,"Huntingfield, Faversham, Kent, England",51.25792226,0.822018012,"Lasioglossum fulvicorne",13.221712380616,4.22539178746087,18.1385994174465,23.8728387110094
"IGproject1475","Lasioglossum","fulvicorne","female",1991,6,22,"England","Gloucestershire","Coombe","",1.839,1.326,5.253,1.424,"Halictidae","excavator","OUMNH",NA,"Coombe, Gloucestershire, England",51.6440161,-2.3365089,"Lasioglossum fulvicorne",13.7719781634159,4.16247391569231,18.0377381741792,23.3496961033649
"IGproject1476","Lasioglossum","fulvicorne","male",2007,8,8,"England","Surrey","Walton-on-Thames","",1.957,1.332,5.594,1.426,"Halictidae","excavator","OUMNH",NA,"Walton-on-Thames, Surrey, England",51.3856837,-0.419814,"Lasioglossum fulvicorne",15.9687212413605,4.46061405240022,21.5332000020761,27.3503328203206
"IGproject1477","Lasioglossum","fulvicorne","female",1989,7,21,"England","Greater London","London","Selsdon Wood",1.848,1.35,5.375,1.459,"Halictidae","excavator","OUMNH",NA,"Selsdon Wood, London, Greater London, England",51.3381888,-0.0452476,"Lasioglossum fulvicorne",13.2390541589159,3.04962449152159,15.9792801831777,20.4847824211455
"IGproject1478","Lasioglossum","fulvicorne","female",1940,4,21,"England","Oxfordshire","Oxford","Wytham",1.843,1.347,5.221,1.414,"Halictidae","excavator","OUMNH",NA,"Wytham, Oxford, Oxfordshire, England",51.7535169,-1.2131856,"Lasioglossum fulvicorne",13.5865932164279,3.13449459546236,16.8798553216756,21.4615251672972
"IGproject1479","Lasioglossum","fulvicorne","male",1968,9,7,"England","Bedfordshire","Whipsnade","Bison Hill",1.794,1.286,5.266,1.239,"Halictidae","excavator","OUMNH",NA,"Bison Hill, Whipsnade, Bedfordshire, England",51.854781,-0.5482012,"Lasioglossum fulvicorne",12.6716397336042,3.99497256513789,16.9625693213363,22.0293041737971
"IGproject1480","Lasioglossum","fulvicorne","male",1968,9,7,"England","Bedfordshire","Whipsnade","Bison Hill",1.658,1.169,5.005,1.252,"Halictidae","excavator","OUMNH",NA,"Bison Hill, Whipsnade, Bedfordshire, England",51.854781,-0.5482012,"Lasioglossum fulvicorne",12.6716397336042,3.99497256513789,16.9625693213363,22.0293041737971
"IGproject1481","Lasioglossum","fulvicorne","male",1968,9,7,"England","Bedfordshire","Hitchin","Pegsdon",1.876,1.278,5.532,1.352,"Halictidae","excavator","OUMNH",NA,"Pegsdon, Hitchin, Bedfordshire, England",51.96253534,-0.36842034,"Lasioglossum fulvicorne",12.9472257439699,4.02110492389015,17.2889530608177,22.4427835144114
"IGproject1482","Lasioglossum","fulvicorne","male",1968,9,7,"England","Bedfordshire","Whipsnade","Bison Hill",1.787,1.308,5.198,1.147,"Halictidae","excavator","OUMNH",NA,"Bison Hill, Whipsnade, Bedfordshire, England",51.854781,-0.5482012,"Lasioglossum fulvicorne",12.6716397336042,3.99497256513789,16.9625693213363,22.0293041737971
"IGproject1483","Lasioglossum","fulvicorne","male",1968,9,7,"England","Bedfordshire","Whipsnade","Bison Hill",1.782,1.315,5.304,1.29,"Halictidae","excavator","OUMNH",NA,"Bison Hill, Whipsnade, Bedfordshire, England",51.854781,-0.5482012,"Lasioglossum fulvicorne",12.6716397336042,3.99497256513789,16.9625693213363,22.0293041737971
"IGproject1484","Sphecodes","geoffrellus","female",1976,NA,NA,"England","Oxfordshire","Oxford","30 Cope Close",1.506,0.935,4.053,1.053,"Halictidae","kleptoparasite","OUMNH",NA,"30 Cope Close, Oxford, Oxfordshire, England",51.74787238,-1.298262636,"Sphecodes geoffrellus",14.3099302184486,4.69554326040602,19.2501995709447,24.8795864143194
"IGproject1485","Sphecodes","geoffrellus","male",1976,NA,NA,"England","Oxfordshire","Oxford","30 Cope Close",1.471,0.919,3.752,0.983,"Halictidae","kleptoparasite","OUMNH",NA,"30 Cope Close, Oxford, Oxfordshire, England",51.74787238,-1.298262636,"Sphecodes geoffrellus",14.3099302184486,4.69554326040602,19.2501995709447,24.8795864143194
"IGproject1486","Sphecodes","geoffrellus","female",1976,NA,NA,"England","Oxfordshire","Oxford","30 Cope Close",1.784,1.068,4.644,1.121,"Halictidae","kleptoparasite","OUMNH",NA,"30 Cope Close, Oxford, Oxfordshire, England",51.74787238,-1.298262636,"Sphecodes geoffrellus",14.3099302184486,4.69554326040602,19.2501995709447,24.8795864143194
"IGproject1487","Sphecodes","geoffrellus","female",1976,NA,NA,"England","Oxfordshire","Oxford","30 Cope Close",1.536,0.924,3.977,1.03,"Halictidae","kleptoparasite","OUMNH",NA,"30 Cope Close, Oxford, Oxfordshire, England",51.74787238,-1.298262636,"Sphecodes geoffrellus",14.3099302184486,4.69554326040602,19.2501995709447,24.8795864143194
"IGproject1488","Sphecodes","geoffrellus","male",1989,7,3,"England","Cornwall","St Anthony","",1.59,1.054,4.449,1.043,"Halictidae","kleptoparasite","OUMNH",NA,"St Anthony, Cornwall, England",50.0834774,-5.3107622,"Sphecodes geoffrellus",12.6022096674823,2.56089413841811,14.6495037015518,17.613259776457
"IGproject1489","Sphecodes","geoffrellus","male",1903,NA,NA,"England","Kent","Faversham","Huntingfield",1.451,0.956,3.913,0.936,"Halictidae","kleptoparasite","OUMNH",NA,"Huntingfield, Faversham, Kent, England",51.25792226,0.822018012,"Sphecodes geoffrellus",11.8645236340056,3.61021756898764,15.2895499285012,20.6496385943212
"IGproject1490","Sphecodes","geoffrellus","male",1902,8,20,"England","Kent","Faversham","Huntingfield",1.469,0.938,4.012,0.961,"Halictidae","kleptoparasite","OUMNH",NA,"Huntingfield, Faversham, Kent, England",51.25792226,0.822018012,"Sphecodes geoffrellus",13.2352726657899,3.85488132385129,17.1379331428239,22.8189475840829
"IGproject1491","Sphecodes","geoffrellus","male",1905,9,1,"England","Kent","Faversham","Huntingfield",1.629,1.09,4.41,1.117,"Halictidae","kleptoparasite","OUMNH",NA,"Huntingfield, Faversham, Kent, England",51.25792226,0.822018012,"Sphecodes geoffrellus",13.2083844389239,3.5051226224052,17.2786190174743,22.5835419871412
"IGproject1492","Sphecodes","geoffrellus","female",1906,9,3,"England","Kent","Charing","",1.531,0.915,4.11,1.03,"Halictidae","kleptoparasite","OUMNH",NA,"Charing, Kent, England",51.2142039,0.7886033,"Sphecodes geoffrellus",13.1371646653941,4.00282058690354,17.5493186682972,22.7180004842477
"IGproject1493","Sphecodes","geoffrellus","female",1903,4,14,"England","Kent","","",1.529,0.959,3.992,0.989,"Halictidae","kleptoparasite","OUMNH",NA,"Kent, England",51.2070749,0.7210362,"Sphecodes geoffrellus",11.967675707205,3.55747630863519,15.2698997738569,20.7665153523185
"IGproject1494","Sphecodes","geoffrellus","male",1901,8,4,"England","Kent","Faversham","Huntingfield",1.42,0.883,3.824,0.815,"Halictidae","kleptoparasite","OUMNH",NA,"Huntingfield, Faversham, Kent, England",51.25792226,0.822018012,"Sphecodes geoffrellus",13.221712380616,4.22539178746087,18.1385994174465,23.8728387110094
"IGproject1495","Sphecodes","geoffrellus","male",1902,9,1,"England","Kent","Faversham","Huntingfield",1.624,1.139,4.531,1.06,"Halictidae","kleptoparasite","OUMNH",NA,"Huntingfield, Faversham, Kent, England",51.25792226,0.822018012,"Sphecodes geoffrellus",13.2352726657899,3.85488132385129,17.1379331428239,22.8189475840829
"IGproject1496","Sphecodes","geoffrellus","male",1900,NA,NA,"England","Kent","Faversham","Huntingfield",1.63,1.132,4.17,1.006,"Halictidae","kleptoparasite","OUMNH",NA,"Huntingfield, Faversham, Kent, England",51.25792226,0.822018012,"Sphecodes geoffrellus",13.5698986217311,4.62337189899852,18.0314068928201,23.4202621365523
"IGproject1497","Sphecodes","geoffrellus","male",1902,9,6,"England","Kent","Faversham","Huntingfield",1.509,0.978,4.059,0.932,"Halictidae","kleptoparasite","OUMNH",NA,"Huntingfield, Faversham, Kent, England",51.25792226,0.822018012,"Sphecodes geoffrellus",13.2352726657899,3.85488132385129,17.1379331428239,22.8189475840829
"IGproject1498","Sphecodes","geoffrellus","male",1900,8,4,"England","Kent","Faversham","Huntingfield",1.673,1.126,4.343,1.075,"Halictidae","kleptoparasite","OUMNH",NA,"Huntingfield, Faversham, Kent, England",51.25792226,0.822018012,"Sphecodes geoffrellus",13.5698986217311,4.62337189899852,18.0314068928201,23.4202621365523
"IGproject1499","Sphecodes","geoffrellus","female",1905,9,3,"England","Kent","Charing","",1.392,0.877,3.664,0.95,"Halictidae","kleptoparasite","OUMNH",NA,"Charing, Kent, England",51.2142039,0.7886033,"Sphecodes geoffrellus",13.1845250990668,3.48355759988571,17.1946270645503,22.5542147031795
"IGproject1500","Sphecodes","geoffrellus","female",1902,5,21,"England","Kent","Faversham","Huntingfield",1.338,0.83,3.559,0.909,"Halictidae","kleptoparasite","OUMNH",NA,"Huntingfield, Faversham, Kent, England",51.25792226,0.822018012,"Sphecodes geoffrellus",13.2352726657899,3.85488132385129,17.1379331428239,22.8189475840829
"IGproject1501","Sphecodes","geoffrellus","female",1902,9,6,"England","Kent","Faversham","Huntingfield",1.514,0.919,3.999,1.018,"Halictidae","kleptoparasite","OUMNH",NA,"Huntingfield, Faversham, Kent, England",51.25792226,0.822018012,"Sphecodes geoffrellus",13.2352726657899,3.85488132385129,17.1379331428239,22.8189475840829
"IGproject1502","Sphecodes","geoffrellus","female",1902,6,1,"England","Kent","Faversham","Huntingfield",1.581,1.02,4.21,1.022,"Halictidae","kleptoparasite","OUMNH",NA,"Huntingfield, Faversham, Kent, England",51.25792226,0.822018012,"Sphecodes geoffrellus",13.2352726657899,3.85488132385129,17.1379331428239,22.8189475840829
"IGproject1503","Sphecodes","geoffrellus","female",1902,9,18,"England","Kent","Faversham","Huntingfield",1.516,0.934,3.923,1.023,"Halictidae","kleptoparasite","OUMNH",NA,"Huntingfield, Faversham, Kent, England",51.25792226,0.822018012,"Sphecodes geoffrellus",13.2352726657899,3.85488132385129,17.1379331428239,22.8189475840829
"IGproject1504","Sphecodes","geoffrellus","female",1899,NA,NA,"England","Devon","Sidmouth","",1.686,1.116,4.439,1.206,"Halictidae","kleptoparasite","OUMNH",NA,"Sidmouth, Devon, England",50.6790033,-3.237657,"Sphecodes geoffrellus",13.1993896865507,3.47126076554155,16.8135164731647,20.8006002222019
"IGproject1505","Sphecodes","geoffrellus","female",1902,6,1,"England","Hampshire","Tadley","Pamber Forest",1.625,1.07,4.301,1.091,"Halictidae","kleptoparasite","OUMNH",NA,"Pamber Forest, Tadley, Hampshire, England",51.3445805,-1.1172286,"Sphecodes geoffrellus",13.4087119813848,3.69806440163192,17.6415666228154,23.4776706811293
"IGproject1506","Sphecodes","geoffrellus","male",1902,9,18,"England","Kent","Faversham","Huntingfield",1.523,1.076,4.024,0.947,"Halictidae","kleptoparasite","OUMNH",NA,"Huntingfield, Faversham, Kent, England",51.25792226,0.822018012,"Sphecodes geoffrellus",13.2352726657899,3.85488132385129,17.1379331428239,22.8189475840829
"IGproject1507","Sphecodes","geoffrellus","female",1893,5,10,"England","Surrey","Caterham","",1.504,0.92,4.016,1.025,"Halictidae","kleptoparasite","OUMNH",NA,"Caterham, Surrey, England",51.2822001,-0.077248,"Sphecodes geoffrellus",12.2795735817506,3.24549579966386,15.6971987947636,19.9886952869327
"IGproject1508","Sphecodes","geoffrellus","female",1902,6,1,"England","Hampshire","Tadley","Pamber Forest",1.555,0.989,4.067,1.023,"Halictidae","kleptoparasite","OUMNH",NA,"Pamber Forest, Tadley, Hampshire, England",51.3445805,-1.1172286,"Sphecodes geoffrellus",13.4087119813848,3.69806440163192,17.6415666228154,23.4776706811293
"IGproject1509","Sphecodes","geoffrellus","female",1899,NA,NA,"England","Devon","Sidmouth","",1.557,0.984,4.196,1.086,"Halictidae","kleptoparasite","OUMNH",NA,"Sidmouth, Devon, England",50.6790033,-3.237657,"Sphecodes geoffrellus",13.1993896865507,3.47126076554155,16.8135164731647,20.8006002222019
"IGproject1510","Sphecodes","geoffrellus","female",1901,6,1,"England","Kent","Faversham","Huntingfield",1.443,0.908,3.845,0.993,"Halictidae","kleptoparasite","OUMNH",NA,"Huntingfield, Faversham, Kent, England",51.25792226,0.822018012,"Sphecodes geoffrellus",13.221712380616,4.22539178746087,18.1385994174465,23.8728387110094
"IGproject1511","Sphecodes","geoffrellus","female",1899,NA,NA,"England","Devon","Sidmouth","",1.729,1.152,4.67,1.164,"Halictidae","kleptoparasite","OUMNH",NA,"Sidmouth, Devon, England",50.6790033,-3.237657,"Sphecodes geoffrellus",13.1993896865507,3.47126076554155,16.8135164731647,20.8006002222019
"IGproject1512","Sphecodes","geoffrellus","female",1901,6,1,"England","Kent","Faversham","Huntingfield",1.665,1.049,4.388,1.095,"Halictidae","kleptoparasite","OUMNH",NA,"Huntingfield, Faversham, Kent, England",51.25792226,0.822018012,"Sphecodes geoffrellus",13.221712380616,4.22539178746087,18.1385994174465,23.8728387110094
"IGproject1513","Sphecodes","geoffrellus","female",1896,NA,NA,"England","Gloucestershire","Dodington","",1.836,1.115,4.755,1.246,"Halictidae","kleptoparasite","OUMNH",NA,"Dodington, Gloucestershire, England",51.5188343,-2.362419,"Sphecodes geoffrellus",13.3408677084182,3.06271769590705,15.4632474384889,21.2973251390409
"IGproject1514","Sphecodes","geoffrellus","male",1902,8,16,"England","Kent","Faversham","Huntingfield",1.296,0.839,3.511,0.89,"Halictidae","kleptoparasite","OUMNH",NA,"Huntingfield, Faversham, Kent, England",51.25792226,0.822018012,"Sphecodes geoffrellus",13.2352726657899,3.85488132385129,17.1379331428239,22.8189475840829
"IGproject1515","Sphecodes","geoffrellus","male",1905,9,1,"England","Kent","Faversham","Huntingfield",1.548,1.047,4.041,1,"Halictidae","kleptoparasite","OUMNH",NA,"Huntingfield, Faversham, Kent, England",51.25792226,0.822018012,"Sphecodes geoffrellus",13.2083844389239,3.5051226224052,17.2786190174743,22.5835419871412
"IGproject1516","Sphecodes","geoffrellus","female",1899,NA,NA,"England","Devon","Sidmouth","",1.581,0.999,4.425,1.091,"Halictidae","kleptoparasite","OUMNH",NA,"Sidmouth, Devon, England",50.6790033,-3.237657,"Sphecodes geoffrellus",13.1993896865507,3.47126076554155,16.8135164731647,20.8006002222019
"IGproject1517","Sphecodes","geoffrellus","female",1902,9,6,"England","Kent","Faversham","Huntingfield",1.466,0.89,3.787,0.994,"Halictidae","kleptoparasite","OUMNH",NA,"Huntingfield, Faversham, Kent, England",51.25792226,0.822018012,"Sphecodes geoffrellus",13.2352726657899,3.85488132385129,17.1379331428239,22.8189475840829
"IGproject1518","Sphecodes","geoffrellus","male",1900,7,1,"England","Kent","Faversham","Huntingfield",1.396,0.905,3.832,0.89,"Halictidae","kleptoparasite","OUMNH",NA,"Huntingfield, Faversham, Kent, England",51.25792226,0.822018012,"Sphecodes geoffrellus",13.5698986217311,4.62337189899852,18.0314068928201,23.4202621365523
"IGproject1519","Sphecodes","geoffrellus","male",1903,9,1,"England","Kent","Faversham","Huntingfield",1.54,1.1,4.176,1.073,"Halictidae","kleptoparasite","OUMNH",NA,"Huntingfield, Faversham, Kent, England",51.25792226,0.822018012,"Sphecodes geoffrellus",11.8645236340056,3.61021756898764,15.2895499285012,20.6496385943212
"IGproject1520","Sphecodes","geoffrellus","female",1914,8,3,"England","Devon","Dawlish","",1.371,0.836,3.713,0.962,"Halictidae","kleptoparasite","OUMNH",NA,"Dawlish, Devon, England",50.5797391,-3.468931,"Sphecodes geoffrellus",13.225347566905,3.28481792978538,16.6115879593817,20.7432798317953
"IGproject1521","Sphecodes","geoffrellus","male",1914,8,3,"England","Devon","Dawlish","",1.475,1.033,3.82,0.982,"Halictidae","kleptoparasite","OUMNH",NA,"Dawlish, Devon, England",50.5797391,-3.468931,"Sphecodes geoffrellus",13.225347566905,3.28481792978538,16.6115879593817,20.7432798317953
"IGproject1522","Sphecodes","geoffrellus","female",1904,6,27,"England","Greater London","London","Wimbledon",1.586,1.015,4.146,1.075,"Halictidae","kleptoparasite","OUMNH",NA,"Wimbledon, London, Greater London, England",51.4214787,-0.2064027,"Sphecodes geoffrellus",13.0179885729691,3.73897169183722,16.6331007044612,21.3133227283401
"IGproject1523","Sphecodes","geoffrellus","female",1914,8,3,"England","Devon","Dawlish","",1.577,1.018,4.151,1.092,"Halictidae","kleptoparasite","OUMNH",NA,"Dawlish, Devon, England",50.5797391,-3.468931,"Sphecodes geoffrellus",13.225347566905,3.28481792978538,16.6115879593817,20.7432798317953
"IGproject1524","Sphecodes","geoffrellus","female",1914,5,18,"England","Devon","Longdown","",1.521,1.002,4.204,1.067,"Halictidae","kleptoparasite","OUMNH",NA,"Longdown, Devon, England",50.7088219,-3.6086762,"Sphecodes geoffrellus",12.8109373614209,3.30922654252264,16.1019252725166,21.0083705773452
"IGproject1525","Sphecodes","geoffrellus","female",1915,7,24,"England","Devon","Bovey Tracey","",1.666,1.089,4.626,1.133,"Halictidae","kleptoparasite","OUMNH",NA,"Bovey Tracey, Devon, England",50.6046632,-3.6856762,"Sphecodes geoffrellus",13.5042872534162,2.68892928797069,15.9616082933886,20.038906060993
"IGproject1526","Sphecodes","geoffrellus","female",1914,5,18,"England","Devon","Longdown","",1.609,1.047,4.315,1.134,"Halictidae","kleptoparasite","OUMNH",NA,"Longdown, Devon, England",50.7088219,-3.6086762,"Sphecodes geoffrellus",12.8109373614209,3.30922654252264,16.1019252725166,21.0083705773452
"IGproject1527","Sphecodes","geoffrellus","male",1907,8,1,"England","Hampshire","","New Forest",1.491,0.988,3.992,0.969,"Halictidae","kleptoparasite","OUMNH",NA,"New Forest, Hampshire, England",50.8557268,-1.5956844,"Sphecodes geoffrellus",13.198091221732,3.9716537330615,17.2109666002609,22.4885859204784
"IGproject1528","Sphecodes","geoffrellus","female",1919,5,NA,"England","Surrey","Woking","",1.555,1.06,4.203,1.053,"Halictidae","kleptoparasite","OUMNH",NA,"Woking, Surrey, England",51.3201891,-0.5564726,"Sphecodes geoffrellus",13.3925642209606,3.8762139772903,16.5395088791978,21.785808526515
"IGproject1529","Sphecodes","geoffrellus","female",1902,5,NA,"England","Kent","Faversham","Huntingfield",1.911,1.229,4.844,1.208,"Halictidae","kleptoparasite","OUMNH",NA,"Huntingfield, Faversham, Kent, England",51.25792226,0.822018012,"Sphecodes geoffrellus",13.2352726657899,3.85488132385129,17.1379331428239,22.8189475840829
"IGproject1530","Sphecodes","geoffrellus","female",1902,6,1,"England","Hampshire","","New Forest",1.665,1.108,4.408,1.088,"Halictidae","kleptoparasite","OUMNH",NA,"New Forest, Hampshire, England",50.8557268,-1.5956844,"Sphecodes geoffrellus",13.8270156215221,3.62215778656916,17.848768946687,23.5802712437701
"IGproject1531","Sphecodes","geoffrellus","female",1893,4,NA,"England","Hampshire","","New Forest",1.574,1.007,4.174,1.123,"Halictidae","kleptoparasite","OUMNH",NA,"New Forest, Hampshire, England",50.8557268,-1.5956844,"Sphecodes geoffrellus",13.198704284283,3.2416873472357,16.2287626160753,20.9695969733709
"IGproject1532","Sphecodes","geoffrellus","female",1901,6,1,"England","Kent","Faversham","Huntingfield",1.611,1.008,4.261,1.162,"Halictidae","kleptoparasite","OUMNH",NA,"Huntingfield, Faversham, Kent, England",51.25792226,0.822018012,"Sphecodes geoffrellus",13.221712380616,4.22539178746087,18.1385994174465,23.8728387110094
"IGproject1533","Sphecodes","geoffrellus","female",1905,9,14,"England","Kent","Faversham","Huntingfield",1.644,1.024,4.35,1.134,"Halictidae","kleptoparasite","OUMNH",NA,"Huntingfield, Faversham, Kent, England",51.25792226,0.822018012,"Sphecodes geoffrellus",13.2083844389239,3.5051226224052,17.2786190174743,22.5835419871412
"IGproject1534","Sphecodes","geoffrellus","female",1902,5,24,"England","Kent","Faversham","Huntingfield",1.744,1.097,4.616,1.186,"Halictidae","kleptoparasite","OUMNH",NA,"Huntingfield, Faversham, Kent, England",51.25792226,0.822018012,"Sphecodes geoffrellus",13.2352726657899,3.85488132385129,17.1379331428239,22.8189475840829
"IGproject1535","Sphecodes","geoffrellus","female",1902,9,18,"England","Kent","Faversham","Huntingfield",1.479,0.973,4.107,1.026,"Halictidae","kleptoparasite","OUMNH",NA,"Huntingfield, Faversham, Kent, England",51.25792226,0.822018012,"Sphecodes geoffrellus",13.2352726657899,3.85488132385129,17.1379331428239,22.8189475840829
"IGproject1536","Sphecodes","geoffrellus","female",1905,9,14,"England","Kent","Faversham","Huntingfield",1.341,0.87,3.701,0.932,"Halictidae","kleptoparasite","OUMNH",NA,"Huntingfield, Faversham, Kent, England",51.25792226,0.822018012,"Sphecodes geoffrellus",13.2083844389239,3.5051226224052,17.2786190174743,22.5835419871412
"IGproject1537","Sphecodes","geoffrellus","female",1902,9,6,"England","Kent","Faversham","Huntingfield",1.36,0.817,3.733,0.914,"Halictidae","kleptoparasite","OUMNH",NA,"Huntingfield, Faversham, Kent, England",51.25792226,0.822018012,"Sphecodes geoffrellus",13.2352726657899,3.85488132385129,17.1379331428239,22.8189475840829
"IGproject1538","Sphecodes","geoffrellus","female",1902,9,7,"England","Kent","Faversham","Huntingfield",1.47,0.987,3.978,0.963,"Halictidae","kleptoparasite","OUMNH",NA,"Huntingfield, Faversham, Kent, England",51.25792226,0.822018012,"Sphecodes geoffrellus",13.2352726657899,3.85488132385129,17.1379331428239,22.8189475840829
"IGproject1539","Sphecodes","geoffrellus","female",1902,9,18,"England","Kent","Faversham","Huntingfield",1.497,0.978,4.086,0.972,"Halictidae","kleptoparasite","OUMNH",NA,"Huntingfield, Faversham, Kent, England",51.25792226,0.822018012,"Sphecodes geoffrellus",13.2352726657899,3.85488132385129,17.1379331428239,22.8189475840829
"IGproject1540","Sphecodes","geoffrellus","male",1901,8,10,"England","Kent","Faversham","Huntingfield",1.41,0.928,3.878,0.931,"Halictidae","kleptoparasite","OUMNH",NA,"Huntingfield, Faversham, Kent, England",51.25792226,0.822018012,"Sphecodes geoffrellus",13.221712380616,4.22539178746087,18.1385994174465,23.8728387110094
"IGproject1541","Megachile","centuncularis","male",1922,5,11,"England","Devon","Newton Abbot","",3.768,2.984,8.417,2.398,"Megachilidae","cavity nester","OUMNH",NA,"Newton Abbot, Devon, England",50.5296441,-3.6112097,"Megachile centuncularis",16.874867132768,1.66394980596254,18.7910707736911,23.5810606170127
"IGproject1542","Megachile","centuncularis","female",1926,6,NA,"England","Devon","Newton Abbot","",3.725,3.026,8.568,2.255,"Megachilidae","cavity nester","OUMNH",NA,"Newton Abbot, Devon, England",50.5296441,-3.6112097,"Megachile centuncularis",16.4853112238391,0.293562701117292,16.8130874261733,21.6603234495984
"IGproject1543","Megachile","centuncularis","male",1927,8,NA,"England","Devon","Newton Abbot","",3.509,2.745,7.69,2.13,"Megachilidae","cavity nester","OUMNH",NA,"Newton Abbot, Devon, England",50.5296441,-3.6112097,"Megachile centuncularis",16.2932957349197,2.14466901270649,17.661802873667,21.6672213130833
"IGproject1544","Megachile","centuncularis","male",1913,6,15,"England","Devon","Bovey Tracey","",3.605,2.731,7.945,2.391,"Megachilidae","cavity nester","OUMNH",NA,"Bovey Tracey, Devon, England",50.6046632,-3.6856762,"Megachile centuncularis",14.0761924549533,1.72539177997843,16.0430700341501,19.6426967798243
"IGproject1545","Megachile","centuncularis","female",1926,8,NA,"England","Devon","Bovey Tracey","",3.857,3.173,8.683,2.333,"Megachilidae","cavity nester","OUMNH",NA,"Bovey Tracey, Devon, England",50.6046632,-3.6856762,"Megachile centuncularis",15.8629296879445,0.308800905034658,16.2154835781259,21.3490532551601
"IGproject1546","Megachile","centuncularis","female",1918,5,19,"England","Devon","Paignton","",3.358,2.745,7.797,2.015,"Megachilidae","cavity nester","OUMNH",NA,"Paignton, Devon, England",50.4377018,-3.5632704,"Megachile centuncularis",15.7256158938776,0.696301382220055,16.2808801393073,19.8482325653085
"IGproject1547","Megachile","centuncularis","female",1909,7,15,"England","Hampshire","","New Forest",3.682,3.196,8.775,2.317,"Megachilidae","cavity nester","OUMNH",NA,"New Forest, Hampshire, England",50.8557268,-1.5956844,"Megachile centuncularis",15.6427973982155,0.81090538705866,16.5236806766497,21.7687066232728
"IGproject1548","Megachile","centuncularis","female",1913,7,8,"England","Devon","Paignton","",3.608,2.975,8.338,2.336,"Megachilidae","cavity nester","OUMNH",NA,"Paignton, Devon, England",50.4377018,-3.5632704,"Megachile centuncularis",14.7163568569411,1.61037874640914,16.5601951663638,19.7695167221277
"IGproject1549","Megachile","centuncularis","female",1961,8,10,"England","Devon","Torquay","123 Abbey Road",3.661,3.003,8.236,2.2,"Megachilidae","cavity nester","OUMNH",NA,"123 Abbey Road, Torquay, Devon, England",50.465228,-3.5279,"Megachile centuncularis",15.7125094399664,0.19559830625375,15.8515446851824,19.58468515844
"IGproject1550","Megachile","centuncularis","female",1913,8,5,"England","Devon","Bovey Tracey","",3.938,3.471,9.023,2.473,"Megachilidae","cavity nester","OUMNH",NA,"Bovey Tracey, Devon, England",50.6046632,-3.6856762,"Megachile centuncularis",14.0761924549533,1.72539177997843,16.0430700341501,19.6426967798243
"IGproject1551","Megachile","centuncularis","female",1913,6,15,"England","Devon","Bovey Tracey","",3.723,3.152,8.597,2.409,"Megachilidae","cavity nester","OUMNH",NA,"Bovey Tracey, Devon, England",50.6046632,-3.6856762,"Megachile centuncularis",14.0761924549533,1.72539177997843,16.0430700341501,19.6426967798243
"IGproject1552","Megachile","centuncularis","female",1913,8,1,"England","Devon","Bovey Tracey","",3.613,3.023,8.106,2.272,"Megachilidae","cavity nester","OUMNH",NA,"Bovey Tracey, Devon, England",50.6046632,-3.6856762,"Megachile centuncularis",14.0761924549533,1.72539177997843,16.0430700341501,19.6426967798243
"IGproject1553","Megachile","centuncularis","male",1905,7,15,"England","Dorset","Lyme Regis","",3.457,2.643,7.721,2.135,"Megachilidae","cavity nester","OUMNH",NA,"Lyme Regis, Dorset, England",50.7252897,-2.934559,"Megachile centuncularis",15.0707330310714,1.72195556678507,16.6678192838039,21.0904125765718
"IGproject1554","Megachile","centuncularis","female",1945,7,5,"England","Oxfordshire","Oxford","Cowley",3.595,2.953,8.219,2.328,"Megachilidae","cavity nester","OUMNH",NA,"Cowley, Oxford, Oxfordshire, England",51.7326425,-1.2166354,"Megachile centuncularis",16.3199268275476,2.03191818164217,17.9502007899826,23.2867066857664
"IGproject1555","Megachile","centuncularis","male",1920,7,13,"England","Hampshire","","New Forest",3.424,2.57,8.147,2.184,"Megachilidae","cavity nester","OUMNH",NA,"New Forest, Hampshire, England",50.8557268,-1.5956844,"Megachile centuncularis",15.133665710779,1.38003791251018,16.70689638988,22.3493922664304
"IGproject1556","Megachile","centuncularis","male",1910,7,10,"Wales","Gwynedd","Criccieth","",3.514,2.666,7.945,2.132,"Megachilidae","cavity nester","OUMNH",NA,"Criccieth, Gwynedd, Wales",52.9206106,-4.2332414,"Megachile centuncularis",13.6288182515463,1.44562548831661,14.7549904680392,18.1365714372977
"IGproject1557","Megachile","centuncularis","male",1905,7,NA,"England","Dorset","Lyme Regis","",3.411,2.552,7.623,2.107,"Megachilidae","cavity nester","OUMNH",NA,"Lyme Regis, Dorset, England",50.7252897,-2.934559,"Megachile centuncularis",15.0707330310714,1.72195556678507,16.6678192838039,21.0904125765718
"IGproject1558","Megachile","centuncularis","male",1901,7,NA,"England","Cornwall","Newquay","",3.686,2.957,8.142,2.271,"Megachilidae","cavity nester","OUMNH",NA,"Newquay, Cornwall, England",50.4134414,-5.0848836,"Megachile centuncularis",15.5416841890244,1.17012258218358,16.6509591863451,19.5747950438299
"IGproject1559","Megachile","centuncularis","male",1899,7,NA,"Wales","Conwy","Towyn","",3.672,2.878,8.094,2.273,"Megachilidae","cavity nester","OUMNH",NA,"Towyn, Conwy, Wales",53.3007383,-3.5421729,"Megachile centuncularis",14.939901568009,1.1350928020814,16.015686112509,20.1137434100858
"IGproject1560","Megachile","centuncularis","male",1900,7,15,"Wales","Gwynedd","Criccieth","",3.455,2.685,7.549,2.121,"Megachilidae","cavity nester","OUMNH",NA,"Criccieth, Gwynedd, Wales",52.9206106,-4.2332414,"Megachile centuncularis",15.79016148428,1.17605653087247,17.0793994665542,21.6735937259728
"IGproject1561","Megachile","centuncularis","male",1906,6,NA,"England","Cambridgeshire","Wicken","",3.724,3.132,8.15,2.25,"Megachilidae","cavity nester","OUMNH",NA,"Wicken, Cambridgeshire, England",52.3126328,0.2994755,"Megachile centuncularis",16.3008610039043,1.83258057650381,18.3893001943849,24.0675857977195
"IGproject1562","Megachile","centuncularis","male",1904,6,24,"England","Kent","Walmer","",3.624,2.922,7.878,2.299,"Megachilidae","cavity nester","OUMNH",NA,"Walmer, Kent, England",51.2068884,1.3999154,"Megachile centuncularis",14.7488385108334,1.68634637421233,15.9728049124494,20.0426136951746
"IGproject1563","Megachile","centuncularis","male",1904,7,9,"England","Kent","Walmer","",3.489,2.648,7.875,2.054,"Megachilidae","cavity nester","OUMNH",NA,"Walmer, Kent, England",51.2068884,1.3999154,"Megachile centuncularis",14.7488385108334,1.68634637421233,15.9728049124494,20.0426136951746
"IGproject1564","Megachile","centuncularis","male",1893,NA,NA,"England","Hampshire","","New Forest",2.96,2.274,6.528,1.805,"Megachilidae","cavity nester","OUMNH",NA,"New Forest, Hampshire, England",50.8557268,-1.5956844,"Megachile centuncularis",15.3308175028667,0.994563488246475,16.2287626160753,20.9695969733709
"IGproject1565","Megachile","centuncularis","male",1899,NA,NA,"England","Kent","Faversham","Huntingfield",3.668,2.677,7.478,2.247,"Megachilidae","cavity nester","OUMNH",NA,"Huntingfield, Faversham, Kent, England",51.25792226,0.822018012,"Megachile centuncularis",15.0883124551952,1.72383205753825,16.6539266018209,21.6764503734647
"IGproject1566","Megachile","centuncularis","female",1893,8,NA,"England","Gloucestershire","Dodington","",3.773,3.045,8.005,2.408,"Megachilidae","cavity nester","OUMNH",NA,"Dodington, Gloucestershire, England",51.5188343,-2.362419,"Megachile centuncularis",14.1557045653516,0.917655312956766,15.0743401204476,19.4714915200153
"IGproject1567","Megachile","centuncularis","male",1900,8,NA,"England","Kent","Faversham","Huntingfield",3.974,3.011,8.525,2.52,"Megachilidae","cavity nester","OUMNH",NA,"Huntingfield, Faversham, Kent, England",51.25792226,0.822018012,"Megachile centuncularis",16.7512483004743,1.9131009632379,18.0314068928201,23.4202621365523
"IGproject1568","Megachile","centuncularis","male",1901,8,17,"England","Kent","Faversham","Huntingfield",3.672,2.763,8.023,2.339,"Megachilidae","cavity nester","OUMNH",NA,"Huntingfield, Faversham, Kent, England",51.25792226,0.822018012,"Megachile centuncularis",16.0623988333518,1.9004624046479,18.1385994174465,23.8728387110094
"IGproject1569","Megachile","centuncularis","female",1900,8,21,"England","Kent","Faversham","Huntingfield",3.861,3.097,8.538,2.428,"Megachilidae","cavity nester","OUMNH",NA,"Huntingfield, Faversham, Kent, England",51.25792226,0.822018012,"Megachile centuncularis",16.7512483004743,1.9131009632379,18.0314068928201,23.4202621365523
"IGproject1570","Megachile","centuncularis","female",1902,6,16,"England","Kent","Faversham","Huntingfield",3.872,3.071,9.142,2.451,"Megachilidae","cavity nester","OUMNH",NA,"Huntingfield, Faversham, Kent, England",51.25792226,0.822018012,"Megachile centuncularis",15.8240599479737,1.7220069136953,17.1379331428239,22.8189475840829
"IGproject1571","Megachile","centuncularis","female",1905,9,1,"England","Kent","Faversham","Huntingfield",3.751,3.087,8.211,2.312,"Megachilidae","cavity nester","OUMNH",NA,"Huntingfield, Faversham, Kent, England",51.25792226,0.822018012,"Megachile centuncularis",15.4842453883782,1.96606756493486,17.2786190174743,22.5835419871412
"IGproject1572","Megachile","centuncularis","female",1974,8,10,"England","Cornwall","St Ervan","",3.767,3.222,8.582,2.38,"Megachilidae","cavity nester","OUMNH",NA,"St Ervan, Cornwall, England",50.4938734,-4.9705429,"Megachile centuncularis",15.3893634683357,1.38151676143686,16.8464559961557,20.0315543548288
"IGproject1573","Megachile","centuncularis","female",1982,7,13,"England","West Midlands","Coventry","",3.761,3.111,8.835,2.406,"Megachilidae","cavity nester","OUMNH",NA,"Coventry, West Midlands, England",52.4081812,-1.510477,"Megachile centuncularis",15.3921502294783,1.60345090443686,16.5584268259596,21.4609268497789
